system_ID,state,zip_code,system_size_DC,azimuth_1,tilt_1,module_quantity_1,efficiency_1,tracking,installation_date,third_party_owned,ground_mounted,latitude,longitude
SITE_00001,TX,75150,4.13,-1.0,-1.0,-1.0,-1.0,0.0,2012-06-16,-1.0,0.0,29.8061,-101.4213
SITE_00002,TX,79830,3.84,-1.0,-1.0,-1.0,0.14722481228836432,-1.0,2013-08-08,0.0,1.0,29.1047,-101.4159
SITE_00003,TX,78041,10.08,-1.0,-1.0,32.0,-1.0,0.0,2018-04-26,0.0,0.0,29.6148,-98.4457
SITE_00004,TX,78041,307.31,-1.0,-1.0,778.0,-1.0,-1.0,2019-11-27,0.0,1.0,28.2720,-100.9514
SITE_00005,VT,5647,0.316,-1.0,-1.0,2.0,-1.0,0.0,2005-02-06,-1.0,1.0,44.4934,-72.9205
SITE_00006,VT,5462,2.3,-1.0,-1.0,20.0,-1.0,0.0,2006-04-18,-1.0,0.0,44.2183,-72.5740
SITE_00007,VT,5826,2.0,-1.0,-1.0,10.0,0.17243757759690992,1.0,2007-06-13,-1.0,1.0,43.9457,-72.7362
SITE_00008,VT,5871,1.44,-1.0,-1.0,8.0,-1.0,0.0,2008-01-18,-1.0,1.0,43.4338,-73.0636
SITE_00009,VT,5495,2.34,-1.0,-1.0,12.0,0.16073221353810344,1.0,2008-04-16,-1.0,1.0,43.6447,-72.7103
SITE_00010,VT,5733,1.36,-1.0,-1.0,8.0,0.13067373842192243,0.0,2009-08-04,-1.0,0.0,44.6632,-72.6512
SITE_00011,VT,5661,9.6,-1.0,-1.0,48.0,0.1365001365001365,0.0,2009-09-10,-1.0,1.0,44.1249,-72.6428
SITE_00012,VT,5667,5.25,-1.0,-1.0,30.0,0.13451708366962603,0.0,2010-06-12,-1.0,0.0,44.0928,-72.5209
SITE_00013,VT,5354,4.515,-1.0,-1.0,21.0,-1.0,0.0,2010-08-03,-1.0,0.0,43.6015,-72.7596
SITE_00014,VT,5489,4.2,-1.0,-1.0,20.0,0.14303618134263296,0.0,2010-12-02,-1.0,1.0,44.1482,-72.3380
SITE_00015,VT,5658,8.4,-1.0,-1.0,40.0,0.14284315005876977,1.0,2011-04-19,1.0,1.0,44.4636,-72.7644
SITE_00016,VT,5677,4.51,-1.0,-1.0,22.0,0.12580515297906603,0.0,2011-07-07,-1.0,0.0,44.0651,-72.5388
SITE_00017,VT,5443,5.64,-1.0,-1.0,24.0,0.15656229180546305,0.0,2011-09-13,-1.0,1.0,44.2938,-73.0374
SITE_00018,VT,5461,5.52,-1.0,-1.0,24.0,0.14006557504835307,1.0,2011-09-29,1.0,1.0,44.3134,-72.8885
SITE_00019,VT,5091,3.22,-1.0,-1.0,14.0,0.14850350435986917,0.0,2011-09-30,-1.0,0.0,43.3034,-72.7702
SITE_00020,VT,5443,3.15,-1.0,-1.0,15.0,0.14284315005876977,1.0,2011-11-14,1.0,1.0,43.6096,-72.6388
SITE_00021,VT,5482,4.5,-1.0,-1.0,20.0,0.13636239670548447,0.0,2011-11-21,-1.0,0.0,44.1717,-72.8914
SITE_00022,VT,5658,11.96,-1.0,-1.0,52.0,-1.0,1.0,2012-08-14,-1.0,1.0,44.4476,-72.8238
SITE_00023,VT,5819,4.32,-1.0,-1.0,18.0,0.1549601784624722,0.0,2012-06-13,-1.0,0.0,44.5975,-72.6854
SITE_00024,VT,5462,3.924,-1.0,-1.0,12.0,0.2005256593124239,0.0,2012-10-23,1.0,0.0,44.1774,-73.0695
SITE_00025,VT,5677,5.88,-1.0,-1.0,24.0,0.15439421695979513,1.0,2012-11-07,-1.0,1.0,43.9543,-72.6150
SITE_00026,VT,5465,3.27,-1.0,-1.0,10.0,0.2005256593124239,0.0,2012-10-25,1.0,0.0,44.6873,-72.6725
SITE_00027,VT,5764,6.24,-1.0,-1.0,24.0,-1.0,0.0,2013-05-10,-1.0,1.0,43.9417,-72.9555
SITE_00028,VT,5201,5.04,-1.0,-1.0,21.0,0.1549601784624722,0.0,2013-05-10,-1.0,1.0,44.5966,-72.3882
SITE_00029,VT,5403,4.578,-1.0,-1.0,14.0,0.2005256593124239,0.0,2013-06-19,1.0,0.0,44.5296,-72.8007
SITE_00030,VT,5641,3.27,-1.0,-1.0,10.0,0.2005256593124239,0.0,2013-08-02,1.0,0.0,44.1689,-73.0016
SITE_00031,VT,5089,9.8,-1.0,-1.0,40.0,0.14998469543924092,0.0,2013-05-24,-1.0,1.0,43.8213,-72.6769
SITE_00032,VT,5446,4.905,-1.0,-1.0,15.0,0.2005256593124239,0.0,2013-06-27,1.0,0.0,43.6800,-72.6978
SITE_00033,VT,5828,6.0,-1.0,-1.0,24.0,0.14880952380952384,1.0,2013-06-12,-1.0,1.0,44.6077,-72.7156
SITE_00034,VT,5452,5.232,-1.0,-1.0,16.0,0.2005256593124239,0.0,2013-07-09,-1.0,0.0,44.5400,-72.5273
SITE_00035,VT,5658,5.0,-1.0,-1.0,20.0,0.15245984817438477,1.0,2013-08-15,-1.0,1.0,44.2631,-72.7710
SITE_00036,VT,5404,3.27,-1.0,-1.0,10.0,0.2005256593124239,0.0,2013-08-22,1.0,0.0,44.1266,-72.8296
SITE_00037,VT,5654,4.251,-1.0,-1.0,13.0,0.2005256593124239,0.0,2013-11-01,1.0,0.0,43.8492,-72.7041
SITE_00038,VT,5701,9.72,-1.0,-1.0,36.0,-1.0,0.0,2013-09-04,-1.0,1.0,43.9306,-72.4560
SITE_00039,VT,5343,7.2,-1.0,-1.0,24.0,0.15779109300838187,0.0,2014-04-14,-1.0,0.0,44.4165,-72.5534
SITE_00040,VT,5641,9.0,-1.0,-1.0,36.0,0.15366837136113295,0.0,2014-03-24,-1.0,1.0,43.4210,-72.7404
SITE_00041,VT,5077,7.5,-1.0,-1.0,30.0,0.15366837136113295,0.0,2014-08-12,-1.0,0.0,43.9173,-72.8929
SITE_00042,VT,5446,6.72,-1.0,-1.0,24.0,-1.0,1.0,2014-06-13,-1.0,1.0,44.5085,-72.7721
SITE_00043,VT,5055,4.0,-1.0,-1.0,16.0,0.1614168525650752,1.0,2014-10-14,-1.0,1.0,43.4780,-72.7921
SITE_00044,VT,5450,6.72,-1.0,-1.0,24.0,-1.0,1.0,2014-07-01,-1.0,1.0,43.4000,-72.6370
SITE_00045,VT,5465,4.125,-1.0,-1.0,15.0,-1.0,0.0,2014-11-13,-1.0,0.0,43.9097,-72.4082
SITE_00046,VT,5860,6.48,-1.0,-1.0,24.0,-1.0,0.0,2014-10-10,-1.0,1.0,43.3539,-72.7911
SITE_00047,VT,5068,3.924,-1.0,-1.0,12.0,0.2005256593124239,0.0,2014-09-17,-1.0,1.0,44.0199,-72.5840
SITE_00048,VT,5403,7.848,-1.0,-1.0,24.0,0.20061349693251534,0.0,2014-10-24,-1.0,0.0,43.4368,-72.8272
SITE_00049,VT,5255,11.73,-1.0,-1.0,46.0,-1.0,0.0,2014-12-31,-1.0,0.0,43.4479,-72.3732
SITE_00050,VT,5036,7.848,-1.0,-1.0,24.0,0.20061349693251534,0.0,2014-11-05,-1.0,1.0,43.6549,-72.8718
SITE_00051,VT,5151,6.54,-1.0,-1.0,20.0,0.20061349693251534,0.0,2015-01-28,-1.0,0.0,43.8398,-72.5028
SITE_00052,VT,5032,4.4,-1.0,-1.0,16.0,-1.0,1.0,2015-04-27,-1.0,1.0,44.3006,-72.6142
SITE_00053,VT,5055,8.0,-1.0,-1.0,32.0,0.15304560759106214,1.0,2015-06-03,-1.0,1.0,44.6909,-72.5510
SITE_00054,VT,5769,11.445,-1.0,-1.0,35.0,0.20061349693251534,0.0,2015-03-12,-1.0,0.0,44.5031,-73.0492
SITE_00055,VT,5872,7.848,-1.0,-1.0,24.0,0.20061349693251534,0.0,2015-06-08,-1.0,0.0,44.5782,-73.0876
SITE_00056,VT,5667,9.9,-1.0,-1.0,36.0,-1.0,0.0,2015-09-11,-1.0,1.0,44.0755,-72.7507
SITE_00057,VT,5663,6.6,-1.0,-1.0,24.0,-1.0,0.0,2015-05-29,-1.0,1.0,44.1245,-72.5037
SITE_00058,AZ,85635,9.0,-1.0,-1.0,-1.0,-1.0,-1.0,2013-12-31,-1.0,-1.0,34.3640,-112.0591
SITE_00059,AZ,85658,6.63,-1.0,-1.0,-1.0,-1.0,-1.0,2017-01-05,-1.0,-1.0,33.1834,-113.1797
SITE_00060,AZ,85757,4.5,-1.0,-1.0,-1.0,-1.0,-1.0,2015-03-04,-1.0,-1.0,32.7254,-110.6616
SITE_00061,AR,71953,2.016,-1.0,-1.0,-1.0,0.14243057781033333,0.0,2010-04-29,0.0,0.0,35.8815,-92.7457
SITE_00062,AR,72641,3.36,-1.0,-1.0,-1.0,0.14243057781033333,0.0,2010-04-26,0.0,0.0,33.7839,-91.7549
SITE_00063,AR,71801,13.44,-1.0,-1.0,-1.0,0.14243057781033333,0.0,2010-04-20,0.0,0.0,33.7016,-92.6423
SITE_00064,AR,71909,5.52,-1.0,-1.0,-1.0,0.1410904451096825,0.0,2010-04-21,0.0,0.0,34.7856,-93.3661
SITE_00065,AR,71909,2.53,-1.0,-1.0,-1.0,0.1410904451096825,0.0,2010-04-22,0.0,0.0,34.9696,-91.3677
SITE_00066,AR,71909,3.45,-1.0,-1.0,-1.0,0.1410904451096825,0.0,2010-04-22,0.0,0.0,34.4668,-92.8768
SITE_00067,AR,71909,3.22,-1.0,-1.0,-1.0,0.1410904451096825,0.0,2010-04-21,0.0,0.0,34.3848,-91.7807
SITE_00068,AR,71909,12.88,-1.0,-1.0,-1.0,-1.0,0.0,2010-05-18,0.0,0.0,34.6357,-91.4933
SITE_00069,AR,72636,3.36,-1.0,-1.0,-1.0,0.14243057781033333,-1.0,2010-06-03,0.0,1.0,33.5896,-92.5020
SITE_00070,AR,72227,2.7,-1.0,-1.0,-1.0,0.13432835820895525,0.0,2010-05-11,0.0,0.0,36.0368,-93.5744
SITE_00071,AR,72207,5.4,-1.0,-1.0,-1.0,0.13432835820895525,0.0,2010-05-11,0.0,0.0,35.4421,-91.3707
SITE_00072,AR,72632,8.96,-1.0,-1.0,-1.0,0.14430371396530114,-1.0,2010-07-29,0.0,1.0,35.7122,-92.2032
SITE_00073,AR,71909,5.4,-1.0,-1.0,-1.0,0.13432835820895525,0.0,2010-04-22,0.0,0.0,35.5452,-93.7675
SITE_00074,AR,72704,1.12,-1.0,-1.0,-1.0,0.14243057781033333,-1.0,2010-06-18,0.0,1.0,34.4086,-93.1392
SITE_00075,AR,72701,20.985,-1.0,-1.0,-1.0,0.1262272595581084,0.0,2010-05-18,0.0,0.0,34.4032,-91.6822
SITE_00076,AR,72703,3.2,-1.0,-1.0,-1.0,-1.0,0.0,2010-05-11,0.0,0.0,34.8925,-92.8792
SITE_00077,AR,72704,5.98,-1.0,-1.0,-1.0,0.1429889413596135,0.0,2010-06-21,0.0,0.0,34.6327,-93.1087
SITE_00078,AR,72753,9.0,-1.0,-1.0,-1.0,0.1445952366197765,-1.0,2010-10-01,0.0,1.0,34.1316,-92.7889
SITE_00079,AR,71973,5.98,-1.0,-1.0,-1.0,0.1429889413596135,0.0,2010-07-12,0.0,0.0,34.8632,-92.7535
SITE_00080,AR,72730,11.96,-1.0,-1.0,-1.0,0.1429889413596135,-1.0,2010-08-05,0.0,1.0,34.7744,-93.1008
SITE_00081,AR,71953,2.2,-1.0,-1.0,-1.0,-1.0,-1.0,2010-09-03,0.0,1.0,34.6903,-93.8793
SITE_00082,AR,71640,1.8,-1.0,-1.0,-1.0,-1.0,-1.0,2010-05-13,0.0,1.0,34.5914,-91.9656
SITE_00083,AR,72761,1.2,-1.0,-1.0,-1.0,0.12293469708890638,0.0,2010-07-19,0.0,0.0,35.0620,-92.2056
SITE_00084,AR,71909,3.45,-1.0,-1.0,-1.0,0.1410904451096825,0.0,2010-06-28,0.0,0.0,34.8311,-91.2173
SITE_00085,AR,72653,3.51,-1.0,-1.0,-1.0,0.13432835820895525,-1.0,2010-09-21,0.0,1.0,34.9803,-93.1893
SITE_00086,AR,72601,7.75,-1.0,-1.0,-1.0,0.1441576286990234,0.0,2010-10-12,0.0,0.0,35.2130,-93.1124
SITE_00087,AR,72210,3.45,-1.0,-1.0,-1.0,0.1410904451096825,0.0,2010-08-06,0.0,0.0,36.0419,-92.9437
SITE_00088,AR,72207,5.94,-1.0,-1.0,-1.0,0.13432835820895525,0.0,2009-04-20,0.0,0.0,34.0791,-93.8022
SITE_00089,AR,72763,2.15,-1.0,-1.0,-1.0,-1.0,0.0,2010-07-08,0.0,0.0,34.6717,-92.8950
SITE_00090,AR,71909,3.52,-1.0,-1.0,-1.0,0.1441576286990234,0.0,2010-08-16,0.0,0.0,34.7857,-92.5787
SITE_00091,AR,72701,5.98,-1.0,-1.0,-1.0,0.1429889413596135,0.0,2010-10-08,0.0,0.0,35.7155,-91.3578
SITE_00092,AR,72756,4.14,-1.0,-1.0,-1.0,0.14630708202611137,-1.0,2011-01-08,0.0,-1.0,34.1634,-93.6289
SITE_00093,AR,72641,11.04,-1.0,-1.0,-1.0,0.13939267218782858,-1.0,2010-10-29,0.0,1.0,34.5886,-92.7272
SITE_00094,AR,72946,19.3,-1.0,-1.0,-1.0,0.1293422025129342,-1.0,2010-12-01,0.0,1.0,34.9010,-93.8911
SITE_00095,AR,71953,1.7,-1.0,-1.0,-1.0,0.14119956086936572,0.0,2010-10-28,0.0,0.0,33.7269,-91.9436
SITE_00096,AR,71973,5.9,-1.0,-1.0,-1.0,0.1429889413596135,-1.0,2010-10-28,0.0,1.0,34.2110,-93.4533
SITE_00097,AR,72753,5.7,-1.0,-1.0,-1.0,0.14119956086936572,0.0,2010-12-01,0.0,0.0,33.7679,-93.4733
SITE_00098,AR,72031,12.8,-1.0,-1.0,-1.0,0.14211962146747778,0.0,2010-12-17,0.0,0.0,35.9225,-91.8036
SITE_00099,AR,72752,1.38,-1.0,-1.0,-1.0,0.13939267218782858,0.0,2010-09-18,0.0,0.0,34.9703,-90.9931
SITE_00100,AR,72701,7.68,-1.0,-1.0,-1.0,0.1292350319985939,0.0,2011-01-24,0.0,0.0,33.8595,-91.0190
SITE_00101,AR,72223,5.76,-1.0,-1.0,-1.0,0.14119956086936572,0.0,2010-12-21,0.0,0.0,33.7080,-91.6567
SITE_00102,AR,72802,6.58,-1.0,-1.0,-1.0,0.1441576286990234,0.0,2010-10-13,0.0,0.0,35.7794,-92.5315
SITE_00103,AR,72601,6.9,-1.0,-1.0,-1.0,-1.0,-1.0,2010-01-18,0.0,1.0,35.7100,-91.7146
SITE_00104,AR,72761,4.14,-1.0,-1.0,-1.0,-1.0,0.0,2010-11-29,0.0,0.0,35.2524,-93.3882
SITE_00105,AR,72855,4.6,-1.0,-1.0,-1.0,0.13939267218782858,0.0,2010-11-17,0.0,0.0,35.4828,-90.9937
SITE_00106,AR,-1,2.15,-1.0,-1.0,-1.0,-1.0,0.0,2010-10-12,0.0,0.0,35.3631,-93.2176
SITE_00107,AR,72908,16.77,-1.0,-1.0,-1.0,-1.0,0.0,2010-08-26,0.0,0.0,34.6318,-92.0131
SITE_00108,AR,71913,25.0,-1.0,-1.0,-1.0,0.1410904451096825,0.0,2011-02-22,0.0,0.0,34.5534,-91.1990
SITE_00109,AR,72701,6.8,-1.0,-1.0,-1.0,-1.0,0.0,2010-08-23,0.0,0.0,35.2796,-91.6649
SITE_00110,AR,71913,25.0,-1.0,-1.0,-1.0,0.1410904451096825,0.0,2011-02-22,0.0,0.0,34.4991,-91.7243
SITE_00111,AR,72712,1.8,-1.0,-1.0,-1.0,-1.0,0.0,2010-09-27,0.0,0.0,34.7439,-93.1967
SITE_00112,AR,71909,3.52,-1.0,-1.0,-1.0,0.1441576286990234,0.0,2010-12-09,0.0,0.0,34.1368,-91.1677
SITE_00113,AR,72959,4.7,-1.0,-1.0,-1.0,0.14243057781033333,0.0,2011-01-11,0.0,0.0,35.8454,-90.9848
SITE_00114,AR,71909,6.58,-1.0,-1.0,-1.0,0.1441576286990234,0.0,2010-12-08,0.0,0.0,35.6059,-91.0270
SITE_00115,AR,71909,3.52,-1.0,-1.0,-1.0,0.1441576286990234,0.0,2010-12-08,0.0,0.0,34.0476,-92.5436
SITE_00116,AR,71901,14.0,-1.0,-1.0,-1.0,0.1410904451096825,0.0,2011-02-22,0.0,0.0,34.0982,-93.4101
SITE_00117,AR,72701,2.68,-1.0,-1.0,-1.0,0.14243057781033333,0.0,2010-12-21,0.0,0.0,34.0392,-93.1666
SITE_00118,AR,72701,13.0,-1.0,-1.0,-1.0,-1.0,0.0,2010-06-25,0.0,0.0,35.7343,-91.8509
SITE_00119,AR,71964,7.98,-1.0,-1.0,-1.0,0.14722481228836432,0.0,2011-03-10,0.0,0.0,34.5851,-93.7650
SITE_00120,AR,72936,8.9,-1.0,-1.0,-1.0,0.13740982480247338,-1.0,2011-03-16,0.0,1.0,35.4738,-91.3749
SITE_00121,AR,72210,4.7,-1.0,-1.0,-1.0,0.1441576286990234,0.0,2011-01-14,0.0,0.0,35.7579,-93.6818
SITE_00122,AR,72701,13.8,-1.0,-1.0,-1.0,-1.0,0.0,2011-03-16,1.0,0.0,35.8071,-93.6949
SITE_00123,AR,71958,15.1,-1.0,-1.0,-1.0,-1.0,0.0,2011-03-04,0.0,0.0,34.0719,-92.9555
SITE_00124,AR,71953,6.16,-1.0,-1.0,-1.0,0.13677203086571724,0.0,2011-01-27,0.0,0.0,35.4600,-91.1651
SITE_00125,AR,72616,5.98,-1.0,-1.0,-1.0,0.1429889413596135,-1.0,2011-02-14,0.0,1.0,34.3232,-93.0733
SITE_00126,AR,72641,2.9,-1.0,-1.0,-1.0,0.13939267218782858,0.0,2011-07-28,0.0,0.0,34.9611,-91.8898
SITE_00127,AR,72631,2.2,-1.0,-1.0,-1.0,0.14729576990597118,0.0,2011-03-07,0.0,0.0,34.4679,-91.8916
SITE_00128,AR,72550,16.56,-1.0,-1.0,-1.0,0.13939267218782858,0.0,2011-03-11,0.0,0.0,35.0689,-93.7713
SITE_00129,AR,72150,2.85,-1.0,-1.0,-1.0,0.1359405074906309,0.0,2010-12-08,0.0,0.0,35.7532,-91.6724
SITE_00130,AR,72756,2.8,-1.0,-1.0,-1.0,-1.0,0.0,2010-12-15,0.0,0.0,34.1390,-93.5205
SITE_00131,AR,72956,11.0,-1.0,-1.0,-1.0,0.13939267218782858,0.0,2011-02-07,0.0,0.0,35.0637,-91.0137
SITE_00132,AR,71667,4.75,-1.0,-1.0,-1.0,-1.0,-1.0,2011-03-25,0.0,1.0,35.8316,-92.5847
SITE_00133,AR,72636,0.38,-1.0,-1.0,-1.0,0.1566108747294341,-1.0,2011-01-17,0.0,1.0,34.5353,-92.9924
SITE_00134,AR,72632,0.46,-1.0,-1.0,-1.0,0.13939267218782858,0.0,2011-02-01,0.0,0.0,35.9292,-93.7288
SITE_00135,AR,72946,5.04,-1.0,-1.0,-1.0,-1.0,-1.0,2011-11-23,0.0,1.0,35.5830,-92.2481
SITE_00136,AR,71730,11.28,-1.0,-1.0,-1.0,0.1441576286990234,-1.0,2011-03-24,0.0,1.0,34.5631,-92.3239
SITE_00137,AR,72150,4.0,-1.0,-1.0,-1.0,0.14211962146747778,0.0,2011-02-09,0.0,0.0,35.4504,-92.5561
SITE_00138,AR,72211,2.43,-1.0,-1.0,-1.0,0.13432835820895525,0.0,2011-03-23,0.0,0.0,34.8203,-91.4148
SITE_00139,AR,72032,1.15,-1.0,-1.0,-1.0,-1.0,0.0,2011-03-16,0.0,0.0,34.4112,-93.5323
SITE_00140,AR,72735,4.0,-1.0,-1.0,-1.0,0.14243057781033333,-1.0,2011-03-21,0.0,1.0,35.1267,-91.6127
SITE_00141,AR,72335,1.84,-1.0,-1.0,-1.0,0.13939267218782858,0.0,2011-03-15,0.0,0.0,35.9082,-91.2267
SITE_00142,AR,71909,4.5,-1.0,-1.0,-1.0,0.17241379310344826,0.0,2011-02-28,0.0,0.0,35.5346,-93.7147
SITE_00143,AR,72002,1.84,-1.0,-1.0,-1.0,-1.0,0.0,2011-03-23,0.0,0.0,34.9716,-93.8759
SITE_00144,AR,72704,4.56,-1.0,-1.0,-1.0,0.14882817395663614,0.0,2010-12-20,0.0,0.0,34.0676,-92.4622
SITE_00145,AR,72101,8.5,-1.0,-1.0,-1.0,-1.0,0.0,2011-03-29,0.0,0.0,35.5188,-92.6369
SITE_00146,AR,72207,5.2,-1.0,-1.0,-1.0,0.14805742359921928,0.0,2011-03-05,0.0,0.0,35.0293,-91.9121
SITE_00147,AR,72650,1.8,-1.0,-1.0,-1.0,0.13966269571650738,-1.0,2011-07-22,0.0,1.0,35.2996,-93.1143
SITE_00148,AR,72032,12.0,-1.0,-1.0,-1.0,0.13432835820895525,0.0,2011-10-13,0.0,0.0,33.5352,-92.7750
SITE_00149,AR,72821,5.6,-1.0,-1.0,-1.0,0.15611183405758075,-1.0,2011-04-29,0.0,-1.0,34.6596,-93.8454
SITE_00150,AR,72116,9.25,-1.0,-1.0,-1.0,-1.0,0.0,2011-04-08,0.0,0.0,34.9120,-93.0308
SITE_00151,AR,72701,2.3,-1.0,-1.0,-1.0,0.13939267218782858,0.0,2011-03-16,0.0,0.0,34.8590,-90.9582
SITE_00152,AR,72774,7.74,-1.0,-1.0,-1.0,0.1447811447811448,0.0,2011-04-07,0.0,0.0,36.0673,-93.7660
SITE_00153,AR,72202,23.92,-1.0,-1.0,-1.0,0.1449072656502997,0.0,2011-09-30,0.0,0.0,34.5419,-91.3394
SITE_00154,AR,72209,2.7,-1.0,-1.0,-1.0,0.13432835820895525,0.0,2011-04-04,0.0,0.0,33.8540,-92.5906
SITE_00155,AR,72583,2.68,-1.0,-1.0,-1.0,-1.0,-1.0,2011-09-26,0.0,1.0,36.0589,-92.5366
SITE_00156,AR,72714,22.5,-1.0,-1.0,-1.0,0.14829873544432465,0.0,2011-08-25,0.0,0.0,35.1224,-92.2165
SITE_00157,AR,72117,13.0,-1.0,-1.0,-1.0,0.1349730053989202,0.0,2011-10-04,0.0,0.0,35.0355,-93.7088
SITE_00158,AR,71852,3.0,-1.0,-1.0,-1.0,-1.0,0.0,2011-10-06,0.0,0.0,35.1906,-93.6790
SITE_00159,AR,71909,18.095,-1.0,-1.0,-1.0,0.1441576286990234,0.0,2011-09-07,0.0,0.0,34.8589,-93.4980
SITE_00160,AR,72834,10.575,-1.0,-1.0,-1.0,0.1441576286990234,0.0,2011-07-25,0.0,0.0,34.3577,-92.1075
SITE_00161,AR,72701,4.7,-1.0,-1.0,-1.0,0.14809241218592592,0.0,2011-09-27,0.0,0.0,35.1153,-92.0089
SITE_00162,AR,72641,2.82,-1.0,-1.0,-1.0,0.14809241218592592,-1.0,2011-11-18,0.0,1.0,34.6235,-92.0728
SITE_00163,AR,72721,2.82,-1.0,-1.0,-1.0,0.14809241218592592,0.0,2011-08-11,0.0,0.0,34.0702,-91.1359
SITE_00164,AR,72117,21.15,-1.0,-1.0,-1.0,0.14805742359921928,0.0,2011-12-13,0.0,0.0,35.0568,-91.2393
SITE_00165,AR,72205,6.075,-1.0,-1.0,-1.0,0.13432835820895525,0.0,2011-09-13,0.0,0.0,35.1047,-92.1280
SITE_00166,VA,24060,10.08,-1.0,-1.0,-1.0,-1.0,-1.0,2007-01-01,-1.0,-1.0,38.0780,-77.6640
SITE_00167,VA,24236,7.199999999999999,-1.0,-1.0,-1.0,-1.0,-1.0,2010-01-14,-1.0,-1.0,36.6835,-79.0586
SITE_00168,VA,24073,6.48,-1.0,-1.0,-1.0,-1.0,-1.0,2010-03-24,-1.0,-1.0,36.8708,-80.9931
SITE_00169,VA,24574,3.5999999999999996,-1.0,-1.0,-1.0,-1.0,-1.0,2010-09-24,-1.0,-1.0,36.6390,-80.8348
SITE_00170,VA,24017,2.52,-1.0,-1.0,-1.0,-1.0,-1.0,2012-01-18,-1.0,-1.0,37.8895,-80.5912
SITE_00171,VA,24073,3.0,-1.0,-1.0,-1.0,-1.0,-1.0,2012-10-01,-1.0,-1.0,38.1501,-76.4900
SITE_00172,VA,24091,11.88,-1.0,-1.0,-1.0,-1.0,-1.0,2013-01-22,-1.0,-1.0,38.3720,-80.2072
SITE_00173,VA,24060,8.88,-1.0,-1.0,-1.0,-1.0,-1.0,2013-05-29,-1.0,-1.0,38.0324,-79.3189
SITE_00174,VA,23237,4.56,-1.0,-1.0,-1.0,-1.0,-1.0,2013-08-21,-1.0,-1.0,36.6665,-78.9927
SITE_00175,VA,24251,0.72,-1.0,-1.0,-1.0,-1.0,-1.0,2014-04-09,-1.0,-1.0,38.3161,-79.8502
SITE_00176,VA,24251,0.72,-1.0,-1.0,-1.0,-1.0,-1.0,2014-04-09,-1.0,-1.0,38.2243,-77.1547
SITE_00177,VA,24202,6.24,-1.0,-1.0,-1.0,-1.0,-1.0,2014-10-15,-1.0,-1.0,36.4439,-76.6607
SITE_00178,VA,24015,11.76,-1.0,-1.0,-1.0,-1.0,-1.0,2014-10-20,-1.0,-1.0,37.9562,-77.5027
SITE_00179,VA,24060,4.56,-1.0,-1.0,-1.0,-1.0,-1.0,2015-02-06,-1.0,-1.0,38.0494,-79.1330
SITE_00180,VA,24060,7.199999999999999,-1.0,-1.0,-1.0,-1.0,-1.0,2015-11-16,-1.0,-1.0,37.0392,-79.3771
SITE_00181,VA,24503,9.1296,-1.0,-1.0,-1.0,-1.0,-1.0,2015-12-09,-1.0,-1.0,38.5249,-77.1262
SITE_00182,VA,24060,8.4,-1.0,-1.0,-1.0,-1.0,-1.0,2016-03-22,-1.0,-1.0,37.6360,-79.1883
SITE_00183,VA,24019,19.871999999999996,-1.0,-1.0,-1.0,-1.0,-1.0,2016-09-27,-1.0,-1.0,38.0768,-78.4259
SITE_00184,VA,24014,7.056,-1.0,-1.0,-1.0,-1.0,-1.0,2017-03-10,-1.0,-1.0,37.2949,-78.5068
SITE_00185,VA,24501,6.0,-1.0,-1.0,-1.0,-1.0,-1.0,2017-11-17,-1.0,-1.0,37.6043,-78.3455
SITE_00186,VA,24572,9.12,-1.0,-1.0,-1.0,-1.0,-1.0,2017-11-17,-1.0,-1.0,36.5396,-78.5726
SITE_00187,VA,24153,6.624,-1.0,-1.0,-1.0,-1.0,-1.0,2018-01-05,-1.0,-1.0,36.9811,-81.0685
SITE_00188,VA,24091,6.96,-1.0,-1.0,-1.0,-1.0,-1.0,2018-02-23,-1.0,-1.0,37.5557,-80.8451
SITE_00189,VA,24090,4.56,-1.0,-1.0,-1.0,-1.0,-1.0,2018-06-22,-1.0,-1.0,36.8480,-80.3810
SITE_00190,VA,24179,9.12,-1.0,-1.0,-1.0,-1.0,-1.0,2018-08-22,-1.0,-1.0,38.4553,-76.9839
SITE_00191,VA,24059,3.48,-1.0,-1.0,-1.0,-1.0,-1.0,2018-09-14,-1.0,-1.0,37.3939,-76.4771
SITE_00192,VA,24088,9.12,-1.0,-1.0,-1.0,-1.0,-1.0,2018-09-19,-1.0,-1.0,37.3178,-80.2370
SITE_00193,VA,24072,9.12,-1.0,-1.0,-1.0,-1.0,-1.0,2018-09-24,-1.0,-1.0,38.4604,-76.3695
SITE_00194,VA,24551,6.0,-1.0,-1.0,-1.0,-1.0,-1.0,2019-09-05,-1.0,-1.0,38.1157,-77.7552
SITE_00195,VA,-1,3.5999999999999996,-1.0,-1.0,-1.0,-1.0,-1.0,2010-05-12,-1.0,-1.0,37.2952,-78.1600
SITE_00196,VA,-1,29.5188,-1.0,-1.0,-1.0,-1.0,-1.0,2016-03-11,-1.0,-1.0,36.5154,-80.4125
SITE_00197,VA,-1,5.508,-1.0,-1.0,-1.0,-1.0,-1.0,2016-09-08,-1.0,-1.0,38.4439,-79.6815
SITE_00198,VA,-1,13.68,-1.0,-1.0,-1.0,-1.0,-1.0,2017-04-17,-1.0,-1.0,36.7507,-78.9576
SITE_00199,VA,-1,8.064,-1.0,-1.0,-1.0,-1.0,-1.0,2017-06-30,-1.0,-1.0,37.8893,-77.3920
SITE_00200,VA,-1,18.24,-1.0,-1.0,-1.0,-1.0,-1.0,2017-09-22,-1.0,-1.0,37.1998,-77.4673
SITE_00201,VA,-1,12.0,-1.0,-1.0,-1.0,-1.0,-1.0,2018-01-12,-1.0,-1.0,38.0988,-77.1989
SITE_00202,VA,23921,5.0280000000000005,-1.0,-1.0,-1.0,-1.0,-1.0,2019-01-03,-1.0,-1.0,36.8303,-80.8660
SITE_00203,VA,22938,2.6519999999999997,-1.0,-1.0,-1.0,-1.0,-1.0,2019-06-14,-1.0,-1.0,37.0697,-78.4404
SITE_00204,VA,-1,22.08,-1.0,-1.0,-1.0,-1.0,-1.0,2016-04-07,-1.0,-1.0,38.4415,-76.4639
SITE_00205,VA,20144,7.74,-1.0,-1.0,-1.0,-1.0,-1.0,2009-08-26,-1.0,-1.0,37.1579,-80.0737
SITE_00206,VA,22980,10.92,-1.0,-1.0,-1.0,-1.0,-1.0,2010-03-05,-1.0,-1.0,37.8501,-79.5958
SITE_00207,VA,22901,4.8,-1.0,-1.0,-1.0,-1.0,-1.0,2010-05-18,-1.0,-1.0,36.4279,-78.1348
SITE_00208,VA,23227,9.9,-1.0,-1.0,-1.0,-1.0,-1.0,2010-05-19,-1.0,-1.0,37.7673,-76.3506
SITE_00209,VA,22524-0007,10.92,-1.0,-1.0,-1.0,-1.0,-1.0,2010-06-01,-1.0,-1.0,36.7955,-78.3451
SITE_00210,VA,20141,1.2,-1.0,-1.0,-1.0,-1.0,-1.0,2010-07-06,-1.0,-1.0,38.2360,-77.8302
SITE_00211,VA,20158,12.0,-1.0,-1.0,-1.0,-1.0,-1.0,2010-08-23,-1.0,-1.0,37.8432,-80.4761
SITE_00212,VA,20129,5.244,-1.0,-1.0,-1.0,-1.0,-1.0,2010-11-30,-1.0,-1.0,37.3308,-80.1426
SITE_00213,VA,20158,4.32,-1.0,-1.0,-1.0,-1.0,-1.0,2011-01-24,-1.0,-1.0,37.9723,-78.5825
SITE_00214,VA,23696,3.948,-1.0,-1.0,-1.0,-1.0,-1.0,2011-03-24,-1.0,-1.0,38.5892,-79.0665
SITE_00215,VA,23454,1.44,-1.0,-1.0,-1.0,-1.0,-1.0,2011-06-28,-1.0,-1.0,36.5973,-80.7647
SITE_00216,VA,22301,7.356,-1.0,-1.0,-1.0,-1.0,-1.0,2011-07-14,-1.0,-1.0,38.2736,-79.0832
SITE_00217,VA,22207,8.4,-1.0,-1.0,-1.0,-1.0,-1.0,2012-01-12,-1.0,-1.0,36.5960,-78.6232
SITE_00218,VA,20180,8.472,-1.0,-1.0,-1.0,-1.0,-1.0,2012-07-11,-1.0,-1.0,37.1157,-79.8913
SITE_00219,VA,22963,4.656,-1.0,-1.0,-1.0,-1.0,-1.0,2012-08-02,-1.0,-1.0,38.4359,-80.6148
SITE_00220,VA,22903-4506,24.0,-1.0,-1.0,-1.0,-1.0,-1.0,2012-11-30,-1.0,-1.0,38.5522,-76.5867
SITE_00221,VA,23832-7212,3.48,-1.0,-1.0,-1.0,-1.0,-1.0,2013-01-03,-1.0,-1.0,37.0148,-78.7979
SITE_00222,VA,22578,2.6999999999999997,-1.0,-1.0,-1.0,-1.0,-1.0,2013-01-30,-1.0,-1.0,36.8242,-76.9950
SITE_00223,VA,23451,4.32,-1.0,-1.0,-1.0,-1.0,-1.0,2013-02-13,-1.0,-1.0,37.0305,-80.1939
SITE_00224,VA,23952-2109,5.3999999999999995,-1.0,-1.0,-1.0,-1.0,-1.0,2013-07-09,-1.0,-1.0,38.2058,-80.7984
SITE_00225,VA,23223,3.12,-1.0,-1.0,-1.0,-1.0,-1.0,2013-08-07,-1.0,-1.0,38.3647,-80.2520
SITE_00226,VA,20190,7.8,-1.0,-1.0,-1.0,-1.0,-1.0,2014-05-01,-1.0,-1.0,37.2054,-77.6769
SITE_00227,VA,23111,5.159999999999999,-1.0,-1.0,-1.0,-1.0,-1.0,2014-09-04,-1.0,-1.0,36.8155,-76.4543
SITE_00228,VA,24422,11.7,-1.0,-1.0,-1.0,-1.0,-1.0,2014-09-24,-1.0,-1.0,37.1777,-80.6358
SITE_00229,VA,22066,3.9599999999999995,-1.0,-1.0,-1.0,-1.0,-1.0,2014-10-31,-1.0,-1.0,38.3675,-77.7181
SITE_00230,VA,22911,12.0,-1.0,-1.0,-1.0,-1.0,-1.0,2014-11-14,-1.0,-1.0,36.5438,-80.0792
SITE_00231,VA,23188,3.0,-1.0,-1.0,-1.0,-1.0,-1.0,2014-12-26,-1.0,-1.0,36.7268,-76.9180
SITE_00232,VA,22182,7.199999999999999,-1.0,-1.0,-1.0,-1.0,-1.0,2015-02-04,-1.0,-1.0,37.0903,-77.4400
SITE_00233,VA,23060,11.76,-1.0,-1.0,-1.0,-1.0,-1.0,2015-03-03,-1.0,-1.0,36.8591,-76.8484
SITE_00234,VA,22936,6.6,-1.0,-1.0,-1.0,-1.0,-1.0,2015-03-10,-1.0,-1.0,36.5325,-80.2900
SITE_00235,VA,22903,4.5,-1.0,-1.0,-1.0,-1.0,-1.0,2015-03-20,-1.0,-1.0,37.6099,-79.1995
SITE_00236,VA,22903,2.88,-1.0,-1.0,-1.0,-1.0,-1.0,2015-04-23,-1.0,-1.0,36.5243,-77.6291
SITE_00237,VA,22203,6.0,-1.0,-1.0,-1.0,-1.0,-1.0,2015-05-18,-1.0,-1.0,37.7339,-78.0784
SITE_00238,VA,22901,9.609599999999999,-1.0,-1.0,-1.0,-1.0,-1.0,2015-05-21,-1.0,-1.0,38.0971,-78.0339
SITE_00239,VA,22901,12.0,-1.0,-1.0,-1.0,-1.0,-1.0,2015-05-29,-1.0,-1.0,37.3647,-76.5261
SITE_00240,VA,22205,3.096,-1.0,-1.0,-1.0,-1.0,-1.0,2015-08-13,-1.0,-1.0,-9999,-9999
SITE_00241,VA,23454,3.9839999999999995,-1.0,-1.0,-1.0,-1.0,-1.0,2015-09-02,-1.0,-1.0,37.1282,-76.7516
SITE_00242,VA,23434,9.947999999999999,-1.0,-1.0,-1.0,-1.0,-1.0,2015-09-24,-1.0,-1.0,37.1301,-78.3225
SITE_00243,VA,22124,10.56,-1.0,-1.0,-1.0,-1.0,-1.0,2015-09-30,-1.0,-1.0,38.1864,-80.7776
SITE_00244,VA,22180,6.445200000000001,-1.0,-1.0,-1.0,-1.0,-1.0,2015-10-01,-1.0,-1.0,-9999,-9999
SITE_00245,VA,22030,7.199999999999999,-1.0,-1.0,-1.0,-1.0,-1.0,2015-10-15,-1.0,-1.0,37.1184,-77.6016
SITE_00246,VA,22207,3.096,-1.0,-1.0,-1.0,-1.0,-1.0,2015-10-28,-1.0,-1.0,37.4395,-79.9132
SITE_00247,VA,23508,1.692,-1.0,-1.0,-1.0,-1.0,-1.0,2015-12-07,-1.0,-1.0,36.7066,-79.4812
SITE_00248,VA,22180,7.199999999999999,-1.0,-1.0,-1.0,-1.0,-1.0,2015-12-08,-1.0,-1.0,37.4845,-80.8556
SITE_00249,VA,24401,5.436,-1.0,-1.0,-1.0,-1.0,-1.0,2016-01-05,-1.0,-1.0,37.7752,-77.4551
SITE_00250,VA,24477,5.952,-1.0,-1.0,-1.0,-1.0,-1.0,2016-01-27,-1.0,-1.0,36.4841,-77.7309
SITE_00251,VA,24401,3.6239999999999997,-1.0,-1.0,-1.0,-1.0,-1.0,2016-02-09,-1.0,-1.0,38.4632,-77.8817
SITE_00252,VA,22203,7.0632,-1.0,-1.0,-1.0,-1.0,-1.0,2016-03-07,-1.0,-1.0,38.3238,-77.0565
SITE_00253,VA,23231,6.0,-1.0,-1.0,-1.0,-1.0,-1.0,2016-03-21,-1.0,-1.0,37.4205,-79.4286
SITE_00254,VA,24401,8.592,-1.0,-1.0,-1.0,-1.0,-1.0,2016-04-19,-1.0,-1.0,38.4674,-78.0658
SITE_00255,VA,22202,9.12,-1.0,-1.0,-1.0,-1.0,-1.0,2016-05-12,-1.0,-1.0,37.0289,-77.9176
SITE_00256,VA,22980,2.868,-1.0,-1.0,-1.0,-1.0,-1.0,2016-05-31,-1.0,-1.0,37.4213,-79.2798
SITE_00257,VA,23320,4.68,-1.0,-1.0,-1.0,-1.0,-1.0,2016-09-02,-1.0,-1.0,38.4830,-80.3513
SITE_00258,VA,22902,6.0,-1.0,-1.0,-1.0,-1.0,-1.0,2016-09-22,-1.0,-1.0,38.1135,-76.4565
SITE_00259,VA,23112,5.88,-1.0,-1.0,-1.0,-1.0,-1.0,2016-09-27,-1.0,-1.0,37.9190,-76.5412
SITE_00260,VA,23140,6.0,-1.0,-1.0,-1.0,-1.0,-1.0,2016-10-11,-1.0,-1.0,38.0343,-77.1403
SITE_00261,VA,23509,3.792,-1.0,-1.0,-1.0,-1.0,-1.0,2016-10-27,-1.0,-1.0,36.5792,-79.9121
SITE_00262,VA,20198,22.9284,-1.0,-1.0,-1.0,-1.0,-1.0,2016-11-14,-1.0,-1.0,36.8434,-76.4908
SITE_00263,VA,22204,6.0,-1.0,-1.0,-1.0,-1.0,-1.0,2017-01-06,-1.0,-1.0,37.0423,-78.3826
SITE_00264,VA,22202,3.5999999999999996,-1.0,-1.0,-1.0,-1.0,-1.0,2017-01-12,-1.0,-1.0,37.9309,-77.1014
SITE_00265,VA,23231,5.0424,-1.0,-1.0,-1.0,-1.0,-1.0,2017-01-13,-1.0,-1.0,38.5821,-79.7900
SITE_00266,VA,20198,19.107599999999998,-1.0,-1.0,-1.0,-1.0,-1.0,2017-01-17,-1.0,-1.0,36.9497,-78.2154
SITE_00267,VA,22003,8.64,-1.0,-1.0,-1.0,-1.0,-1.0,2017-03-02,-1.0,-1.0,37.8012,-79.1976
SITE_00268,VA,22903,9.072,-1.0,-1.0,-1.0,-1.0,-1.0,2017-03-03,-1.0,-1.0,37.0274,-78.9742
SITE_00269,VA,23227,6.912,-1.0,-1.0,-1.0,-1.0,-1.0,2017-04-21,-1.0,-1.0,37.2744,-78.2712
SITE_00270,VA,22205,6.912,-1.0,-1.0,-1.0,-1.0,-1.0,2017-05-09,-1.0,-1.0,37.3256,-76.9358
SITE_00271,VA,22911,5.796,-1.0,-1.0,-1.0,-1.0,-1.0,2017-05-25,-1.0,-1.0,37.2856,-80.8374
SITE_00272,VA,23072,4.032,-1.0,-1.0,-1.0,-1.0,-1.0,2017-06-12,-1.0,-1.0,36.6956,-80.7366
SITE_00273,VA,22902,7.199999999999999,-1.0,-1.0,-1.0,-1.0,-1.0,2017-06-21,-1.0,-1.0,38.4235,-76.6926
SITE_00274,VA,20147,8.064,-1.0,-1.0,-1.0,-1.0,-1.0,2017-07-31,-1.0,-1.0,38.5288,-77.3353
SITE_00275,VA,23124,4.704,-1.0,-1.0,-1.0,-1.0,-1.0,2017-08-18,-1.0,-1.0,37.1350,-80.1381
SITE_00276,VA,22902,4.32,-1.0,-1.0,-1.0,-1.0,-1.0,2017-08-24,-1.0,-1.0,37.6092,-78.6869
SITE_00277,VA,22032,6.48648,-1.0,-1.0,-1.0,-1.0,-1.0,2017-09-01,-1.0,-1.0,38.0873,-79.8596
SITE_00278,VA,23455,4.8,-1.0,-1.0,-1.0,-1.0,-1.0,2017-09-27,-1.0,-1.0,38.1248,-78.6705
SITE_00279,VA,22043,6.0,-1.0,-1.0,-1.0,-1.0,-1.0,2017-11-02,-1.0,-1.0,37.4913,-78.4755
SITE_00280,VA,22043,11.52,-1.0,-1.0,-1.0,-1.0,-1.0,2017-11-27,-1.0,-1.0,37.6304,-77.5107
SITE_00281,VA,22911,7.5,-1.0,-1.0,-1.0,-1.0,-1.0,2017-11-29,-1.0,-1.0,36.9813,-80.1647
SITE_00282,VA,23882,4.56,-1.0,-1.0,-1.0,-1.0,-1.0,2017-12-05,-1.0,-1.0,36.4135,-81.0287
SITE_00283,VA,23702,5.351999999999999,-1.0,-1.0,-1.0,-1.0,-1.0,2017-12-07,-1.0,-1.0,36.8574,-76.5067
SITE_00284,VA,23221,2.6999999999999997,-1.0,-1.0,-1.0,-1.0,-1.0,2017-12-26,-1.0,-1.0,36.5125,-80.4663
SITE_00285,VA,23847,4.56,-1.0,-1.0,-1.0,-1.0,-1.0,2018-01-08,-1.0,-1.0,38.5146,-81.0252
SITE_00286,VA,22203,4.404,-1.0,-1.0,-1.0,-1.0,-1.0,2018-02-20,-1.0,-1.0,36.7506,-76.9453
SITE_00287,VA,23150,4.752,-1.0,-1.0,-1.0,-1.0,-1.0,2018-02-23,-1.0,-1.0,-9999,-9999
SITE_00288,VA,24435,4.692,-1.0,-1.0,-1.0,-1.0,-1.0,2018-03-08,-1.0,-1.0,37.5764,-79.7780
SITE_00289,VA,24441,13.68,-1.0,-1.0,-1.0,-1.0,-1.0,2018-03-13,-1.0,-1.0,37.7308,-79.2612
SITE_00290,VA,23322,4.416,-1.0,-1.0,-1.0,-1.0,-1.0,2018-03-19,-1.0,-1.0,37.1745,-78.7852
SITE_00291,VA,22310,3.3791999999999995,-1.0,-1.0,-1.0,-1.0,-1.0,2018-04-02,-1.0,-1.0,38.1314,-78.0387
SITE_00292,VA,22832,9.12,-1.0,-1.0,-1.0,-1.0,-1.0,2018-04-02,-1.0,-1.0,36.5889,-80.3112
SITE_00293,VA,22980,7.199999999999999,-1.0,-1.0,-1.0,-1.0,-1.0,2018-04-03,-1.0,-1.0,36.6089,-76.6397
SITE_00294,VA,23089,6.0,-1.0,-1.0,-1.0,-1.0,-1.0,2018-04-04,-1.0,-1.0,37.3807,-80.9809
SITE_00295,VA,22151,5.376,-1.0,-1.0,-1.0,-1.0,-1.0,2018-04-09,-1.0,-1.0,36.9640,-79.3049
SITE_00296,VA,23223,3.5999999999999996,-1.0,-1.0,-1.0,-1.0,-1.0,2018-04-12,-1.0,-1.0,36.8982,-77.8185
SITE_00297,VA,23231,3.312,-1.0,-1.0,-1.0,-1.0,-1.0,2018-04-17,-1.0,-1.0,36.9786,-79.9616
SITE_00298,VA,22560,6.0,-1.0,-1.0,-1.0,-1.0,-1.0,2018-04-19,-1.0,-1.0,36.7582,-80.7936
SITE_00299,VA,22980,6.0,-1.0,-1.0,-1.0,-1.0,-1.0,2018-04-23,-1.0,-1.0,37.3504,-80.5639
SITE_00300,VA,23089,6.8999999999999995,-1.0,-1.0,-1.0,-1.0,-1.0,2018-04-26,-1.0,-1.0,37.9147,-79.5138
SITE_00301,VA,22079,3.5999999999999996,-1.0,-1.0,-1.0,-1.0,-1.0,2018-05-01,-1.0,-1.0,38.2795,-79.5736
SITE_00302,VA,22066,8.04,-1.0,-1.0,-1.0,-1.0,-1.0,2018-05-10,-1.0,-1.0,37.1915,-79.5284
SITE_00303,VA,23669,1.152,-1.0,-1.0,-1.0,-1.0,-1.0,2018-05-16,-1.0,-1.0,36.8123,-76.3244
SITE_00304,VA,22305,4.56,-1.0,-1.0,-1.0,-1.0,-1.0,2018-06-15,-1.0,-1.0,38.3128,-76.7306
SITE_00305,VA,22901,4.08,-1.0,-1.0,-1.0,-1.0,-1.0,2018-06-19,-1.0,-1.0,38.3863,-76.7660
SITE_00306,VA,22032,11.52,-1.0,-1.0,-1.0,-1.0,-1.0,2018-06-25,-1.0,-1.0,-9999,-9999
SITE_00307,VA,22172,12.197999999999999,-1.0,-1.0,-1.0,-1.0,-1.0,2018-07-05,-1.0,-1.0,36.7652,-78.6676
SITE_00308,VA,23089,6.0,-1.0,-1.0,-1.0,-1.0,-1.0,2018-07-20,-1.0,-1.0,37.1713,-79.9223
SITE_00309,VA,22980,8.4,-1.0,-1.0,-1.0,-1.0,-1.0,2018-07-31,-1.0,-1.0,36.5800,-78.0553
SITE_00310,VA,23805,6.0,-1.0,-1.0,-1.0,-1.0,-1.0,2018-08-01,-1.0,-1.0,37.6869,-79.2349
SITE_00311,VA,23505,6.0,-1.0,-1.0,-1.0,-1.0,-1.0,2018-08-01,-1.0,-1.0,37.2924,-79.5130
SITE_00312,VA,23231,10.043999999999999,-1.0,-1.0,-1.0,-1.0,-1.0,2018-08-07,-1.0,-1.0,36.6434,-77.7560
SITE_00313,VA,22902,9.24,-1.0,-1.0,-1.0,-1.0,-1.0,2018-09-19,-1.0,-1.0,38.5947,-76.9702
SITE_00314,VA,22901,12.0,-1.0,-1.0,-1.0,-1.0,-1.0,2018-09-19,-1.0,-1.0,37.3252,-80.2281
SITE_00315,VA,22801,7.199999999999999,-1.0,-1.0,-1.0,-1.0,-1.0,2018-10-03,-1.0,-1.0,36.7416,-80.0262
SITE_00316,VA,22204,9.12,-1.0,-1.0,-1.0,-1.0,-1.0,2018-10-04,-1.0,-1.0,38.0185,-79.8713
SITE_00317,VA,22204,7.223999999999999,-1.0,-1.0,-1.0,-1.0,-1.0,2018-10-26,-1.0,-1.0,38.5837,-76.7831
SITE_00318,VA,22027,7.2936,-1.0,-1.0,-1.0,-1.0,-1.0,2018-11-19,-1.0,-1.0,38.3363,-79.5265
SITE_00319,VA,23230,4.14,-1.0,-1.0,-1.0,-1.0,-1.0,2018-11-20,-1.0,-1.0,37.1144,-79.2886
SITE_00320,VA,22191,9.12,-1.0,-1.0,-1.0,-1.0,-1.0,2018-11-21,-1.0,-1.0,37.7360,-80.3413
SITE_00321,VA,22032,6.696,-1.0,-1.0,-1.0,-1.0,-1.0,2018-11-28,-1.0,-1.0,38.5525,-80.7316
SITE_00322,VA,23805,12.0,-1.0,-1.0,-1.0,-1.0,-1.0,2018-11-28,-1.0,-1.0,36.9663,-79.2541
SITE_00323,VA,23112,9.12,-1.0,-1.0,-1.0,-1.0,-1.0,2018-12-07,-1.0,-1.0,37.5950,-80.8901
SITE_00324,VA,22207,5.491199999999999,-1.0,-1.0,-1.0,-1.0,-1.0,2018-12-12,-1.0,-1.0,36.7657,-80.0241
SITE_00325,VA,23188,6.336,-1.0,-1.0,-1.0,-1.0,-1.0,2018-12-12,-1.0,-1.0,38.1958,-79.1160
SITE_00326,VA,23831,9.12,-1.0,-1.0,-1.0,-1.0,-1.0,2018-12-13,-1.0,-1.0,37.3503,-80.3900
SITE_00327,VA,22030,9.12,-1.0,-1.0,-1.0,-1.0,-1.0,2018-12-13,-1.0,-1.0,37.6511,-79.2095
SITE_00328,VA,22901,10.68,-1.0,-1.0,-1.0,-1.0,-1.0,2018-12-17,-1.0,-1.0,36.9193,-80.5706
SITE_00329,VA,24441,9.12,-1.0,-1.0,-1.0,-1.0,-1.0,2019-01-04,-1.0,-1.0,37.3216,-78.2619
SITE_00330,VA,23601,4.56,-1.0,-1.0,-1.0,-1.0,-1.0,2019-01-08,-1.0,-1.0,36.6779,-77.6162
SITE_00331,VA,22304,12.0,-1.0,-1.0,-1.0,-1.0,-1.0,2019-01-14,-1.0,-1.0,38.0795,-80.1552
SITE_00332,VA,22301,3.5999999999999996,-1.0,-1.0,-1.0,-1.0,-1.0,2019-01-16,-1.0,-1.0,37.9952,-77.6469
SITE_00333,VA,20155,9.12,-1.0,-1.0,-1.0,-1.0,-1.0,2019-01-17,-1.0,-1.0,37.3199,-76.7000
SITE_00334,VA,23666,7.199999999999999,-1.0,-1.0,-1.0,-1.0,-1.0,2019-01-22,-1.0,-1.0,36.4586,-80.4691
SITE_00335,VA,23141,5.3999999999999995,-1.0,-1.0,-1.0,-1.0,-1.0,2019-02-08,-1.0,-1.0,37.8642,-80.1678
SITE_00336,VA,23039,12.0,-1.0,-1.0,-1.0,-1.0,-1.0,2019-02-12,-1.0,-1.0,36.6852,-80.0053
SITE_00337,VA,22902,4.08,-1.0,-1.0,-1.0,-1.0,-1.0,2019-02-25,-1.0,-1.0,37.4144,-78.0059
SITE_00338,VA,23601,3.456,-1.0,-1.0,-1.0,-1.0,-1.0,2019-03-11,-1.0,-1.0,38.4174,-81.0454
SITE_00339,VA,22911,6.24,-1.0,-1.0,-1.0,-1.0,-1.0,2019-03-11,-1.0,-1.0,36.9885,-77.0915
SITE_00340,VA,23827,6.0,-1.0,-1.0,-1.0,-1.0,-1.0,2019-03-15,-1.0,-1.0,36.9470,-79.6603
SITE_00341,VA,22310,10.799999999999999,-1.0,-1.0,-1.0,-1.0,-1.0,2019-03-18,-1.0,-1.0,36.8129,-78.3740
SITE_00342,VA,23456,9.12,-1.0,-1.0,-1.0,-1.0,-1.0,2019-03-20,-1.0,-1.0,37.2965,-79.4255
SITE_00343,VA,23060,3.24,-1.0,-1.0,-1.0,-1.0,-1.0,2019-03-29,-1.0,-1.0,38.4813,-76.6889
SITE_00344,VA,22031,4.32,-1.0,-1.0,-1.0,-1.0,-1.0,2019-04-03,-1.0,-1.0,38.1412,-79.9786
SITE_00345,VA,23320,6.359999999999999,-1.0,-1.0,-1.0,-1.0,-1.0,2019-04-08,-1.0,-1.0,37.0406,-76.9654
SITE_00346,VA,22312,9.839999999999998,-1.0,-1.0,-1.0,-1.0,-1.0,2019-04-18,-1.0,-1.0,37.3582,-79.5473
SITE_00347,VA,23702,4.56,-1.0,-1.0,-1.0,-1.0,-1.0,2019-04-29,-1.0,-1.0,37.0481,-76.8948
SITE_00348,VA,23692,7.199999999999999,-1.0,-1.0,-1.0,-1.0,-1.0,2019-04-29,-1.0,-1.0,37.8037,-79.9441
SITE_00349,VA,22201,12.0,-1.0,-1.0,-1.0,-1.0,-1.0,2019-05-03,-1.0,-1.0,36.4155,-79.4588
SITE_00350,VA,22308,6.96,-1.0,-1.0,-1.0,-1.0,-1.0,2019-05-20,-1.0,-1.0,38.5277,-77.2527
SITE_00351,VA,23831,10.08,-1.0,-1.0,-1.0,-1.0,-1.0,2019-05-20,-1.0,-1.0,37.4675,-77.6981
SITE_00352,VA,23323,9.12,-1.0,-1.0,-1.0,-1.0,-1.0,2019-05-20,-1.0,-1.0,37.1120,-80.7324
SITE_00353,VA,22205,4.56,-1.0,-1.0,-1.0,-1.0,-1.0,2019-05-21,-1.0,-1.0,37.9579,-80.6157
SITE_00354,VA,20164,9.12,-1.0,-1.0,-1.0,-1.0,-1.0,2019-05-31,-1.0,-1.0,37.7704,-78.7843
SITE_00355,VA,22152,4.56,-1.0,-1.0,-1.0,-1.0,-1.0,2019-06-04,-1.0,-1.0,37.8973,-76.6880
SITE_00356,VA,22031,12.0,-1.0,-1.0,-1.0,-1.0,-1.0,2019-06-06,-1.0,-1.0,37.3242,-80.2668
SITE_00357,VA,22201,11.76,-1.0,-1.0,-1.0,-1.0,-1.0,2019-06-07,-1.0,-1.0,37.0613,-80.7276
SITE_00358,VA,22911,12.0,-1.0,-1.0,-1.0,-1.0,-1.0,2019-06-18,-1.0,-1.0,37.6619,-77.1149
SITE_00359,VA,22911,8.4,-1.0,-1.0,-1.0,-1.0,-1.0,2019-06-18,-1.0,-1.0,38.5453,-76.9990
SITE_00360,VA,23602,11.52,-1.0,-1.0,-1.0,-1.0,-1.0,2019-06-19,-1.0,-1.0,37.6183,-80.7807
SITE_00361,VA,20164,12.0,-1.0,-1.0,-1.0,-1.0,-1.0,2019-06-21,-1.0,-1.0,37.0763,-79.7970
SITE_00362,VA,23601,4.08,-1.0,-1.0,-1.0,-1.0,-1.0,2019-06-21,-1.0,-1.0,36.6711,-80.0515
SITE_00363,VA,22578,4.56,-1.0,-1.0,-1.0,-1.0,-1.0,2019-06-25,-1.0,-1.0,38.5043,-81.0184
SITE_00364,VA,23059,10.08,-1.0,-1.0,-1.0,-1.0,-1.0,2019-06-26,-1.0,-1.0,36.4248,-80.0347
SITE_00365,VA,20176,3.12,-1.0,-1.0,-1.0,-1.0,-1.0,2019-07-01,-1.0,-1.0,36.8616,-80.7318
SITE_00366,VA,20191,12.0,-1.0,-1.0,-1.0,-1.0,-1.0,2019-07-01,-1.0,-1.0,37.6692,-78.2867
SITE_00367,VA,23456,8.04,-1.0,-1.0,-1.0,-1.0,-1.0,2019-07-02,-1.0,-1.0,38.5265,-78.9113
SITE_00368,VA,24579,14.399999999999999,-1.0,-1.0,-1.0,-1.0,-1.0,2019-07-02,-1.0,-1.0,36.4754,-78.9669
SITE_00369,VA,23666,5.52,-1.0,-1.0,-1.0,-1.0,-1.0,2019-07-02,-1.0,-1.0,-9999,-9999
SITE_00370,VA,22901,10.799999999999999,-1.0,-1.0,-1.0,-1.0,-1.0,2019-07-09,-1.0,-1.0,36.8137,-78.7611
SITE_00371,VA,23453,4.32,-1.0,-1.0,-1.0,-1.0,-1.0,2019-07-09,-1.0,-1.0,37.4018,-79.8063
SITE_00372,VA,23602,8.4,-1.0,-1.0,-1.0,-1.0,-1.0,2019-07-11,-1.0,-1.0,38.1301,-77.2961
SITE_00373,VA,23924,4.56,-1.0,-1.0,-1.0,-1.0,-1.0,2019-07-11,-1.0,-1.0,37.6397,-80.8805
SITE_00374,VA,23229,12.0,-1.0,-1.0,-1.0,-1.0,-1.0,2019-07-15,-1.0,-1.0,38.4839,-80.3270
SITE_00375,VA,20164,9.12,-1.0,-1.0,-1.0,-1.0,-1.0,2019-07-15,-1.0,-1.0,38.2515,-78.5035
SITE_00376,VA,20164,9.12,-1.0,-1.0,-1.0,-1.0,-1.0,2019-07-15,-1.0,-1.0,36.7714,-76.8100
SITE_00377,VA,22911,4.56,-1.0,-1.0,-1.0,-1.0,-1.0,2019-07-23,-1.0,-1.0,36.6032,-79.6516
SITE_00378,VA,22911,9.12,-1.0,-1.0,-1.0,-1.0,-1.0,2019-07-23,-1.0,-1.0,36.7265,-78.0696
SITE_00379,VA,23453,7.4399999999999995,-1.0,-1.0,-1.0,-1.0,-1.0,2019-07-26,-1.0,-1.0,37.9698,-79.1018
SITE_00380,VA,22303,3.84,-1.0,-1.0,-1.0,-1.0,-1.0,2019-07-29,-1.0,-1.0,37.1771,-80.6052
SITE_00381,VA,23834,12.0,-1.0,-1.0,-1.0,-1.0,-1.0,2019-08-02,-1.0,-1.0,38.4265,-76.6821
SITE_00382,VA,23803,7.199999999999999,-1.0,-1.0,-1.0,-1.0,-1.0,2019-08-05,-1.0,-1.0,38.3121,-80.5664
SITE_00383,VA,23456,7.199999999999999,-1.0,-1.0,-1.0,-1.0,-1.0,2019-08-08,-1.0,-1.0,37.9394,-76.9396
SITE_00384,VA,23225,12.0,-1.0,-1.0,-1.0,-1.0,-1.0,2019-08-12,-1.0,-1.0,37.8991,-80.7912
SITE_00385,VA,22150,4.56,-1.0,-1.0,-1.0,-1.0,-1.0,2019-08-19,-1.0,-1.0,36.7375,-76.9740
SITE_00386,VA,22027,11.52,-1.0,-1.0,-1.0,-1.0,-1.0,2019-08-20,-1.0,-1.0,37.0682,-80.6775
SITE_00387,VA,23185,6.0,-1.0,-1.0,-1.0,-1.0,-1.0,2019-08-23,-1.0,-1.0,38.2884,-76.7647
SITE_00388,VA,22406,9.12,-1.0,-1.0,-1.0,-1.0,-1.0,2019-08-29,-1.0,-1.0,37.7411,-80.3353
SITE_00389,VA,22801,10.68,-1.0,-1.0,-1.0,-1.0,-1.0,2019-09-10,-1.0,-1.0,36.8719,-79.0034
SITE_00390,VA,23454,6.0,-1.0,-1.0,-1.0,-1.0,-1.0,2019-09-10,-1.0,-1.0,36.8227,-79.2238
SITE_00391,VA,23456,8.4,-1.0,-1.0,-1.0,-1.0,-1.0,2019-09-17,-1.0,-1.0,37.2190,-79.1248
SITE_00392,VA,22308,3.0,-1.0,-1.0,-1.0,-1.0,-1.0,2019-09-17,-1.0,-1.0,36.5871,-77.5688
SITE_00393,VA,20148,12.48,-1.0,-1.0,-1.0,-1.0,-1.0,2019-09-18,-1.0,-1.0,36.4341,-77.5827
SITE_00394,VA,22191,17.04,-1.0,-1.0,-1.0,-1.0,-1.0,2019-09-25,-1.0,-1.0,38.0477,-77.5374
SITE_00395,VA,22026,10.2,-1.0,-1.0,-1.0,-1.0,-1.0,2019-09-25,-1.0,-1.0,37.3095,-80.2354
SITE_00396,VA,22980,6.359999999999999,-1.0,-1.0,-1.0,-1.0,-1.0,2019-09-25,-1.0,-1.0,36.5268,-78.6630
SITE_00397,VA,22902,7.8,-1.0,-1.0,-1.0,-1.0,-1.0,2019-09-26,-1.0,-1.0,36.4542,-77.4707
SITE_00398,VA,22902,34.56,-1.0,-1.0,-1.0,-1.0,-1.0,2019-10-01,-1.0,-1.0,37.9860,-78.0401
SITE_00399,VA,22902,90.6,-1.0,-1.0,-1.0,-1.0,-1.0,2019-10-01,-1.0,-1.0,38.5941,-77.3987
SITE_00400,VA,23112,7.56,-1.0,-1.0,-1.0,-1.0,-1.0,2019-10-01,-1.0,-1.0,37.0613,-79.3545
SITE_00401,VA,23113,14.52,-1.0,-1.0,-1.0,-1.0,-1.0,2019-10-04,-1.0,-1.0,38.2014,-81.0334
SITE_00402,VA,22066,13.08,-1.0,-1.0,-1.0,-1.0,-1.0,2019-10-14,-1.0,-1.0,36.7602,-78.2749
SITE_00403,VA,22181,15.96,-1.0,-1.0,-1.0,-1.0,-1.0,2019-10-16,-1.0,-1.0,37.7172,-76.6906
SITE_00404,VA,22172,10.92,-1.0,-1.0,-1.0,-1.0,-1.0,2019-10-18,-1.0,-1.0,38.1878,-80.1407
SITE_00405,VA,22204,7.199999999999999,-1.0,-1.0,-1.0,-1.0,-1.0,2019-10-21,-1.0,-1.0,37.8571,-80.7227
SITE_00406,VA,24401,11.88,-1.0,-1.0,-1.0,-1.0,-1.0,2019-10-22,-1.0,-1.0,38.1156,-77.0329
SITE_00407,VA,22902,8.52,-1.0,-1.0,-1.0,-1.0,-1.0,2019-10-24,-1.0,-1.0,-9999,-9999
SITE_00408,VA,20186,12.239999999999998,-1.0,-1.0,-1.0,-1.0,-1.0,2019-10-28,-1.0,-1.0,37.4641,-77.2480
SITE_00409,VA,23314,12.239999999999998,-1.0,-1.0,-1.0,-1.0,-1.0,2019-10-29,-1.0,-1.0,37.5093,-78.0310
SITE_00410,VA,22831,7.199999999999999,-1.0,-1.0,-1.0,-1.0,-1.0,2019-10-30,-1.0,-1.0,38.2187,-79.9749
SITE_00411,VA,23464,5.04,-1.0,-1.0,-1.0,-1.0,-1.0,2019-10-31,-1.0,-1.0,37.3141,-78.6921
SITE_00412,VA,22932,12.239999999999998,-1.0,-1.0,-1.0,-1.0,-1.0,2019-11-04,-1.0,-1.0,38.0257,-78.7873
SITE_00413,VA,23320,9.12,-1.0,-1.0,-1.0,-1.0,-1.0,2019-11-06,-1.0,-1.0,36.5908,-80.3821
SITE_00414,VA,24486,7.8,-1.0,-1.0,-1.0,-1.0,-1.0,2019-11-12,-1.0,-1.0,37.0552,-79.4518
SITE_00415,VA,22310,6.84,-1.0,-1.0,-1.0,-1.0,-1.0,2019-11-13,-1.0,-1.0,38.2402,-78.7844
SITE_00416,VA,23237,11.88,-1.0,-1.0,-1.0,-1.0,-1.0,2019-11-13,-1.0,-1.0,37.8083,-79.5504
SITE_00417,VA,22901,12.6,-1.0,-1.0,-1.0,-1.0,-1.0,2019-11-13,-1.0,-1.0,38.5814,-80.3675
SITE_00418,VA,22032,9.719999999999999,-1.0,-1.0,-1.0,-1.0,-1.0,2019-11-25,-1.0,-1.0,37.9691,-79.9076
SITE_00419,VA,23464,3.84,-1.0,-1.0,-1.0,-1.0,-1.0,2019-12-02,-1.0,-1.0,37.3204,-78.6784
SITE_00420,VA,23508,7.4399999999999995,-1.0,-1.0,-1.0,-1.0,-1.0,2019-12-12,-1.0,-1.0,37.6282,-78.8859
SITE_00421,VA,22150,7.919999999999999,-1.0,-1.0,-1.0,-1.0,-1.0,2019-12-13,-1.0,-1.0,36.4308,-78.5795
SITE_00422,VA,23059,10.44,-1.0,-1.0,-1.0,-1.0,-1.0,2019-12-16,-1.0,-1.0,37.9896,-78.8688
SITE_00423,VA,24401,49.68,-1.0,-1.0,-1.0,-1.0,-1.0,2019-12-19,-1.0,-1.0,37.6842,-77.4996
SITE_00424,VA,22935,14.879999999999999,-1.0,-1.0,-1.0,-1.0,-1.0,2019-12-19,-1.0,-1.0,38.3363,-78.7853
SITE_00425,VA,23452,7.199999999999999,-1.0,-1.0,-1.0,-1.0,-1.0,2019-12-26,-1.0,-1.0,36.7503,-79.6406
SITE_00426,VA,24563,4.56,-1.0,-1.0,-1.0,-1.0,-1.0,2019-03-19,-1.0,-1.0,38.1626,-79.6555
SITE_00427,VA,23867,4.56,-1.0,-1.0,-1.0,-1.0,-1.0,2019-08-05,-1.0,-1.0,37.3013,-77.7227
SITE_00428,VA,23139,13.68,-1.0,-1.0,-1.0,-1.0,-1.0,2019-06-14,-1.0,-1.0,37.0203,-80.8953
SITE_00429,VA,-1,8.7,-1.0,-1.0,-1.0,-1.0,-1.0,2017-01-03,-1.0,-1.0,37.2973,-78.8720
SITE_00430,VA,22485,12.239999999999998,-1.0,-1.0,-1.0,-1.0,-1.0,2018-11-20,-1.0,-1.0,37.0559,-80.3310
SITE_00431,VA,-1,10.3224,-1.0,-1.0,-1.0,-1.0,-1.0,2012-01-05,-1.0,-1.0,37.8380,-76.7998
SITE_00432,VA,-1,19.32,-1.0,-1.0,-1.0,-1.0,-1.0,2017-08-15,-1.0,-1.0,36.7705,-78.9675
SITE_00433,VA,20148,10.607999999999999,-1.0,-1.0,-1.0,-1.0,-1.0,2018-02-12,-1.0,-1.0,37.6953,-79.2902
SITE_00434,VA,20111,6.0,-1.0,-1.0,-1.0,-1.0,-1.0,2018-05-14,-1.0,-1.0,37.5409,-80.3271
SITE_00435,VA,20175,8.616,-1.0,-1.0,-1.0,-1.0,-1.0,2018-10-17,-1.0,-1.0,36.9416,-78.4462
SITE_00436,VA,22556,4.9559999999999995,-1.0,-1.0,-1.0,-1.0,-1.0,2019-01-11,-1.0,-1.0,36.9501,-76.6278
SITE_00437,VA,20112,6.296399999999999,-1.0,-1.0,-1.0,-1.0,-1.0,2019-01-24,-1.0,-1.0,37.5429,-77.3038
SITE_00438,VA,22193,14.31,-1.0,-1.0,-1.0,-1.0,-1.0,2019-04-05,-1.0,-1.0,37.1635,-80.2617
SITE_00439,VA,20152,8.4,-1.0,-1.0,-1.0,-1.0,-1.0,2019-04-09,-1.0,-1.0,38.2736,-79.5834
SITE_00440,VA,22193,9.12,-1.0,-1.0,-1.0,-1.0,-1.0,2019-04-17,-1.0,-1.0,36.6870,-78.9257
SITE_00441,VA,22193,9.12,-1.0,-1.0,-1.0,-1.0,-1.0,2019-05-02,-1.0,-1.0,36.5057,-80.1443
SITE_00442,VA,20148,12.096,-1.0,-1.0,-1.0,-1.0,-1.0,2019-06-24,-1.0,-1.0,36.8285,-78.6346
SITE_00443,VA,20136,9.12,-1.0,-1.0,-1.0,-1.0,-1.0,2019-07-11,-1.0,-1.0,37.6109,-79.0058
SITE_00444,VA,20136,7.482,-1.0,-1.0,-1.0,-1.0,-1.0,2019-07-23,-1.0,-1.0,37.5552,-77.1000
SITE_00445,VA,22193,9.12,-1.0,-1.0,-1.0,-1.0,-1.0,2019-08-07,-1.0,-1.0,37.8120,-76.7761
SITE_00446,VA,20148,8.832,-1.0,-1.0,-1.0,-1.0,-1.0,2019-09-11,-1.0,-1.0,36.5570,-76.5581
SITE_00447,VA,22727,4.8,-1.0,-1.0,-1.0,-1.0,-1.0,2010-06-01,-1.0,-1.0,38.3510,-79.7135
SITE_00448,VA,22727,5.3999999999999995,-1.0,-1.0,-1.0,-1.0,-1.0,2010-06-01,-1.0,-1.0,37.8189,-81.0329
SITE_00449,VA,23192,7.56,-1.0,-1.0,-1.0,-1.0,-1.0,2012-03-08,-1.0,-1.0,38.4497,-76.9368
SITE_00450,VA,22742,11.736,-1.0,-1.0,-1.0,-1.0,-1.0,2013-11-04,-1.0,-1.0,36.6215,-80.4091
SITE_00451,VA,23015,12.360000000000001,-1.0,-1.0,-1.0,-1.0,-1.0,2014-06-04,-1.0,-1.0,37.6879,-77.0081
SITE_00452,VA,22630,3.5999999999999996,-1.0,-1.0,-1.0,-1.0,-1.0,2015-08-14,-1.0,-1.0,37.3608,-80.9531
SITE_00453,VA,22972,18.432,-1.0,-1.0,-1.0,-1.0,-1.0,2016-02-19,-1.0,-1.0,37.3612,-79.5728
SITE_00454,VA,20135,6.48,-1.0,-1.0,-1.0,-1.0,-1.0,2017-08-23,-1.0,-1.0,36.6447,-80.1925
SITE_00455,VA,23117,24.0,-1.0,-1.0,-1.0,-1.0,-1.0,2017-11-21,-1.0,-1.0,36.8944,-76.4098
SITE_00456,VA,22727,18.0,-1.0,-1.0,-1.0,-1.0,-1.0,2018-01-18,-1.0,-1.0,37.3167,-80.3433
SITE_00457,VA,23102,8.004,-1.0,-1.0,-1.0,-1.0,-1.0,2018-04-05,-1.0,-1.0,37.0123,-79.5208
SITE_00458,VA,22639,25.439999999999998,-1.0,-1.0,-1.0,-1.0,-1.0,2018-10-17,-1.0,-1.0,38.1005,-77.9101
SITE_00459,VA,22923,4.992,-1.0,-1.0,-1.0,-1.0,-1.0,2018-10-26,-1.0,-1.0,36.6297,-80.4289
SITE_00460,VA,22968,24.0,-1.0,-1.0,-1.0,-1.0,-1.0,2018-10-29,-1.0,-1.0,37.0730,-80.2739
SITE_00461,VA,22630,9.24,-1.0,-1.0,-1.0,-1.0,-1.0,2018-11-19,-1.0,-1.0,36.8841,-77.5522
SITE_00462,VA,22712,10.799999999999999,-1.0,-1.0,-1.0,-1.0,-1.0,2019-01-25,-1.0,-1.0,36.7438,-76.7802
SITE_00463,VA,22737,6.0,-1.0,-1.0,-1.0,-1.0,-1.0,2019-05-17,-1.0,-1.0,36.5439,-79.7473
SITE_00464,VA,22630,4.56,-1.0,-1.0,-1.0,-1.0,-1.0,2019-07-22,-1.0,-1.0,38.0532,-77.9091
SITE_00465,VA,22620,9.12,-1.0,-1.0,-1.0,-1.0,-1.0,2019-07-23,-1.0,-1.0,36.4058,-79.2195
SITE_00466,VA,22546,8.4,-1.0,-1.0,-1.0,-1.0,-1.0,2019-08-26,-1.0,-1.0,38.4634,-79.3899
SITE_00467,VA,22630,4.788,-1.0,-1.0,-1.0,-1.0,-1.0,2019-11-25,-1.0,-1.0,37.4619,-80.6379
SITE_00468,VA,22601,22.08,-1.0,-1.0,-1.0,-1.0,-1.0,2010-06-01,-1.0,-1.0,38.1602,-76.4479
SITE_00469,VA,24401,4.32,-1.0,-1.0,-1.0,-1.0,-1.0,2010-10-01,-1.0,-1.0,37.8010,-79.7872
SITE_00470,VA,22603,12.0,-1.0,-1.0,-1.0,-1.0,-1.0,2011-12-19,-1.0,-1.0,38.2615,-77.9015
SITE_00471,VA,22821,30.0,-1.0,-1.0,-1.0,-1.0,-1.0,2014-10-13,-1.0,-1.0,38.0579,-79.5136
SITE_00472,VA,22832,6.119999999999999,-1.0,-1.0,-1.0,-1.0,-1.0,2015-02-13,-1.0,-1.0,36.4396,-78.6647
SITE_00473,VA,22850,7.571999999999999,-1.0,-1.0,-1.0,-1.0,-1.0,2015-05-05,-1.0,-1.0,37.1013,-78.4411
SITE_00474,VA,24401,9.9096,-1.0,-1.0,-1.0,-1.0,-1.0,2015-08-12,-1.0,-1.0,36.5109,-79.8661
SITE_00475,VA,22980,2.916,-1.0,-1.0,-1.0,-1.0,-1.0,2015-06-10,-1.0,-1.0,38.1747,-77.3326
SITE_00476,VA,22637,8.16,-1.0,-1.0,-1.0,-1.0,-1.0,2015-11-18,-1.0,-1.0,37.1793,-77.3431
SITE_00477,VA,24459,8.532,-1.0,-1.0,-1.0,-1.0,-1.0,2016-03-22,-1.0,-1.0,36.7230,-77.4308
SITE_00478,VA,22207,4.56,-1.0,-1.0,-1.0,-1.0,-1.0,2016-07-28,-1.0,-1.0,37.1182,-79.0654
SITE_00479,VA,22939,11.52,-1.0,-1.0,-1.0,-1.0,-1.0,2017-05-02,-1.0,-1.0,36.4622,-80.9994
SITE_00480,VA,24467,10.943999999999999,-1.0,-1.0,-1.0,-1.0,-1.0,2017-07-06,-1.0,-1.0,37.0159,-79.2549
SITE_00481,VA,24401,6.624,-1.0,-1.0,-1.0,-1.0,-1.0,2017-07-26,-1.0,-1.0,37.4679,-78.3151
SITE_00482,VA,22835,8.712,-1.0,-1.0,-1.0,-1.0,-1.0,2017-11-08,-1.0,-1.0,36.5999,-80.3173
SITE_00483,VA,22624,5.3999999999999995,-1.0,-1.0,-1.0,-1.0,-1.0,2018-01-04,-1.0,-1.0,36.8765,-76.4288
SITE_00484,VA,22812,15.6,-1.0,-1.0,-1.0,-1.0,-1.0,2018-05-24,-1.0,-1.0,36.7067,-76.6037
SITE_00485,VA,24477,149.04,-1.0,-1.0,-1.0,-1.0,-1.0,2018-06-21,-1.0,-1.0,36.9379,-79.5277
SITE_00486,VA,24465,18.24,-1.0,-1.0,-1.0,-1.0,-1.0,2018-09-21,-1.0,-1.0,38.0459,-78.0830
SITE_00487,VA,24401,5.3999999999999995,-1.0,-1.0,-1.0,-1.0,-1.0,2018-12-03,-1.0,-1.0,38.5077,-80.7852
SITE_00488,VA,22601,10.008,-1.0,-1.0,-1.0,-1.0,-1.0,2019-03-07,-1.0,-1.0,37.8978,-78.9920
SITE_00489,VA,-1,12.360000000000001,-1.0,-1.0,-1.0,-1.0,-1.0,2009-09-01,-1.0,-1.0,36.5543,-77.8229
SITE_00490,VA,-1,5.3999999999999995,-1.0,-1.0,-1.0,-1.0,-1.0,2010-09-01,-1.0,-1.0,38.5270,-80.4542
SITE_00491,VA,-1,7.176,-1.0,-1.0,-1.0,-1.0,-1.0,2011-03-01,-1.0,-1.0,38.5726,-79.3725
SITE_00492,VA,-1,6.119999999999999,-1.0,-1.0,-1.0,-1.0,-1.0,2011-05-11,-1.0,-1.0,37.5304,-78.2835
SITE_00493,VA,-1,10.2,-1.0,-1.0,-1.0,-1.0,-1.0,2016-03-24,-1.0,-1.0,38.1346,-76.5462
SITE_00494,VA,23841,10.799999999999999,-1.0,-1.0,-1.0,-1.0,-1.0,2019-08-01,-1.0,-1.0,38.2630,-77.8201
SITE_00495,VA,24588,17.76,-1.0,-1.0,-1.0,-1.0,-1.0,2019-12-19,-1.0,-1.0,37.1621,-77.7687
SITE_00496,AZ,86426,5.4,-1.0,-1.0,-1.0,-1.0,-1.0,2018-05-22,-1.0,-1.0,35.5154,-111.5180
SITE_00497,ME,4468,5.39,-1.0,-1.0,-1.0,-1.0,-1.0,2012-10-09,-1.0,-1.0,46.3684,-69.4981
SITE_00498,ME,4096,7.2,-1.0,-1.0,-1.0,-1.0,-1.0,2012-12-04,-1.0,-1.0,44.2599,-69.0797
SITE_00499,ME,4441,3.36,-1.0,-1.0,-1.0,-1.0,-1.0,2013-02-05,-1.0,-1.0,45.4500,-68.6895
SITE_00500,ME,4086,8.4,-1.0,-1.0,-1.0,-1.0,-1.0,2013-10-08,-1.0,-1.0,45.3881,-68.0479
SITE_00501,ME,4231,6.44,-1.0,-1.0,-1.0,-1.0,-1.0,2013-02-05,-1.0,-1.0,44.2647,-70.2084
SITE_00502,ME,4049,5.3,-1.0,-1.0,-1.0,-1.0,-1.0,2013-09-03,-1.0,-1.0,45.3760,-69.0189
SITE_00503,FL,32327,-1.0,-1.0,-1.0,-1.0,-1.0,-1.0,2006-07-28,0.0,-1.0,26.1919,-82.3336
SITE_00504,FL,33626,3.5,-1.0,-1.0,-1.0,-1.0,-1.0,2006-08-28,0.0,-1.0,28.5812,-82.2936
SITE_00505,FL,32309,2.16,-1.0,-1.0,-1.0,-1.0,-1.0,2006-10-20,0.0,-1.0,28.1814,-83.0487
SITE_00506,FL,32828,5.0,-1.0,-1.0,-1.0,-1.0,-1.0,2009-12-16,0.0,-1.0,30.8000,-82.1966
SITE_00507,FL,32408,-1.0,-1.0,-1.0,-1.0,0.13055512037182102,-1.0,2009-12-10,0.0,-1.0,27.7314,-83.9308
SITE_00508,FL,32563,5.25,-1.0,-1.0,-1.0,0.1370785812758491,-1.0,2010-01-26,0.0,-1.0,26.7817,-83.7110
SITE_00509,FL,3203,2.43,-1.0,-1.0,-1.0,0.15527128769354281,-1.0,2010-02-25,0.0,-1.0,27.4943,-81.8363
SITE_00510,FL,34761,-1.0,-1.0,-1.0,-1.0,-1.0,-1.0,2010-02-26,0.0,-1.0,29.3934,-82.8881
SITE_00511,FL,32507,6.44,-1.0,-1.0,-1.0,-1.0,-1.0,2010-03-05,0.0,-1.0,30.8386,-81.8614
SITE_00512,FL,33776,-1.0,-1.0,-1.0,-1.0,0.14080195898377718,-1.0,2010-02-26,0.0,-1.0,27.4954,-81.2388
SITE_00513,FL,33458,2.005,-1.0,-1.0,-1.0,-1.0,-1.0,2009-10-16,0.0,-1.0,29.6321,-82.5945
SITE_00514,FL,34420,5.4,-1.0,-1.0,-1.0,0.13588802826470991,-1.0,2009-06-22,0.0,-1.0,30.4953,-81.7880
SITE_00515,FL,33146,4.0,-1.0,-1.0,-1.0,0.13728861843031057,-1.0,2009-07-14,0.0,-1.0,29.9599,-82.7843
SITE_00516,FL,33455,5.07,-1.0,-1.0,-1.0,-1.0,-1.0,2009-07-22,0.0,-1.0,27.7446,-81.7716
SITE_00517,FL,32967,-1.0,-1.0,-1.0,-1.0,-1.0,-1.0,2009-08-12,0.0,-1.0,29.5233,-83.5056
SITE_00518,FL,32619,4.32,-1.0,-1.0,-1.0,-1.0,-1.0,2009-09-18,0.0,-1.0,28.6352,-83.8852
SITE_00519,FL,33432,25.432,-1.0,-1.0,-1.0,-1.0,-1.0,2009-06-03,0.0,-1.0,28.6188,-83.2944
SITE_00520,FL,33513,-1.0,-1.0,-1.0,-1.0,-1.0,-1.0,2009-10-19,0.0,-1.0,30.4587,-81.4158
SITE_00521,FL,32162,7.6,-1.0,-1.0,-1.0,0.12433820987792475,-1.0,2009-09-29,0.0,-1.0,27.7263,-81.3626
SITE_00522,FL,32625,3.36,-1.0,-1.0,-1.0,0.1414141414141414,-1.0,2009-11-16,0.0,-1.0,29.7905,-82.2707
SITE_00523,FL,33140,2.97,-1.0,-1.0,-1.0,0.1391500098951118,-1.0,2009-11-17,0.0,-1.0,27.4650,-81.8135
SITE_00524,FL,32128,-1.0,-1.0,-1.0,-1.0,0.1370785812758491,-1.0,2009-10-19,0.0,-1.0,30.3434,-83.0931
SITE_00525,FL,32034,3.44,-1.0,-1.0,-1.0,0.13377302140368344,-1.0,2009-11-24,0.0,-1.0,30.1512,-83.8734
SITE_00526,FL,33037,4.15,-1.0,-1.0,-1.0,-1.0,-1.0,2009-11-20,0.0,-1.0,29.7401,-80.8960
SITE_00527,FL,33626,-1.0,-1.0,-1.0,-1.0,0.13604109529406644,-1.0,2009-12-07,0.0,-1.0,27.7149,-83.5956
SITE_00528,FL,33884,5.04,-1.0,-1.0,-1.0,0.13055512037182102,-1.0,2009-10-27,0.0,-1.0,-9999,-9999
SITE_00529,FL,32920,5.0,-1.0,-1.0,-1.0,-1.0,-1.0,2010-05-05,0.0,-1.0,27.1107,-82.9206
SITE_00530,FL,32763,-1.0,-1.0,-1.0,-1.0,-1.0,-1.0,2010-05-12,0.0,-1.0,26.7634,-83.8437
SITE_00531,FL,33410,5.06,-1.0,-1.0,-1.0,-1.0,-1.0,2010-06-29,0.0,-1.0,27.5893,-81.4510
SITE_00532,FL,34785,-1.0,-1.0,-1.0,-1.0,-1.0,-1.0,2009-11-24,0.0,-1.0,27.8319,-83.4241
SITE_00533,IL,redacted,2.0,-1.0,-1.0,-1.0,-1.0,-1.0,2009-06-03,-1.0,-1.0,38.4257,-88.5137
SITE_00534,IL,redacted,6.2,-1.0,-1.0,26.0,-1.0,-1.0,2011-07-10,-1.0,-1.0,41.3585,-88.1500
SITE_00535,IL,redacted,3.64,-1.0,-1.0,14.0,-1.0,-1.0,2013-08-23,-1.0,-1.0,39.0935,-88.8686
SITE_00536,IL,redacted,5.0,-1.0,-1.0,20.0,-1.0,-1.0,2014-05-31,-1.0,-1.0,40.5301,-88.3906
SITE_00537,PA,19610,19.53,132.0,5.0,63.0,0.13430204095779016,0.0,2009-09-21,-1.0,-1.0,41.1512,-78.8278
SITE_00538,PA,19096,4.752,180.0,30.0,22.0,0.1325023310595279,0.0,2009-10-08,-1.0,-1.0,41.4566,-76.9630
SITE_00539,PA,18017,6.075,190.0,25.0,27.0,0.18085624581016363,0.0,2009-09-24,-1.0,-1.0,40.8700,-78.1371
SITE_00540,PA,18042,7.2,140.0,33.0,32.0,0.18085624581016363,0.0,2009-09-04,-1.0,-1.0,40.5726,-79.7770
SITE_00541,PA,17604,13.5,180.0,30.0,60.0,0.18085624581016363,0.0,2010-07-19,-1.0,-1.0,40.6811,-78.5771
SITE_00542,PA,19067,3.68,167.0,26.0,16.0,0.1429889413596135,0.0,2010-12-17,-1.0,-1.0,41.1518,-76.2014
SITE_00543,PA,17737,6.15,180.0,22.0,30.0,0.14105633996642172,0.0,2009-09-22,-1.0,-1.0,40.0307,-77.5936
SITE_00544,PA,17013,8.4,180.0,35.0,40.0,0.14303618134263296,0.0,2009-12-01,-1.0,-1.0,41.0441,-76.0479
SITE_00545,PA,18938,10.368,180.0,20.0,48.0,0.1325023310595279,0.0,2009-10-05,-1.0,-1.0,40.8357,-79.0235
SITE_00546,PA,19335,10.105,145.0,20.0,30.0,0.1441576286990234,0.0,2009-11-02,-1.0,-1.0,41.4085,-79.1813
SITE_00547,PA,19530,5.4,180.0,35.0,24.0,0.18085624581016363,0.0,2010-06-10,-1.0,-1.0,40.9524,-79.1775
SITE_00548,PA,18651,9.72,180.0,30.0,36.0,0.1391500098951118,0.0,2010-10-29,-1.0,-1.0,40.0865,-78.1288
SITE_00549,PA,17316,5.28,170.0,40.0,24.0,0.13223808144182786,0.0,2009-10-21,-1.0,-1.0,40.3977,-78.9809
SITE_00550,PA,19533,32.8,200.0,15.0,160.0,-1.0,0.0,2010-06-29,-1.0,-1.0,40.5099,-77.0936
SITE_00551,PA,17062,6.9,180.0,18.0,30.0,0.14080195898377718,0.0,2009-12-07,-1.0,-1.0,39.8091,-76.5118
SITE_00552,PA,19006,4.68,240.0,35.0,24.0,0.16073221353810344,0.0,2009-12-10,-1.0,-1.0,41.8696,-76.3858
SITE_00553,PA,19342,8.82,180.0,26.0,42.0,-1.0,0.0,2009-11-20,-1.0,-1.0,40.4328,-78.5112
SITE_00554,PA,19530,6.075,244.0,35.0,27.0,0.18085624581016363,0.0,2010-06-05,-1.0,-1.0,40.5713,-77.7572
SITE_00555,PA,19044,9.02,162.0,30.0,20.0,-1.0,0.0,2009-09-28,-1.0,-1.0,40.2121,-77.0361
SITE_00556,PA,17053,3.15,180.0,30.0,15.0,0.14303618134263296,0.0,2010-01-18,-1.0,-1.0,40.0945,-78.4064
SITE_00557,PA,18080,2.24,-1.0,25.0,10.0,0.14243057781033333,0.0,2009-11-18,-1.0,-1.0,40.1691,-76.7695
SITE_00558,PA,19426,5.95,190.0,45.0,34.0,-1.0,0.0,2009-12-22,-1.0,-1.0,41.9797,-76.4363
SITE_00559,PA,19123,3.6,190.0,25.0,20.0,0.13588802826470991,0.0,2010-06-14,-1.0,-1.0,39.9786,-76.6138
SITE_00560,PA,17562,82.72,170.0,18.0,352.0,0.1441576286990234,0.0,2010-06-10,-1.0,-1.0,39.8389,-76.9760
SITE_00561,PA,19350,3.44,180.0,30.0,16.0,0.17281819044082303,0.0,2010-04-09,-1.0,-1.0,40.8054,-79.2416
SITE_00562,PA,19380,3.87,120.0,20.0,18.0,0.17246634900771687,0.0,2009-11-18,-1.0,-1.0,41.5828,-77.7474
SITE_00563,PA,18045,179.4,150.0,10.0,780.0,0.14080195898377718,0.0,2010-11-22,-1.0,-1.0,41.7452,-76.9687
SITE_00564,PA,19518,10.25,190.0,30.0,50.0,-1.0,0.0,2010-01-22,-1.0,-1.0,40.6394,-77.6248
SITE_00565,PA,18403,7.2,160.0,15.0,18.0,0.13728861843031057,0.0,2009-12-15,-1.0,-1.0,41.7333,-77.2800
SITE_00566,PA,18940,101.52,180.0,30.0,432.0,0.1441576286990234,0.0,2010-01-20,-1.0,-1.0,40.0097,-76.4314
SITE_00567,PA,19403,7.38,155.0,35.0,36.0,0.14072083389106835,0.0,2010-02-15,-1.0,-1.0,40.1868,-77.7497
SITE_00568,PA,17922,4.8,180.0,40.0,24.0,0.12433820987792474,0.0,2010-11-01,-1.0,-1.0,41.3931,-76.7528
SITE_00569,PA,18091,10.32,157.0,30.0,48.0,0.13030184574079628,0.0,2010-01-27,-1.0,-1.0,40.4395,-76.5404
SITE_00570,PA,19551,278.07,210.0,10.0,1209.0,0.14080195898377718,0.0,2010-11-18,-1.0,-1.0,41.8368,-76.9304
SITE_00571,PA,18938,7.59,140.0,40.0,33.0,0.1410904451096825,0.0,2009-12-16,-1.0,-1.0,40.7801,-77.7993
SITE_00572,PA,17363,10.32,180.0,30.0,48.0,0.17281819044082303,0.0,2010-04-28,-1.0,-1.0,40.0685,-77.9644
SITE_00573,PA,18901,4.095,200.0,10.0,21.0,0.16073221353810344,0.0,2010-03-19,-1.0,-1.0,41.4083,-79.2984
SITE_00574,PA,17017,10.368,180.0,30.0,48.0,0.1325023310595279,0.0,2010-10-04,-1.0,-1.0,41.7231,-78.9381
SITE_00575,PA,18067,3.78,180.0,30.0,18.0,0.14449673850218808,0.0,2010-04-29,-1.0,-1.0,41.4090,-78.7353
SITE_00576,PA,18071,44.85,180.0,40.0,195.0,0.14080195898377718,0.0,2010-12-17,-1.0,-1.0,41.0823,-79.3516
SITE_00577,PA,18708,2.0,180.0,10.0,10.0,0.13728861843031057,0.0,2010-02-03,-1.0,-1.0,40.2534,-79.2302
SITE_00578,PA,17049,10.08,182.0,35.0,48.0,0.14284315005876977,0.0,2010-06-28,-1.0,-1.0,-9999,-9999
SITE_00579,PA,19125,7.0,157.0,5.0,40.0,0.1370785812758491,0.0,2010-05-03,-1.0,-1.0,40.7513,-78.6122
SITE_00580,PA,18249,37.365,210.0,5.0,159.0,0.1441576286990234,0.0,2011-02-09,-1.0,-1.0,40.1353,-75.6786
SITE_00581,PA,18080,2.58,180.0,30.0,12.0,0.13030184574079628,0.0,2010-05-12,-1.0,-1.0,41.5221,-75.8237
SITE_00582,PA,19462,5.17,180.0,30.0,22.0,0.1441576286990234,0.0,2010-02-05,-1.0,-1.0,40.2259,-77.1875
SITE_00583,PA,17837-9267,6.6,180.0,30.0,30.0,0.12943293079691856,0.0,2010-05-20,-1.0,-1.0,41.1873,-78.9598
SITE_00584,PA,19608,7.04,186.0,25.0,32.0,-1.0,0.0,2010-03-26,-1.0,-1.0,41.6103,-75.9310
SITE_00585,PA,19464,2.58,208.0,22.0,12.0,-1.0,0.0,2010-09-23,-1.0,-1.0,41.2833,-79.3459
SITE_00586,PA,17901,10.0,180.0,30.0,50.0,0.12433820987792474,0.0,2010-04-15,-1.0,-1.0,40.0295,-76.6405
SITE_00587,PA,17554,31.5,160.0,10.0,70.0,0.13774104683195593,0.0,2010-08-05,-1.0,-1.0,41.6440,-79.5760
SITE_00588,PA,19363,8.19,180.0,30.0,39.0,-1.0,0.0,2010-05-06,-1.0,-1.0,40.6391,-79.1878
SITE_00589,PA,19465,6.975,180.0,22.0,31.0,0.13636239670548447,0.0,2010-06-11,-1.0,-1.0,41.8758,-76.9336
SITE_00590,PA,17252,10.12,160.0,35.0,44.0,0.1410904451096825,0.0,2010-05-14,-1.0,-1.0,41.1085,-77.1076
SITE_00591,PA,19540,4.6,150.0,30.0,20.0,0.14080195898377718,0.0,2010-05-29,-1.0,-1.0,41.7969,-76.5077
SITE_00592,PA,17509,6.3,150.0,35.0,30.0,-1.0,0.0,2010-07-22,-1.0,-1.0,40.1780,-79.0643
SITE_00593,PA,19442,8.74,180.0,35.0,20.0,0.1379724055188962,0.0,2010-10-19,-1.0,-1.0,41.9945,-79.0448
SITE_00594,PA,17013,11.04,170.0,30.0,48.0,0.14009355813273558,0.0,2010-10-01,-1.0,-1.0,40.2925,-77.6176
SITE_00595,PA,19446,6.0,150.0,30.0,30.0,0.13622493461203142,0.0,2010-05-03,-1.0,-1.0,39.8293,-75.6463
SITE_00596,PA,19317,10.568,180.0,30.0,24.0,0.1441576286990234,0.0,2010-07-20,-1.0,-1.0,41.9548,-79.1548
SITE_00597,PA,18661,10.12,230.0,35.0,44.0,0.14009355813273558,0.0,2011-01-20,-1.0,-1.0,39.8504,-77.6284
SITE_00598,PA,17201,1.988,180.0,30.0,14.0,0.12311960809814886,0.0,2010-04-26,-1.0,-1.0,40.3350,-77.1338
SITE_00599,PA,19453,10.32,180.0,35.0,24.0,-1.0,0.0,2010-10-01,-1.0,-1.0,40.6238,-77.8165
SITE_00600,PA,19426,5.984,180.0,30.0,9.0,0.06242684354272337,0.0,2010-06-15,-1.0,-1.0,40.1658,-79.4245
SITE_00601,PA,18938,10.08,192.0,41.0,48.0,0.1414141414141414,0.0,2010-06-23,-1.0,-1.0,41.2614,-76.4894
SITE_00602,PA,17517,11.04,180.0,34.0,24.0,0.14009355813273558,0.0,2010-12-28,-1.0,-1.0,40.4095,-76.1061
SITE_00603,PA,17551,8.064,189.0,39.0,36.0,0.14243057781033333,0.0,2010-05-28,-1.0,-1.0,41.5045,-78.9355
SITE_00604,PA,17112,5.04,180.0,30.0,24.0,-1.0,0.0,2010-07-09,-1.0,-1.0,39.9428,-77.7838
SITE_00605,PA,17543,9.856,185.0,33.0,44.0,0.14243057781033333,0.0,2010-06-30,-1.0,-1.0,41.5584,-79.6621
SITE_00606,PA,19152,2.99,127.0,22.0,13.0,0.1429889413596135,0.0,2010-06-28,-1.0,-1.0,41.0289,-76.2982
SITE_00607,PA,18966,10.08,180.0,40.0,48.0,-1.0,0.0,2010-09-14,-1.0,-1.0,39.8739,-79.3012
SITE_00608,PA,18036,8.1,180.0,35.0,36.0,0.18085624581016363,0.0,2010-09-22,-1.0,-1.0,40.3548,-79.1356
SITE_00609,PA,18040,8.74,180.0,30.0,38.0,0.1422943290141849,0.0,2010-06-15,-1.0,-1.0,40.7870,-79.2790
SITE_00610,PA,17356,4.2,180.0,30.0,20.0,0.14284315005876977,0.0,2010-08-19,-1.0,-1.0,41.5334,-78.3992
SITE_00611,PA,17562,6.75,180.0,22.0,26.0,-1.0,0.0,2010-06-22,-1.0,-1.0,41.9157,-77.5631
SITE_00612,PA,19422,4.752,160.0,26.0,33.0,-1.0,0.0,2010-07-07,-1.0,-1.0,41.3283,-76.5822
SITE_00613,PA,17603,10.56,180.0,35.0,48.0,0.13223808144182786,0.0,2010-10-21,-1.0,-1.0,40.9137,-78.1339
SITE_00614,PA,17566,10.26,160.0,30.0,30.0,0.14099511216944477,0.0,2010-07-26,-1.0,-1.0,41.8877,-75.5390
SITE_00615,PA,18103,10.752,193.0,35.0,48.0,0.13740982480247338,0.0,2010-07-21,-1.0,-1.0,40.7123,-78.5810
SITE_00616,PA,17522,12.6,136.0,18.0,60.0,0.1414141414141414,0.0,2010-08-25,-1.0,-1.0,41.7109,-79.1437
SITE_00617,PA,18966,3.36,180.0,30.0,16.0,0.14303618134263296,0.0,2010-08-04,-1.0,-1.0,40.6849,-78.3569
SITE_00618,PA,17545,10.8,240.0,34.0,33.0,0.14099511216944477,0.0,2010-09-14,-1.0,-1.0,41.7766,-75.8220
SITE_00619,PA,17050,6.3,175.0,26.0,30.0,0.14284315005876977,0.0,2010-09-28,-1.0,-1.0,40.7550,-76.7993
SITE_00620,PA,17545,2.94,175.0,23.0,14.0,-1.0,0.0,2010-11-02,-1.0,-1.0,41.8957,-76.3971
SITE_00621,PA,17268,10.08,180.0,30.0,48.0,0.14284315005876977,0.0,2010-10-09,-1.0,-1.0,40.0089,-75.9760
SITE_00622,PA,17349,6.3,220.0,30.0,30.0,-1.0,0.0,2010-09-07,-1.0,-1.0,41.3545,-77.2645
SITE_00623,PA,19002,8.1,200.0,40.0,36.0,0.18085624581016363,0.0,2010-09-22,-1.0,-1.0,40.4905,-79.5621
SITE_00624,PA,17901,8.4,174.0,26.0,40.0,0.14284315005876977,0.0,2010-09-28,-1.0,-1.0,40.0559,-77.9584
SITE_00625,PA,19540,5.4,168.0,30.0,30.0,0.14099511216944477,0.0,2010-11-16,-1.0,-1.0,40.8719,-79.7186
SITE_00626,PA,19446,10.08,117.0,30.0,48.0,0.16879916275615275,0.0,2010-11-15,-1.0,-1.0,40.5490,-79.1263
SITE_00627,PA,17315,1.84,180.0,30.0,8.0,0.1410904451096825,0.0,2010-07-23,-1.0,-1.0,41.2983,-78.6118
SITE_00628,PA,17040,10.12,180.0,22.0,44.0,0.1429889413596135,0.0,2010-07-15,-1.0,-1.0,41.3956,-78.2038
SITE_00629,PA,18067,7.995,180.0,30.0,39.0,0.14072083389106835,0.0,2010-08-24,-1.0,-1.0,41.1544,-77.6943
SITE_00630,PA,18073,4.55,208.0,22.0,26.0,0.1370785812758491,0.0,2010-07-23,-1.0,-1.0,40.4636,-76.5253
SITE_00631,PA,19460,6.3,150.0,35.0,35.0,0.14099511216944477,0.0,2010-08-23,-1.0,-1.0,40.3899,-77.0999
SITE_00632,PA,17846,10.25,180.0,30.0,50.0,0.14072083389106835,0.0,2010-08-26,-1.0,-1.0,39.9608,-77.4298
SITE_00633,PA,17550,10.08,193.0,35.0,48.0,0.14284315005876977,0.0,2010-10-19,-1.0,-1.0,40.5556,-77.0847
SITE_00634,PA,19342,7.2,210.0,18.0,15.0,0.13761594143065534,0.0,2010-11-04,-1.0,-1.0,40.5674,-78.2794
SITE_00635,PA,17552,10.34,180.0,30.0,44.0,0.1441576286990234,0.0,2011-01-10,-1.0,-1.0,41.0594,-77.0917
SITE_00636,PA,19126,2.665,180.0,30.0,13.0,0.14072083389106835,0.0,2010-08-06,-1.0,-1.0,40.0149,-77.9113
SITE_00637,PA,19460,5.13,170.0,28.0,27.0,0.14882817395663617,0.0,2011-01-14,-1.0,-1.0,39.8071,-78.8530
SITE_00638,PA,18643,9.66,230.0,20.0,42.0,0.1429889413596135,0.0,2010-10-29,-1.0,-1.0,40.2909,-78.7919
SITE_00639,PA,19310,11.648,180.0,30.0,52.0,0.14243057781033333,0.0,2011-01-20,-1.0,-1.0,41.2244,-76.8975
SITE_00640,PA,19003,3.22,208.0,30.0,14.0,0.1429889413596135,0.0,2010-11-10,-1.0,-1.0,41.7390,-77.3423
SITE_00641,PA,18405,7.74,190.0,30.0,36.0,0.1447811447811448,0.0,2011-01-04,-1.0,-1.0,41.5342,-78.9160
SITE_00642,PA,17363,10.8,180.0,25.0,48.0,0.13988048611266532,0.0,2010-12-02,-1.0,-1.0,39.8987,-78.7296
SITE_00643,PA,17938,3.28,180.0,20.0,16.0,-1.0,0.0,2010-09-01,-1.0,-1.0,40.1579,-79.5617
SITE_00644,PA,19426,8.28,172.0,28.0,36.0,0.14080195898377718,0.0,2010-12-03,-1.0,-1.0,40.9088,-76.3271
SITE_00645,PA,17062,16.28,180.0,30.0,88.0,0.1449116430630405,0.0,2010-12-27,-1.0,-1.0,41.1832,-79.1379
SITE_00646,PA,16877,5.52,180.0,30.0,24.0,0.18487527349483396,0.0,2010-12-13,-1.0,-1.0,40.2610,-77.8871
SITE_00647,PA,17837,6.44,180.0,30.0,28.0,0.1429889413596135,0.0,2010-09-20,-1.0,-1.0,40.1337,-76.4725
SITE_00648,PA,19030,4.375,120.0,22.0,18.0,0.1370785812758491,0.0,2010-10-24,-1.0,-1.0,41.6574,-78.2945
SITE_00649,PA,17112,6.3,165.0,22.0,30.0,-1.0,0.0,2010-11-08,-1.0,-1.0,41.9201,-75.8132
SITE_00650,PA,17545,62.79,180.0,10.0,273.0,0.14080195898377718,0.0,2011-05-13,-1.0,-1.0,40.3500,-79.2178
SITE_00651,PA,17543,3.525,210.0,26.0,15.0,0.1441576286990234,0.0,2011-03-31,-1.0,-1.0,39.8876,-76.4612
SITE_00652,PA,15926,2.1,180.0,30.0,10.0,-1.0,0.0,2010-12-06,-1.0,-1.0,40.8489,-78.1651
SITE_00653,PA,19123,3.76,180.0,30.0,16.0,0.14809241218592592,0.0,2011-08-24,-1.0,-1.0,40.5213,-77.0518
SITE_00654,PA,19406,6.345,206.0,22.0,27.0,0.14386287113559842,0.0,2011-01-24,-1.0,-1.0,40.2440,-78.5789
SITE_00655,PA,17406,8.16,210.0,40.0,34.0,-1.0,0.0,2010-12-08,-1.0,-1.0,40.1797,-77.9966
SITE_00656,PA,17922,2.3,180.0,41.0,10.0,0.1410904451096825,0.0,2011-01-04,-1.0,-1.0,41.6979,-78.4421
SITE_00657,PA,19425,10.12,178.0,30.0,22.0,0.1379724055188962,0.0,2010-12-29,-1.0,-1.0,40.8951,-79.5556
SITE_00658,PA,19034,20.64,180.0,41.0,96.0,0.17246634900771687,0.0,2011-07-02,-1.0,-1.0,41.1484,-79.3601
SITE_00659,PA,15005,10.08,152.0,19.0,42.0,-1.0,0.0,2010-08-24,-1.0,-1.0,41.9579,-77.0837
SITE_00660,PA,17078,9.9,180.0,30.0,36.0,0.15814668191008985,0.0,2011-01-18,-1.0,-1.0,40.6221,-79.3132
SITE_00661,PA,18938,15.51,180.0,20.0,66.0,0.1441576286990234,0.0,2010-12-07,-1.0,-1.0,41.3490,-78.8340
SITE_00662,PA,17036,5.04,190.0,40.0,24.0,0.14284315005876977,0.0,2010-11-08,-1.0,-1.0,40.5233,-79.4869
SITE_00663,PA,18947,7.36,133.0,35.0,32.0,0.18487527349483396,0.0,2010-10-01,-1.0,-1.0,40.9876,-76.6658
SITE_00664,PA,19352,7.6,180.0,30.0,40.0,0.14882817395663617,0.0,2011-06-30,-1.0,-1.0,41.3437,-77.6774
SITE_00665,PA,19141,5.06,180.0,30.0,22.0,0.14211962146747778,0.0,2010-12-21,-1.0,-1.0,41.4678,-78.1522
SITE_00666,PA,17020,15.375,235.0,20.0,75.0,0.14072083389106835,0.0,2010-11-17,-1.0,-1.0,41.2799,-76.9373
SITE_00667,PA,19348,6.845,178.0,39.0,37.0,0.14480332186647568,0.0,2010-12-17,-1.0,-1.0,41.9240,-78.9705
SITE_00668,PA,19473,7.05,168.0,35.0,30.0,0.1441576286990234,0.0,2011-01-18,-1.0,-1.0,40.8505,-76.1941
SITE_00669,PA,18072,5.52,184.0,20.0,24.0,0.14211962146747778,0.0,2010-10-27,-1.0,-1.0,40.2766,-76.2254
SITE_00670,PA,19350,4.5,180.0,30.0,20.0,0.13965778256959147,0.0,2011-01-12,-1.0,-1.0,41.7961,-78.7624
SITE_00671,PA,18360,6.44,232.0,30.0,28.0,0.13897532885792493,0.0,2010-12-02,-1.0,-1.0,41.5073,-77.6012
SITE_00672,PA,17339,8.775,181.0,20.0,39.0,0.13702067124295408,0.0,2010-11-29,-1.0,-1.0,40.0191,-78.0585
SITE_00673,PA,16865,5.33,180.0,30.0,26.0,0.14072083389106835,0.0,2010-10-22,-1.0,-1.0,40.0145,-75.8373
SITE_00674,PA,17353,2.025,192.0,35.0,9.0,0.18085624581016363,0.0,2011-01-03,-1.0,-1.0,-9999,-9999
SITE_00675,PA,19501,10.35,180.0,38.0,45.0,0.14137490165224234,0.0,2010-11-18,-1.0,-1.0,39.8230,-77.1985
SITE_00676,PA,19440,6.9,128.0,25.0,30.0,0.18487527349483396,0.0,2011-04-04,-1.0,-1.0,41.0136,-75.7728
SITE_00677,PA,17701,5.88,181.0,32.0,28.0,-1.0,0.0,2011-04-07,-1.0,-1.0,41.8493,-78.6836
SITE_00678,PA,18042-9515,5.824,180.0,30.0,26.0,0.14243057781033333,0.0,2011-03-09,-1.0,-1.0,40.9674,-78.0480
SITE_00679,PA,17408,5.64,180.0,30.0,24.0,0.1441576286990234,0.0,2010-12-09,-1.0,-1.0,40.5983,-77.9563
SITE_00680,PA,17003,9.24,180.0,30.0,44.0,0.1272715702584522,0.0,2010-12-07,-1.0,-1.0,40.6580,-78.9868
SITE_00681,PA,17522,6.9,170.0,20.0,30.0,0.14137490165224234,0.0,2010-12-10,-1.0,-1.0,41.9339,-79.5559
SITE_00682,PA,15473,14.985,161.0,25.0,81.0,0.1449116430630405,0.0,2010-11-30,-1.0,-1.0,39.8037,-79.4527
SITE_00683,PA,17406,2.82,180.0,30.0,12.0,0.1441576286990234,0.0,2010-11-30,-1.0,-1.0,41.3490,-78.6208
SITE_00684,PA,17045,7.56,150.0,18.0,36.0,0.14303618134263296,0.0,2010-12-02,-1.0,-1.0,40.5352,-75.6091
SITE_00685,PA,19047,3.78,180.0,30.0,18.0,0.14773230905599055,0.0,2010-11-30,-1.0,-1.0,40.1161,-76.4206
SITE_00686,PA,18344,8.33,180.0,30.0,34.0,0.14729576990597118,0.0,2011-03-02,-1.0,-1.0,40.6330,-78.1446
SITE_00687,PA,17062,5.18,230.0,15.0,28.0,0.1449116430630405,0.0,2010-12-09,-1.0,-1.0,41.8280,-79.6670
SITE_00688,PA,17315,7.35,222.0,27.0,24.0,-1.0,0.0,2011-01-24,-1.0,-1.0,41.0251,-77.1017
SITE_00689,PA,19123,2.7,90.0,25.0,2.0,0.13702067124295408,0.0,2011-11-14,-1.0,-1.0,41.3669,-76.0923
SITE_00690,PA,19341,2.7,190.0,40.0,15.0,0.14099511216944477,0.0,2011-01-05,-1.0,-1.0,40.8540,-78.6225
SITE_00691,PA,17320,9.2,180.0,25.0,40.0,0.14006557504835307,0.0,2011-04-04,-1.0,-1.0,40.5399,-77.6255
SITE_00692,PA,17356,7.13,175.0,20.0,22.0,0.18487527349483396,0.0,2011-01-14,-1.0,-1.0,41.2682,-78.0444
SITE_00693,PA,19365,5.17,180.0,20.0,22.0,0.14386287113559842,0.0,2011-02-11,-1.0,-1.0,40.7859,-76.2036
SITE_00694,PA,18974,1.84,180.0,30.0,8.0,0.1410904451096825,0.0,2011-03-16,-1.0,-1.0,40.7164,-77.5143
SITE_00695,PA,18901,7.392,180.0,30.0,33.0,0.14243057781033333,0.0,2010-12-22,-1.0,-1.0,40.0841,-77.4549
SITE_00696,PA,17050,2.76,206.0,18.0,12.0,0.13746074151105214,0.0,2011-05-03,-1.0,-1.0,40.4003,-76.1457
SITE_00697,PA,19464,7.92,144.0,30.0,36.0,0.1339757674375551,0.0,2011-01-06,-1.0,-1.0,40.9018,-77.8023
SITE_00698,PA,19390,7.77,180.0,25.0,26.0,-1.0,0.0,2011-01-11,-1.0,-1.0,40.3146,-79.2663
SITE_00699,PA,18073,10.175,210.0,35.0,55.0,0.14491164306304047,0.0,2010-12-14,-1.0,-1.0,41.3366,-78.4447
SITE_00700,PA,17267,8.14,195.0,45.0,44.0,0.14491164306304047,0.0,2011-02-16,-1.0,-1.0,41.2072,-77.6689
SITE_00701,PA,17566,97.2,212.0,26.0,432.0,0.13702067124295408,0.0,2011-08-29,-1.0,-1.0,41.8079,-78.4808
SITE_00702,PA,18466,2.1,180.0,30.0,10.0,0.14773230905599055,0.0,2010-11-22,-1.0,-1.0,40.2085,-77.6741
SITE_00703,PA,17960,6.9,180.0,15.0,30.0,0.1353162458331421,0.0,2010-12-29,-1.0,-1.0,41.4120,-78.2149
SITE_00704,PA,19121,25.3,180.0,30.0,110.0,0.1429889413596135,0.0,2012-03-07,-1.0,-1.0,41.7627,-77.0609
SITE_00705,PA,19335,4.37,230.0,38.0,19.0,0.13939267218782858,0.0,2011-11-15,-1.0,-1.0,41.7088,-77.2647
SITE_00706,PA,17557,33.0,230.0,17.0,60.0,0.1417268619302065,0.0,2011-08-02,-1.0,-1.0,40.2006,-78.4096
SITE_00707,PA,19006,15.18,180.0,30.0,66.0,0.14009355813273558,1.0,2011-03-16,-1.0,1.0,41.6647,-79.3091
SITE_00708,PA,19460,7.6,180.0,30.0,38.0,0.13622493461203142,0.0,2011-01-10,-1.0,-1.0,41.8744,-78.4991
SITE_00709,PA,18431,10.5,180.0,30.0,42.0,0.1527370478983382,0.0,2011-11-13,-1.0,-1.0,40.5532,-75.8504
SITE_00710,PA,15765,9.99,230.0,14.0,6.0,0.14491164306304047,0.0,2011-07-06,-1.0,-1.0,41.9809,-76.7020
SITE_00711,PA,17569,10.29,180.0,25.0,18.0,0.14729576990597118,0.0,2011-06-20,-1.0,-1.0,40.3956,-78.7136
SITE_00712,PA,18938,35.25,180.0,30.0,150.0,0.1452091784559012,0.0,2011-05-26,-1.0,-1.0,40.9544,-79.6708
SITE_00713,PA,15108,4.07,235.0,22.0,22.0,0.14491164306304047,0.0,2011-03-11,-1.0,-1.0,41.5139,-79.6165
SITE_00714,PA,17047,8.74,182.0,30.0,38.0,0.18487527349483396,0.0,2011-06-08,-1.0,-1.0,40.7570,-77.4508
SITE_00715,PA,17846,4.62,180.0,30.0,22.0,0.14773230905599055,0.0,2011-10-12,-1.0,-1.0,40.4720,-77.4210
SITE_00716,PA,18301,2.1,180.0,30.0,10.0,0.14773230905599055,0.0,2011-01-19,-1.0,-1.0,41.5192,-78.5611
SITE_00717,PA,19020,7.65,193.0,20.0,34.0,0.18085624581016363,0.0,2011-04-22,-1.0,-1.0,41.0838,-75.5555
SITE_00718,PA,18966,6.56,180.0,30.0,32.0,0.13963055797733218,0.0,2011-05-13,-1.0,-1.0,40.1668,-78.0847
SITE_00719,PA,17222,4.935,180.0,30.0,21.0,0.14598630834793197,0.0,2011-03-07,-1.0,-1.0,41.1965,-78.3551
SITE_00720,PA,18976,8.568,180.0,30.0,36.0,0.19130571779030642,0.0,2011-03-24,-1.0,-1.0,40.3871,-78.4812
SITE_00721,PA,19063,4.515,180.0,30.0,21.0,0.17246634900771687,0.0,2011-04-05,-1.0,-1.0,40.3949,-77.9708
SITE_00722,PA,19460,6.44,148.0,40.0,28.0,0.1429889413596135,0.0,2011-08-15,-1.0,-1.0,40.2816,-78.0614
SITE_00723,PA,18414,10.12,180.0,30.0,44.0,0.13939267218782858,0.0,2011-02-24,-1.0,-1.0,40.7479,-79.7766
SITE_00724,PA,18853,2.35,180.0,30.0,10.0,0.14905842646313533,0.0,2011-06-07,-1.0,-1.0,41.9583,-76.6766
SITE_00725,PA,18235,5.04,135.0,30.0,24.0,0.1414141414141414,0.0,2011-07-20,-1.0,-1.0,41.2686,-76.3070
SITE_00726,PA,17870,87.12,163.0,18.0,396.0,0.1339757674375551,0.0,2011-08-23,-1.0,-1.0,41.6052,-79.0815
SITE_00727,PA,19053,51.84,180.0,30.0,216.0,0.15260419051107144,0.0,2012-01-06,-1.0,-1.0,41.8439,-79.2308
SITE_00728,PA,17347,7.74,150.0,30.0,36.0,0.17241379310344826,0.0,2012-01-23,-1.0,-1.0,40.4463,-77.1921
SITE_00729,PA,17545,108.68,143.0,20.0,572.0,0.14882817395663617,0.0,2011-06-02,-1.0,-1.0,41.9997,-79.5946
SITE_00730,PA,19320,7.2,180.0,15.0,40.0,0.14099511216944477,0.0,2011-06-28,-1.0,-1.0,41.6462,-75.9564
SITE_00731,PA,17061,7.14,191.0,18.0,30.0,0.19130571779030642,0.0,2011-03-10,-1.0,-1.0,41.0674,-79.6545
SITE_00732,PA,17059,10.12,175.0,30.0,30.0,0.14006557504835307,0.0,2011-06-14,-1.0,-1.0,40.6829,-77.7071
SITE_00733,PA,17053,11.04,185.0,35.0,48.0,0.14006557504835307,0.0,2011-12-29,-1.0,-1.0,41.4326,-79.7395
SITE_00734,PA,18353,10.34,180.0,30.0,44.0,0.14905842646313533,0.0,2011-06-07,-1.0,-1.0,39.9430,-78.8977
SITE_00735,PA,17922,9.99,180.0,30.0,54.0,0.1449116430630405,0.0,2011-07-07,-1.0,-1.0,41.5244,-78.8930
SITE_00736,PA,19106,2.53,190.0,3.0,11.0,0.14211962146747778,0.0,2011-11-08,-1.0,-1.0,40.2405,-77.6927
SITE_00737,PA,18947,10.12,180.0,30.0,44.0,0.1429889413596135,0.0,2011-08-15,-1.0,-1.0,40.5507,-78.7746
SITE_00738,PA,18656,10.12,196.0,25.0,44.0,0.13897532885792493,0.0,2011-08-31,-1.0,-1.0,39.8761,-78.6961
SITE_00739,PA,17112,7.56,180.0,30.0,36.0,0.1414141414141414,0.0,2011-05-09,-1.0,-1.0,39.9572,-78.5977
SITE_00740,PA,17018,12.6,180.0,25.0,60.0,0.1414141414141414,0.0,2011-06-02,-1.0,-1.0,39.9933,-76.8368
SITE_00741,PA,17366,10.78,175.0,22.0,36.0,0.14729576990597118,0.0,2011-05-20,-1.0,-1.0,41.9367,-78.6896
SITE_00742,PA,15021,6.44,155.0,18.0,28.0,0.14080195898377718,0.0,2011-07-07,-1.0,-1.0,41.5791,-77.6048
SITE_00743,PA,16510,3.84,180.0,15.0,16.0,0.1466275659824047,0.0,2011-05-31,-1.0,-1.0,40.9636,-79.5860
SITE_00744,PA,17050,3.84,180.0,30.0,16.0,0.19291332886417456,0.0,2011-11-29,-1.0,-1.0,41.0687,-78.2109
SITE_00745,PA,18951,9.588,189.0,20.0,36.0,0.13873676524278936,0.0,2011-09-15,-1.0,-1.0,40.1332,-79.1357
SITE_00746,PA,19462,10.07,185.0,30.0,46.0,0.14882817395663614,0.0,2011-06-02,-1.0,-1.0,41.7576,-79.0170
SITE_00747,PA,17860,15.12,180.0,30.0,72.0,0.1414141414141414,0.0,2011-03-22,-1.0,-1.0,39.8188,-78.5815
SITE_00748,PA,17082-7242,6.9,180.0,35.0,30.0,0.14006557504835307,0.0,2011-07-05,-1.0,-1.0,40.6614,-77.8757
SITE_00749,PA,17028,49.032,180.0,30.0,216.0,0.1403803875611845,0.0,2011-08-26,-1.0,-1.0,40.8815,-78.6393
SITE_00750,PA,19530,12.69,180.0,30.0,54.0,0.14598630834793197,0.0,2011-06-02,-1.0,-1.0,41.1371,-78.5710
SITE_00751,PA,19380,9.84,180.0,30.0,41.0,-1.0,0.0,2011-09-09,-1.0,-1.0,41.7473,-75.9401
SITE_00752,PA,19426,3.57,180.0,30.0,14.0,0.16002711047518642,0.0,2012-03-13,-1.0,-1.0,41.9879,-78.2605
SITE_00753,PA,19312,5.98,165.0,10.0,26.0,0.1379724055188962,0.0,2011-04-26,-1.0,-1.0,40.2695,-78.1046
SITE_00754,PA,17516,11.025,190.0,30.0,24.0,0.14729576990597118,0.0,2011-06-07,-1.0,-1.0,40.9404,-77.6044
SITE_00755,PA,19311,8.695,180.0,30.0,37.0,0.1452091784559012,0.0,2012-04-16,-1.0,-1.0,41.0995,-76.2900
SITE_00756,PA,18436,6.08,190.0,20.0,32.0,0.14882817395663614,0.0,2011-05-20,-1.0,-1.0,41.1644,-79.1785
SITE_00757,PA,18974,12.15,134.0,15.0,54.0,0.18085624581016363,0.0,2011-06-17,-1.0,-1.0,41.1729,-76.3156
SITE_00758,PA,17519,6.72,176.0,30.0,24.0,0.16102207612663696,0.0,2011-07-14,-1.0,-1.0,41.2192,-78.1344
SITE_00759,PA,19390,16.92,180.0,30.0,72.0,0.14905842646313533,0.0,2011-08-10,-1.0,-1.0,40.7126,-79.7942
SITE_00760,PA,18618-7755,10.34,180.0,30.0,44.0,0.14225181598062955,0.0,2011-08-04,-1.0,-1.0,41.5657,-76.9940
SITE_00761,PA,17406,7.52,190.0,30.0,32.0,0.1441576286990234,0.0,2011-06-27,-1.0,-1.0,40.0208,-78.4792
SITE_00762,PA,16066,7.35,202.0,26.0,30.0,0.14729576990597118,0.0,2011-06-14,-1.0,-1.0,41.3647,-76.6103
SITE_00763,PA,17535,59.8,160.0,5.0,260.0,0.14009355813273558,0.0,2011-10-19,-1.0,-1.0,40.9333,-79.0285
SITE_00764,PA,19604,2.59,180.0,30.0,14.0,0.1449116430630405,0.0,2011-07-28,-1.0,-1.0,41.6638,-79.3583
SITE_00765,PA,17545,10.26,220.0,30.0,54.0,0.14882817395663617,0.0,2011-07-11,-1.0,-1.0,41.6348,-75.9517
SITE_00766,PA,16875,7.525,173.0,20.0,35.0,-1.0,0.0,2011-06-28,-1.0,-1.0,40.5857,-79.0058
SITE_00767,PA,17774,10.34,180.0,30.0,44.0,0.14905842646313533,0.0,2011-08-15,-1.0,-1.0,40.5782,-79.2604
SITE_00768,PA,17013,6.45,190.0,18.0,30.0,0.1447811447811448,0.0,2011-09-15,-1.0,-1.0,41.7598,-78.4667
SITE_00769,PA,17960,17.5,180.0,30.0,70.0,0.15031265031265031,0.0,2012-01-25,-1.0,-1.0,-9999,-9999
SITE_00770,PA,19344,107.25,180.0,30.0,429.0,0.15397881251539788,0.0,2012-03-29,-1.0,-1.0,41.0379,-75.7743
SITE_00771,PA,17562,4.3,180.0,30.0,20.0,0.17281819044082303,0.0,2011-07-08,-1.0,-1.0,40.4703,-78.5113
SITE_00772,PA,17050,8.96,120.0,20.0,14.0,0.16102207612663696,0.0,2011-09-21,-1.0,-1.0,41.6634,-77.7847
SITE_00773,PA,18708,3.995,180.0,30.0,17.0,0.14905842646313533,0.0,2011-07-22,-1.0,-1.0,40.1771,-77.2178
SITE_00774,PA,17353,12.96,180.0,34.0,54.0,0.14618458239937626,0.0,2011-11-10,-1.0,-1.0,41.2656,-76.9011
SITE_00775,PA,17512,8.64,175.0,40.0,36.0,0.14829873544432465,0.0,2011-10-01,-1.0,-1.0,41.1587,-78.7795
SITE_00776,PA,18503,25.38,180.0,30.0,108.0,-1.0,0.0,2012-04-13,-1.0,-1.0,40.4237,-75.6497
SITE_00777,PA,15401,1.428,180.0,30.0,6.0,0.19130571779030642,0.0,2011-07-22,-1.0,-1.0,41.0490,-77.2965
SITE_00778,PA,17737,7.15,210.0,15.0,26.0,0.15814668191008985,0.0,2011-08-15,-1.0,-1.0,40.8812,-78.7812
SITE_00779,PA,17356,8.74,150.0,30.0,27.0,0.14006557504835307,0.0,2011-09-08,-1.0,-1.0,40.7673,-75.9258
SITE_00780,PA,19047,5.92,160.0,30.0,32.0,0.1449116430630405,0.0,2011-10-17,-1.0,-1.0,41.5205,-76.7057
SITE_00781,PA,19446,11.5,206.0,20.0,50.0,0.1429889413596135,0.0,2011-08-25,-1.0,-1.0,39.8481,-76.2066
SITE_00782,PA,17360,11.04,180.0,35.0,48.0,0.13939267218782858,0.0,2011-12-27,-1.0,-1.0,39.8739,-77.4355
SITE_00783,PA,16801,9.66,138.0,30.0,34.0,0.14211962146747778,0.0,2011-09-12,-1.0,-1.0,41.8341,-76.2781
SITE_00784,PA,17522,9.435,180.0,30.0,51.0,0.1449116430630405,0.0,2011-10-05,-1.0,-1.0,40.6107,-79.7914
SITE_00785,PA,18969,14.52,210.0,45.0,36.0,0.17642341619887728,0.0,2011-10-14,-1.0,-1.0,39.8266,-78.4707
SITE_00786,PA,17820,33.12,205.0,16.0,144.0,0.14006557504835307,0.0,2011-12-06,-1.0,-1.0,39.9899,-79.5098
SITE_00787,PA,17543,121.0,180.0,0.0,440.0,0.15814668191008985,0.0,2011-11-28,-1.0,-1.0,40.3515,-77.1505
SITE_00788,PA,19522,10.45,180.0,30.0,55.0,0.15338810095843342,0.0,2011-10-14,-1.0,-1.0,40.1653,-79.5750
SITE_00789,PA,17545,3.8,180.0,30.0,20.0,0.15338810095843342,0.0,2011-11-10,-1.0,-1.0,40.0100,-79.5052
SITE_00790,PA,19125,5.52,180.0,30.0,24.0,0.18487527349483396,0.0,2011-10-31,-1.0,-1.0,41.4296,-77.0533
SITE_00791,PA,17236,10.0,180.0,35.0,40.0,0.15030180602650123,0.0,2012-01-04,-1.0,-1.0,41.2181,-75.6459
SITE_00792,PA,18977,2.5,220.0,30.0,10.0,0.1480148251648885,0.0,2012-12-11,-1.0,-1.0,40.4009,-75.6842
SITE_00793,PA,17547,10.8,180.0,22.0,48.0,0.13774104683195593,0.0,2011-12-14,-1.0,-1.0,-9999,-9999
SITE_00794,PA,17356,10.64,180.0,30.0,56.0,0.15338810095843342,0.0,2012-01-19,-1.0,-1.0,41.3955,-78.3951
SITE_00795,PA,19144,4.56,92.0,24.0,6.0,0.1454532231525168,0.0,2012-07-03,-1.0,-1.0,40.3227,-76.6452
SITE_00796,PA,19147,3.45,200.0,15.0,15.0,0.1429889413596135,0.0,2012-02-13,-1.0,-1.0,41.5777,-77.2375
SITE_00797,PA,17078,10.56,267.0,18.0,44.0,0.1454532231525168,0.0,2012-01-26,-1.0,-1.0,40.1652,-76.7524
SITE_00798,PA,19034,8.82,180.0,30.0,36.0,0.1484834986348609,0.0,2012-05-29,-1.0,-1.0,39.8599,-79.1989
SITE_00799,PA,19020,10.045,150.0,18.0,26.0,0.1484834986348609,0.0,2012-02-21,-1.0,-1.0,41.1685,-78.1525
SITE_00800,PA,16428,2.695,180.0,30.0,11.0,0.1484834986348609,0.0,2011-11-08,-1.0,-1.0,41.5974,-75.8794
SITE_00801,PA,15213,56.16,162.0,10.0,234.0,0.1454532231525168,0.0,2012-10-26,-1.0,-1.0,41.5592,-75.6062
SITE_00802,PA,17257,6.67,180.0,30.0,29.0,0.18487527349483396,0.0,2012-03-22,-1.0,-1.0,41.5099,-78.7533
SITE_00803,PA,17349,4.48,167.0,30.0,16.0,0.16102207612663696,0.0,2012-03-06,-1.0,-1.0,40.8281,-78.3483
SITE_00804,PA,19508,12.312,180.0,30.0,54.0,0.13873676524278936,0.0,2012-05-02,-1.0,-1.0,41.1125,-76.5021
SITE_00805,PA,19506,11.4,156.0,34.0,60.0,0.15338810095843342,0.0,2012-05-23,-1.0,-1.0,40.0891,-78.9708
SITE_00806,PA,19341,84.15,180.0,30.0,330.0,0.16002711047518642,0.0,2012-08-02,-1.0,-1.0,41.2261,-77.0787
SITE_00807,PA,17737,3.952,180.0,30.0,16.0,0.15431134656954007,0.0,2012-01-31,-1.0,-1.0,41.0778,-76.2115
SITE_00808,PA,17320,13.3,141.0,30.0,40.0,0.15338810095843342,0.0,2012-02-27,-1.0,-1.0,40.2488,-79.6612
SITE_00809,PA,17578,8.46,165.0,35.0,30.0,-1.0,0.0,2012-12-04,-1.0,-1.0,40.1069,-75.9215
SITE_00810,PA,19518,6.0,180.0,18.0,24.0,0.16141685256507524,0.0,2012-02-21,-1.0,-1.0,41.7645,-76.4518
SITE_00811,PA,19067,3.2,239.0,27.0,10.0,0.19623306110084296,0.0,2013-06-04,-1.0,-1.0,40.5369,-79.1447
SITE_00812,PA,19520,17.64,180.0,30.0,72.0,0.15818851551377372,0.0,2012-03-30,-1.0,-1.0,41.3947,-76.4924
SITE_00813,PA,17372,10.0,180.0,22.0,40.0,0.15517117242372408,0.0,2012-08-27,-1.0,-1.0,41.0224,-77.0736
SITE_00814,PA,18853,10.34,180.0,30.0,44.0,0.1408872901678657,0.0,2012-04-15,-1.0,-1.0,41.3382,-79.6604
SITE_00815,PA,16942,7.84,180.0,35.0,28.0,0.16102207612663696,0.0,2012-04-30,-1.0,-1.0,41.2011,-77.0873
SITE_00816,PA,17350,6.58,180.0,30.0,28.0,0.14480144333149303,0.0,2012-05-30,-1.0,-1.0,40.5657,-77.7325
SITE_00817,PA,18017,5.76,180.0,30.0,24.0,0.19291332886417456,0.0,2012-12-03,-1.0,-1.0,41.1669,-77.0778
SITE_00818,PA,17019,4.42,180.0,30.0,17.0,0.158750317500635,0.0,2012-06-01,-1.0,-1.0,40.6451,-78.4499
SITE_00819,PA,19067,14.4,142.0,27.0,60.0,0.14909240001490923,0.0,2012-07-03,-1.0,-1.0,41.2541,-78.3408
SITE_00820,PA,17545,15.0,180.0,30.0,60.0,0.15030180602650123,0.0,2012-07-20,-1.0,-1.0,40.8658,-76.3576
SITE_00821,PA,18951,11.985,180.0,30.0,51.0,0.1452091784559012,0.0,2013-01-23,-1.0,-1.0,40.5945,-78.9180
SITE_00822,PA,18360,3.5,145.0,27.0,14.0,0.1568893239952808,0.0,2012-08-09,-1.0,-1.0,40.5753,-76.3879
SITE_00823,PA,15357,7.14,210.0,20.0,28.0,-1.0,0.0,2012-09-25,-1.0,-1.0,40.7033,-76.4666
SITE_00824,PA,18462,15.19,180.0,33.0,62.0,0.15089923626508994,0.0,2012-09-04,-1.0,-1.0,41.1113,-79.4569
SITE_00825,PA,19320,10.0,170.0,37.0,24.0,0.15030180602650123,0.0,2013-04-05,-1.0,-1.0,41.7190,-78.1805
SITE_00826,PA,17601,79.75,174.0,5.0,275.0,0.14899576852017404,0.0,2013-02-20,-1.0,-1.0,41.4878,-76.3953
SITE_00827,PA,17015,7.14,180.0,30.0,28.0,0.15569742677946893,0.0,2012-11-30,-1.0,-1.0,41.9646,-78.5194
SITE_00828,PA,17078,8.51,180.0,30.0,26.0,0.14006557504835307,0.0,2012-10-16,-1.0,-1.0,40.6433,-79.6120
SITE_00829,PA,16323,7.05,180.0,20.0,30.0,0.1441576286990234,0.0,2013-02-26,-1.0,-1.0,41.5492,-76.2323
SITE_00830,PA,17519,12.0,180.0,20.0,50.0,0.14343729548979353,0.0,2013-01-26,-1.0,0.0,40.5732,-79.0586
SITE_00831,PA,19382,16.74,180.0,40.0,8.0,-1.0,0.0,2013-05-13,-1.0,0.0,41.7903,-76.4297
SITE_00832,PA,17837,4.68,176.0,20.0,18.0,0.16376921138825898,0.0,2013-04-11,-1.0,0.0,40.4998,-79.3685
SITE_00833,PA,17844,10.78,200.0,18.0,44.0,0.1496827641824419,0.0,2013-05-03,-1.0,0.0,41.6225,-76.6323
SITE_00834,PA,17019,4.8,215.0,45.0,20.0,0.14820852940086704,0.0,2013-05-16,-1.0,0.0,40.6891,-76.8665
SITE_00835,PA,16801,25.875,180.0,26.0,115.0,0.18085624581016363,0.0,2013-06-24,-1.0,0.0,41.2562,-76.6300
SITE_00836,PA,19146,5.5,180.0,20.0,22.0,0.1544778494211715,0.0,2013-06-07,-1.0,0.0,40.4243,-78.8819
SITE_00837,PA,17331,9.88,224.0,27.0,38.0,0.16376921138825898,0.0,2013-09-16,-1.0,0.0,39.9270,-78.5800
SITE_00838,PA,17516,30.0,180.0,35.0,120.0,0.1544778494211715,0.0,2013-06-28,-1.0,1.0,40.3960,-79.4784
SITE_00839,PA,17552,9.0,180.0,30.0,36.0,0.15289117206372504,0.0,2013-06-28,-1.0,0.0,41.1640,-78.5884
SITE_00840,PA,15541,14.3,180.0,30.0,65.0,0.1350634552669836,0.0,2013-09-06,-1.0,1.0,41.5611,-79.3110
SITE_00841,PA,17003,11.25,270.0,27.0,27.0,0.15517117242372408,0.0,2013-08-20,-1.0,0.0,40.2303,-79.6386
SITE_00842,PA,15208,4.86,205.0,3.0,18.0,-1.0,0.0,2013-08-27,-1.0,0.0,40.2136,-76.8330
SITE_00843,PA,16242,7.02,180.0,40.0,26.0,-1.0,0.0,2013-09-05,-1.0,0.0,40.9609,-78.9654
SITE_00844,PA,17777,24.0,180.0,30.0,96.0,0.15031265031265031,0.0,2013-09-12,-1.0,0.0,39.9520,-77.7020
SITE_00845,PA,15478,10.0,100.0,18.0,40.0,0.15335917946704616,0.0,2013-10-08,-1.0,0.0,40.7722,-79.0966
SITE_00846,PA,15143,9.805,130.0,23.0,18.0,-1.0,0.0,2013-10-10,-1.0,0.0,40.1330,-77.0494
SITE_00847,PA,15559,15.0,180.0,30.0,60.0,0.15517117242372408,0.0,2013-11-06,-1.0,1.0,39.8313,-76.4414
SITE_00848,PA,18618,4.5,180.0,30.0,18.0,0.15031265031265031,0.0,2014-01-06,-1.0,0.0,41.2968,-76.6706
SITE_00849,PA,18222,7.5,180.0,30.0,30.0,0.1544778494211715,0.0,2013-10-30,-1.0,0.0,41.6025,-78.8309
SITE_00850,PA,17033,2.25,180.0,30.0,9.0,0.15031265031265031,0.0,2013-12-03,-1.0,0.0,40.9214,-76.2102
SITE_00851,PA,17325,2.0,170.0,40.0,8.0,0.16141685256507524,0.0,2014-01-09,-1.0,0.0,41.7470,-78.9635
SITE_00852,PA,15237,3.57,215.0,25.0,14.0,0.15579226476131708,0.0,2013-11-25,-1.0,0.0,40.0161,-79.8844
SITE_00853,PA,17572,120.33,190.0,30.0,387.0,-1.0,0.0,2013-11-07,-1.0,1.0,41.5883,-76.6873
SITE_00854,PA,15001,8.48,170.0,27.0,32.0,-1.0,0.0,2013-11-26,-1.0,0.0,41.5042,-76.6825
SITE_00855,PA,19335,10.5,180.0,21.0,42.0,0.1527375144718795,0.0,2013-12-04,-1.0,0.0,41.6104,-78.7236
SITE_00856,PA,19460,8.0,145.0,35.0,32.0,0.16141685256507524,0.0,2013-12-05,-1.0,0.0,40.1471,-77.4316
SITE_00857,PA,18103,12.74,204.0,40.0,18.0,0.1483050847457627,0.0,2014-01-06,-1.0,0.0,41.2604,-76.7530
SITE_00858,PA,-1,1000.0,-1.0,-1.0,-1.0,-1.0,-1.0,2010-10-01,-1.0,-1.0,40.7236,-76.5255
SITE_00859,PA,-1,9.0,-1.0,-1.0,-1.0,-1.0,-1.0,2010-09-01,-1.0,-1.0,40.5159,-76.5613
SITE_00860,PA,-1,600.0,-1.0,-1.0,-1.0,-1.0,-1.0,2011-02-01,-1.0,-1.0,40.1610,-75.6830
SITE_00861,PA,-1,269.78,-1.0,-1.0,-1.0,-1.0,-1.0,2011-04-01,-1.0,-1.0,40.0361,-78.7468
SITE_00862,OR,97846,500.0,-1.0,-1.0,-1.0,-1.0,0.0,2011-10-14,-1.0,-1.0,42.8940,-118.9747
SITE_00863,OR,97603,9.45,-1.0,-1.0,-1.0,-1.0,0.0,2010-12-21,-1.0,-1.0,42.8630,-122.1264
SITE_00864,OR,97846,99.9,-1.0,-1.0,-1.0,-1.0,1.0,2011-10-06,-1.0,1.0,43.1847,-121.6198
SITE_00865,OR,97601,15.84,-1.0,-1.0,-1.0,-1.0,0.0,2011-10-11,-1.0,-1.0,45.4620,-118.8672
SITE_00866,OR,97266,1.72,-1.0,-1.0,-1.0,-1.0,0.0,2011-03-21,-1.0,-1.0,44.8968,-119.5381
SITE_00867,OR,97754,5.17,-1.0,-1.0,-1.0,-1.0,0.0,2012-05-08,-1.0,-1.0,43.5436,-119.4633
SITE_00868,OR,97754,10.0,-1.0,-1.0,-1.0,-1.0,1.0,2012-04-02,-1.0,1.0,43.6942,-122.5502
SITE_00869,OR,97213,5.98,-1.0,-1.0,-1.0,-1.0,0.0,2011-06-10,-1.0,-1.0,43.1052,-121.6567
SITE_00870,OR,97218,4.59,-1.0,-1.0,-1.0,-1.0,0.0,2012-05-07,-1.0,-1.0,42.6246,-122.6499
SITE_00871,OR,97623,10.0,-1.0,-1.0,-1.0,-1.0,0.0,2012-06-02,-1.0,-1.0,44.3107,-121.1489
SITE_00872,OR,97212,3.29,-1.0,-1.0,-1.0,-1.0,0.0,2012-03-28,-1.0,-1.0,43.1730,-122.2618
SITE_00873,OR,97630,363.66,-1.0,-1.0,-1.0,-1.0,1.0,2012-11-01,-1.0,1.0,44.5000,-122.0182
SITE_00874,OR,97110,6.345,-1.0,-1.0,-1.0,-1.0,0.0,2012-05-11,-1.0,-1.0,44.9948,-118.5946
SITE_00875,OR,97212,3.6,-1.0,-1.0,-1.0,-1.0,0.0,2012-12-03,-1.0,-1.0,44.8875,-121.5285
SITE_00876,OR,97213,2.4,-1.0,-1.0,-1.0,-1.0,0.0,2012-06-27,-1.0,-1.0,45.1049,-120.5912
SITE_00877,OR,97352,9.9,-1.0,-1.0,-1.0,-1.0,0.0,2012-10-17,-1.0,-1.0,43.9306,-122.5666
SITE_00878,OR,97321,7.92,-1.0,-1.0,-1.0,-1.0,0.0,2012-08-27,-1.0,-1.0,43.7292,-119.7374
SITE_00879,OR,97632,99.28,-1.0,-1.0,-1.0,-1.0,0.0,2013-05-10,-1.0,-1.0,44.6521,-118.9524
SITE_00880,OR,97233,9.6,-1.0,-1.0,-1.0,-1.0,0.0,2013-02-14,-1.0,-1.0,45.4157,-118.7251
SITE_00881,OR,97217,1.44,-1.0,-1.0,-1.0,-1.0,-1.0,2013-03-11,-1.0,-1.0,42.9921,-120.1701
SITE_00882,OR,97351,9.84,-1.0,-1.0,-1.0,-1.0,0.0,2013-02-28,-1.0,-1.0,45.4362,-122.5441
SITE_00883,OR,97321,10.0,-1.0,-1.0,-1.0,-1.0,0.0,2013-07-08,-1.0,-1.0,44.2797,-119.6834
SITE_00884,OR,97630,495.33,-1.0,-1.0,-1.0,-1.0,0.0,2013-12-20,-1.0,-1.0,43.3582,-118.8674
SITE_00885,OR,97701,2.0,-1.0,-1.0,-1.0,-1.0,0.0,2013-12-31,-1.0,-1.0,42.7240,-118.5323
SITE_00886,OR,97232,4.32,-1.0,-1.0,-1.0,-1.0,0.0,2013-12-27,-1.0,-1.0,43.6906,-121.9987
SITE_00887,OR,97338,9.75,-1.0,-1.0,-1.0,-1.0,0.0,2013-12-31,-1.0,-1.0,44.6392,-119.0785
SITE_00888,OR,97603,6.0,-1.0,-1.0,-1.0,-1.0,-1.0,2014-10-28,-1.0,-1.0,44.7414,-120.9142
SITE_00889,OR,97321,6.05,-1.0,-1.0,-1.0,-1.0,0.0,2014-07-22,-1.0,-1.0,44.2799,-121.6905
SITE_00890,OR,97701,9.0,-1.0,-1.0,-1.0,-1.0,-1.0,2014-06-06,-1.0,-1.0,42.6432,-121.3561
SITE_00891,OR,97543,9.9,-1.0,-1.0,-1.0,-1.0,0.0,2014-07-21,-1.0,-1.0,44.0750,-119.0498
SITE_00892,OR,97501,9.99,-1.0,-1.0,-1.0,-1.0,-1.0,2016-05-27,-1.0,-1.0,45.1620,-120.0881
SITE_00893,PA,19446,4.32,200.0,20.0,-1.0,-1.0,0.0,2003-03-04,-1.0,0.0,39.8729,-76.6497
SITE_00894,PA,19143,1.575,172.0,43.0,-1.0,0.15703799422100181,0.0,2005-02-18,-1.0,0.0,40.1881,-77.3286
SITE_00895,PA,19143,1.575,172.0,43.0,-1.0,0.15703799422100181,0.0,2005-02-18,-1.0,0.0,40.6950,-79.2781
SITE_00896,PA,19143,1.575,178.0,30.0,-1.0,0.15703799422100181,0.0,2005-02-18,-1.0,0.0,41.6501,-77.9286
SITE_00897,PA,19130,-1.0,170.0,28.0,-1.0,-1.0,0.0,2005-10-21,-1.0,0.0,41.4302,-75.8947
SITE_00898,PA,19063,4.8,174.0,12.0,-1.0,0.13604109529406644,0.0,2008-01-22,-1.0,1.0,41.1565,-77.0576
SITE_00899,PA,19520,4.8,-1.0,-1.0,-1.0,-1.0,1.0,2004-04-27,-1.0,1.0,41.6696,-76.2253
SITE_00900,PA,19401,4.8,206.0,20.0,-1.0,-1.0,0.0,2006-02-01,-1.0,0.0,40.9964,-76.1727
SITE_00901,MN,55125,39.36,180.0,26.0,96.0,0.15998095836398007,0.0,2014-09-04,0.0,0.0,45.7565,-94.6036
SITE_00902,MN,55074,9.84,90.0,28.0,24.0,0.15998095836398007,0.0,2014-10-03,0.0,1.0,46.0820,-93.8419
SITE_00903,MN,55057,9.84,180.0,25.0,24.0,0.15998095836398007,0.0,2014-10-16,0.0,0.0,46.1647,-94.8519
SITE_00904,MN,55024,3.85,180.0,40.0,14.0,0.17290986554528853,0.0,2016-01-29,0.0,1.0,44.5641,-94.9569
SITE_00905,MN,55362,39.36,180.0,26.0,96.0,0.15998095836398007,0.0,2016-08-01,0.0,0.0,47.0936,-93.1034
SITE_00906,MN,55369,9.9,180.0,28.0,36.0,0.17290986554528853,0.0,2016-09-07,0.0,0.0,45.2800,-95.5140
SITE_00907,MN,55447,9.9,220.0,45.0,36.0,0.17290986554528853,0.0,2015-12-14,0.0,0.0,47.0645,-95.6235
SITE_00908,MN,55126-3813,39.36,180.0,30.0,96.0,0.15998095836398007,0.0,2016-05-23,0.0,0.0,47.2825,-93.0013
SITE_00909,MN,55012,39.6,180.0,10.0,132.0,0.15366837136113295,0.0,2016-08-25,0.0,0.0,45.7739,-94.7634
SITE_00910,MN,55414-1457,9.92,180.0,10.0,32.0,0.1686521375570357,0.0,2017-04-18,1.0,0.0,47.6578,-93.4007
SITE_00911,MN,55335,9.92,180.0,30.0,32.0,0.1686521375570357,0.0,2017-06-02,0.0,1.0,46.3951,-94.5028
SITE_00912,MN,55126,39.36,180.0,30.0,123.0,0.17409252909113362,0.0,2017-09-22,1.0,0.0,47.9807,-95.0272
SITE_00913,MN,55105,9.9,180.0,45.0,36.0,0.1682494349878065,0.0,2016-12-02,0.0,0.0,47.2388,-93.7406
SITE_00914,MN,55987,9.92,202.0,21.0,24.0,0.1686521375570357,0.0,2016-09-12,0.0,0.0,44.6897,-93.7634
SITE_00915,MN,55406-3642,5.7,180.0,22.0,20.0,0.17398077787111016,0.0,2017-05-26,0.0,0.0,47.5111,-92.9372
SITE_00916,MN,55419,7.56,180.0,31.0,19.0,0.1726902676699149,0.0,2017-01-27,0.0,0.0,48.2143,-93.3046
SITE_00917,MN,55418-3009,3.54,180.0,37.0,12.0,0.1759434595255491,0.0,2018-10-17,0.0,0.0,46.0801,-94.6456
SITE_00918,MN,55346,39.68,180.0,10.0,124.0,0.17409252909113362,0.0,2017-12-20,0.0,0.0,46.5507,-94.9979
SITE_00919,MN,55112,9.735,115.0,20.0,20.0,0.1800853665683421,0.0,2017-09-25,0.0,0.0,46.2056,-93.4650
SITE_00920,MN,55066,19.76,90.0,25.0,76.0,0.1609558300058811,0.0,2017-11-02,0.0,1.0,46.6139,-95.6769
SITE_00921,MN,55116,9.145,180.0,37.0,15.0,0.1759434595255491,0.0,2017-12-14,0.0,0.0,48.2794,-94.8644
SITE_00922,MN,55103,2.655,180.0,37.0,6.0,0.1800853665683421,0.0,2017-11-29,0.0,0.0,45.9607,-92.7596
SITE_00923,MN,55374,7.08,200.0,20.0,24.0,0.1800853665683421,0.0,2017-11-10,0.0,0.0,45.1368,-93.4314
SITE_00924,MN,55941,8.85,180.0,20.0,30.0,0.1800853665683421,0.0,2017-11-22,0.0,0.0,46.2698,-93.1360
SITE_00925,MN,55126-1951,39.36,180.0,10.0,123.0,0.17409252909113362,0.0,2017-12-14,1.0,0.0,46.1446,-94.6483
SITE_00926,MN,55612,2.672,-1.0,-1.0,-1.0,-1.0,-1.0,2006-08-14,-1.0,-1.0,47.4326,-95.7462
SITE_00927,MN,55112,2.4,-1.0,-1.0,-1.0,-1.0,0.0,2010-05-20,-1.0,-1.0,46.1649,-93.9969
SITE_00928,MN,56082,4.14,-1.0,-1.0,-1.0,-1.0,1.0,2010-06-09,-1.0,1.0,45.8125,-92.8406
SITE_00929,MN,55438,4.83,-1.0,-1.0,-1.0,-1.0,0.0,2010-08-25,-1.0,-1.0,46.8122,-95.3822
SITE_00930,NM,87122,15.4,-1.0,-1.0,55.0,-1.0,0.0,2016-04-22,0.0,-1.0,33.7985,-104.8415
SITE_00931,NM,87123,9.52,-1.0,-1.0,34.0,-1.0,0.0,2016-03-28,0.0,-1.0,35.2956,-107.2840
SITE_00932,NM,-1,11.97,-1.0,-1.0,38.0,0.16568064765880097,0.0,2016-02-18,0.0,-1.0,35.1108,-107.0159
SITE_00933,NM,87001,4.8,-1.0,-1.0,16.0,-1.0,0.0,2015-11-05,0.0,-1.0,34.5755,-104.8650
SITE_00934,NM,87122,18.76,-1.0,-1.0,67.0,-1.0,0.0,2015-10-20,0.0,-1.0,32.6183,-106.0562
SITE_00935,NM,87114,9.435,-1.0,-1.0,37.0,0.15756740640959493,0.0,2015-11-03,0.0,-1.0,32.8537,-106.7941
SITE_00936,NM,87501,4.69,-1.0,-1.0,14.0,0.1691919191919192,0.0,2015-09-18,0.0,-1.0,34.7253,-105.5245
SITE_00937,NM,87120,3.76,-1.0,-1.0,16.0,0.1452091784559012,0.0,2015-05-18,0.0,-1.0,33.1587,-107.7414
SITE_00938,NM,87114,5.1,-1.0,-1.0,20.0,0.16464518961637672,0.0,2015-09-30,0.0,-1.0,33.1647,-105.3397
SITE_00939,NM,88012,5.88,-1.0,-1.0,21.0,0.1710738550271274,0.0,2015-04-23,0.0,-1.0,35.8709,-105.0041
SITE_00940,NM,87144,1.0,-1.0,-1.0,4.0,0.15460395105857325,0.0,2014-12-30,0.0,-1.0,35.7625,-104.6628
SITE_00941,NM,88011,1.44,-1.0,-1.0,6.0,0.146775525181176,0.0,2014-06-17,0.0,-1.0,35.2401,-105.0775
SITE_00942,NM,87110,5.559,-1.0,-1.0,17.0,0.20061349693251534,0.0,2014-09-26,0.0,-1.0,35.5889,-108.0582
SITE_00943,NM,87106,3.9,-1.0,-1.0,13.0,0.15779109300838187,0.0,2014-10-09,0.0,-1.0,35.8320,-106.7622
SITE_00944,NM,87544,1.962,-1.0,-1.0,6.0,0.20061349693251534,0.0,2014-10-27,0.0,-1.0,35.3802,-107.0794
SITE_00945,NM,87825,0.51,-1.0,-1.0,2.0,0.16464518961637672,0.0,2014-03-31,0.0,-1.0,33.8854,-104.3707
SITE_00946,NM,87110,13.08,-1.0,-1.0,40.0,0.2005256593124239,0.0,2014-04-08,0.0,-1.0,34.1690,-106.2688
SITE_00947,NM,87107,9.69,-1.0,-1.0,38.0,0.15769603007974473,0.0,2013-09-05,0.0,-1.0,34.3569,-106.9958
SITE_00948,NM,87047,9.945,-1.0,-1.0,39.0,0.16220868433490304,0.0,2013-09-27,0.0,-1.0,32.6513,-104.9567
SITE_00949,NM,87825,5.1,-1.0,-1.0,20.0,0.15769603007974473,0.0,2013-12-01,0.0,-1.0,35.4697,-104.5261
SITE_00950,NM,87059,3.924,-1.0,-1.0,12.0,0.2005256593124239,0.0,2013-12-09,0.0,-1.0,35.5392,-104.9787
SITE_00951,NM,87123,5.8,-1.0,-1.0,20.0,0.15392230986900596,0.0,2013-01-15,0.0,-1.0,34.7360,-107.2498
SITE_00952,NM,87120,3.76,-1.0,-1.0,16.0,0.1517318414111707,0.0,2013-11-21,0.0,-1.0,34.3826,-106.0095
SITE_00953,NM,88007,6.25,-1.0,-1.0,25.0,-1.0,0.0,2012-03-01,0.0,-1.0,36.1787,-107.3507
SITE_00954,NM,88337,4.8,-1.0,-1.0,20.0,0.14829873544432465,0.0,2012-12-06,0.0,-1.0,34.0340,-107.1078
SITE_00955,NM,87122,4.23,-1.0,-1.0,18.0,0.14044901850042282,0.0,2012-04-06,0.0,-1.0,34.4610,-106.5994
SITE_00956,NM,87122,3.84,-1.0,-1.0,16.0,0.1489643255267751,0.0,2011-12-30,0.0,-1.0,34.6369,-105.8953
SITE_00957,NM,87111,6.9,-1.0,-1.0,30.0,0.14172056155848253,0.0,2011-12-22,0.0,-1.0,32.9728,-106.0641
SITE_00958,NM,87122,5.472,-1.0,-1.0,24.0,0.13873676524278936,0.0,2011-11-16,0.0,-1.0,33.5322,-105.1712
SITE_00959,NM,87508,3.68,-1.0,-1.0,16.0,0.14172056155848253,1.0,2011-09-16,0.0,1.0,33.3601,-104.8074
SITE_00960,NM,87507,2.76,-1.0,-1.0,12.0,0.14172056155848253,1.0,2011-10-12,0.0,1.0,33.0868,-104.8207
SITE_00961,NM,87048,4.6,-1.0,-1.0,20.0,0.14137490165224234,0.0,2011-08-15,0.0,-1.0,34.9580,-106.6755
SITE_00962,NM,87187,2.82,-1.0,-1.0,12.0,0.14371770173990153,0.0,2011-04-01,0.0,-1.0,33.8531,-105.2479
SITE_00963,NM,87048,3.22,-1.0,-1.0,14.0,0.14137490165224234,0.0,2011-04-12,0.0,-1.0,34.3309,-106.7335
SITE_00964,NM,87508,2.76,-1.0,-1.0,12.0,0.14137490165224234,1.0,2010-12-28,0.0,1.0,34.7560,-108.0187
SITE_00965,NM,87508,1.72,-1.0,-1.0,8.0,0.14333333333333334,1.0,2010-03-19,0.0,1.0,33.1523,-104.4944
SITE_00966,NM,87507,3.44,-1.0,-1.0,16.0,0.14333333333333334,1.0,2010-07-17,0.0,1.0,33.8968,-105.3356
SITE_00967,NM,87043,5.52,-1.0,-1.0,24.0,0.14137490165224234,0.0,2010-09-29,0.0,-1.0,33.5764,-105.8100
SITE_00968,NM,87108,2.3,-1.0,-1.0,10.0,-1.0,0.0,2009-10-13,0.0,-1.0,33.4014,-104.1555
SITE_00969,CA,90033,1.175,-1.0,-1.0,-1.0,-1.0,-1.0,2011-04-18,0.0,-1.0,37.3301,-117.4908
SITE_00970,CA,90210,3.875,145.0,18.0,8.0,0.16200199910466895,0.0,2013-07-10,0.0,-1.0,36.4381,-121.1966
SITE_00971,CA,90094,2.07,180.0,0.0,9.0,0.18487527349483396,0.0,2014-11-18,0.0,-1.0,35.5512,-117.9419
SITE_00972,CA,91040,7.5,220.0,19.0,30.0,0.1292350319985939,0.0,2015-01-15,0.0,-1.0,37.0799,-120.5547
SITE_00973,CA,90094,1.84,180.0,0.0,8.0,0.18487527349483396,0.0,2016-01-19,0.0,-1.0,37.6971,-117.6689
SITE_00974,CA,90032,3.64,358.0,20.0,6.0,0.1653892467728423,0.0,2016-05-05,1.0,-1.0,37.5023,-119.9877
SITE_00975,CA,90011,2.88,0.0,0.0,9.0,0.16831049920894064,0.0,2017-01-04,1.0,-1.0,38.0689,-119.0548
SITE_00976,CA,90066-9006,2.4,180.0,30.0,8.0,0.1876172607879925,0.0,2018-10-04,0.0,-1.0,39.3856,-117.3088
SITE_00977,CT,6470,176.46,-1.0,-1.0,-1.0,-1.0,-1.0,2016-02-02,-1.0,-1.0,41.9302,-73.2719
SITE_00978,CT,6331,4.3,-1.0,-1.0,20.0,0.13377302140368344,-1.0,2007-09-25,0.0,-1.0,41.6726,-73.1218
SITE_00979,CT,6401,0.94,-1.0,-1.0,4.0,0.1481827124372588,-1.0,2012-03-23,0.0,-1.0,41.7861,-73.2149
SITE_00980,CT,6110,28.1,-1.0,-1.0,-1.0,-1.0,-1.0,2017-12-15,-1.0,-1.0,41.6746,-72.1483
SITE_00981,CT,6422,8.775,-1.0,-1.0,36.0,0.07237236616281714,-1.0,2012-02-10,0.0,-1.0,41.2701,-72.2980
SITE_00982,CT,6416,7.56,-1.0,-1.0,36.0,0.16879916275615275,-1.0,2010-02-26,0.0,-1.0,41.4517,-72.9150
SITE_00983,CT,6461,5.76,255.0,36.0,18.0,0.20156210632401106,0.0,2017-05-12,0.0,0.0,41.5998,-72.5228
SITE_00984,CT,6232,6.15,-1.0,-1.0,36.0,0.16879916275615275,-1.0,2008-01-31,0.0,-1.0,41.2931,-72.6044
SITE_00985,CT,6484,8.8,-1.0,-1.0,44.0,0.17243757759690992,-1.0,2009-07-07,0.0,-1.0,41.2335,-72.6021
SITE_00986,CT,6108,4.2,118.0,23.0,15.0,0.1696954270112696,0.0,2016-10-13,0.0,0.0,41.7910,-72.7454
SITE_00987,CT,6033,3.36,180.0,30.0,14.0,0.14343729548979353,0.0,2012-07-10,0.0,-1.0,41.3590,-72.7760
SITE_00988,CT,6281,11.03,180.0,30.0,45.0,0.14998469543924092,0.0,2012-10-26,0.0,-1.0,41.8424,-72.9177
SITE_00989,CT,6498,6.6,205.0,18.0,10.0,0.20015721439385117,0.0,2019-02-27,0.0,0.0,41.2716,-72.8113
SITE_00990,CT,6423,12.96,201.0,27.0,22.0,0.16656549355206468,0.0,2017-01-31,0.0,0.0,41.8866,-72.4436
SITE_00991,CT,6078,9.66,187.0,32.0,26.0,0.2115637689993463,0.0,2017-06-08,0.0,0.0,41.7307,-72.9847
SITE_00992,CT,6259,8.41,268.0,40.0,10.0,0.17901234567901234,0.0,2019-04-26,0.0,0.0,41.6190,-72.8535
SITE_00993,CT,6501,6.16,117.0,30.0,14.0,0.18184699393929946,0.0,2017-05-24,0.0,0.0,41.4842,-72.1567
SITE_00994,CT,6605,7.5,204.0,27.0,20.0,0.19108280254777069,0.0,2020-03-03,0.0,0.0,41.2160,-72.3638
SITE_00995,CT,6525,13.14,175.0,30.0,36.0,0.218562874251497,0.0,2019-07-19,0.0,1.0,-9999,-9999
SITE_00996,CT,6084,3.63,265.0,22.0,11.0,0.20015721439385117,0.0,2019-04-09,0.0,0.0,41.5703,-72.5985
SITE_00997,CT,6514,11.29,182.0,24.0,37.0,0.18263473053892215,0.0,2020-07-10,0.0,0.0,41.9429,-73.1302
SITE_00998,CT,6811,9.45,163.0,32.0,30.0,0.19444444444444442,0.0,2020-05-19,0.0,0.0,41.9535,-73.0582
SITE_00999,CT,6511,4.65,290.0,26.0,9.0,0.18977655341291705,0.0,2018-06-12,0.0,0.0,41.6959,-73.0116
SITE_01000,CT,6333,6.9,210.0,40.0,9.0,0.18896447467876037,0.0,2017-07-13,0.0,0.0,41.7652,-72.1485
SITE_01001,CT,6801,13.02,248.0,24.0,30.0,0.18977655341291705,0.0,2018-03-22,0.0,0.0,41.5889,-73.1761
SITE_01002,CT,6517,11.73,110.0,34.0,17.0,0.20318989946042468,0.0,2018-06-22,0.0,0.0,41.2037,-72.6911
SITE_01003,CT,6114,7.48,79.0,35.0,18.0,0.19607843137254904,0.0,2020-06-23,0.0,0.0,41.9566,-72.7468
SITE_01004,CT,6824,4.64,221.0,18.0,16.0,-1.0,0.0,2018-04-17,0.0,0.0,41.4054,-73.2254
SITE_01005,CT,6067,12.25,170.0,40.0,17.0,0.21228795466014516,0.0,2021-02-11,0.0,0.0,41.7810,-72.4112
SITE_01006,CT,6420,12.95,178.0,45.0,8.0,0.21228795466014516,0.0,2021-04-26,0.0,0.0,41.3243,-73.2142
SITE_01007,CT,6460,7.59,129.0,34.0,12.0,0.2115637689993463,0.0,2018-01-10,0.0,0.0,41.5822,-72.8279
SITE_01008,CT,6082,9.66,180.0,30.0,28.0,0.2115637689993463,1.0,2015-01-21,0.0,1.0,41.7983,-72.3429
SITE_01009,CT,6095,13.08,161.0,30.0,40.0,0.20061349693251534,0.0,2020-03-12,0.0,1.0,41.7839,-72.5612
SITE_01010,CT,6242,5.1,220.0,20.0,20.0,0.16464518961637672,0.0,2016-01-15,0.0,1.0,41.4559,-73.2035
SITE_01011,CT,6514,6.62,272.0,27.0,14.0,0.19444444444444442,0.0,2019-04-18,0.0,0.0,41.6322,-72.5010
SITE_01012,CT,6811,11.39,135.0,43.0,4.0,0.20925526959357169,0.0,2020-04-02,0.0,0.0,41.8958,-72.5620
SITE_01013,CT,6416,16.38,269.0,20.0,15.0,0.19444444444444442,0.0,2019-09-09,0.0,0.0,41.7025,-72.9060
SITE_01014,CT,6783,10.44,180.0,35.0,36.0,0.18266565885613503,0.0,2015-07-29,0.0,1.0,41.7956,-72.5784
SITE_01015,CT,6385,6.8,222.0,14.0,17.0,0.213903743315508,0.0,2019-12-13,0.0,0.0,41.9019,-72.1790
SITE_01016,CT,6457,12.95,267.0,35.0,21.0,0.20441988950276244,0.0,2020-12-23,0.0,0.0,41.7945,-72.1115
SITE_01017,CT,6354,5.04,250.0,30.0,14.0,0.19889502762430938,0.0,2020-06-17,0.0,1.0,41.3384,-72.6338
SITE_01018,CT,6468,13.74,192.0,35.0,8.0,0.20552147239263807,0.0,2021-04-13,0.0,0.0,41.6734,-73.2672
SITE_01019,CT,6516,3.85,195.0,36.0,14.0,0.16931454085590655,0.0,2014-11-25,0.0,0.0,41.9472,-72.9740
SITE_01020,CT,6092,15.6,103.0,27.0,8.0,0.1598151062155783,0.0,2014-12-24,0.0,0.0,41.9405,-72.2074
SITE_01021,CT,6096,7.29,183.0,28.0,19.0,0.16512246582882306,0.0,2017-03-28,1.0,0.0,41.6803,-72.1092
SITE_01022,CT,6415,5.1,152.0,24.0,20.0,0.15756740640959493,0.0,2015-07-15,0.0,0.0,41.2016,-72.9955
SITE_01023,CT,6762,8.32,254.0,37.0,11.0,0.16065696339801835,0.0,2015-07-01,0.0,0.0,41.2795,-73.0672
SITE_01024,CT,6615,5.42,176.0,12.0,19.0,0.17447199265381083,0.0,2017-10-19,1.0,0.0,41.2246,-72.9733
SITE_01025,CT,6611,8.16,148.0,22.0,24.0,0.19607843137254904,0.0,2021-08-24,0.0,0.0,41.3436,-72.4211
SITE_01026,CT,6107,9.45,170.0,34.0,14.0,0.21228795466014516,0.0,2021-05-20,0.0,0.0,41.6326,-72.7145
SITE_01027,CT,6114,3.15,177.0,47.0,9.0,0.21228795466014516,0.0,2021-07-27,0.0,0.0,41.4107,-72.9485
SITE_01028,CT,6066,8.85,162.0,34.0,24.0,0.17664670658682635,0.0,2018-02-22,1.0,0.0,41.3486,-73.1601
SITE_01029,CT,6243,12.3,253.0,34.0,21.0,0.2192513368983957,0.0,2021-10-06,0.0,0.0,41.3022,-73.2460
SITE_01030,CT,6339,9.88,204.0,28.0,27.0,0.16065696339801835,0.0,2015-07-13,0.0,0.0,41.4860,-72.7311
SITE_01031,CT,6488,10.46,179.0,35.0,15.0,0.16464518961637672,0.0,2015-08-03,0.0,0.0,41.7927,-72.7479
SITE_01032,CT,6076,3.4,85.0,22.0,10.0,0.19607843137254904,0.0,2022-01-14,0.0,0.0,41.9253,-72.5285
SITE_01033,CT,6096,11.2,270.0,22.0,20.0,-1.0,0.0,2015-06-22,0.0,0.0,41.3360,-72.4243
SITE_01034,CT,6248,5.76,163.0,29.0,24.0,0.15371549567483023,0.0,2012-11-20,0.0,-1.0,41.8745,-72.3949
SITE_01035,CT,6450,8.5,199.0,22.0,25.0,0.19607843137254904,0.0,2022-01-24,0.0,0.0,41.5975,-72.2091
SITE_01036,CT,6480,6.86,266.0,45.0,28.0,0.15818851551377372,0.0,2013-03-11,0.0,0.0,41.3580,-72.9522
SITE_01037,CT,6037,12.21,264.0,14.0,21.0,0.20407262779358878,0.0,2021-12-21,0.0,0.0,41.9934,-73.2626
SITE_01038,CT,6268,7.2,180.0,35.0,30.0,0.14752163650668765,0.0,2014-08-19,0.0,1.0,41.2463,-72.3279
SITE_01039,CT,6853,9.25,180.0,38.0,37.0,0.15366837136113298,0.0,2012-10-10,0.0,-1.0,41.2226,-73.2814
SITE_01040,CT,6359,4.08,183.0,33.0,12.0,0.19607843137254904,0.0,2021-04-01,0.0,0.0,41.3220,-72.3626
SITE_01041,CT,6831,7.65,186.0,34.0,16.0,0.16464518961637672,0.0,2014-04-29,0.0,0.0,41.9125,-72.1969
SITE_01042,CT,6611,8.32,159.0,23.0,32.0,0.1598151062155783,0.0,2014-09-05,0.0,0.0,41.3334,-72.2515
SITE_01043,CT,6105,2.25,260.0,41.0,9.0,0.15366837136113298,0.0,2014-03-04,0.0,-1.0,41.3937,-72.9289
SITE_01044,CT,6480,6.37,260.0,34.0,26.0,0.15818851551377372,0.0,2013-03-25,0.0,0.0,41.9390,-72.4544
SITE_01045,CT,6238,5.25,180.0,35.0,21.0,0.15517117242372408,0.0,2014-02-19,0.0,0.0,41.5929,-72.8401
SITE_01046,CT,6415,13.8,148.0,24.0,40.0,0.2115637689993463,0.0,2015-04-20,0.0,0.0,41.8611,-72.6056
SITE_01047,CT,6084,8.28,170.0,45.0,24.0,0.2115637689993463,0.0,2015-05-27,0.0,0.0,41.2577,-72.6651
SITE_01048,CT,6525,11.52,178.0,52.0,32.0,0.2208588957055215,0.0,2021-12-01,0.0,0.0,41.4287,-73.0241
SITE_01049,CT,6606,1.89,156.0,30.0,7.0,0.17006802721088435,0.0,2014-10-24,0.0,0.0,41.9669,-72.4687
SITE_01050,CT,6067,5.76,183.0,28.0,18.0,0.19753086419753085,0.0,2019-07-25,1.0,0.0,41.7496,-73.1304
SITE_01051,CT,6704,6.83,47.0,18.0,7.0,0.1971245293272777,0.0,2020-02-21,1.0,0.0,41.2578,-73.2312
SITE_01052,CT,6750,10.08,180.0,25.0,28.0,0.2208588957055215,0.0,2021-11-02,0.0,1.0,41.4631,-72.9855
SITE_01053,CT,6477,8.82,175.0,25.0,28.0,0.19444444444444442,0.0,2019-12-11,1.0,0.0,41.9975,-72.1438
SITE_01054,CT,6237,5.0,70.0,18.0,20.0,0.15337423312883436,0.0,2014-08-19,0.0,0.0,41.5105,-72.7559
SITE_01055,CT,6517,4.73,107.0,34.0,15.0,0.19444444444444442,0.0,2020-03-04,1.0,0.0,41.4450,-72.3038
SITE_01056,CT,6013,14.84,172.0,13.0,10.0,0.1763668430335097,0.0,2015-10-16,0.0,0.0,41.6631,-72.5279
SITE_01057,CT,6119,4.73,263.0,34.0,15.0,0.19444444444444442,0.0,2020-04-07,1.0,0.0,41.8175,-72.2344
SITE_01058,CT,6790,10.2,180.0,35.0,40.0,0.16464518961637672,0.0,2016-05-19,0.0,1.0,41.7998,-72.6272
SITE_01059,CT,6611,11.96,254.0,18.0,9.0,0.1626383442415705,0.0,2016-08-25,0.0,0.0,41.7821,-72.5340
SITE_01060,CT,6268,12.32,80.0,16.0,24.0,0.1763668430335097,0.0,2016-04-13,0.0,0.0,41.9298,-72.2398
SITE_01061,CT,6880,4.14,136.0,10.0,12.0,0.2115637689993463,0.0,2015-04-20,0.0,0.0,41.7161,-73.1047
SITE_01062,CT,6029,13.08,190.0,35.0,40.0,0.2005256593124239,0.0,2015-09-30,0.0,0.0,41.6746,-72.6625
SITE_01063,CT,6248,11.18,180.0,28.0,43.0,0.16078810910091618,0.0,2016-10-03,0.0,1.0,41.2871,-72.8246
SITE_01064,CT,6824,13.5,306.0,3.0,35.0,0.18896447467876037,0.0,2016-10-05,0.0,0.0,41.6723,-72.7660
SITE_01065,CT,6424,9.0,170.0,38.0,36.0,0.15274451341707806,0.0,2016-01-12,0.0,1.0,41.3511,-72.6045
SITE_01066,CT,6791,12.69,172.0,25.0,15.0,0.17130457954242642,0.0,2015-08-20,0.0,0.0,41.8078,-73.1670
SITE_01067,CT,6374,6.27,190.0,23.0,22.0,0.17447199265381083,0.0,2017-11-08,1.0,0.0,41.8914,-72.9290
SITE_01068,CT,6511,3.84,205.0,43.0,12.0,0.1904761904761905,0.0,2020-07-31,1.0,0.0,41.9833,-72.4903
SITE_01069,CT,6790,3.8,197.0,30.0,11.0,0.2115637689993463,0.0,2015-08-07,0.0,0.0,41.5412,-72.4624
SITE_01070,CT,6002,6.38,102.0,28.0,22.0,0.17753290480563208,0.0,2018-05-14,1.0,0.0,41.4621,-72.5694
SITE_01071,CT,6118,7.68,201.0,18.0,19.0,0.19753086419753085,0.0,2020-11-04,1.0,0.0,41.6303,-72.5095
SITE_01072,CT,6608,6.0,93.0,27.0,20.0,0.15366837136113295,0.0,2016-02-22,1.0,0.0,41.9973,-72.4941
SITE_01073,CT,6108,5.12,80.0,20.0,8.0,0.19631901840490798,0.0,2019-04-02,1.0,0.0,41.7330,-72.9651
SITE_01074,CT,6268,4.0,220.0,30.0,16.0,0.1544778494211715,0.0,2014-08-01,0.0,0.0,41.5972,-72.3418
SITE_01075,CT,6615,3.84,98.0,40.0,12.0,0.19753086419753085,0.0,2020-05-26,1.0,0.0,41.7318,-72.5830
SITE_01076,CT,6351,2.24,265.0,34.0,7.0,0.19753086419753085,0.0,2020-11-25,1.0,0.0,41.3218,-72.6027
SITE_01077,CT,6610,3.84,179.0,40.0,12.0,0.1904761904761905,0.0,2020-09-22,1.0,0.0,41.4904,-72.2314
SITE_01078,CT,6084,7.85,180.0,30.0,24.0,0.2005256593124239,0.0,2016-11-16,0.0,0.0,41.3217,-72.7444
SITE_01079,CT,6351,8.7,172.0,26.0,15.0,0.17753290480563208,0.0,2018-10-11,1.0,0.0,41.2444,-72.3570
SITE_01080,CT,6512,8.96,86.0,30.0,7.0,0.18184699393929946,0.0,2017-07-28,1.0,0.0,41.7683,-72.8880
SITE_01081,CT,6062,5.32,174.0,28.0,19.0,0.17179431802564152,0.0,2017-03-25,1.0,0.0,41.4116,-73.2305
SITE_01082,CT,6108,8.16,262.0,23.0,7.0,0.19607843137254904,0.0,2021-11-15,1.0,0.0,41.5328,-73.0829
SITE_01083,CT,6471,16.24,122.0,35.0,19.0,0.17179431802564152,0.0,2017-04-24,1.0,0.0,41.7080,-72.2079
SITE_01084,CT,6401,3.06,42.0,19.0,9.0,0.19607843137254904,0.0,2021-06-30,1.0,0.0,41.5914,-72.2653
SITE_01085,CT,6606,9.6,125.0,24.0,14.0,0.19626170517075994,0.0,2020-06-23,1.0,0.0,41.5882,-72.5168
SITE_01086,CT,6605,7.26,0.0,0.0,22.0,0.2023948834573462,0.0,2021-11-30,1.0,0.0,41.4349,-72.6432
SITE_01087,CT,6092,7.5,197.0,30.0,30.0,0.15460395105857325,0.0,2015-12-01,0.0,0.0,41.4648,-72.5184
SITE_01088,CT,6111,9.25,261.0,18.0,17.0,0.15304560759106214,0.0,2015-02-13,1.0,0.0,41.8844,-72.1079
SITE_01089,CT,6371,8.93,173.0,10.0,18.0,0.16464518961637672,0.0,2015-03-19,1.0,0.0,41.7673,-72.1826
SITE_01090,CT,6085,10.0,238.0,45.0,23.0,0.16141685256507524,0.0,2015-12-21,1.0,0.0,41.7021,-72.1093
SITE_01091,CT,6497,4.27,163.0,20.0,6.0,0.19211388259007306,0.0,2016-03-15,1.0,0.0,41.2218,-72.2918
SITE_01092,CT,6812,14.25,80.0,18.0,20.0,0.17447199265381083,0.0,2017-10-26,1.0,0.0,41.6129,-72.2735
SITE_01093,CT,6497,6.0,247.0,39.0,20.0,0.18896447467876037,0.0,2016-01-27,0.0,0.0,41.8735,-72.7373
SITE_01094,CT,6112,8.16,130.0,30.0,19.0,0.16464518961637672,0.0,2016-03-22,1.0,0.0,41.2197,-72.1390
SITE_01095,CT,6612,6.73,222.0,25.0,3.0,0.16464518961637672,0.0,2016-02-26,1.0,0.0,41.2097,-72.2010
SITE_01096,CT,6010,9.1,249.0,23.0,27.0,0.1598151062155783,0.0,2017-10-06,1.0,0.0,41.5305,-72.1233
SITE_01097,CT,6235,7.14,182.0,21.0,28.0,0.16464518961637672,0.0,2015-03-26,1.0,0.0,41.6358,-72.1299
SITE_01098,CT,6610,4.56,282.0,37.0,16.0,0.17447199265381083,0.0,2018-02-13,1.0,0.0,41.5787,-72.4862
SITE_01099,CT,6032,10.73,181.0,23.0,25.0,0.17365269461077845,0.0,2018-02-15,1.0,0.0,41.3913,-73.0212
SITE_01100,CT,6040,3.54,185.0,40.0,12.0,0.17664670658682635,0.0,2018-07-16,1.0,0.0,41.3961,-72.1591
SITE_01101,CT,6611,7.0,155.0,23.0,20.0,0.2147239263803681,0.0,2018-10-16,1.0,0.0,41.3281,-72.5000
SITE_01102,CT,6057,11.0,194.0,30.0,20.0,-1.0,0.0,2015-09-10,1.0,0.0,41.8611,-72.3334
SITE_01103,CT,6118,6.76,157.0,23.0,26.0,0.16065696339801835,0.0,2015-08-06,1.0,0.0,41.3248,-73.0388
SITE_01104,CT,6385,9.44,261.0,18.0,20.0,0.17664670658682635,0.0,2018-07-17,1.0,0.0,41.4901,-72.7069
SITE_01105,CT,6382,6.5,182.0,25.0,16.0,0.16065696339801835,0.0,2015-08-03,1.0,0.0,41.2102,-72.8883
SITE_01106,CT,6516,4.93,165.0,23.0,17.0,0.17792982938370017,0.0,2018-02-20,1.0,0.0,41.2488,-72.9051
SITE_01107,CT,6339,4.68,192.0,22.0,12.0,0.16065696339801835,0.0,2015-09-24,1.0,0.0,41.3689,-72.1680
SITE_01108,CT,6418,3.1,193.0,43.0,4.0,0.19135802469135801,0.0,2019-03-06,1.0,0.0,41.9109,-73.0847
SITE_01109,CT,6517,4.96,131.0,35.0,16.0,0.19135802469135801,0.0,2019-06-05,1.0,0.0,41.6187,-72.3727
SITE_01110,CT,6082,7.67,98.0,23.0,26.0,0.17664670658682635,0.0,2018-04-23,1.0,0.0,41.4838,-72.3984
SITE_01111,CT,6375,4.56,186.0,44.0,16.0,0.17447199265381083,0.0,2018-02-05,1.0,0.0,41.7195,-72.7309
SITE_01112,CT,6614,9.6,257.0,33.0,22.0,0.19631901840490798,0.0,2019-09-23,1.0,0.0,41.3764,-72.1448
SITE_01113,CT,6614,3.84,133.0,23.0,12.0,0.19626170517075994,0.0,2021-01-27,1.0,0.0,41.4912,-72.8470
SITE_01114,CT,6488,4.56,238.0,22.0,16.0,0.174128745295469,0.0,2017-07-19,1.0,0.0,41.2271,-72.7001
SITE_01115,CT,6040,14.74,81.0,45.0,20.0,0.20543148583994497,0.0,2018-07-12,1.0,0.0,41.2005,-72.1292
SITE_01116,CT,6477,20.06,307.0,19.0,20.0,0.17664670658682635,0.0,2019-02-04,1.0,0.0,41.7435,-72.9156
SITE_01117,CT,6029,13.65,268.0,23.0,23.0,0.2147239263803681,0.0,2018-11-08,1.0,0.0,41.7361,-72.5626
SITE_01118,CT,6708,15.95,72.0,22.0,23.0,0.17365269461077845,0.0,2018-07-21,1.0,0.0,41.3960,-72.7721
SITE_01119,CT,6614,8.7,146.0,23.0,30.0,0.17753290480563208,0.0,2018-08-27,1.0,0.0,41.5553,-72.3701
SITE_01120,CT,6413,10.08,269.0,22.0,28.0,0.22072348252605764,0.0,2018-07-03,1.0,0.0,41.7768,-72.4341
SITE_01121,CT,6905,6.2,211.0,36.0,20.0,0.19526329050138572,0.0,2017-08-11,1.0,0.0,41.7108,-72.3321
SITE_01122,CT,6108,7.8,172.0,23.0,30.0,0.16065696339801835,0.0,2016-07-26,1.0,0.0,41.8706,-72.2650
SITE_01123,CT,6001,14.79,90.0,27.0,4.0,0.17365269461077845,0.0,2018-03-23,1.0,0.0,41.7587,-72.4958
SITE_01124,CT,6082,15.93,85.0,20.0,24.0,0.17664670658682635,0.0,2018-04-27,1.0,0.0,41.6955,-73.1697
SITE_01125,CT,6118,3.84,196.0,14.0,13.0,0.18099758506272948,0.0,2018-05-29,1.0,0.0,41.2791,-72.7303
SITE_01126,CT,6906,2.85,191.0,31.0,10.0,0.17592592592592593,0.0,2018-06-27,1.0,0.0,41.8352,-73.2824
SITE_01127,CT,6484,18.27,239.0,45.0,11.0,0.1883415294371316,0.0,2018-10-02,1.0,0.0,41.7099,-72.2096
SITE_01128,CT,6470,10.5,165.0,26.0,22.0,0.2147239263803681,0.0,2018-06-26,1.0,0.0,41.7489,-72.1537
SITE_01129,CT,6076,3.19,177.0,20.0,11.0,0.17901234567901234,0.0,2019-04-24,1.0,0.0,41.7744,-73.0501
SITE_01130,CT,6401,7.97,115.0,18.0,27.0,0.17664670658682635,0.0,2018-09-12,1.0,0.0,41.6356,-73.1429
SITE_01131,CT,6037,4.72,266.0,17.0,16.0,0.17664670658682635,0.0,2019-06-14,1.0,0.0,41.9725,-72.5990
SITE_01132,CT,6443,10.23,247.0,30.0,28.0,0.20015721439385117,0.0,2019-05-09,1.0,0.0,41.8788,-72.7363
SITE_01133,CT,6235,3.78,201.0,30.0,12.0,0.19444444444444442,0.0,2019-07-12,1.0,0.0,41.3739,-72.9028
SITE_01134,CT,6241,11.03,105.0,30.0,6.0,0.19444444444444442,0.0,2019-08-30,1.0,0.0,41.5071,-72.8326
SITE_01135,CT,6082,5.99,187.0,28.0,13.0,0.19444444444444442,0.0,2019-03-13,1.0,0.0,41.6023,-73.2168
SITE_01136,CT,6512,6.72,116.0,27.0,21.0,0.19753086419753085,0.0,2019-12-16,1.0,0.0,41.5360,-72.8673
SITE_01137,CT,6615,5.61,90.0,10.0,11.0,0.17664670658682635,0.0,2018-08-01,1.0,0.0,41.7614,-73.1870
SITE_01138,CT,6107,15.48,158.0,15.0,16.0,0.22072348252605764,0.0,2018-09-11,1.0,0.0,41.6802,-72.3054
SITE_01139,CT,6514,5.12,201.0,37.0,4.0,0.19631901840490798,0.0,2019-09-13,1.0,0.0,41.8739,-72.4730
SITE_01140,CT,6708,5.36,139.0,40.0,10.0,0.19444444444444442,0.0,2019-10-25,1.0,0.0,41.8744,-72.8132
SITE_01141,CT,6237,6.54,148.0,27.0,20.0,0.20061349693251534,0.0,2019-07-30,1.0,0.0,41.7970,-72.9703
SITE_01142,CT,6066,7.25,173.0,23.0,23.0,0.19444444444444442,0.0,2019-08-29,1.0,0.0,41.7946,-72.5200
SITE_01143,CT,6437,9.45,185.0,32.0,24.0,0.19936708860759492,0.0,2020-01-08,1.0,0.0,41.6566,-72.4806
SITE_01144,CT,6514,4.41,195.0,23.0,14.0,0.19444444444444442,0.0,2020-02-19,1.0,0.0,41.8888,-72.2716
SITE_01145,CT,6051,8.12,171.0,45.0,28.0,0.17901234567901234,0.0,2020-01-21,1.0,0.0,-9999,-9999
SITE_01146,CT,6851,5.99,97.0,23.0,19.0,0.19444444444444442,0.0,2020-04-06,1.0,0.0,41.6859,-73.1500
SITE_01147,CT,6249,10.71,236.0,27.0,5.0,0.19444444444444442,0.0,2020-05-20,1.0,0.0,41.8570,-72.4909
SITE_01148,CT,6907,5.44,171.0,16.0,17.0,0.19753086419753085,0.0,2020-06-18,1.0,0.0,41.8644,-72.1201
SITE_01149,CT,6518,5.67,192.0,18.0,18.0,0.19444444444444442,0.0,2019-07-05,1.0,0.0,41.8405,-73.2853
SITE_01150,CT,6109,7.25,192.0,34.0,15.0,0.19444444444444442,0.0,2019-02-19,1.0,0.0,41.4721,-73.1202
SITE_01151,CT,6810,5.67,147.0,34.0,13.0,0.19444444444444442,0.0,2020-07-06,1.0,0.0,41.8779,-72.3473
SITE_01152,CT,6260,15.12,273.0,36.0,14.0,0.19444444444444442,0.0,2019-07-23,1.0,0.0,41.2222,-72.5910
SITE_01153,CT,6085,6.96,189.0,12.0,4.0,0.17901234567901234,0.0,2019-05-22,1.0,0.0,-9999,-9999
SITE_01154,CT,6002,2.88,167.0,23.0,9.0,0.19753086419753085,0.0,2020-07-20,1.0,0.0,41.2720,-72.2677
SITE_01155,CT,6106,3.15,171.0,18.0,10.0,0.19444444444444442,0.0,2019-04-04,1.0,0.0,41.4297,-72.2715
SITE_01156,CT,6010,7.04,193.0,27.0,11.0,0.19753086419753085,0.0,2020-03-02,1.0,0.0,41.3219,-73.1299
SITE_01157,CT,6801,8.82,246.0,23.0,28.0,0.19444444444444442,0.0,2020-05-22,1.0,0.0,41.5897,-72.9235
SITE_01158,CT,6010,7.26,75.0,26.0,10.0,0.2023948834573462,0.0,2021-07-21,1.0,0.0,41.7637,-72.2755
SITE_01159,CT,6082,11.2,117.0,23.0,22.0,0.19789734075448362,0.0,2020-10-20,1.0,0.0,41.9208,-72.7782
SITE_01160,CT,6514,4.73,190.0,40.0,15.0,0.19444444444444442,0.0,2020-08-07,1.0,0.0,41.9299,-72.8151
SITE_01161,CT,6237,10.5,182.0,31.0,30.0,0.21228795466014516,0.0,2020-05-20,1.0,0.0,41.7693,-72.1642
SITE_01162,CT,6516,3.2,245.0,34.0,10.0,0.19753086419753085,0.0,2021-02-23,1.0,0.0,41.3675,-73.1307
SITE_01163,CT,6410,13.12,204.0,28.0,32.0,0.18792359827479976,0.0,2020-10-01,1.0,0.0,41.8109,-73.2019
SITE_01164,CT,6268,10.24,255.0,34.0,22.0,0.19753086419753085,0.0,2020-07-10,1.0,0.0,41.3405,-72.9361
SITE_01165,CT,6605,4.2,76.0,37.0,12.0,0.21228795466014516,0.0,2021-03-25,1.0,0.0,41.8580,-72.9904
SITE_01166,CT,6787,5.6,245.0,16.0,16.0,0.21228795466014516,0.0,2021-01-25,1.0,0.0,41.2938,-72.9188
SITE_01167,CT,6484,11.9,128.0,20.0,25.0,0.19607843137254904,0.0,2021-04-30,1.0,0.0,41.5112,-72.4231
SITE_01168,CT,6708,12.6,155.0,45.0,15.0,0.1984126984126984,0.0,2019-09-09,1.0,0.0,41.7557,-72.5905
SITE_01169,CT,6716,19.52,85.0,25.0,38.0,0.19753086419753085,0.0,2019-08-26,1.0,0.0,41.4430,-73.1277
SITE_01170,CT,6902,12.03,278.0,36.0,17.0,0.20061728395061726,0.0,2021-05-12,1.0,0.0,41.5444,-72.7856
SITE_01171,CT,6854,9.9,275.0,23.0,10.0,0.2023948834573462,0.0,2021-06-10,1.0,0.0,41.4539,-72.8129
SITE_01172,CT,6082,9.1,267.0,20.0,6.0,0.21228795466014516,0.0,2022-01-27,1.0,0.0,41.8806,-73.1898
SITE_01173,CT,6514,7.84,206.0,23.0,32.0,0.14998469543924092,0.0,2015-11-12,1.0,0.0,41.8320,-72.5761
SITE_01174,CT,6118,5.04,241.0,31.0,16.0,0.19444444444444442,0.0,2019-11-04,1.0,0.0,41.2487,-73.1463
SITE_01175,CT,6790,6.12,167.0,35.0,12.0,0.19607843137254904,0.0,2021-08-09,1.0,0.0,41.8739,-72.4005
SITE_01176,CT,6811,16.91,225.0,23.0,18.0,0.20925526959357169,0.0,2020-11-20,1.0,0.0,41.2246,-72.4804
SITE_01177,CT,6354,11.12,30.0,23.0,14.0,0.20061349693251534,0.0,2020-12-22,1.0,0.0,41.8200,-72.3889
SITE_01178,CT,6831,6.75,249.0,20.0,10.0,0.15304560759106214,0.0,2015-12-17,1.0,0.0,41.7095,-72.6210
SITE_01179,CT,6002,7.26,104.0,20.0,10.0,0.2023948834573462,0.0,2021-07-29,1.0,0.0,41.2791,-72.3319
SITE_01180,CT,6032,15.12,275.0,35.0,5.0,0.2208588957055215,0.0,2021-06-24,1.0,0.0,41.2468,-73.1193
SITE_01181,CT,6825,10.08,147.0,26.0,32.0,0.19936708860759492,0.0,2020-01-06,1.0,0.0,41.7585,-72.4089
SITE_01182,CT,6416,7.56,183.0,44.0,13.0,0.19444444444444442,0.0,2020-03-13,1.0,0.0,41.5500,-72.6690
SITE_01183,CT,6335,6.93,200.0,34.0,22.0,0.19444444444444442,0.0,2020-03-03,1.0,0.0,41.8105,-72.1242
SITE_01184,CT,6611,8.5,166.0,15.0,34.0,0.15337423312883436,0.0,2015-02-25,1.0,0.0,41.9734,-73.1388
SITE_01185,CT,6801,5.25,174.0,18.0,15.0,0.21228795466014516,0.0,2019-11-15,1.0,0.0,41.5235,-72.3322
SITE_01186,CT,6340,7.56,174.0,23.0,6.0,0.19444444444444442,0.0,2020-04-27,1.0,0.0,41.9561,-73.0175
SITE_01187,CT,6320,4.94,223.0,33.0,13.0,0.2087912087912088,0.0,2022-02-07,1.0,0.0,41.8424,-72.6315
SITE_01188,CT,6281,6.24,207.0,40.0,18.0,0.14692378328741967,0.0,2013-04-02,1.0,0.0,41.2269,-72.6196
SITE_01189,CT,6708,5.12,299.0,5.0,12.0,0.19626170517075994,0.0,2020-03-11,1.0,0.0,41.6650,-72.9334
SITE_01190,CT,6032,8.16,127.0,10.0,22.0,0.14692378328741967,0.0,2013-04-02,1.0,0.0,41.6349,-72.7291
SITE_01191,CT,6850,20.27,61.0,27.0,16.0,0.20061349693251534,0.0,2021-04-29,1.0,0.0,41.5566,-72.7512
SITE_01192,CT,6010,8.93,88.0,25.0,15.0,0.16464518961637672,0.0,2016-01-19,1.0,0.0,41.3511,-72.2166
SITE_01193,CT,6027,9.5,181.0,32.0,24.0,0.1544778494211715,0.0,2015-12-17,1.0,0.0,41.9877,-73.1782
SITE_01194,CT,6469,10.75,180.0,30.0,27.0,0.1544778494211715,0.0,2014-08-12,1.0,0.0,41.2905,-72.1849
SITE_01195,CT,6385,7.0,198.0,23.0,28.0,0.15460395105857325,0.0,2015-09-03,1.0,1.0,41.2046,-72.6364
SITE_01196,CT,6413,11.73,270.0,20.0,17.0,0.16464518961637672,0.0,2015-12-16,1.0,0.0,41.4842,-72.8951
SITE_01197,CT,6082,4.08,309.0,25.0,16.0,0.15756740640959493,0.0,2015-03-11,1.0,0.0,41.3750,-72.7107
SITE_01198,CT,6277,6.63,240.0,23.0,26.0,0.16464518961637672,0.0,2015-12-17,1.0,0.0,41.9395,-72.2428
SITE_01199,CT,6418,8.96,233.0,20.0,32.0,0.1763668430335097,0.0,2015-06-01,1.0,0.0,41.4880,-73.2656
SITE_01200,CT,6825,6.24,127.0,30.0,24.0,0.1649599654852995,0.0,2014-07-10,1.0,0.0,41.7167,-72.8967
SITE_01201,CT,6053,3.75,140.0,23.0,15.0,0.15304560759106214,0.0,2015-02-09,1.0,0.0,41.6752,-72.8870
SITE_01202,CT,6455,6.98,128.0,29.0,8.0,0.1460973966065616,0.0,2015-03-31,1.0,0.0,41.3395,-72.3474
SITE_01203,CT,6052,6.25,156.0,26.0,25.0,0.15274451341707806,0.0,2015-03-12,1.0,0.0,41.5854,-73.2849
SITE_01204,CT,6489,6.21,175.0,22.0,23.0,0.17006802721088435,0.0,2016-01-14,1.0,0.0,41.5063,-72.7766
SITE_01205,CT,6043,9.69,253.0,30.0,14.0,0.16464518961637672,0.0,2015-04-02,1.0,0.0,41.3717,-72.1247
SITE_01206,CT,6029,16.64,272.0,38.0,32.0,0.16065696339801835,0.0,2015-08-28,1.0,0.0,41.6012,-72.6998
SITE_01207,CT,6082,6.12,230.0,23.0,24.0,0.16464518961637672,0.0,2015-05-11,1.0,0.0,41.2468,-73.1912
SITE_01208,CT,6109,7.35,165.0,23.0,18.0,0.21228795466014516,0.0,2021-01-05,1.0,0.0,41.7304,-72.5688
SITE_01209,CT,6779,3.19,164.0,25.0,13.0,0.14998469543924092,0.0,2015-04-28,1.0,0.0,41.4851,-73.2658
SITE_01210,CT,6705,9.38,179.0,19.0,14.0,0.19319492502883506,0.0,2020-07-06,1.0,0.0,41.3936,-72.9739
SITE_01211,CT,6782,9.18,90.0,22.0,24.0,0.16464518961637672,0.0,2015-12-16,1.0,0.0,41.8001,-72.8821
SITE_01212,CT,6473,6.24,181.0,27.0,12.0,0.16065696339801835,0.0,2015-08-05,1.0,0.0,41.7990,-73.2089
SITE_01213,CT,6330,10.14,116.0,34.0,23.0,0.1598151062155783,0.0,2015-11-05,1.0,0.0,41.4746,-73.2933
SITE_01214,CT,6281,9.36,254.0,39.0,26.0,0.20338983050847456,0.0,2021-04-27,1.0,0.0,41.6824,-72.1643
SITE_01215,CT,6365,5.28,269.0,24.0,16.0,0.2023948834573462,0.0,2021-04-28,1.0,0.0,41.2428,-72.3936
SITE_01216,CT,6410,12.74,208.0,28.0,17.0,0.16065696339801835,0.0,2015-09-22,1.0,0.0,41.4609,-73.2884
SITE_01217,CT,6716,9.56,107.0,27.0,20.0,0.14998469543924092,0.0,2014-12-12,1.0,0.0,41.5492,-73.1568
SITE_01218,CT,6062,5.2,179.0,22.0,20.0,0.16065696339801835,0.0,2015-05-28,1.0,0.0,41.2919,-72.1498
SITE_01219,CT,6478,13.0,225.0,37.0,34.0,0.16065696339801835,0.0,2016-03-07,1.0,0.0,41.7303,-73.0190
SITE_01220,CT,6033,4.5,103.0,21.0,18.0,0.16141685256507524,0.0,2015-01-05,1.0,0.0,41.5496,-72.7462
SITE_01221,CT,6088,3.38,140.0,23.0,13.0,0.16065696339801835,0.0,2015-11-18,1.0,0.0,41.7487,-72.5609
SITE_01222,CT,6262,8.1,100.0,18.0,26.0,0.1649640744904443,0.0,2015-10-02,1.0,0.0,41.8455,-72.8052
SITE_01223,CT,6468,7.14,229.0,27.0,25.0,0.16464518961637672,0.0,2016-03-07,1.0,0.0,41.3273,-72.3270
SITE_01224,CT,6042,6.12,100.0,39.0,15.0,0.15756740640959493,0.0,2015-04-06,1.0,0.0,41.3334,-72.7579
SITE_01225,CT,6377,11.99,78.0,29.0,21.0,0.16464518961637672,0.0,2015-06-11,1.0,0.0,41.3181,-72.7756
SITE_01226,CT,6010,4.68,262.0,40.0,18.0,0.16065696339801835,0.0,2016-01-21,1.0,0.0,41.4994,-73.1089
SITE_01227,CT,6790,8.47,124.0,21.0,10.0,0.15173184141117071,0.0,2016-01-05,1.0,0.0,41.5592,-73.1409
SITE_01228,CT,6351,16.12,107.0,22.0,6.0,0.16065696339801835,0.0,2016-02-09,1.0,0.0,41.6173,-72.3482
SITE_01229,CT,6517,8.32,197.0,12.0,14.0,0.16065696339801835,0.0,2016-08-17,1.0,0.0,41.8763,-72.8474
SITE_01230,CT,6877,6.5,220.0,37.0,11.0,0.16141685256507524,0.0,2015-12-21,1.0,0.0,41.3260,-73.1532
SITE_01231,CT,6424,7.8,174.0,45.0,10.0,0.16065696339801835,0.0,2016-06-29,1.0,0.0,41.2821,-72.6320
SITE_01232,CT,6460,6.76,278.0,23.0,18.0,0.16065696339801835,0.0,2016-06-27,1.0,0.0,41.2777,-72.5574
SITE_01233,CT,6457,4.27,192.0,24.0,14.0,0.18792359827479976,0.0,2021-01-21,1.0,0.0,41.6477,-73.0172
SITE_01234,CT,6524,4.68,195.0,31.0,13.0,0.20338983050847456,0.0,2021-06-14,1.0,0.0,41.3313,-72.8851
SITE_01235,CT,6385,8.06,177.0,18.0,6.0,0.16065696339801835,0.0,2016-06-06,1.0,0.0,41.9581,-72.2355
SITE_01236,CT,6095,7.37,196.0,30.0,12.0,0.18406593406593408,0.0,2021-10-05,1.0,0.0,41.9337,-73.1044
SITE_01237,CT,6489,8.24,140.0,30.0,12.0,0.19211388259007306,0.0,2016-03-01,1.0,0.0,41.2294,-72.2780
SITE_01238,CT,6234,10.5,178.0,22.0,35.0,0.18896447467876037,0.0,2015-12-15,1.0,0.0,41.7966,-72.3326
SITE_01239,CT,6712,11.0,199.0,40.0,20.0,-1.0,0.0,2015-11-10,1.0,0.0,41.6342,-72.7491
SITE_01240,CT,6413,4.5,90.0,25.0,18.0,0.15460395105857325,0.0,2015-12-30,1.0,0.0,41.3060,-72.1403
SITE_01241,CT,6331,13.52,268.0,35.0,11.0,0.17110186371897973,0.0,2016-07-20,1.0,0.0,41.4341,-72.3016
SITE_01242,CT,6418,14.56,70.0,23.0,32.0,0.16065696339801835,0.0,2015-12-03,1.0,0.0,41.4798,-72.3600
SITE_01243,CT,6050,5.2,115.0,20.0,12.0,0.16065696339801835,0.0,2016-10-17,1.0,0.0,41.3237,-72.8410
SITE_01244,CT,6401,7.42,236.0,19.0,28.0,0.17110186371897973,0.0,2016-09-07,1.0,0.0,41.4024,-72.3736
SITE_01245,CT,6614,6.24,255.0,40.0,24.0,0.1626383442415705,0.0,2016-03-02,1.0,0.0,41.6058,-72.2571
SITE_01246,CT,6031,8.4,233.0,34.0,30.0,0.1763668430335097,0.0,2016-02-08,1.0,0.0,41.9124,-72.2343
SITE_01247,CT,6053,7.02,128.0,23.0,27.0,0.15916743189470464,0.0,2016-08-22,1.0,0.0,41.8118,-72.5242
SITE_01248,CT,6010,6.98,160.0,22.0,11.0,0.16464518961637672,0.0,2014-11-18,1.0,0.0,41.9636,-72.4768
SITE_01249,CT,6062,2.86,190.0,22.0,11.0,0.16065696339801835,0.0,2016-05-13,1.0,0.0,41.7166,-72.6864
SITE_01250,CT,6489,5.36,177.0,13.0,21.0,0.16464518961637672,0.0,2015-06-22,1.0,0.0,41.7004,-72.6177
SITE_01251,CT,6001,12.0,138.0,15.0,10.0,0.15274451341707806,0.0,2015-12-22,1.0,0.0,41.5720,-72.6979
SITE_01252,CT,6241,10.2,266.0,12.0,14.0,0.15756740640959493,0.0,2016-02-03,1.0,0.0,41.5947,-72.9446
SITE_01253,CT,6091,11.18,265.0,21.0,22.0,0.16065696339801835,0.0,2016-02-17,1.0,0.0,41.4164,-72.9406
SITE_01254,CT,6010,14.04,146.0,29.0,20.0,0.1678735266676782,0.0,2016-02-26,1.0,0.0,41.6024,-72.3349
SITE_01255,CT,6614,10.25,172.0,23.0,23.0,0.16141685256507524,0.0,2016-09-23,1.0,0.0,41.7376,-72.6898
SITE_01256,CT,6704,15.08,217.0,23.0,34.0,0.16065696339801835,0.0,2016-02-26,1.0,0.0,41.4641,-73.0845
SITE_01257,CT,6078,7.0,-1.0,-1.0,-1.0,-1.0,-1.0,2023-12-27,-1.0,-1.0,41.2504,-72.9621
SITE_01258,CT,6611,7.0,-1.0,-1.0,-1.0,-1.0,-1.0,2024-08-13,-1.0,-1.0,41.5764,-72.1785
SITE_01259,CT,6701,5.2,179.0,21.0,20.0,0.16065696339801835,0.0,2016-08-05,1.0,0.0,41.9712,-72.1760
SITE_01260,CT,6461,10.92,240.0,21.0,20.0,0.1588271227855834,0.0,2016-09-13,1.0,0.0,41.4618,-72.2597
SITE_01261,CT,6614,7.69,176.0,24.0,14.0,0.17110186371897973,0.0,2016-08-04,1.0,0.0,41.4826,-72.8815
SITE_01262,CT,6455,5.2,177.0,42.0,11.0,0.16065696339801835,0.0,2015-12-03,1.0,0.0,41.7054,-72.6999
SITE_01263,CT,6461,8.5,162.0,17.0,34.0,0.15274451341707806,0.0,2015-09-16,1.0,0.0,41.9422,-73.1509
SITE_01264,CT,6512,7.0,-1.0,-1.0,-1.0,-1.0,-1.0,2023-05-23,-1.0,-1.0,41.5173,-72.3452
SITE_01265,CT,6417,5.46,76.0,13.0,9.0,0.16065696339801835,0.0,2015-12-15,1.0,0.0,41.9870,-72.7648
SITE_01266,CT,6001,3.38,272.0,30.0,13.0,0.16065696339801835,0.0,2016-03-15,1.0,0.0,41.4381,-72.3384
SITE_01267,CT,6039,6.24,217.0,11.0,24.0,0.16065696339801835,0.0,2016-08-05,1.0,0.0,41.6917,-72.4343
SITE_01268,MA,1002,2.64,185.0,0.0,24.0,-1.0,0.0,2003-08-09,-1.0,-1.0,42.3911,-72.0940
SITE_01269,MA,1432,2.97,187.0,50.0,18.0,0.1290041117128697,0.0,2006-07-16,-1.0,-1.0,41.9825,-70.9494
SITE_01270,MA,1965,1.5,180.0,45.0,10.0,0.14328180282895592,1.0,2008-06-24,-1.0,1.0,42.0699,-70.9433
SITE_01271,MA,2657,3.28,164.0,19.0,16.0,0.13804713804713806,0.0,2008-09-15,-1.0,-1.0,41.9641,-71.3237
SITE_01272,MA,2474,5.2,155.0,47.0,26.0,0.17243757759690992,0.0,2009-05-05,-1.0,-1.0,41.8438,-71.6591
SITE_01273,MA,1237,4.56,180.0,0.0,24.0,0.14882817395663617,0.0,2009-10-27,-1.0,-1.0,-9999,-9999
SITE_01274,MA,1464,101.2,180.0,0.0,506.0,0.13604109529406644,0.0,2010-04-09,-1.0,-1.0,42.2318,-72.4236
SITE_01275,MA,1463,6.56,180.0,0.0,32.0,0.13944212267641812,1.0,2009-12-03,-1.0,1.0,42.4876,-71.7375
SITE_01276,MA,1056,5.64,180.0,30.0,24.0,0.1441576286990234,1.0,2010-10-25,0.0,0.0,42.2123,-70.9661
SITE_01277,MA,1863,5.52,160.0,25.0,24.0,0.14172056155848253,0.0,2010-11-23,0.0,0.0,42.0348,-70.9734
SITE_01278,MA,2770,3.36,180.0,0.0,16.0,0.15552744540986665,0.0,2011-02-04,-1.0,-1.0,41.9143,-70.7615
SITE_01279,MA,1012,5.06,180.0,0.0,22.0,-1.0,0.0,2011-07-29,1.0,0.0,42.5348,-72.0508
SITE_01280,MA,1756,10.12,180.0,35.0,44.0,0.14211962146747778,0.0,2011-06-14,0.0,0.0,42.4426,-71.6828
SITE_01281,MA,1757,4.95,180.0,0.0,22.0,0.1349730053989202,0.0,2011-12-20,1.0,0.0,42.5051,-72.3799
SITE_01282,MA,1890,4.0,180.0,0.0,16.0,0.1614168525650752,0.0,2011-10-12,0.0,0.0,42.7223,-72.2084
SITE_01283,MA,1720,8.28,180.0,45.0,36.0,0.14850350435986917,0.0,2011-11-22,0.0,0.0,42.4349,-72.3990
SITE_01284,MA,2740,8.64,160.0,14.0,36.0,0.14615538265915104,0.0,2012-08-03,0.0,0.0,42.4746,-72.5029
SITE_01285,MA,1845,10.56,180.0,0.0,44.0,0.14722481228836432,0.0,2013-02-05,0.0,1.0,42.4841,-72.0957
SITE_01286,MA,2030,14.88,170.0,20.0,62.0,0.1489643255267751,0.0,2012-09-17,0.0,0.0,42.2656,-72.1718
SITE_01287,MA,1360,7.848,155.0,20.0,24.0,0.2005256593124239,0.0,2012-11-28,0.0,-1.0,42.5136,-71.7594
SITE_01288,MA,2090,6.0,190.0,29.0,24.0,0.1568893239952808,0.0,2013-06-21,1.0,-1.0,41.9727,-72.5221
SITE_01289,MA,2468,4.5,230.0,25.0,18.0,0.1568893239952808,0.0,2012-10-18,0.0,0.0,42.2160,-71.8242
SITE_01290,MA,1201,5.75,190.0,38.0,23.0,0.15030180602650123,0.0,2013-02-26,0.0,-1.0,42.7331,-71.0420
SITE_01291,MA,2176,3.43,170.0,36.0,14.0,0.15138829243274807,0.0,2013-02-01,0.0,0.0,42.0967,-72.6992
SITE_01292,MA,2136,6.96,150.0,30.0,29.0,0.14829873544432465,0.0,2013-02-20,0.0,0.0,42.4820,-71.7456
SITE_01293,MA,1379,4.59,177.0,22.0,18.0,-1.0,0.0,2013-08-02,0.0,-1.0,42.5871,-72.4113
SITE_01294,MA,2155,7.0,182.0,25.0,28.0,0.15200007782403985,0.0,2013-06-10,0.0,-1.0,42.5376,-71.7894
SITE_01295,MA,2668,3.43,220.0,20.0,14.0,-1.0,0.0,2013-09-03,1.0,0.0,42.3223,-70.8591
SITE_01296,MA,2151,2.16,117.0,37.0,9.0,0.14829873544432465,0.0,2013-03-14,0.0,0.0,42.1605,-70.7924
SITE_01297,MA,1253,5.76,165.0,25.0,24.0,0.14829873544432465,0.0,2013-08-21,0.0,-1.0,42.2839,-72.6714
SITE_01298,MA,2067,5.145,200.0,34.0,21.0,-1.0,0.0,2013-09-20,1.0,0.0,42.5589,-71.8702
SITE_01299,MA,2719,6.75,253.0,33.0,27.0,0.15200007782403985,0.0,2013-12-03,0.0,-1.0,42.5892,-72.3091
SITE_01300,MA,2769,7.84,180.0,22.0,42.0,-1.0,0.0,2014-02-20,1.0,0.0,42.6508,-71.0271
SITE_01301,MA,2143,4.76,120.0,17.0,17.0,-1.0,0.0,2015-04-24,0.0,0.0,42.6269,-71.7063
SITE_01302,MA,2149,5.0,223.0,45.0,20.0,0.15304560759106214,0.0,2014-06-10,-1.0,-1.0,42.1660,-70.8563
SITE_01303,MA,1810,7.035,168.0,26.0,21.0,0.1691919191919192,0.0,2014-06-09,0.0,0.0,41.8606,-72.1372
SITE_01304,MA,1824,3.675,230.0,32.0,15.0,0.15138829243274807,0.0,2014-01-29,1.0,0.0,41.9422,-70.7417
SITE_01305,MA,1005,2400.0,180.0,25.0,8000.0,0.15942183016261027,0.0,2014-05-29,1.0,1.0,41.8024,-71.2943
SITE_01306,MA,2537,11.13,113.0,34.0,42.0,0.16813227251386298,0.0,2014-05-15,0.0,0.0,42.5494,-72.0696
SITE_01307,MA,2302,5.25,125.0,30.0,21.0,0.15304560759106214,0.0,2014-08-12,0.0,0.0,42.3548,-70.9466
SITE_01308,MA,2740,97.4,172.0,10.0,330.0,0.15779109300838187,0.0,2014-06-17,0.0,0.0,42.2875,-71.8157
SITE_01309,MA,2790,10.8,180.0,30.0,36.0,-1.0,0.0,2015-07-06,0.0,0.0,-9999,-9999
SITE_01310,MA,1890,2.58,170.0,38.0,215.0,0.0986800555766073,0.0,2013-10-10,0.0,0.0,42.3191,-72.7718
SITE_01311,MA,1906,2.805,160.0,22.0,11.0,0.16464518961637672,0.0,2014-09-26,0.0,0.0,42.7704,-72.4976
SITE_01312,MA,2067,7.65,193.0,33.0,30.0,0.15756740640959493,0.0,2015-03-13,0.0,0.0,42.7299,-72.1429
SITE_01313,MA,1906,14.0,299.0,40.0,56.0,0.15304560759106214,0.0,2014-10-10,0.0,0.0,42.0822,-72.6699
SITE_01314,MA,2136,9.18,186.0,22.0,34.0,0.17130457954242642,1.0,2015-05-01,1.0,0.0,41.8584,-71.6999
SITE_01315,MA,2645,23.0,180.0,32.0,100.0,0.14252959038235113,0.0,2014-10-22,0.0,0.0,42.4609,-71.3761
SITE_01316,MA,1093,7.15,180.0,0.0,26.0,-1.0,0.0,2015-08-18,-1.0,-1.0,41.9088,-71.5888
SITE_01317,MA,1830,6.63,127.0,15.0,26.0,0.15756740640959493,1.0,2014-06-10,0.0,0.0,42.1247,-72.4509
SITE_01318,MA,2537,9.35,160.0,40.0,34.0,-1.0,0.0,2015-06-05,0.0,0.0,-9999,-9999
SITE_01319,MA,2482,2.97,160.0,38.0,11.0,0.17130457954242642,0.0,2014-11-06,0.0,0.0,42.3171,-72.3309
SITE_01320,MA,1571,14.79,98.0,20.0,58.0,0.16464518961637672,1.0,2014-12-18,1.0,0.0,41.9558,-71.0783
SITE_01321,MA,2302,9.69,250.0,30.0,38.0,0.16464518961637672,0.0,2015-01-05,1.0,0.0,42.2388,-71.3092
SITE_01322,MA,2703,5.865,140.0,26.0,23.0,0.16464518961637672,0.0,2015-01-28,1.0,0.0,41.8619,-71.9292
SITE_01323,MA,1520,20.16,115.0,25.0,72.0,-1.0,0.0,2015-02-12,0.0,0.0,42.2091,-72.5273
SITE_01324,MA,1915,9.25,265.0,21.0,12.0,0.15200007782403985,0.0,2014-08-12,1.0,0.0,42.6742,-72.5805
SITE_01325,MA,1740,5.1,216.0,32.0,17.0,-1.0,0.0,2014-12-18,1.0,0.0,42.3780,-70.9476
SITE_01326,MA,1702,7.14,199.0,43.0,28.0,0.15756740640959493,0.0,2015-02-18,0.0,0.0,42.0451,-72.3543
SITE_01327,MA,2038,12.24,149.0,44.0,26.0,0.15756740640959493,0.0,2014-08-20,1.0,0.0,42.6152,-71.6157
SITE_01328,MA,1915,12.495,147.0,36.0,24.0,0.15756740640959493,0.0,2014-07-21,1.0,0.0,42.7586,-70.8497
SITE_01329,MA,2777,11.22,91.0,18.0,26.0,0.15756740640959493,0.0,2015-02-05,1.0,0.0,41.8465,-71.5018
SITE_01330,MA,1351,4.5,114.0,32.0,18.0,0.15304560759106214,0.0,2015-03-19,1.0,0.0,41.9616,-71.2117
SITE_01331,MA,1118,5.1,180.0,22.0,20.0,0.15756740640959493,0.0,2015-05-11,1.0,0.0,42.3722,-72.1514
SITE_01332,MA,1056,10.2,195.0,17.0,40.0,0.15756740640959493,0.0,2015-06-02,1.0,0.0,42.3612,-71.0840
SITE_01333,MA,2790,15.045,152.0,20.0,23.0,0.16464518961637672,0.0,2015-04-30,1.0,0.0,42.0301,-71.9565
SITE_01334,MA,1906,4.0,194.0,19.0,16.0,0.15460395105857325,0.0,2015-04-08,1.0,0.0,42.2601,-72.4466
SITE_01335,MA,2333,11.76,161.0,23.0,14.0,0.1515118720374018,0.0,2015-06-30,1.0,0.0,42.0219,-71.0307
SITE_01336,MA,1519,5.98,145.0,30.0,17.0,0.15808008093700143,0.0,2015-05-11,1.0,0.0,41.9891,-72.4687
SITE_01337,MA,1432,9.36,80.0,40.0,36.0,0.15808008093700143,0.0,2015-07-01,1.0,0.0,42.3968,-71.6039
SITE_01338,MA,2644,6.76,279.0,27.0,26.0,0.15808008093700143,0.0,2015-08-31,1.0,0.0,42.7586,-72.6053
SITE_01339,MA,2631,4.42,172.0,40.0,17.0,0.15808008093700143,0.0,2015-07-08,1.0,0.0,42.7300,-72.6156
SITE_01340,MA,2368,7.25,290.0,18.0,29.0,0.15460395105857325,0.0,2015-08-28,1.0,0.0,42.3421,-71.0504
SITE_01341,MA,1463,9.0,210.0,20.0,36.0,0.20095138423351516,1.0,2015-07-14,1.0,0.0,42.1335,-71.3650
SITE_01342,MA,1464,10.66,142.0,32.0,16.0,0.15808008093700143,0.0,2015-07-06,1.0,0.0,42.3052,-71.4221
SITE_01343,MA,2790,6.25,180.0,24.0,25.0,0.15460395105857325,0.0,2015-08-18,1.0,0.0,42.3423,-72.4794
SITE_01344,MA,2532,8.16,222.0,25.0,32.0,0.15756740640959493,0.0,2015-07-15,1.0,0.0,42.1558,-70.7750
SITE_01345,MA,2072,12.22,110.0,38.0,47.0,0.15808008093700143,0.0,2015-09-09,1.0,0.0,42.2905,-71.1546
SITE_01346,MA,1754,16.12,253.0,24.0,40.0,0.15808008093700143,0.0,2015-09-15,1.0,0.0,42.2992,-72.8647
SITE_01347,MA,1027,8.32,172.0,31.0,32.0,0.15808008093700143,0.0,2015-10-01,1.0,0.0,42.1409,-71.0567
SITE_01348,MA,2563,3.9,135.0,40.0,15.0,0.15808008093700143,0.0,2015-10-20,1.0,0.0,42.7721,-72.4723
SITE_01349,MA,2360,9.69,227.0,34.0,38.0,0.15756740640959493,0.0,2015-10-21,1.0,0.0,42.7476,-72.5749
SITE_01350,MA,1002,12.74,171.0,30.0,33.0,0.15808008093700143,0.0,2015-10-06,1.0,0.0,42.4627,-71.3051
SITE_01351,MA,1760,9.1,91.0,28.0,18.0,0.16394683078164807,0.0,2015-10-19,1.0,0.0,42.1926,-71.7024
SITE_01352,MA,2180,10.5,184.0,39.0,35.0,-1.0,0.0,2015-10-28,0.0,0.0,42.3839,-72.3824
SITE_01353,MA,1602,2.6,257.0,30.0,10.0,0.15808008093700143,0.0,2015-07-06,1.0,0.0,41.9691,-71.2632
SITE_01354,MA,1915,4.42,226.0,20.0,17.0,0.15808008093700143,0.0,2015-08-17,1.0,0.0,42.1816,-71.9873
SITE_01355,MA,2072,4.42,182.0,25.0,17.0,0.15808008093700143,0.0,2015-08-20,1.0,0.0,42.4372,-72.5857
SITE_01356,MA,1201,4.68,218.0,13.0,18.0,0.15808008093700143,0.0,2015-12-03,1.0,0.0,42.2871,-72.3799
SITE_01357,MA,1002,8.829,180.0,23.0,12.0,0.20061349693251534,0.0,2015-11-04,0.0,0.0,42.1156,-71.8718
SITE_01358,MA,2140,3.12,178.0,41.0,12.0,0.15808008093700143,0.0,2015-10-28,0.0,0.0,42.5810,-71.1385
SITE_01359,MA,1060,48.069,191.0,18.0,147.0,0.20061349693251534,0.0,2015-10-09,0.0,0.0,42.2914,-72.1700
SITE_01360,MA,1096,7.28,180.0,30.0,28.0,0.15808008093700143,0.0,2015-10-08,0.0,0.0,42.6915,-71.0609
SITE_01361,MA,1536,4.845,171.0,23.0,19.0,0.15756740640959493,0.0,2015-11-09,0.0,0.0,42.4656,-71.6443
SITE_01362,MA,1118,6.24,135.0,42.0,24.0,0.15808008093700143,0.0,2015-10-02,1.0,0.0,42.7481,-70.7129
SITE_01363,MA,1930,5.4,155.0,34.0,18.0,-1.0,0.0,2015-11-03,0.0,0.0,42.3552,-71.3593
SITE_01364,MA,1463,22.0,180.0,20.0,88.0,0.20095138423351516,0.0,2015-12-24,0.0,0.0,41.9142,-71.0096
SITE_01365,MA,2370,4.94,256.0,40.0,19.0,0.15808008093700143,0.0,2015-12-16,1.0,0.0,42.4247,-71.3447
SITE_01366,MA,1331,9.9,170.0,45.0,36.0,-1.0,0.0,2015-12-22,0.0,0.0,42.6399,-70.9283
SITE_01367,MA,1463,10.4,82.0,30.0,40.0,0.15808008093700143,0.0,2015-10-07,1.0,0.0,42.3609,-71.1316
SITE_01368,MA,1007,8.32,166.0,16.0,32.0,0.15808008093700143,0.0,2016-01-07,1.0,0.0,42.4842,-72.8622
SITE_01369,MA,2019,8.06,293.0,18.0,31.0,0.15808008093700143,0.0,2016-01-20,1.0,0.0,41.9156,-72.2008
SITE_01370,MA,1570,7.8,145.0,34.0,30.0,0.15808008093700143,0.0,2016-01-07,1.0,0.0,42.3054,-71.2043
SITE_01371,MA,2301,12.0,201.0,29.0,40.0,-1.0,1.0,2016-01-21,0.0,0.0,42.7720,-71.1598
SITE_01372,MA,1590,16.575,249.0,22.0,65.0,0.15756740640959493,0.0,2016-01-29,1.0,0.0,42.5397,-72.7079
SITE_01373,MA,2743,5.5,171.0,20.0,20.0,0.1732996312814027,0.0,2016-01-12,1.0,0.0,42.5602,-70.7086
SITE_01374,MA,2764,5.72,270.0,19.0,22.0,0.15808008093700143,0.0,2016-02-03,1.0,0.0,41.8638,-71.4206
SITE_01375,MA,2090,6.12,197.0,36.0,24.0,0.15951068377538644,0.0,2015-10-20,1.0,0.0,42.2611,-72.7321
SITE_01376,MA,2081,213.0,135.0,10.0,702.0,0.15618898867629832,1.0,2015-11-17,0.0,0.0,42.2546,-71.9528
SITE_01377,MA,1944,5.3,202.0,40.0,10.0,0.16288847364280096,0.0,2016-02-29,0.0,0.0,41.8680,-72.4452
SITE_01378,MA,2648,5.98,85.0,20.0,23.0,0.15808008093700143,0.0,2016-03-15,1.0,0.0,42.3806,-71.3059
SITE_01379,MA,1057,5.98,184.0,45.0,23.0,0.15256872927852594,0.0,2015-12-31,1.0,0.0,42.4975,-71.4635
SITE_01380,MA,2136,4.68,202.0,44.0,18.0,0.15808008093700143,0.0,2016-01-11,1.0,0.0,42.1839,-71.6973
SITE_01381,MA,1030,7.65,272.0,23.0,30.0,0.15756740640959493,0.0,2015-10-09,1.0,0.0,42.2271,-70.9209
SITE_01382,MA,1002,14.85,152.0,18.0,55.0,-1.0,0.0,2015-11-13,0.0,0.0,41.8726,-72.6432
SITE_01383,MA,1469,7.59,150.0,26.6,22.0,0.2115637689993463,0.0,2016-02-08,0.0,0.0,41.9566,-72.7265
SITE_01384,MA,1720,7.54,150.0,38.0,29.0,0.15256872927852594,1.0,2016-04-19,1.0,0.0,42.6680,-72.7650
SITE_01385,MA,1107,4.68,260.0,22.0,18.0,0.15808008093700143,0.0,2016-01-26,1.0,0.0,42.5023,-71.6641
SITE_01386,MA,1757,9.62,267.0,37.0,37.0,0.15256872927852594,0.0,2016-05-16,1.0,0.0,42.7340,-72.8418
SITE_01387,MA,1702,6.27,255.0,32.0,22.0,-1.0,0.0,2016-04-07,0.0,0.0,42.3036,-71.0856
SITE_01388,MA,2050,4.4,175.0,37.0,16.0,-1.0,0.0,2016-04-08,1.0,0.0,42.3683,-71.0821
SITE_01389,MA,2052,8.4,140.0,18.0,30.0,-1.0,0.0,2016-03-21,1.0,0.0,42.2492,-71.2879
SITE_01390,MA,1904,6.54,180.0,30.0,20.0,0.20061349693251534,1.0,2016-05-25,0.0,0.0,42.6106,-70.7436
SITE_01391,MA,1089,9.88,151.0,34.0,38.0,0.15808008093700143,0.0,2016-04-06,1.0,0.0,41.8581,-72.2391
SITE_01392,MA,2360,4.08,171.0,35.0,16.0,0.15756740640959493,0.0,2016-04-11,1.0,0.0,42.5035,-72.3488
SITE_01393,MA,2056,13.78,277.0,18.0,53.0,0.15808008093700143,0.0,2016-06-01,1.0,0.0,42.5153,-72.3521
SITE_01394,MA,1757,7.02,175.0,22.0,27.0,0.15808008093700143,0.0,2016-03-01,1.0,0.0,42.0371,-71.3822
SITE_01395,MA,2536,11.18,142.0,27.0,43.0,0.15808008093700143,0.0,2016-06-27,1.0,0.0,42.4586,-71.7904
SITE_01396,MA,1826,11.18,75.0,30.0,43.0,0.16787352666767819,0.0,2016-03-17,1.0,0.0,42.3951,-72.4153
SITE_01397,MA,1082,7.521,178.0,30.0,23.0,0.20061349693251534,0.0,2016-06-06,0.0,0.0,42.4163,-71.5117
SITE_01398,MA,1930,7.8,150.0,40.0,26.0,-1.0,0.0,2016-06-10,0.0,0.0,42.7082,-72.7687
SITE_01399,MA,2725,5.035,205.0,22.0,19.0,0.16576600470775454,0.0,2016-05-17,0.0,0.0,42.3266,-72.0637
SITE_01400,MA,1590,14.04,240.0,30.0,54.0,0.15808008093700143,0.0,2016-06-28,1.0,0.0,41.9627,-71.4587
SITE_01401,MA,2703,10.335,167.0,35.0,39.0,0.16576600470775454,1.0,2016-07-05,1.0,0.0,42.0175,-71.2408
SITE_01402,MA,2777,6.9,212.0,19.0,23.0,0.1550820383983127,0.0,2016-07-12,0.0,0.0,42.7647,-71.9184
SITE_01403,MA,1463,5.2,265.0,20.0,20.0,0.15808008093700143,0.0,2016-08-10,1.0,0.0,42.0462,-70.8823
SITE_01404,MA,2169,10.395,195.0,36.0,33.0,-1.0,0.0,2016-09-16,0.0,0.0,42.3404,-71.6371
SITE_01405,MA,2568,5.355,105.1,18.5,17.0,-1.0,0.0,2016-08-12,0.0,0.0,42.1125,-72.3740
SITE_01406,MA,1062,9.045,188.0,35.0,27.0,0.20543148583994497,0.0,2016-06-27,0.0,0.0,42.7194,-72.1997
SITE_01407,MA,1070,3.975,180.0,35.0,15.0,0.16576600470775454,0.0,2016-08-01,0.0,0.0,42.0733,-71.7846
SITE_01408,MA,1431,11.22,180.0,35.0,44.0,0.1561065197428834,0.0,2016-01-21,0.0,0.0,42.2280,-72.0296
SITE_01409,MA,2050,4.32,150.0,23.0,16.0,-1.0,0.0,2016-07-05,0.0,0.0,42.6150,-71.0513
SITE_01410,MA,1027,5.98,174.0,33.0,23.0,0.15256872927852594,0.0,2016-04-12,1.0,0.0,41.9030,-71.6230
SITE_01411,MA,2019,8.48,209.0,28.0,16.0,0.1711018637189797,0.0,2016-05-05,1.0,0.0,41.9029,-70.9345
SITE_01412,MA,2151,4.94,201.0,20.0,19.0,0.15256872927852594,0.0,2016-08-09,1.0,0.0,41.8641,-71.1675
SITE_01413,MA,1824,12.0,246.0,28.0,40.0,-1.0,0.0,2016-07-08,0.0,0.0,41.9016,-71.4478
SITE_01414,MA,1844,6.76,177.0,30.0,26.0,0.16787352666767819,0.0,2016-07-18,1.0,0.0,41.9321,-70.8570
SITE_01415,MA,2725,4.68,157.0,14.5,15.0,0.15256872927852594,0.0,2016-08-17,1.0,0.0,42.4927,-71.3192
SITE_01416,MA,2151,7.14,199.0,15.0,14.0,0.15756740640959493,0.0,2016-06-01,1.0,0.0,41.8970,-72.2736
SITE_01417,MA,1752,12.5,88.0,45.0,50.0,0.15274451341707806,0.0,2016-06-02,1.0,0.0,41.9908,-71.9480
SITE_01418,MA,1038,8.96,180.0,35.0,32.0,0.17764919359955333,0.0,2016-08-08,0.0,0.0,42.2934,-71.8128
SITE_01419,MA,2176,8.28,199.0,34.0,24.0,0.2115637689993463,0.0,2016-09-28,0.0,0.0,42.3866,-71.2539
SITE_01420,MA,2338,6.63,170.0,40.0,26.0,0.15756740640959493,0.0,2016-09-27,1.0,0.0,42.6778,-71.6392
SITE_01421,MA,1420,5.035,172.0,39.0,19.0,0.1637465203864418,0.0,2016-10-07,1.0,0.0,42.7287,-71.7002
SITE_01422,MA,2719,6.0,180.0,22.0,20.0,0.1550820383983127,0.0,2016-11-08,0.0,0.0,42.5387,-71.1336
SITE_01423,MA,2492,11.55,174.0,32.0,42.0,0.17447688657098986,1.0,2016-11-16,0.0,0.0,42.3609,-71.2632
SITE_01424,MA,2465,6.6,192.0,26.0,22.0,0.19108280254777069,0.0,2016-11-17,0.0,0.0,42.0470,-71.5106
SITE_01425,MA,1906,5.98,296.0,16.0,23.0,0.15808008093700143,0.0,2016-12-13,1.0,0.0,42.1598,-71.3375
SITE_01426,MA,1757,23.94,72.8,5.0,64.0,-1.0,0.0,2016-10-25,0.0,0.0,42.1846,-72.4577
SITE_01427,MA,2050,9.805,175.0,34.0,37.0,0.1711018637189797,0.0,2016-12-21,0.0,0.0,42.3935,-72.3633
SITE_01428,MA,2649,9.01,100.0,23.0,34.0,0.15950920245398775,0.0,2016-12-02,1.0,0.0,42.4365,-72.8888
SITE_01429,MA,1360,6.96,180.0,35.0,24.0,-1.0,1.0,2016-11-30,0.0,0.0,42.2763,-72.4396
SITE_01430,MA,2131,4.335,130.0,24.0,17.0,0.15756740640959493,0.0,2016-08-31,1.0,0.0,41.9856,-72.5410
SITE_01431,MA,1054,7.44,180.0,0.0,24.0,-1.0,1.0,2017-01-06,0.0,0.0,41.8088,-71.0078
SITE_01432,MA,2151,5.72,111.0,32.0,22.0,0.15256872927852594,0.0,2017-01-11,1.0,0.0,42.0110,-72.4801
SITE_01433,MA,1118,7.42,83.0,18.0,28.0,0.16257668711656442,0.0,2016-12-06,1.0,0.0,42.0368,-72.1308
SITE_01434,MA,1915,9.1,200.0,31.3,20.0,-1.0,1.0,2017-01-31,0.0,0.0,42.3201,-70.9737
SITE_01435,MA,2532,10.4,285.0,33.0,40.0,0.15256872927852594,0.0,2016-12-06,1.0,0.0,41.9421,-71.6432
SITE_01436,MA,1420,12.69,259.8,18.0,47.0,-1.0,0.0,2017-02-09,0.0,0.0,42.3761,-72.8539
SITE_01437,MA,1550,12.0,180.0,38.0,40.0,-1.0,1.0,2016-09-19,0.0,0.0,42.0037,-72.8754
SITE_01438,MA,1368,7.95,217.0,45.0,20.0,0.1637465203864418,0.0,2017-03-02,0.0,0.0,41.8909,-70.8572
SITE_01439,MA,1463,36.6,180.0,0.0,120.0,-1.0,1.0,2016-12-29,0.0,1.0,42.0216,-71.6407
SITE_01440,MA,1841,4.76,211.0,26.0,17.0,0.1764505336683373,0.0,2017-02-01,1.0,0.0,42.7522,-71.3291
SITE_01441,MA,2152,5.36,183.0,30.0,16.0,0.20543148583994497,0.0,2017-03-21,0.0,0.0,41.9483,-71.1107
SITE_01442,MA,2364,1118.72,180.0,20.0,3496.0,0.1635924911046583,0.0,2017-05-08,0.0,1.0,42.7768,-72.7838
SITE_01443,MA,1118,10.92,164.0,22.0,42.0,0.15950920245398775,0.0,2017-06-09,1.0,0.0,41.9126,-71.8383
SITE_01444,MA,2021,9.625,224.0,20.0,35.0,0.16965003972895476,0.0,2017-06-28,1.0,0.0,42.3712,-70.7906
SITE_01445,MA,1002,6.4,180.0,35.0,20.0,-1.0,0.0,2017-06-22,0.0,0.0,41.8656,-70.9463
SITE_01446,MA,1752,7.02,131.0,25.0,27.0,0.16787352666767819,0.0,2016-08-25,1.0,0.0,42.0073,-72.7417
SITE_01447,MA,1096,1316.7,180.0,20.0,4180.0,0.16103635843114802,0.0,2017-07-06,0.0,1.0,42.0385,-71.8271
SITE_01448,MA,1337,8.265,211.0,35.0,29.0,0.14837953924248343,0.0,2017-07-17,1.0,0.0,42.5297,-72.2177
SITE_01449,MA,1536,2494.8,180.0,20.0,7560.0,-1.0,0.0,2017-07-31,0.0,1.0,42.0362,-72.8734
SITE_01450,MA,1340,6.0,180.0,35.0,20.0,0.1550820383983127,1.0,2017-07-13,0.0,0.0,42.1869,-72.1288
SITE_01451,MA,2657,5.28,145.0,30.0,16.0,0.20015721439385117,0.0,2017-08-02,0.0,0.0,42.4925,-71.8918
SITE_01452,MA,2302,5.6,342.0,20.0,20.0,0.1764505336683373,0.0,2017-09-13,1.0,0.0,41.8670,-71.3899
SITE_01453,MA,1844,2.4,139.0,34.0,8.0,0.18633540372670804,0.0,2017-09-22,1.0,0.0,42.4661,-72.4202
SITE_01454,MA,2726,7.41,186.0,18.0,26.0,0.14837953924248343,0.0,2017-02-24,0.0,0.0,42.6423,-72.3998
SITE_01455,MA,2474,3.42,286.0,30.0,12.0,0.17065868263473055,0.0,2017-03-07,0.0,0.0,41.9973,-72.4524
SITE_01456,MA,2053,9.81,171.0,42.0,30.0,0.20061349693251534,0.0,2017-08-14,0.0,0.0,42.3101,-72.3287
SITE_01457,MA,1756,1423.08,180.0,20.0,4248.0,0.1762045024195245,0.0,2017-11-21,1.0,1.0,42.2437,-71.7619
SITE_01458,MA,1082,10.07,239.0,20.0,38.0,0.1634809473751746,0.0,2017-09-08,0.0,0.0,42.3573,-71.1991
SITE_01459,MA,1906,7.98,236.0,26.0,28.0,0.1468805660003958,0.0,2017-10-25,1.0,0.0,42.5346,-71.1537
SITE_01460,MA,1902,5.13,203.0,21.0,18.0,0.1468805660003958,0.0,2017-10-12,1.0,0.0,42.5848,-71.6908
SITE_01461,MA,1420,8.12,116.0,29.0,29.0,0.14430371396530114,0.0,2017-11-17,1.0,0.0,41.8022,-71.3738
SITE_01462,MA,2121,62.72,203.0,5.0,224.0,-1.0,0.0,2017-12-27,1.0,1.0,42.3033,-71.9193
SITE_01463,MA,2360,2783.88,180.0,20.0,7524.0,0.194613928045445,0.0,2017-11-09,0.0,1.0,41.9059,-72.0247
SITE_01464,MA,2151,6.09,109.0,27.0,21.0,0.14945741803549048,0.0,2018-01-19,1.0,0.0,42.1729,-70.8774
SITE_01465,MA,2176,11.39,91.0,27.0,34.0,0.20318989946042468,0.0,2018-02-01,0.0,0.0,42.4313,-71.4225
SITE_01466,MA,1226,7.37,182.0,34.0,22.0,0.20318989946042468,0.0,2018-01-18,0.0,0.0,41.8427,-71.8619
SITE_01467,MA,1952,4.72,241.0,18.0,16.0,0.17664670658682635,0.0,2018-04-03,1.0,0.0,42.7594,-72.6215
SITE_01468,MA,1772,6.67,250.0,25.0,23.0,0.17365269461077845,0.0,2018-04-06,1.0,0.0,41.8299,-71.9687
SITE_01469,MA,1035,4.62,188.0,23.0,14.0,0.20015721439385117,0.0,2018-04-30,0.0,0.0,42.4639,-71.5420
SITE_01470,MA,2324,10.62,195.0,40.0,36.0,0.17664670658682635,0.0,2018-04-25,1.0,0.0,42.4641,-71.6292
SITE_01471,MA,1104,8.41,170.0,41.0,29.0,0.14945741803549048,0.0,2018-05-16,1.0,0.0,42.7461,-70.8542
SITE_01472,MA,1851,10.54,200.0,31.0,34.0,0.18977655341291705,0.0,2017-12-11,0.0,0.0,42.1415,-72.6713
SITE_01473,MA,1463,8.04,180.0,35.0,24.0,0.20318989946042468,1.0,2018-03-27,0.0,0.0,-9999,-9999
SITE_01474,MA,2720,4.8,170.0,26.0,16.0,-1.0,0.0,2018-06-28,0.0,0.0,42.0757,-70.8884
SITE_01475,MA,2460,10.585,99.0,30.0,29.0,0.1919840100988849,0.0,2018-07-17,0.0,0.0,41.8615,-71.0992
SITE_01476,MA,1602,8.26,250.0,37.0,28.0,0.15203427007058515,0.0,2018-07-19,1.0,0.0,42.0537,-71.7694
SITE_01477,MA,1720,5.2,133.0,35.0,16.0,0.19414575866188769,0.0,2018-06-01,0.0,0.0,42.5616,-72.2254
SITE_01478,MA,1475,10.325,127.0,34.0,35.0,0.1535858388650267,0.0,2018-06-06,0.0,0.0,42.5459,-72.0391
SITE_01479,MA,2420,12.24,179.0,20.0,34.0,0.2151462994836489,0.0,2018-08-21,0.0,0.0,42.1096,-71.8602
SITE_01480,MA,1222,15.12,163.0,13.0,42.0,0.2208588957055215,0.0,2018-09-04,1.0,0.0,42.0015,-72.5253
SITE_01481,MA,2790,9.735,187.0,20.0,33.0,0.17664670658682635,0.0,2018-10-03,1.0,0.0,41.8361,-70.8582
SITE_01482,MA,1581,5.605,189.0,15.0,19.0,0.15203427007058515,0.0,2018-10-15,1.0,0.0,42.0701,-72.2818
SITE_01483,MA,1370,15.34,180.0,30.0,52.0,0.17664670658682635,0.0,2018-10-18,0.0,0.0,42.7487,-72.4675
SITE_01484,MA,2725,6.82,197.0,25.0,22.0,0.18977655341291705,0.0,2018-10-18,0.0,0.0,42.4231,-71.5341
SITE_01485,MA,1007,6.84,213.0,32.0,19.0,0.2151462994836489,0.0,2018-10-27,0.0,0.0,42.7615,-72.6433
SITE_01486,MA,2720,10.2,195.0,26.0,34.0,0.1876172607879925,0.0,2018-10-22,0.0,0.0,42.0588,-71.6707
SITE_01487,MA,1104,6.195,131.0,21.0,21.0,0.17664670658682635,0.0,2018-11-09,0.0,0.0,41.9690,-71.4558
SITE_01488,MA,2745,3.84,180.0,20.0,12.0,0.19409184426070417,0.0,2018-11-20,0.0,0.0,42.6173,-71.8826
SITE_01489,MA,2152,7.965,178.0,35.0,27.0,0.17664670658682635,0.0,2018-09-18,0.0,0.0,42.0656,-72.6251
SITE_01490,MA,1473,648.38,180.0,25.0,1907.0,0.17051153460381144,0.0,2018-12-31,1.0,1.0,42.1297,-70.7794
SITE_01491,MA,1852,10.03,75.0,19.0,34.0,0.15203427007058515,0.0,2018-11-20,1.0,0.0,42.5369,-70.8113
SITE_01492,CT,6470,-1.0,-1.0,-1.0,-1.0,-1.0,-1.0,2023-01-31,-1.0,-1.0,41.6617,-72.2947
SITE_01493,AZ,85743,2.96,-1.0,-1.0,-1.0,-1.0,-1.0,2011-10-28,-1.0,-1.0,36.0505,-112.2252
SITE_01494,AZ,85750,10.12,-1.0,-1.0,-1.0,-1.0,-1.0,2011-06-23,-1.0,-1.0,35.8912,-112.9406
SITE_01495,AZ,85718,6.37,-1.0,-1.0,-1.0,-1.0,-1.0,2013-09-19,-1.0,-1.0,35.6952,-110.0964
SITE_01496,AZ,85614,5.886,-1.0,-1.0,-1.0,-1.0,-1.0,2013-09-06,-1.0,-1.0,-9999,-9999
SITE_01497,AZ,85704,4.5,-1.0,-1.0,-1.0,-1.0,-1.0,2014-10-08,-1.0,-1.0,34.0809,-113.4015
SITE_01498,AZ,85743,7.0,-1.0,-1.0,-1.0,-1.0,-1.0,2015-04-01,-1.0,-1.0,35.0855,-113.3511
SITE_01499,AZ,85746,2.12,-1.0,-1.0,-1.0,-1.0,-1.0,2016-03-18,-1.0,-1.0,34.3945,-110.6003
SITE_01500,AZ,85749,13.08,-1.0,-1.0,-1.0,-1.0,-1.0,2016-02-24,-1.0,-1.0,32.7822,-111.0059
SITE_01501,AZ,85714,3.975,-1.0,-1.0,-1.0,-1.0,-1.0,2016-03-31,-1.0,-1.0,34.9094,-111.3961
SITE_01502,AZ,85718,4.25,-1.0,-1.0,-1.0,-1.0,-1.0,2016-06-21,-1.0,-1.0,34.0822,-110.2126
SITE_01503,AZ,85756,9.01,-1.0,-1.0,-1.0,-1.0,-1.0,2016-08-26,-1.0,-1.0,32.8442,-113.0061
SITE_01504,AZ,85641,14.24,-1.0,-1.0,-1.0,-1.0,-1.0,2016-09-01,-1.0,-1.0,33.4123,-112.7396
SITE_01505,AZ,85743,9.0,-1.0,-1.0,-1.0,-1.0,-1.0,2017-03-27,-1.0,-1.0,35.5694,-113.2342
SITE_01506,AZ,85745,4.905,-1.0,-1.0,-1.0,-1.0,-1.0,2017-04-17,-1.0,-1.0,33.9417,-112.2226
SITE_01507,AZ,85712,5.015,-1.0,-1.0,-1.0,-1.0,-1.0,2017-06-14,-1.0,-1.0,33.7532,-112.2985
SITE_01508,AZ,85622,5.415,-1.0,-1.0,-1.0,-1.0,-1.0,2017-09-25,-1.0,-1.0,34.2450,-113.3081
SITE_01509,AZ,85730,10.8,-1.0,-1.0,-1.0,-1.0,-1.0,2015-12-14,-1.0,-1.0,34.2888,-112.3328
SITE_01510,AZ,85719,3.0,-1.0,-1.0,-1.0,-1.0,-1.0,2018-01-30,-1.0,-1.0,34.7175,-112.3876
SITE_01511,AZ,85737,9.0,-1.0,-1.0,-1.0,-1.0,-1.0,2015-08-05,-1.0,-1.0,33.9727,-111.1349
SITE_01512,AZ,85746,12.0,-1.0,-1.0,-1.0,-1.0,-1.0,2015-04-15,-1.0,-1.0,35.1447,-113.1789
SITE_01513,AZ,85710,5.185,-1.0,-1.0,-1.0,-1.0,-1.0,2019-11-26,-1.0,-1.0,36.0956,-110.0611
SITE_01514,AZ,85750,9.735,-1.0,-1.0,-1.0,-1.0,-1.0,2020-06-23,-1.0,-1.0,32.3083,-112.6220
SITE_01515,AZ,85614,7.68,-1.0,-1.0,-1.0,-1.0,-1.0,2020-01-13,-1.0,-1.0,34.6188,-109.9583
SITE_01516,AZ,85710,4.16,-1.0,-1.0,-1.0,-1.0,-1.0,2020-08-12,-1.0,-1.0,36.0221,-113.4063
SITE_01517,AZ,85747,7.2,-1.0,-1.0,-1.0,-1.0,-1.0,2021-04-26,-1.0,-1.0,-9999,-9999
SITE_01518,AZ,85745,14.35,-1.0,-1.0,-1.0,-1.0,-1.0,2021-04-07,-1.0,-1.0,35.1021,-110.3003
SITE_01519,AZ,85641,17.2,-1.0,-1.0,-1.0,-1.0,-1.0,2021-06-09,-1.0,-1.0,34.8067,-111.3928
SITE_01520,AZ,85748,9.86,-1.0,-1.0,-1.0,-1.0,-1.0,2021-07-27,-1.0,-1.0,35.0363,-113.1613
SITE_01521,AZ,85730,6.46,-1.0,-1.0,-1.0,-1.0,-1.0,2023-05-17,-1.0,-1.0,35.1426,-110.4665
SITE_01522,AZ,85746,10.0,-1.0,-1.0,-1.0,-1.0,-1.0,2022-03-14,-1.0,-1.0,33.3349,-112.7369
SITE_01523,AZ,85719,8.8,-1.0,-1.0,-1.0,-1.0,-1.0,2022-08-16,-1.0,-1.0,33.2541,-112.7378
SITE_01524,AZ,85737,7.2,-1.0,-1.0,-1.0,-1.0,-1.0,2022-06-14,-1.0,-1.0,34.0907,-110.8869
SITE_01525,AZ,85641,13.2,-1.0,-1.0,-1.0,-1.0,-1.0,2023-05-30,-1.0,-1.0,34.0969,-111.0773
SITE_01526,AZ,85730,8.395,-1.0,-1.0,-1.0,-1.0,-1.0,2023-01-27,-1.0,-1.0,32.4002,-111.1316
SITE_01527,AZ,85641,26.645,-1.0,-1.0,-1.0,-1.0,-1.0,2023-10-23,-1.0,-1.0,34.6338,-110.1698
SITE_01528,AZ,85742,7.2,-1.0,-1.0,-1.0,-1.0,-1.0,2023-03-10,-1.0,-1.0,33.4391,-110.0220
SITE_01529,AZ,85739,4.4,-1.0,-1.0,-1.0,-1.0,-1.0,2023-12-08,-1.0,-1.0,35.1589,-112.3040
SITE_01530,AZ,85755,4.455,-1.0,-1.0,-1.0,-1.0,-1.0,2023-06-28,-1.0,-1.0,36.1942,-110.0856
SITE_01531,AZ,85629,8.1,-1.0,-1.0,-1.0,-1.0,-1.0,2023-09-06,-1.0,-1.0,35.3898,-112.1739
SITE_01532,AZ,85730,9.02,-1.0,-1.0,-1.0,-1.0,-1.0,2024-03-04,-1.0,-1.0,33.0229,-112.5624
SITE_01533,AZ,85629,7.7,-1.0,-1.0,-1.0,-1.0,-1.0,2024-08-07,-1.0,-1.0,33.9452,-110.4235
SITE_01534,AZ,85714,7.11,-1.0,-1.0,-1.0,-1.0,-1.0,2024-08-14,-1.0,-1.0,32.9027,-111.9908
SITE_01535,AZ,85629,7.2,-1.0,-1.0,-1.0,-1.0,-1.0,2024-07-03,-1.0,-1.0,34.2739,-110.6304
SITE_01536,AZ,85746,8.1,-1.0,-1.0,-1.0,-1.0,-1.0,2024-09-18,-1.0,-1.0,33.2523,-112.1857
SITE_01537,AZ,86404,4.2,-1.0,-1.0,-1.0,-1.0,-1.0,2014-05-06,-1.0,-1.0,33.1961,-110.7578
SITE_01538,AZ,86406,9.69,-1.0,-1.0,-1.0,-1.0,-1.0,2016-09-09,-1.0,-1.0,32.9494,-111.8042
SITE_01539,AZ,86404,11.04,-1.0,-1.0,-1.0,-1.0,-1.0,2017-12-28,-1.0,-1.0,33.5675,-112.3986
SITE_01540,AZ,86404,4.2,-1.0,-1.0,-1.0,-1.0,-1.0,2018-03-08,-1.0,-1.0,32.5235,-110.7750
SITE_01541,AZ,86409,6.66,-1.0,-1.0,-1.0,-1.0,-1.0,2022-01-11,-1.0,-1.0,34.5608,-113.0888
SITE_01542,AZ,85648,7.8,-1.0,-1.0,-1.0,-1.0,-1.0,2022-07-28,-1.0,-1.0,36.1588,-111.2209
SITE_01543,AZ,86409,4.46,-1.0,-1.0,-1.0,-1.0,-1.0,2022-08-15,-1.0,-1.0,33.0613,-113.4931
SITE_01544,AZ,86401,6.32,-1.0,-1.0,-1.0,-1.0,-1.0,2023-04-14,-1.0,-1.0,34.8388,-112.4609
SITE_01545,OH,43081,1.6,-1.0,-1.0,1.0,-1.0,-1.0,2002-04-18,-1.0,-1.0,41.3819,-82.3072
SITE_01546,OH,45701,81.0,-1.0,-1.0,1.0,-1.0,-1.0,2009-08-08,-1.0,1.0,40.4205,-82.4172
SITE_01547,OH,44060,10.6,-1.0,-1.0,48.0,-1.0,-1.0,2008-09-25,-1.0,1.0,39.8774,-83.0775
SITE_01548,OH,45640,63.0,-1.0,-1.0,1.0,-1.0,0.0,2009-05-01,-1.0,0.0,40.9214,-82.0055
SITE_01549,OH,45246,51.66,-1.0,-1.0,1.0,-1.0,0.0,2010-04-01,-1.0,0.0,40.8206,-81.4593
SITE_01550,OH,45309,22.5,-1.0,-1.0,1.0,-1.0,0.0,2010-03-04,-1.0,0.0,41.2832,-84.2491
SITE_01551,OH,43016,4.1000000000000005,-1.0,-1.0,1.0,-1.0,0.0,2010-05-25,-1.0,0.0,39.0499,-83.9848
SITE_01552,OH,44820,15.6,-1.0,-1.0,1.0,-1.0,0.0,2010-03-27,-1.0,0.0,39.2046,-81.6711
SITE_01553,OH,45220,19.32,-1.0,-1.0,1.0,-1.0,0.0,2006-08-01,-1.0,0.0,40.0894,-82.8436
SITE_01554,OH,45056,4.1000000000000005,-1.0,-1.0,1.0,-1.0,0.0,2009-07-24,-1.0,0.0,40.7362,-81.3179
SITE_01555,OH,45230,2.1,-1.0,-1.0,1.0,-1.0,0.0,2009-12-31,-1.0,0.0,39.2854,-84.3949
SITE_01556,OH,45069,5.2,-1.0,-1.0,1.0,-1.0,0.0,2008-04-03,-1.0,0.0,39.5217,-82.6428
SITE_01557,OH,45701,3.0,-1.0,-1.0,1.0,-1.0,0.0,2007-05-16,-1.0,0.0,40.2989,-83.6993
SITE_01558,OH,45246,1.75,-1.0,-1.0,1.0,-1.0,0.0,2010-08-09,-1.0,0.0,39.7065,-83.2900
SITE_01559,OH,43832,131.04,-1.0,-1.0,1.0,-1.0,0.0,2010-09-22,-1.0,0.0,39.3241,-82.3394
SITE_01560,OH,44122,2.4,-1.0,-1.0,1.0,-1.0,0.0,2009-11-08,-1.0,0.0,40.2226,-81.4449
SITE_01561,OH,45122,2.1,-1.0,-1.0,1.0,-1.0,0.0,2010-06-17,-1.0,0.0,39.3839,-83.3867
SITE_01562,OH,45342,61.199999999999996,-1.0,-1.0,1.0,-1.0,-1.0,2010-06-29,-1.0,1.0,39.3270,-83.1970
SITE_01563,OH,45371,8.8,-1.0,-1.0,1.0,-1.0,0.0,2010-10-26,-1.0,0.0,39.1481,-81.2189
SITE_01564,OH,43716,2.46,-1.0,-1.0,1.0,-1.0,0.0,2009-10-27,-1.0,0.0,39.0771,-83.3316
SITE_01565,OH,45817,8.1,-1.0,-1.0,1.0,-1.0,0.0,2010-10-21,-1.0,0.0,40.1790,-82.9707
SITE_01566,OH,45701,2.5500000000000003,-1.0,-1.0,1.0,-1.0,0.0,2008-10-01,-1.0,0.0,41.1728,-84.2457
SITE_01567,OH,45255,2.28,-1.0,-1.0,1.0,-1.0,0.0,2010-12-16,-1.0,0.0,39.3822,-82.5411
SITE_01568,OH,45209,3.22,-1.0,-1.0,1.0,-1.0,0.0,2011-04-25,-1.0,0.0,41.2030,-82.7005
SITE_01569,OH,44460,4.83,-1.0,-1.0,24.0,-1.0,0.0,2011-03-30,-1.0,0.0,40.8047,-82.1438
SITE_01570,OH,45215,1.75,-1.0,-1.0,1.0,-1.0,0.0,2010-12-03,-1.0,0.0,39.1066,-82.3597
SITE_01571,OH,43130,8.7,-1.0,-1.0,1.0,-1.0,0.0,2011-04-14,-1.0,0.0,39.6992,-82.3485
SITE_01572,OH,45701,1.3,-1.0,-1.0,1.0,-1.0,0.0,2011-05-07,-1.0,0.0,39.6151,-82.0428
SITE_01573,OH,45679,292.0,-1.0,-1.0,1.0,-1.0,0.0,2011-06-14,-1.0,0.0,39.4325,-82.3957
SITE_01574,OH,45014,1.82,-1.0,-1.0,1.0,-1.0,0.0,2011-06-02,-1.0,0.0,40.6435,-81.4343
SITE_01575,OH,43119,7.84,-1.0,-1.0,1.0,-1.0,0.0,2010-12-24,-1.0,0.0,40.2266,-84.0792
SITE_01576,OH,45150,20.93,-1.0,-1.0,1.0,-1.0,0.0,2011-09-30,-1.0,0.0,39.3854,-82.9777
SITE_01577,OH,45069,2.4,-1.0,-1.0,1.0,-1.0,0.0,2011-10-11,-1.0,0.0,-9999,-9999
SITE_01578,OH,43215,43.92,-1.0,-1.0,1.0,-1.0,0.0,2010-08-24,-1.0,0.0,40.0142,-84.0728
SITE_01579,OH,44857,5.7,-1.0,-1.0,1.0,-1.0,-1.0,2016-05-07,-1.0,1.0,39.8448,-82.0957
SITE_01580,OH,43026,10.8,-1.0,-1.0,1.0,-1.0,0.0,2016-04-05,-1.0,0.0,39.2886,-83.1386
SITE_01581,OH,43130,6.4,-1.0,-1.0,1.0,-1.0,0.0,2016-05-11,-1.0,0.0,39.3328,-83.6419
SITE_01582,OH,44333,14.25,-1.0,-1.0,1.0,-1.0,0.0,2015-12-23,-1.0,0.0,41.1727,-82.0324
SITE_01583,OH,43212,4.56,-1.0,-1.0,1.0,-1.0,0.0,2016-06-03,-1.0,0.0,39.2987,-81.6914
SITE_01584,OH,45344,32.64,-1.0,-1.0,1.0,-1.0,0.0,2015-08-31,-1.0,0.0,41.0749,-84.0417
SITE_01585,OH,45502,30.4,-1.0,-1.0,1.0,-1.0,-1.0,2016-06-24,-1.0,1.0,39.9950,-81.2339
SITE_01586,OH,43072,6.84,-1.0,-1.0,1.0,-1.0,0.0,2016-07-11,-1.0,0.0,39.2072,-84.3397
SITE_01587,OH,45710,8.48,-1.0,-1.0,1.0,-1.0,0.0,2016-06-16,-1.0,0.0,40.9041,-82.9858
SITE_01588,OH,44131,74.88,-1.0,-1.0,1.0,-1.0,0.0,2016-06-30,-1.0,0.0,39.6118,-81.6912
SITE_01589,OH,45140,39.04,-1.0,-1.0,1.0,-1.0,0.0,2016-04-11,-1.0,0.0,39.2964,-81.5432
SITE_01590,OH,43718,8.27,-1.0,-1.0,1.0,-1.0,0.0,2016-10-11,-1.0,0.0,39.5762,-84.0911
SITE_01591,OH,44107,6.1000000000000005,-1.0,-1.0,1.0,-1.0,0.0,2016-06-22,-1.0,0.0,40.8785,-81.2713
SITE_01592,OH,44074,5.04,-1.0,-1.0,1.0,-1.0,0.0,2016-09-16,-1.0,0.0,39.4559,-81.9957
SITE_01593,OH,44907,5.04,-1.0,-1.0,1.0,-1.0,0.0,2016-10-24,-1.0,0.0,40.3282,-82.7560
SITE_01594,OH,43402,4.57,-1.0,-1.0,1.0,-1.0,-1.0,2015-04-01,-1.0,1.0,39.0440,-82.7923
SITE_01595,OH,43026,10.8,-1.0,-1.0,1.0,-1.0,0.0,2016-08-01,-1.0,0.0,39.6602,-82.9011
SITE_01596,OH,43110,8.8,-1.0,-1.0,1.0,-1.0,0.0,2016-11-29,-1.0,0.0,39.6994,-83.5685
SITE_01597,OH,44870,11.549999999999999,-1.0,-1.0,1.0,-1.0,0.0,2016-12-01,-1.0,0.0,39.3424,-82.8940
SITE_01598,OH,45213,6.88,-1.0,-1.0,1.0,-1.0,0.0,2017-01-04,-1.0,0.0,41.3029,-82.5570
SITE_01599,OH,45230,4.4,-1.0,-1.0,1.0,-1.0,0.0,2016-12-30,-1.0,0.0,40.1923,-82.5945
SITE_01600,OH,45246,3.85,-1.0,-1.0,1.0,-1.0,0.0,2017-01-30,-1.0,0.0,39.0256,-83.0113
SITE_01601,OH,45356,9.75,-1.0,-1.0,1.0,-1.0,-1.0,2017-05-02,-1.0,1.0,40.2027,-83.5169
SITE_01602,OH,45409,16.5,-1.0,-1.0,1.0,-1.0,0.0,2017-05-18,-1.0,0.0,40.9041,-82.7307
SITE_01603,OH,43567,6.36,-1.0,-1.0,1.0,-1.0,-1.0,2017-03-22,-1.0,1.0,40.3389,-83.8807
SITE_01604,OH,44657,12.08,-1.0,-1.0,40.0,-1.0,0.0,2017-06-26,-1.0,0.0,39.3490,-84.1955
SITE_01605,OH,43023,4.08,-1.0,-1.0,1.0,-1.0,0.0,2017-04-07,-1.0,0.0,40.4772,-81.5389
SITE_01606,OH,43015,101.84,-1.0,-1.0,304.0,-1.0,-1.0,2016-09-06,-1.0,1.0,39.6815,-82.8258
SITE_01607,OH,45030,12.65,-1.0,-1.0,1.0,-1.0,0.0,2017-07-27,-1.0,0.0,40.2593,-81.6226
SITE_01608,OH,43351,12.8,-1.0,-1.0,1.0,-1.0,0.0,2017-11-30,-1.0,0.0,39.1633,-84.0643
SITE_01609,OH,45875,5.04,-1.0,-1.0,1.0,-1.0,0.0,2017-12-08,-1.0,0.0,39.7190,-83.2846
SITE_01610,OH,43080,161.88,-1.0,-1.0,456.0,-1.0,-1.0,2016-12-07,-1.0,1.0,40.4238,-82.1179
SITE_01611,OH,44730,35.64,-1.0,-1.0,108.0,-1.0,0.0,2018-01-30,-1.0,0.0,39.5156,-83.6130
SITE_01612,OH,45806,50.92,-1.0,-1.0,152.0,-1.0,-1.0,2016-10-14,-1.0,1.0,40.0596,-84.3516
SITE_01613,OH,45103,9.28,-1.0,-1.0,1.0,-1.0,0.0,2018-02-08,-1.0,0.0,40.6230,-81.3500
SITE_01614,OH,44044,11.76,-1.0,-1.0,1.0,-1.0,0.0,2018-04-12,-1.0,0.0,39.7639,-82.2718
SITE_01615,OH,43150,10.8,-1.0,-1.0,1.0,-1.0,-1.0,2016-10-10,-1.0,1.0,41.1783,-82.6020
SITE_01616,OH,45356,2455.04,-1.0,-1.0,1.0,-1.0,-1.0,2018-06-28,-1.0,1.0,39.6699,-83.3569
SITE_01617,OH,45322,7.54,-1.0,-1.0,1.0,-1.0,0.0,2018-02-12,-1.0,0.0,40.6366,-82.4164
SITE_01618,OH,44011,16.240000000000002,-1.0,-1.0,1.0,-1.0,0.0,2018-07-28,-1.0,0.0,39.6891,-83.1379
SITE_01619,OH,43718,76.7,-1.0,-1.0,1.0,-1.0,0.0,2018-11-08,-1.0,0.0,40.5154,-82.9826
SITE_01620,OH,45877,19.8,-1.0,-1.0,60.0,-1.0,0.0,2018-07-09,-1.0,0.0,40.4880,-82.6880
SITE_01621,OH,44039,8.7,-1.0,-1.0,1.0,-1.0,0.0,2018-11-28,-1.0,0.0,41.0577,-82.8568
SITE_01622,OH,45014,10.36,-1.0,-1.0,1.0,-1.0,0.0,2018-02-14,-1.0,0.0,40.7622,-82.5774
SITE_01623,OH,44266,452.54,-1.0,-1.0,1.0,-1.0,0.0,2017-12-16,-1.0,0.0,39.0871,-83.4403
SITE_01624,OH,43566,13.92,-1.0,-1.0,1.0,-1.0,0.0,2018-04-03,-1.0,0.0,41.0390,-82.8698
SITE_01625,OH,45849,28.32,-1.0,-1.0,1.0,-1.0,-1.0,2017-12-14,-1.0,1.0,40.8036,-83.3318
SITE_01626,OH,45323,8.139999999999999,-1.0,-1.0,1.0,-1.0,0.0,2019-04-18,-1.0,0.0,41.0259,-82.6706
SITE_01627,OH,43023,15.9,-1.0,-1.0,1.0,-1.0,0.0,2018-06-27,-1.0,0.0,39.7071,-82.9206
SITE_01628,OH,45217,5.23,-1.0,-1.0,1.0,-1.0,0.0,2018-01-23,-1.0,0.0,40.8401,-83.2165
SITE_01629,OH,44102,8.120000000000001,-1.0,-1.0,1.0,-1.0,0.0,2018-12-03,-1.0,0.0,41.3408,-81.7902
SITE_01630,OH,45342,2.76,-1.0,-1.0,1.0,-1.0,0.0,2011-09-29,-1.0,0.0,39.8472,-82.9253
SITE_01631,OH,44883,16.56,-1.0,-1.0,1.0,-1.0,-1.0,2011-09-29,-1.0,1.0,39.4970,-82.3324
SITE_01632,OH,45459,46.080000000000005,-1.0,-1.0,1.0,-1.0,0.0,2011-11-09,-1.0,0.0,39.9470,-84.2105
SITE_01633,OH,43316,50.8,-1.0,-1.0,1.0,-1.0,0.0,2011-01-28,-1.0,0.0,40.3770,-82.1866
SITE_01634,OH,45322,34.56,-1.0,-1.0,1.0,-1.0,0.0,2011-11-17,-1.0,0.0,41.3705,-81.3053
SITE_01635,OH,43219,49.5,-1.0,-1.0,1.0,-1.0,0.0,2011-03-08,-1.0,0.0,39.2618,-81.8187
SITE_01636,OH,43081,3.2,-1.0,-1.0,1.0,-1.0,0.0,2009-07-01,-1.0,0.0,41.1113,-81.9786
SITE_01637,OH,43229,34.56,-1.0,-1.0,1.0,-1.0,0.0,2011-11-14,-1.0,0.0,39.0340,-83.9947
SITE_01638,OH,43612,608.0,-1.0,-1.0,1.0,-1.0,0.0,2012-02-20,-1.0,0.0,39.2186,-81.6191
SITE_01639,OH,43140,8.46,-1.0,-1.0,1.0,-1.0,0.0,2011-11-17,-1.0,0.0,40.6375,-83.8330
SITE_01640,OH,45778,3.29,-1.0,-1.0,1.0,-1.0,0.0,2012-03-08,-1.0,0.0,41.2182,-81.8621
SITE_01641,OH,44608,51.464999999999996,-1.0,-1.0,219.0,-1.0,0.0,2011-12-16,-1.0,0.0,40.3674,-83.0553
SITE_01642,OH,44854,7.36,-1.0,-1.0,1.0,-1.0,-1.0,2010-10-18,-1.0,1.0,39.2502,-82.7237
SITE_01643,OH,44104,2.3,-1.0,-1.0,1.0,-1.0,0.0,2011-12-06,-1.0,0.0,41.3652,-81.3263
SITE_01644,OH,44104,4.6,-1.0,-1.0,1.0,-1.0,0.0,2011-12-06,-1.0,0.0,41.3460,-82.0657
SITE_01645,OH,44104,4.6,-1.0,-1.0,1.0,-1.0,0.0,2011-12-06,-1.0,0.0,39.5147,-81.6443
SITE_01646,OH,44104,4.6,-1.0,-1.0,1.0,-1.0,0.0,2011-12-06,-1.0,0.0,40.2811,-84.1115
SITE_01647,OH,45387,4.8,-1.0,-1.0,1.0,-1.0,0.0,2011-12-20,-1.0,0.0,41.0891,-82.3467
SITE_01648,OH,45638,16.56,-1.0,-1.0,1.0,-1.0,-1.0,2012-05-01,-1.0,1.0,41.1798,-81.2174
SITE_01649,OH,45005,5.7,-1.0,-1.0,1.0,-1.0,-1.0,2012-04-05,-1.0,-1.0,40.5289,-83.6655
SITE_01650,OH,43138,10.8,-1.0,-1.0,1.0,-1.0,0.0,2011-09-21,-1.0,0.0,40.3791,-82.6650
SITE_01651,OH,45701,8.82,-1.0,-1.0,1.0,-1.0,-1.0,2012-08-22,-1.0,1.0,41.0328,-81.4051
SITE_01652,OH,45140,3.8400000000000003,-1.0,-1.0,1.0,-1.0,0.0,2012-07-23,-1.0,0.0,40.6047,-81.3484
SITE_01653,OH,45241,2.82,-1.0,-1.0,1.0,-1.0,0.0,2012-06-07,-1.0,0.0,39.3970,-82.1667
SITE_01654,OH,43130,14.26,-1.0,-1.0,1.0,-1.0,0.0,2012-07-14,-1.0,0.0,41.3172,-82.6199
SITE_01655,OH,44286,4.47,-1.0,-1.0,1.0,-1.0,0.0,2011-12-14,-1.0,0.0,39.7425,-83.4895
SITE_01656,OH,44256,53.760000000000005,-1.0,-1.0,1.0,-1.0,0.0,2012-06-29,-1.0,0.0,39.4680,-81.8313
SITE_01657,OH,45335,11.520000000000001,-1.0,-1.0,1.0,-1.0,-1.0,2012-04-13,-1.0,1.0,41.0415,-83.7155
SITE_01658,OH,44004,5.0,-1.0,-1.0,1.0,-1.0,0.0,2012-09-21,-1.0,0.0,40.8286,-82.1875
SITE_01659,OH,45680,9.5,-1.0,-1.0,1.0,-1.0,0.0,2012-10-16,-1.0,0.0,40.0731,-82.0563
SITE_01660,OH,45697,20.0,-1.0,-1.0,1.0,-1.0,0.0,2012-09-19,-1.0,0.0,41.0607,-82.8941
SITE_01661,OH,43235,10.0,-1.0,-1.0,1.0,-1.0,0.0,2012-08-17,-1.0,0.0,39.4374,-81.9021
SITE_01662,OH,45701,2.21,-1.0,-1.0,1.0,-1.0,0.0,2012-09-08,-1.0,0.0,39.2298,-82.9327
SITE_01663,OH,45899,14.81,-1.0,-1.0,1.0,-1.0,-1.0,2012-05-23,-1.0,1.0,39.3403,-82.9631
SITE_01664,OH,44256,7.6499999999999995,-1.0,-1.0,1.0,-1.0,-1.0,2012-11-12,-1.0,1.0,39.7951,-82.9402
SITE_01665,OH,45243,3.76,-1.0,-1.0,1.0,-1.0,0.0,2011-11-17,-1.0,0.0,40.9998,-82.0001
SITE_01666,OH,43230,1001.1300000000001,-1.0,-1.0,1.0,-1.0,0.0,2012-12-28,-1.0,0.0,40.2932,-82.9106
SITE_01667,OH,43204,24.84,-1.0,-1.0,1.0,-1.0,0.0,2012-12-29,-1.0,0.0,39.6888,-83.7254
SITE_01668,OH,45373,4.56,-1.0,-1.0,1.0,-1.0,0.0,2012-12-03,-1.0,0.0,-9999,-9999
SITE_01669,OH,45735,2.94,-1.0,-1.0,1.0,-1.0,0.0,2013-01-25,-1.0,0.0,39.6469,-83.8586
SITE_01670,OH,45807,6.0,-1.0,-1.0,1.0,-1.0,0.0,2012-12-06,-1.0,0.0,40.3043,-82.4354
SITE_01671,OH,43110,15.5,-1.0,-1.0,1.0,-1.0,0.0,2012-12-19,-1.0,0.0,39.4299,-81.5395
SITE_01672,OH,43728,1.9200000000000002,-1.0,-1.0,1.0,-1.0,0.0,2012-07-06,-1.0,0.0,41.2920,-82.7408
SITE_01673,OH,44242,348.74,-1.0,-1.0,1.0,-1.0,-1.0,2013-01-21,-1.0,1.0,39.0855,-82.3818
SITE_01674,OH,44681,55.0,-1.0,-1.0,1.0,-1.0,0.0,2013-03-13,-1.0,0.0,40.9567,-81.3957
SITE_01675,OH,44878,7.97,-1.0,-1.0,1.0,-1.0,-1.0,2013-06-10,-1.0,1.0,39.2540,-81.5662
SITE_01676,OH,43812,36.0,-1.0,-1.0,1.0,-1.0,-1.0,2013-04-12,-1.0,1.0,39.5879,-81.4886
SITE_01677,OH,44202,5.760000000000001,-1.0,-1.0,1.0,-1.0,0.0,2012-08-08,-1.0,0.0,41.1564,-84.3645
SITE_01678,OH,45690,8.5,-1.0,-1.0,1.0,-1.0,0.0,2013-01-11,-1.0,0.0,40.9693,-81.7902
SITE_01679,OH,45054,5.0,-1.0,-1.0,1.0,-1.0,0.0,2012-12-18,-1.0,0.0,40.0701,-83.3807
SITE_01680,OH,45066,18.2,-1.0,-1.0,1.0,-1.0,0.0,2013-02-01,-1.0,0.0,40.2880,-82.6182
SITE_01681,OH,43081,7.2,-1.0,-1.0,30.0,-1.0,-1.0,2013-04-03,-1.0,1.0,39.4547,-83.0162
SITE_01682,OH,45735,8.64,-1.0,-1.0,1.0,-1.0,-1.0,2013-07-26,-1.0,1.0,39.1488,-81.5536
SITE_01683,OH,45711,7.420000000000001,-1.0,-1.0,1.0,-1.0,-1.0,2013-06-28,-1.0,1.0,39.9158,-82.9434
SITE_01684,OH,43143,9.0,-1.0,-1.0,1.0,-1.0,0.0,2013-07-02,-1.0,0.0,41.1919,-82.3821
SITE_01685,OH,45853,51.0,-1.0,-1.0,1.0,-1.0,-1.0,2013-07-02,-1.0,1.0,39.0890,-81.6505
SITE_01686,OH,43214,3.0599999999999996,-1.0,-1.0,1.0,-1.0,0.0,2013-06-22,-1.0,0.0,41.3087,-82.5794
SITE_01687,OH,45832,3.92,-1.0,-1.0,1.0,-1.0,0.0,2013-04-19,-1.0,0.0,39.1614,-84.0010
SITE_01688,OH,45891,16.5,-1.0,-1.0,1.0,-1.0,-1.0,2013-07-11,-1.0,1.0,40.1645,-84.3105
SITE_01689,OH,45383,7.8,-1.0,-1.0,1.0,-1.0,0.0,2013-06-24,-1.0,0.0,40.9584,-83.6300
SITE_01690,OH,45229,3.0599999999999996,-1.0,-1.0,1.0,-1.0,0.0,2013-08-01,-1.0,0.0,39.9178,-83.4305
SITE_01691,OH,44615,8.75,-1.0,-1.0,1.0,-1.0,0.0,2013-05-30,-1.0,0.0,39.3832,-82.6945
SITE_01692,OH,45220,7.14,-1.0,-1.0,1.0,-1.0,0.0,2013-07-15,-1.0,0.0,39.4750,-83.4727
SITE_01693,OH,45644,7.0,-1.0,-1.0,1.0,-1.0,-1.0,2013-09-23,-1.0,1.0,40.1343,-84.3145
SITE_01694,OH,44280,17.0,-1.0,-1.0,1.0,-1.0,0.0,2013-08-29,-1.0,0.0,39.9809,-81.3685
SITE_01695,OH,45833,77.22,-1.0,-1.0,1.0,-1.0,-1.0,2010-12-15,-1.0,1.0,39.3421,-82.6651
SITE_01696,OH,44615,13.0,-1.0,-1.0,1.0,-1.0,0.0,2014-02-13,-1.0,0.0,39.0144,-82.1108
SITE_01697,OH,44256,8.5,-1.0,-1.0,1.0,-1.0,0.0,2013-11-09,-1.0,0.0,39.8795,-83.4073
SITE_01698,OH,44089,11.4,-1.0,-1.0,1.0,-1.0,0.0,2012-11-06,-1.0,0.0,39.5950,-83.9722
SITE_01699,OH,44028,7.6499999999999995,-1.0,-1.0,1.0,-1.0,0.0,2011-06-12,-1.0,0.0,40.2396,-81.5675
SITE_01700,OH,44077,5.0,-1.0,-1.0,1.0,-1.0,-1.0,2014-07-24,-1.0,1.0,40.0258,-82.4882
SITE_01701,OH,44102,3.75,-1.0,-1.0,1.0,-1.0,0.0,2014-01-01,-1.0,0.0,40.9674,-82.6165
SITE_01702,OH,44024,6.75,-1.0,-1.0,1.0,-1.0,0.0,2014-07-07,-1.0,0.0,39.2785,-83.5023
SITE_01703,OH,45202,6.119999999999999,-1.0,-1.0,1.0,-1.0,0.0,2014-06-09,-1.0,0.0,39.7387,-83.5904
SITE_01704,OH,43331,3.64,-1.0,-1.0,1.0,-1.0,0.0,2014-06-12,-1.0,0.0,41.3915,-81.6407
SITE_01705,OH,45242,4.32,-1.0,-1.0,1.0,-1.0,0.0,2014-10-24,-1.0,0.0,40.8062,-82.9914
SITE_01706,OH,45732,8.64,-1.0,-1.0,1.0,-1.0,0.0,2014-08-04,-1.0,0.0,40.6379,-83.2747
SITE_01707,OH,45311,4.32,-1.0,-1.0,1.0,-1.0,0.0,2014-10-10,-1.0,0.0,39.7540,-83.2614
SITE_01708,OH,44626,9.799999999999999,-1.0,-1.0,1.0,-1.0,0.0,2014-07-10,-1.0,0.0,39.1605,-82.0429
SITE_01709,OH,43316,513.4100000000001,-1.0,-1.0,1.0,-1.0,-1.0,2014-12-23,-1.0,1.0,39.8048,-81.3540
SITE_01710,OH,45371,12.48,-1.0,-1.0,1.0,-1.0,0.0,2013-06-28,-1.0,0.0,40.4369,-83.1643
SITE_01711,OH,45701,4.8,-1.0,-1.0,1.0,-1.0,-1.0,2014-11-19,-1.0,1.0,40.3754,-81.4405
SITE_01712,OH,45344,3.12,-1.0,-1.0,1.0,-1.0,0.0,2013-06-03,-1.0,0.0,40.7676,-81.2493
SITE_01713,OH,45013,8.319999999999999,-1.0,-1.0,1.0,-1.0,0.0,2014-11-06,-1.0,0.0,40.2668,-83.9024
SITE_01714,OH,45414,3.66,-1.0,-1.0,1.0,-1.0,-1.0,2014-12-01,-1.0,1.0,40.8049,-82.6131
SITE_01715,OH,43213,5.2,-1.0,-1.0,1.0,-1.0,0.0,2014-12-08,-1.0,0.0,41.0036,-82.9831
SITE_01716,OH,45103,8.64,-1.0,-1.0,1.0,-1.0,0.0,2015-02-25,-1.0,0.0,39.8611,-83.2574
SITE_01717,OH,45735,8.16,-1.0,-1.0,1.0,-1.0,0.0,2015-05-11,-1.0,0.0,40.1193,-81.4878
SITE_01718,OH,45140,10.92,-1.0,-1.0,1.0,-1.0,0.0,2015-05-06,-1.0,0.0,39.6333,-82.7562
SITE_01719,OH,45601,9.36,-1.0,-1.0,1.0,-1.0,0.0,2015-05-20,-1.0,0.0,41.3534,-83.4546
SITE_01720,OH,45208,8.1,-1.0,-1.0,1.0,-1.0,0.0,2015-05-26,-1.0,0.0,39.0871,-82.3618
SITE_01721,OH,43085,8.68,-1.0,-1.0,1.0,-1.0,0.0,2015-05-12,-1.0,0.0,39.8270,-81.2220
SITE_01722,OH,44681,16.740000000000002,-1.0,-1.0,1.0,-1.0,0.0,2015-07-22,-1.0,0.0,39.0598,-83.3448
SITE_01723,OH,43066,10.08,-1.0,-1.0,1.0,-1.0,-1.0,2015-08-19,-1.0,1.0,39.5782,-83.4850
SITE_01724,OH,44676,9.299999999999999,-1.0,-1.0,1.0,-1.0,0.0,2015-08-10,-1.0,0.0,40.6783,-82.4926
SITE_01725,OH,45320,15.6,-1.0,-1.0,1.0,-1.0,0.0,2015-08-19,-1.0,0.0,40.2397,-81.4780
SITE_01726,OH,43988,10.200000000000001,-1.0,-1.0,1.0,-1.0,-1.0,2015-10-20,-1.0,1.0,40.3300,-82.1256
SITE_01727,OH,43019,11.76,-1.0,-1.0,1.0,-1.0,0.0,2014-09-18,-1.0,0.0,40.4019,-83.0293
SITE_01728,OH,45769,4.8500000000000005,-1.0,-1.0,1.0,-1.0,0.0,2015-08-31,-1.0,0.0,41.3094,-84.0964
SITE_01729,OH,45039,11.34,-1.0,-1.0,1.0,-1.0,0.0,2015-11-03,-1.0,0.0,40.8329,-83.7593
SITE_01730,OH,45810,11.34,-1.0,-1.0,1.0,-1.0,0.0,2015-11-25,-1.0,0.0,40.4462,-83.8473
SITE_01731,OH,43017,13.68,-1.0,-1.0,1.0,-1.0,0.0,2015-12-10,-1.0,0.0,39.1427,-82.9394
SITE_01732,OH,44667,7.680000000000001,-1.0,-1.0,1.0,-1.0,0.0,2015-12-31,-1.0,0.0,39.5980,-81.5500
SITE_01733,OH,43162,17.67,-1.0,-1.0,1.0,-1.0,0.0,2016-01-28,-1.0,0.0,40.9363,-84.2759
SITE_01734,OH,44023,6.119999999999999,-1.0,-1.0,1.0,-1.0,0.0,2011-03-15,-1.0,0.0,40.1542,-82.4104
SITE_01735,OH,43015,14.08,-1.0,-1.0,1.0,-1.0,-1.0,2015-12-14,-1.0,1.0,41.1360,-82.3328
SITE_01736,OH,45434,6.24,-1.0,-1.0,1.0,-1.0,0.0,2015-12-21,-1.0,0.0,40.0553,-82.0442
SITE_01737,OH,43085,6.56,-1.0,-1.0,1.0,-1.0,0.0,2016-03-04,-1.0,0.0,40.6051,-81.2616
SITE_01738,OH,44601,9.12,-1.0,-1.0,1.0,-1.0,0.0,2015-12-17,-1.0,0.0,40.5801,-81.5690
SITE_01739,OH,44681,17.25,-1.0,-1.0,1.0,-1.0,-1.0,2019-07-11,-1.0,1.0,40.6854,-82.3511
SITE_01740,OH,44281,7.92,-1.0,-1.0,1.0,-1.0,0.0,2019-07-22,-1.0,0.0,40.4563,-81.8278
SITE_01741,OH,45039,1.11,-1.0,-1.0,1.0,-1.0,0.0,2011-07-28,-1.0,0.0,41.3220,-83.0978
SITE_01742,OH,45662,9.66,-1.0,-1.0,1.0,-1.0,-1.0,2013-06-27,-1.0,1.0,40.4597,-84.1820
SITE_01743,OH,43113,10.4,-1.0,-1.0,1.0,-1.0,0.0,2013-07-24,-1.0,0.0,41.3625,-83.5638
SITE_01744,OH,43616,288.41,-1.0,-1.0,1.0,-1.0,0.0,2013-06-11,-1.0,0.0,39.4516,-82.4407
SITE_01745,OH,43125,16.650000000000002,-1.0,-1.0,1.0,-1.0,0.0,2019-08-05,-1.0,0.0,40.8229,-82.3568
SITE_01746,OH,44138,6.4,-1.0,-1.0,1.0,-1.0,0.0,2015-11-24,-1.0,0.0,39.0752,-82.5156
SITE_01747,OH,44654,10.78,-1.0,-1.0,1.0,-1.0,-1.0,2019-08-26,-1.0,1.0,40.4086,-83.5012
SITE_01748,OH,43082,7.9799999999999995,-1.0,-1.0,1.0,-1.0,0.0,2019-09-04,-1.0,0.0,39.5596,-81.7934
SITE_01749,OH,45243,9.45,-1.0,-1.0,1.0,-1.0,0.0,2019-09-16,-1.0,0.0,40.3333,-82.4870
SITE_01750,OH,43822,44.66,-1.0,-1.0,1.0,-1.0,0.0,2019-09-18,-1.0,0.0,39.7538,-84.2347
SITE_01751,OH,44654,8.86,-1.0,-1.0,1.0,-1.0,0.0,2019-09-19,-1.0,0.0,40.9998,-83.5941
SITE_01752,OH,45011,10.56,-1.0,-1.0,1.0,-1.0,0.0,2017-12-01,-1.0,0.0,40.1491,-82.6346
SITE_01753,OH,45247,5.04,-1.0,-1.0,1.0,-1.0,0.0,2019-08-21,-1.0,0.0,39.6619,-83.4208
SITE_01754,OH,45865,5000.0,-1.0,-1.0,1.0,-1.0,-1.0,2020-05-30,-1.0,1.0,39.2716,-81.5617
SITE_01755,OH,44612,7.1000000000000005,-1.0,-1.0,1.0,-1.0,0.0,2019-12-09,-1.0,0.0,39.8274,-83.6194
SITE_01756,OH,44286,13.4,-1.0,-1.0,1.0,-1.0,0.0,2019-08-06,-1.0,0.0,41.0484,-83.7497
SITE_01757,OH,45778,678.96,-1.0,-1.0,1.0,-1.0,0.0,2019-06-21,-1.0,0.0,39.6158,-84.3477
SITE_01758,OH,43953,5.94,-1.0,-1.0,1.0,-1.0,-1.0,2019-12-27,-1.0,1.0,40.8197,-82.7290
SITE_01759,OH,43228,5.58,-1.0,-1.0,1.0,-1.0,0.0,2019-11-06,-1.0,0.0,40.4866,-83.4135
SITE_01760,OH,43755,11.2,-1.0,-1.0,28.0,-1.0,0.0,2020-03-25,-1.0,0.0,40.9480,-81.5736
SITE_01761,OH,44106,168.36,-1.0,-1.0,488.0,-1.0,0.0,2019-12-31,-1.0,0.0,40.2751,-83.4051
SITE_01762,OH,44234,46.199999999999996,-1.0,-1.0,120.0,-1.0,-1.0,2020-04-06,-1.0,1.0,39.3340,-83.7263
SITE_01763,OH,44081,11.700000000000001,-1.0,-1.0,39.0,-1.0,0.0,2020-02-20,-1.0,0.0,40.3357,-83.5688
SITE_01764,OH,43040,10.26,-1.0,-1.0,27.0,-1.0,0.0,2020-01-28,-1.0,0.0,40.2234,-83.1976
SITE_01765,OH,43551,1324.62,-1.0,-1.0,3168.0,-1.0,-1.0,2020-08-07,-1.0,1.0,40.9863,-82.3557
SITE_01766,OH,44624,67.2,-1.0,-1.0,168.0,-1.0,0.0,2020-08-11,-1.0,0.0,41.1936,-81.6342
SITE_01767,OH,45044,10.4,-1.0,-1.0,32.0,-1.0,0.0,2020-06-17,-1.0,0.0,41.0710,-82.8087
SITE_01768,OH,44681,127.2,-1.0,-1.0,318.0,-1.0,0.0,2020-10-15,-1.0,0.0,40.7118,-83.4198
SITE_01769,OH,43311,12.795000000000002,-1.0,-1.0,40.0,-1.0,-1.0,2020-05-02,-1.0,1.0,41.0800,-83.7862
SITE_01770,OH,45887,112.64,-1.0,-1.0,352.0,-1.0,-1.0,2020-04-24,-1.0,1.0,41.1614,-84.3432
SITE_01771,OH,44903,14.8,-1.0,-1.0,37.0,-1.0,0.0,2020-12-11,-1.0,0.0,39.7522,-84.3620
SITE_01772,OH,45208,12.18,-1.0,-1.0,42.0,-1.0,0.0,2018-03-29,-1.0,0.0,40.9842,-83.2011
SITE_01773,OH,43074,32.4,-1.0,-1.0,81.0,-1.0,0.0,2021-04-12,-1.0,0.0,39.2508,-83.2707
SITE_01774,OH,43953,14.52,-1.0,-1.0,44.0,-1.0,0.0,2021-03-17,-1.0,0.0,39.9092,-84.3195
SITE_01775,OH,44505,14.52,-1.0,-1.0,44.0,-1.0,0.0,2021-04-18,-1.0,0.0,41.3088,-83.6159
SITE_01776,OH,43516,14.0,-1.0,-1.0,40.0,-1.0,-1.0,2020-04-07,-1.0,1.0,40.5492,-83.1089
SITE_01777,OH,44287,5.28,-1.0,-1.0,12.0,-1.0,-1.0,2021-08-18,-1.0,1.0,39.9242,-82.2169
SITE_01778,OH,45056,8.0,-1.0,-1.0,20.0,-1.0,0.0,2021-06-24,-1.0,0.0,39.3524,-83.2972
SITE_01779,OH,44022,5.04,-1.0,-1.0,14.0,-1.0,0.0,2021-12-15,-1.0,0.0,41.1430,-81.8099
SITE_01780,OH,44614,2.72,-1.0,-1.0,8.0,-1.0,0.0,2021-10-05,-1.0,0.0,40.2096,-82.9326
SITE_01781,OH,44683,10.72,-1.0,-1.0,28.0,-1.0,0.0,2021-10-20,-1.0,0.0,39.4477,-81.4854
SITE_01782,OH,43230,6.0,-1.0,-1.0,15.0,-1.0,0.0,2022-01-18,-1.0,0.0,39.9709,-83.3871
SITE_01783,OH,43015,7.2,-1.0,-1.0,18.0,-1.0,0.0,2021-12-15,-1.0,0.0,41.3447,-84.2237
SITE_01784,OH,44135,4.42,-1.0,-1.0,13.0,-1.0,0.0,2021-12-08,-1.0,0.0,39.8995,-84.0030
SITE_01785,OH,43845,14.4,-1.0,-1.0,36.0,-1.0,0.0,2022-02-18,-1.0,0.0,41.3373,-82.2394
SITE_01786,OH,43227,9.6,-1.0,-1.0,24.0,-1.0,0.0,2022-01-15,-1.0,0.0,40.9930,-81.5888
SITE_01787,OH,43316,683.52,-1.0,-1.0,1536.0,-1.0,-1.0,2021-02-18,-1.0,1.0,39.8126,-83.7796
SITE_01788,OH,43907,21.6,-1.0,-1.0,54.0,-1.0,0.0,2022-03-30,-1.0,0.0,41.1354,-83.4900
SITE_01789,OH,44681,223.975,-1.0,-1.0,527.0,-1.0,0.0,2022-04-18,-1.0,0.0,40.6531,-81.9850
SITE_01790,OH,43140,8.4,-1.0,-1.0,21.0,-1.0,0.0,2022-04-23,-1.0,0.0,40.5317,-81.7236
SITE_01791,OH,44307,5.2,-1.0,-1.0,13.0,-1.0,0.0,2022-04-19,-1.0,0.0,39.3182,-82.6353
SITE_01792,OH,44512,8.8,-1.0,-1.0,22.0,-1.0,0.0,2022-05-05,-1.0,0.0,39.9719,-82.5759
SITE_01793,OH,44412,12.92,-1.0,-1.0,38.0,-1.0,0.0,2022-03-07,-1.0,0.0,39.5928,-82.3999
SITE_01794,OH,44621,10.8,-1.0,-1.0,27.0,-1.0,0.0,2022-06-09,-1.0,0.0,39.8566,-84.2831
SITE_01795,OH,44444,10.200000000000001,-1.0,-1.0,30.0,-1.0,0.0,2022-05-05,-1.0,0.0,40.3634,-82.6023
SITE_01796,OH,44830,18.0,-1.0,-1.0,40.0,-1.0,0.0,2022-03-23,-1.0,0.0,39.9327,-83.5496
SITE_01797,OH,43035,7.665,-1.0,-1.0,21.0,-1.0,0.0,2022-06-28,-1.0,0.0,40.2558,-81.2516
SITE_01798,OH,44147,14.72,-1.0,-1.0,46.0,-1.0,0.0,2021-10-28,-1.0,0.0,39.7807,-83.7531
SITE_01799,OH,44319,7.6,-1.0,-1.0,19.0,-1.0,0.0,2022-07-06,-1.0,0.0,41.2757,-83.0232
SITE_01800,OH,45807,7.6,-1.0,-1.0,19.0,-1.0,0.0,2022-08-05,-1.0,0.0,40.7068,-83.2089
SITE_01801,OH,44333,4.8,-1.0,-1.0,12.0,-1.0,0.0,2022-04-15,-1.0,0.0,39.9441,-82.7070
SITE_01802,OH,44057,7.6499999999999995,-1.0,-1.0,18.0,-1.0,0.0,2021-09-20,-1.0,0.0,40.8934,-81.2012
SITE_01803,OH,43209,10.200000000000001,-1.0,-1.0,30.0,-1.0,0.0,2021-08-10,-1.0,0.0,40.9977,-82.6516
SITE_01804,OH,44108,13.49,-1.0,-1.0,38.0,-1.0,0.0,2021-08-02,-1.0,0.0,39.9872,-83.5306
SITE_01805,OH,44634,14.4,-1.0,-1.0,30.0,-1.0,-1.0,2022-09-30,-1.0,1.0,39.9548,-82.8328
SITE_01806,OH,44137,4.4,-1.0,-1.0,11.0,-1.0,0.0,2022-10-24,-1.0,0.0,40.8175,-83.4266
SITE_01807,OH,45813,1033.56,-1.0,-1.0,3828.0,-1.0,-1.0,2017-12-01,-1.0,1.0,40.1873,-82.5838
SITE_01808,OH,44125,8.0,-1.0,-1.0,20.0,-1.0,0.0,2022-11-05,-1.0,0.0,41.2936,-82.3824
SITE_01809,OH,44012,11.2,-1.0,-1.0,28.0,-1.0,0.0,2022-11-15,-1.0,0.0,39.4787,-83.1365
SITE_01810,OH,43465,12.8,-1.0,-1.0,32.0,-1.0,0.0,2022-11-30,-1.0,0.0,41.3047,-83.8022
SITE_01811,OH,43119,4.0,-1.0,-1.0,10.0,-1.0,0.0,2022-12-09,-1.0,0.0,40.5181,-81.6546
SITE_01812,OH,45817,10.8,-1.0,-1.0,24.0,-1.0,-1.0,2022-12-13,-1.0,1.0,40.6674,-83.2443
SITE_01813,OH,44312,16.400000000000002,-1.0,-1.0,41.0,-1.0,0.0,2022-12-30,-1.0,0.0,39.3016,-81.5943
SITE_01814,OH,44125,8.8,-1.0,-1.0,22.0,-1.0,0.0,2022-11-02,-1.0,0.0,40.4495,-81.3529
SITE_01815,OH,44129,6.4,-1.0,-1.0,16.0,-1.0,0.0,2023-01-03,-1.0,0.0,39.5218,-81.3307
SITE_01816,OH,44089,11.6,-1.0,-1.0,29.0,-1.0,0.0,2023-01-07,-1.0,0.0,39.8807,-82.0288
SITE_01817,OH,44041,13.6,-1.0,-1.0,34.0,-1.0,0.0,2022-12-29,-1.0,0.0,39.3097,-82.6195
SITE_01818,OH,45865,6561.0,-1.0,-1.0,17496.0,-1.0,-1.0,2020-12-22,-1.0,1.0,40.1993,-81.2752
SITE_01819,OH,44053,11.2,-1.0,-1.0,28.0,-1.0,0.0,2023-01-30,-1.0,0.0,39.9920,-83.5248
SITE_01820,OH,44601,6.8,-1.0,-1.0,17.0,-1.0,0.0,2023-02-11,-1.0,0.0,39.2828,-83.5467
SITE_01821,OH,44314,6.4,-1.0,-1.0,16.0,-1.0,0.0,2023-04-11,-1.0,0.0,40.6344,-82.3259
SITE_01822,OH,44319,8.4,-1.0,-1.0,21.0,-1.0,0.0,2023-02-21,-1.0,0.0,39.7534,-82.7395
SITE_01823,OH,43515,7.6,-1.0,-1.0,19.0,-1.0,0.0,2023-02-11,-1.0,0.0,40.6487,-83.7894
SITE_01824,OH,44432,6.0,-1.0,-1.0,15.0,-1.0,0.0,2023-03-23,-1.0,0.0,39.9310,-84.0420
SITE_01825,OH,44460,8.0,-1.0,-1.0,20.0,-1.0,0.0,2023-02-19,-1.0,0.0,40.1599,-83.7731
SITE_01826,OH,45449,3.2,-1.0,-1.0,8.0,-1.0,0.0,2023-02-24,-1.0,0.0,40.0938,-81.8240
SITE_01827,OH,44875,4.8,-1.0,-1.0,12.0,-1.0,0.0,2023-03-31,-1.0,0.0,40.3685,-82.4836
SITE_01828,OH,44121,5.2,-1.0,-1.0,13.0,-1.0,0.0,2023-03-30,-1.0,0.0,41.1035,-82.7573
SITE_01829,OH,45243,23.599999999999998,-1.0,-1.0,59.0,-1.0,0.0,2023-03-27,-1.0,0.0,40.5972,-84.3110
SITE_01830,OH,45068,12.4,-1.0,-1.0,31.0,-1.0,0.0,2023-04-25,-1.0,0.0,39.3074,-82.2770
SITE_01831,OH,44851,21.12,-1.0,-1.0,48.0,-1.0,0.0,2023-05-31,-1.0,0.0,39.8774,-83.6574
SITE_01832,OH,43224,10.73,-1.0,-1.0,29.0,-1.0,0.0,2023-05-31,-1.0,0.0,39.5795,-83.4157
SITE_01833,OH,45869,16.8,-1.0,-1.0,42.0,-1.0,0.0,2023-06-07,-1.0,0.0,39.3156,-81.3391
SITE_01834,OH,43085,5.625,-1.0,-1.0,15.0,-1.0,0.0,2021-09-10,-1.0,0.0,41.3978,-83.8179
SITE_01835,OH,44730,12.0,-1.0,-1.0,30.0,-1.0,0.0,2023-07-20,-1.0,0.0,40.1910,-83.5981
SITE_01836,OH,43140,7.32,-1.0,-1.0,24.0,-1.0,0.0,2018-04-16,-1.0,0.0,39.0862,-83.7584
SITE_01837,OH,45140,18.4,-1.0,-1.0,46.0,-1.0,0.0,2023-01-14,-1.0,0.0,39.3991,-81.5331
SITE_01838,OH,43571,35.36,-1.0,-1.0,104.0,-1.0,0.0,2021-09-13,-1.0,0.0,40.9775,-83.2238
SITE_01839,OH,43001,15.520000000000001,-1.0,-1.0,32.0,-1.0,0.0,2023-07-26,-1.0,0.0,39.6557,-83.2913
SITE_01840,OH,44127,15.049999999999999,-1.0,-1.0,43.0,-1.0,0.0,2020-01-02,-1.0,0.0,39.8856,-81.5546
SITE_01841,OH,44681,340.46999999999997,-1.0,-1.0,702.0,-1.0,0.0,2024-05-22,-1.0,0.0,40.7307,-84.3078
SITE_01842,OH,43026,15.375,-1.0,-1.0,41.0,-1.0,0.0,2022-03-15,-1.0,0.0,39.6038,-83.7988
SITE_01843,OH,43026,18.0,-1.0,-1.0,45.0,-1.0,0.0,2022-05-19,-1.0,0.0,39.5101,-83.2439
SITE_01844,OH,43021,14.4,-1.0,-1.0,36.0,-1.0,0.0,2023-02-24,-1.0,0.0,39.0298,-81.7888
SITE_01845,OH,43068,16.8,-1.0,-1.0,42.0,-1.0,0.0,2023-01-17,-1.0,0.0,39.3492,-81.2160
SITE_01846,OH,43025,16.8,-1.0,-1.0,42.0,-1.0,0.0,2023-08-18,-1.0,0.0,39.4231,-81.8463
SITE_01847,OH,43035,17.6,-1.0,-1.0,44.0,-1.0,0.0,2023-06-27,-1.0,0.0,40.7773,-82.4303
SITE_01848,OH,45140,15.2,-1.0,-1.0,38.0,-1.0,0.0,2023-07-01,-1.0,0.0,40.3882,-81.3832
SITE_01849,OH,43035,13.6,-1.0,-1.0,34.0,-1.0,0.0,2022-05-14,-1.0,0.0,39.4577,-82.3899
SITE_01850,OH,43021,12.4,-1.0,-1.0,31.0,-1.0,0.0,2022-09-25,-1.0,0.0,40.2860,-83.0114
SITE_01851,OH,45069,12.555,-1.0,-1.0,31.0,-1.0,0.0,2023-09-11,-1.0,0.0,41.2784,-81.5296
SITE_01852,OH,43035,12.375,-1.0,-1.0,33.0,-1.0,0.0,2021-11-11,-1.0,0.0,41.2776,-81.5572
SITE_01853,OH,45039,12.3,-1.0,-1.0,30.0,-1.0,0.0,2022-10-19,-1.0,0.0,41.0237,-82.5607
SITE_01854,OH,43123,11.2,-1.0,-1.0,28.0,-1.0,0.0,2022-03-02,-1.0,0.0,40.7876,-82.1693
SITE_01855,OH,43015,11.2,-1.0,-1.0,28.0,-1.0,0.0,2022-10-03,-1.0,0.0,41.1308,-81.3151
SITE_01856,OH,43207,11.2,-1.0,-1.0,28.0,-1.0,0.0,2022-12-30,-1.0,0.0,40.8345,-83.9488
SITE_01857,OH,45069,11.2,-1.0,-1.0,28.0,-1.0,0.0,2023-04-18,-1.0,0.0,39.7069,-83.4052
SITE_01858,OH,45005,10.935,-1.0,-1.0,27.0,-1.0,0.0,2023-06-22,-1.0,0.0,39.3311,-81.3967
SITE_01859,OH,43123,10.88,-1.0,-1.0,34.0,-1.0,0.0,2021-04-09,-1.0,0.0,41.0776,-84.0911
SITE_01860,OH,44622,1278.46,-1.0,-1.0,2636.0,-1.0,0.0,2024-06-24,-1.0,0.0,40.3652,-82.7262
SITE_01861,OH,43228,10.4,-1.0,-1.0,26.0,-1.0,0.0,2023-06-06,-1.0,0.0,40.0332,-82.6666
SITE_01862,OH,43213,10.0,-1.0,-1.0,25.0,-1.0,0.0,2022-05-29,-1.0,0.0,41.3581,-81.2814
SITE_01863,OH,45246,10.0,-1.0,-1.0,25.0,-1.0,0.0,2023-03-28,-1.0,0.0,39.4964,-84.0847
SITE_01864,OH,45255,10.0,-1.0,-1.0,25.0,-1.0,0.0,2022-04-06,-1.0,0.0,40.0542,-83.1270
SITE_01865,OH,43227,10.0,-1.0,-1.0,25.0,-1.0,0.0,2023-04-06,-1.0,0.0,40.0714,-82.4785
SITE_01866,OH,43130,10.0,-1.0,-1.0,25.0,-1.0,0.0,2022-04-14,-1.0,0.0,39.5276,-82.5515
SITE_01867,OH,45241,9.719999999999999,-1.0,-1.0,24.0,-1.0,0.0,2023-08-31,-1.0,0.0,39.0259,-82.7186
SITE_01868,OH,43068,9.6,-1.0,-1.0,24.0,-1.0,0.0,2022-09-28,-1.0,0.0,40.7543,-84.2868
SITE_01869,OH,43026,9.6,-1.0,-1.0,24.0,-1.0,0.0,2022-11-15,-1.0,0.0,41.3137,-83.9960
SITE_01870,OH,43065,9.6,-1.0,-1.0,24.0,-1.0,0.0,2023-03-10,-1.0,0.0,39.0439,-82.1539
SITE_01871,OH,43119,9.6,-1.0,-1.0,24.0,-1.0,0.0,2022-03-08,-1.0,0.0,41.1664,-83.7392
SITE_01872,OH,43105,9.28,-1.0,-1.0,29.0,-1.0,0.0,2020-12-15,-1.0,0.0,39.8095,-83.3145
SITE_01873,OH,43023,9.15,-1.0,-1.0,30.0,-1.0,0.0,2020-06-27,-1.0,0.0,39.4072,-83.7700
SITE_01874,OH,43026,8.8,-1.0,-1.0,22.0,-1.0,0.0,2023-05-08,-1.0,0.0,39.5155,-82.1720
SITE_01875,OH,43062,8.8,-1.0,-1.0,22.0,-1.0,0.0,2023-06-28,-1.0,0.0,39.4859,-83.4766
SITE_01876,OH,43004,8.8,-1.0,-1.0,22.0,-1.0,0.0,2022-12-18,-1.0,0.0,40.8330,-81.6807
SITE_01877,OH,43110,8.8,-1.0,-1.0,22.0,-1.0,0.0,2022-09-23,-1.0,0.0,40.2707,-84.0871
SITE_01878,OH,43026,8.625,-1.0,-1.0,23.0,-1.0,0.0,2021-08-26,-1.0,0.0,41.3746,-83.1142
SITE_01879,OH,44256,21.32,-1.0,-1.0,52.0,-1.0,0.0,2024-10-24,-1.0,0.0,40.2097,-82.3262
SITE_01880,OH,45822,803.25,-1.0,-1.0,1350.0,-1.0,0.0,2024-11-22,-1.0,0.0,39.5821,-81.5680
SITE_01881,ME,-1,3.0,-1.0,-1.0,-1.0,-1.0,-1.0,2005-11-15,-1.0,-1.0,45.2111,-68.0271
SITE_01882,ME,-1,2.0,-1.0,-1.0,-1.0,-1.0,-1.0,2010-10-13,-1.0,-1.0,43.9325,-68.0068
SITE_01883,ME,-1,6.0,-1.0,-1.0,-1.0,-1.0,-1.0,2011-02-15,-1.0,-1.0,45.1164,-68.4597
SITE_01884,ME,-1,3.0,-1.0,-1.0,-1.0,-1.0,-1.0,2011-07-28,-1.0,-1.0,45.1909,-68.9001
SITE_01885,ME,-1,6.1,-1.0,-1.0,-1.0,-1.0,-1.0,2015-09-15,-1.0,-1.0,46.7768,-68.9707
SITE_01886,ME,-1,7.0,-1.0,-1.0,-1.0,-1.0,-1.0,2015-11-03,-1.0,-1.0,44.6257,-68.7951
SITE_01887,ME,-1,4.08,-1.0,-1.0,-1.0,-1.0,-1.0,2016-01-12,-1.0,-1.0,45.1454,-70.2341
SITE_01888,ME,-1,5.45,-1.0,-1.0,-1.0,-1.0,-1.0,2017-03-23,-1.0,-1.0,44.1716,-69.7815
SITE_01889,ME,-1,6.0,-1.0,-1.0,-1.0,-1.0,-1.0,2017-11-01,-1.0,-1.0,45.1051,-69.4419
SITE_01890,ME,-1,5.0,-1.0,-1.0,-1.0,-1.0,-1.0,2017-12-01,-1.0,-1.0,44.4020,-69.8447
SITE_01891,ME,-1,3.8,-1.0,-1.0,-1.0,-1.0,-1.0,2018-01-17,-1.0,-1.0,44.8546,-68.7693
SITE_01892,ME,-1,7.6,-1.0,-1.0,-1.0,-1.0,-1.0,2018-07-20,-1.0,-1.0,44.8873,-70.2685
SITE_01893,ME,-1,7.6,-1.0,-1.0,-1.0,-1.0,-1.0,2018-10-05,-1.0,-1.0,45.0754,-69.2115
SITE_01894,ME,-1,10.0,-1.0,-1.0,-1.0,-1.0,-1.0,2019-03-25,-1.0,-1.0,46.8992,-68.2099
SITE_01895,ME,-1,10.6,-1.0,-1.0,-1.0,-1.0,-1.0,2019-10-03,-1.0,-1.0,-9999,-9999
SITE_01896,ME,-1,7.6,-1.0,-1.0,-1.0,-1.0,-1.0,2019-10-16,-1.0,-1.0,46.2265,-68.2007
SITE_01897,ME,-1,3.8,-1.0,-1.0,-1.0,-1.0,-1.0,2019-11-12,-1.0,-1.0,45.1723,-70.0369
SITE_01898,ME,-1,7.6,-1.0,-1.0,-1.0,-1.0,-1.0,2020-09-02,-1.0,-1.0,44.9369,-68.1105
SITE_01899,ME,-1,5.0,-1.0,-1.0,-1.0,-1.0,-1.0,2022-04-27,-1.0,-1.0,44.4913,-69.2346
SITE_01900,ME,-1,5.0,-1.0,-1.0,-1.0,-1.0,-1.0,2022-08-30,-1.0,-1.0,45.5599,-68.7957
SITE_01901,ME,-1,12.0,-1.0,-1.0,-1.0,-1.0,-1.0,2023-03-17,-1.0,-1.0,45.0416,-68.3956
SITE_01902,ME,-1,7.6,-1.0,-1.0,-1.0,-1.0,-1.0,2023-03-23,-1.0,-1.0,43.7323,-68.8329
SITE_01903,ME,-1,11.4,-1.0,-1.0,-1.0,-1.0,-1.0,2023-04-20,-1.0,-1.0,46.1971,-69.3384
SITE_01904,ME,-1,23.0,-1.0,-1.0,-1.0,-1.0,-1.0,2023-05-31,-1.0,-1.0,45.9123,-69.2061
SITE_01905,ME,-1,7.6,-1.0,-1.0,-1.0,-1.0,-1.0,2023-08-22,-1.0,-1.0,44.9186,-69.7912
SITE_01906,ME,-1,12.0,-1.0,-1.0,-1.0,-1.0,-1.0,2023-08-23,-1.0,-1.0,45.2573,-68.3048
SITE_01907,ME,-1,10.0,-1.0,-1.0,-1.0,-1.0,-1.0,2023-09-19,-1.0,-1.0,45.8862,-68.7742
SITE_01908,ME,-1,5.0,-1.0,-1.0,-1.0,-1.0,-1.0,2023-11-07,-1.0,-1.0,44.8461,-69.6654
SITE_01909,ME,-1,22.8,-1.0,-1.0,-1.0,-1.0,-1.0,2024-02-12,-1.0,-1.0,43.7973,-69.6955
SITE_01910,ME,-1,5.2,-1.0,-1.0,-1.0,-1.0,-1.0,2024-06-21,-1.0,-1.0,46.2519,-70.2128
SITE_01911,ME,-1,3.48,-1.0,-1.0,-1.0,-1.0,-1.0,2024-09-11,-1.0,-1.0,45.7344,-69.6888
SITE_01912,ME,-1,5.94,-1.0,-1.0,-1.0,-1.0,-1.0,2011-07-14,-1.0,-1.0,46.2969,-69.6179
SITE_01913,ME,-1,5.0,-1.0,-1.0,-1.0,-1.0,-1.0,2011-08-26,-1.0,-1.0,43.9731,-68.2009
SITE_01914,ME,-1,7.02,-1.0,-1.0,-1.0,-1.0,-1.0,2018-10-25,-1.0,-1.0,45.8551,-68.9856
SITE_01915,ME,-1,6.0,-1.0,-1.0,-1.0,-1.0,-1.0,2022-06-14,-1.0,-1.0,44.8156,-70.3389
SITE_01916,ME,-1,4.64,-1.0,-1.0,-1.0,-1.0,-1.0,2024-07-19,-1.0,-1.0,46.2706,-68.9187
SITE_01917,ME,-1,9.28,-1.0,-1.0,-1.0,-1.0,-1.0,2024-11-01,-1.0,-1.0,44.5021,-69.9007
SITE_01918,AZ,85027,7.7,-1.0,-1.0,-1.0,0.19125683060109291,-1.0,2023-04-03,0.0,-1.0,35.8611,-111.7569
SITE_01919,AZ,85032,8.235,-1.0,-1.0,-1.0,0.1881573167902953,-1.0,2019-11-02,0.0,-1.0,35.3424,-110.2481
SITE_01920,AZ,85326,7.92,-1.0,-1.0,-1.0,0.2023948834573462,-1.0,2021-02-23,1.0,-1.0,36.0351,-111.8396
SITE_01921,AZ,85365,8.16,-1.0,-1.0,-1.0,-1.0,-1.0,2015-12-30,1.0,-1.0,35.5509,-112.8308
SITE_01922,AZ,85396,11.55,-1.0,-1.0,-1.0,0.2017114914425428,-1.0,2021-05-11,0.0,-1.0,34.3129,-112.7013
SITE_01923,AZ,86305,6.0,-1.0,-1.0,-1.0,-1.0,-1.0,2016-04-29,1.0,-1.0,35.0825,-111.2624
SITE_01924,AZ,85338,10.08,-1.0,-1.0,-1.0,0.1763668430335097,-1.0,2015-02-26,0.0,-1.0,35.7473,-110.7234
SITE_01925,AZ,85387,10.875,-1.0,-1.0,-1.0,-1.0,-1.0,2022-04-19,0.0,-1.0,32.9306,-110.3207
SITE_01926,AZ,85326,11.02,-1.0,-1.0,-1.0,0.18275233844220648,-1.0,2018-10-10,0.0,-1.0,35.3571,-110.3195
SITE_01927,AZ,86004,5.72,-1.0,-1.0,-1.0,0.1678735266676782,-1.0,2016-06-02,0.0,-1.0,36.2344,-111.2916
SITE_01928,AZ,85396,8.84,-1.0,-1.0,-1.0,0.19607843137254904,-1.0,2021-10-29,0.0,-1.0,33.1205,-113.1497
SITE_01929,AZ,85260,12.0,-1.0,-1.0,-1.0,0.20408163265306123,-1.0,2024-07-27,1.0,-1.0,33.3034,-110.5684
SITE_01930,AZ,85308,7.5,-1.0,-1.0,-1.0,0.14881439570938335,-1.0,2014-11-14,1.0,-1.0,32.6069,-112.7149
SITE_01931,AZ,85331,25.84,-1.0,-1.0,-1.0,0.19607843137254904,-1.0,2022-03-22,0.0,-1.0,34.9027,-110.1315
SITE_01932,AZ,86314,3.24,-1.0,-1.0,-1.0,0.21686746987951808,-1.0,2023-03-17,0.0,-1.0,33.5914,-110.7379
SITE_01933,AZ,85381,13.63,-1.0,-1.0,-1.0,0.18275233844220648,-1.0,2017-06-09,1.0,-1.0,-9999,-9999
SITE_01934,AZ,85365,12.24,-1.0,-1.0,-1.0,0.19653179190751444,-1.0,2021-08-18,0.0,-1.0,34.5313,-112.0205
SITE_01935,AZ,85086,8.125,-1.0,-1.0,-1.0,0.1619328302620073,-1.0,2021-01-25,0.0,-1.0,33.0469,-112.9932
SITE_01936,AZ,85375,10.73,-1.0,-1.0,-1.0,0.21688159437280188,-1.0,2023-02-10,0.0,-1.0,36.2676,-110.8002
SITE_01937,AZ,85364,10.0,-1.0,-1.0,-1.0,0.20833333333333334,-1.0,2024-02-15,0.0,-1.0,35.6109,-112.9618
SITE_01938,AZ,85326,5.49,-1.0,-1.0,-1.0,0.1859756097560976,-1.0,2018-04-09,0.0,-1.0,32.9665,-112.3607
SITE_01939,AZ,85122,9.2,-1.0,-1.0,-1.0,0.20833333333333334,-1.0,2023-02-24,0.0,-1.0,35.0207,-110.3393
SITE_01940,AZ,85379,8.125,-1.0,-1.0,-1.0,0.1986552567237164,-1.0,2019-08-10,0.0,-1.0,35.5119,-113.4440
SITE_01941,AZ,85383,12.18,-1.0,-1.0,-1.0,0.18275233844220648,-1.0,2017-06-22,1.0,-1.0,35.4189,-111.3458
SITE_01942,AZ,85501,10.0,-1.0,-1.0,-1.0,0.20833333333333334,-1.0,2022-11-09,0.0,-1.0,33.9626,-113.4620
SITE_01943,AZ,85367,7.04,-1.0,-1.0,-1.0,-1.0,-1.0,2020-02-20,1.0,-1.0,34.9089,-109.9457
SITE_01944,AZ,85032,12.075,-1.0,-1.0,-1.0,0.2115637689993463,-1.0,2018-04-26,1.0,-1.0,35.5878,-111.8728
SITE_01945,AZ,85383,15.95,-1.0,-1.0,-1.0,0.18275233844220648,-1.0,2018-02-20,1.0,-1.0,35.0066,-113.0773
SITE_01946,AZ,85367,16.465,-1.0,-1.0,-1.0,0.20697674418604653,-1.0,2024-02-27,0.0,-1.0,32.7173,-113.4595
SITE_01947,AZ,85379,21.7,-1.0,-1.0,-1.0,0.19553072625698323,-1.0,2022-09-27,0.0,-1.0,-9999,-9999
SITE_01948,AZ,85012,4.05,-1.0,-1.0,-1.0,0.14225181598062955,-1.0,2010-03-23,0.0,-1.0,35.9116,-112.9354
SITE_01949,AZ,85379,6.97,-1.0,-1.0,-1.0,0.21354166666666669,-1.0,2023-11-06,1.0,-1.0,36.2713,-110.7834
SITE_01950,AZ,85383,14.965,-1.0,-1.0,-1.0,0.19945355191256828,-1.0,2022-02-18,0.0,-1.0,33.1596,-112.9717
SITE_01951,AZ,85331,10.2,-1.0,-1.0,-1.0,-1.0,-1.0,2015-06-16,1.0,-1.0,34.5240,-111.2029
SITE_01952,AZ,85375,7.13,-1.0,-1.0,-1.0,0.19100431300061615,-1.0,2020-08-22,1.0,-1.0,33.1774,-112.0495
SITE_01953,AZ,85053,12.455,-1.0,-1.0,-1.0,0.17210519069255129,-1.0,2016-11-05,1.0,-1.0,32.8551,-110.6460
SITE_01954,AZ,85340,13.44,-1.0,-1.0,-1.0,0.19753086419753085,-1.0,2020-02-08,0.0,-1.0,35.8611,-111.8568
SITE_01955,AZ,85123,10.075,-1.0,-1.0,-1.0,0.19938650306748468,-1.0,2021-12-08,1.0,-1.0,32.6149,-112.7599
SITE_01956,AZ,85365,16.4,-1.0,-1.0,-1.0,0.20833333333333334,-1.0,2023-07-17,1.0,-1.0,36.1101,-112.7280
SITE_01957,AZ,85396,13.08,-1.0,-1.0,-1.0,0.20061349693251534,-1.0,2020-08-10,0.0,-1.0,34.6490,-113.1989
SITE_01958,AZ,85344,9.84,-1.0,-1.0,-1.0,0.20918367346938777,-1.0,2024-05-15,0.0,-1.0,32.4984,-111.2840
SITE_01959,AZ,85123,8.96,-1.0,-1.0,-1.0,0.17273458590584484,-1.0,2019-01-02,0.0,-1.0,33.8746,-110.8575
SITE_01960,AZ,86326,8.58,-1.0,-1.0,-1.0,0.2023948834573462,-1.0,2021-04-20,0.0,-1.0,32.9574,-111.4613
SITE_01961,AZ,85379,25.55,-1.0,-1.0,-1.0,-1.0,-1.0,2022-04-11,0.0,-1.0,32.4425,-111.5286
SITE_01962,AZ,85085,14.7,-1.0,-1.0,-1.0,0.1832844574780059,-1.0,2017-11-18,1.0,-1.0,33.9877,-112.7232
SITE_01963,AZ,85388,6.84,-1.0,-1.0,-1.0,0.18037974683544303,-1.0,2018-06-07,1.0,-1.0,33.5360,-110.9191
SITE_01964,AZ,85326,12.285,-1.0,-1.0,-1.0,0.19444444444444442,-1.0,2021-06-02,0.0,-1.0,33.8575,-111.2210
SITE_01965,AZ,85323,9.99,-1.0,-1.0,-1.0,0.20786516853932585,-1.0,2021-08-10,0.0,-1.0,33.4286,-111.5636
SITE_01966,AZ,85383,7.935,-1.0,-1.0,-1.0,0.20925526959357169,-1.0,2020-08-17,0.0,-1.0,34.7239,-110.2960
SITE_01967,AZ,85345,5.6,-1.0,-1.0,-1.0,0.17273458590584484,-1.0,2018-12-15,1.0,-1.0,32.9355,-112.4936
SITE_01968,AZ,85607,14.85,-1.0,-1.0,-1.0,0.2023948834573462,-1.0,2021-03-23,0.0,-1.0,34.0252,-110.8720
SITE_01969,AZ,85396,5.7,-1.0,-1.0,-1.0,0.18037974683544303,-1.0,2018-09-10,0.0,-1.0,34.2624,-111.7247
SITE_01970,AZ,85375,5.53,-1.0,-1.0,-1.0,0.20287621982537238,-1.0,2023-02-09,1.0,-1.0,32.4187,-112.0247
SITE_01971,AZ,85335,10.44,-1.0,-1.0,-1.0,0.17365269461077845,-1.0,2021-02-09,1.0,-1.0,33.2626,-112.7947
SITE_01972,AZ,85501,9.48,-1.0,-1.0,-1.0,0.20256410256410257,-1.0,2023-11-20,0.0,-1.0,36.1661,-113.0123
SITE_01973,AZ,85308,12.71,-1.0,-1.0,-1.0,0.20918367346938777,-1.0,2024-05-29,1.0,-1.0,35.6284,-112.7832
SITE_01974,AZ,85122,6.0,-1.0,-1.0,-1.0,0.14881439570938335,-1.0,2014-03-11,1.0,-1.0,35.5598,-111.5496
SITE_01975,AZ,85007,11.375,-1.0,-1.0,-1.0,0.20061728395061726,-1.0,2021-11-18,1.0,-1.0,34.1034,-111.3091
SITE_01976,AZ,85028,16.34,-1.0,-1.0,-1.0,0.22222222222222224,-1.0,2023-03-02,0.0,-1.0,35.9155,-110.5579
SITE_01977,AZ,85281,166.38,-1.0,-1.0,-1.0,0.1539018991494355,-1.0,2012-11-26,0.0,-1.0,34.1995,-111.9792
SITE_01978,AZ,86301,2.04,-1.0,-1.0,-1.0,0.19607843137254904,-1.0,2022-07-11,0.0,-1.0,33.7793,-110.8777
SITE_01979,AZ,85123,7.9,-1.0,-1.0,-1.0,-1.0,-1.0,2023-08-25,1.0,-1.0,32.4994,-113.4246
SITE_01980,AZ,85132,4.4,-1.0,-1.0,-1.0,-1.0,-1.0,2023-06-05,1.0,-1.0,35.9020,-112.5837
SITE_01981,AZ,85365,14.245,-1.0,-1.0,-1.0,0.19743589743589743,-1.0,2023-11-04,1.0,-1.0,33.4666,-111.2604
SITE_01982,AZ,85373,5.886,-1.0,-1.0,-1.0,-1.0,-1.0,2013-11-07,1.0,-1.0,33.8976,-112.6476
SITE_01983,AZ,85364,8.0,-1.0,-1.0,-1.0,0.20833333333333334,-1.0,2024-03-26,0.0,-1.0,35.1482,-111.2621
SITE_01984,AZ,85331,28.12,-1.0,-1.0,-1.0,0.22222222222222224,-1.0,2023-01-27,0.0,-1.0,36.0386,-112.6569
SITE_01985,AZ,85351,3.4,-1.0,-1.0,-1.0,0.20852806174393246,-1.0,2021-05-07,1.0,-1.0,35.0027,-110.8379
SITE_01986,AZ,85365,11.1,-1.0,-1.0,-1.0,0.20786516853932585,-1.0,2021-09-02,0.0,-1.0,35.0126,-112.1337
SITE_01987,AZ,85326,5.4,-1.0,-1.0,-1.0,0.17964071856287428,-1.0,2017-12-18,1.0,-1.0,35.7852,-110.5445
SITE_01988,AZ,85338,10.24,-1.0,-1.0,-1.0,0.19753086419753085,-1.0,2019-05-11,1.0,-1.0,35.6770,-111.6313
SITE_01989,AZ,85351,9.0,-1.0,-1.0,-1.0,0.19108280254777069,-1.0,2019-09-07,0.0,-1.0,32.8682,-112.3638
SITE_01990,AZ,85310,12.95,-1.0,-1.0,-1.0,0.19125683060109291,-1.0,2021-09-17,0.0,-1.0,32.6660,-112.9733
SITE_01991,AZ,85023,12.24,-1.0,-1.0,-1.0,0.21686746987951808,-1.0,2022-12-12,0.0,-1.0,34.2126,-113.1987
SITE_01992,AZ,85338,7.14,-1.0,-1.0,-1.0,0.15827331878046375,-1.0,2016-02-06,1.0,-1.0,35.4132,-112.9960
SITE_01993,AZ,85326,6.0,-1.0,-1.0,-1.0,0.20833333333333334,-1.0,2023-01-10,0.0,-1.0,35.3135,-112.5301
SITE_01994,AZ,85310,7.848,-1.0,-1.0,-1.0,-1.0,-1.0,2012-08-02,1.0,-1.0,34.5691,-113.3137
SITE_01995,AZ,85122,5.49,-1.0,-1.0,-1.0,0.19267214150347442,-1.0,2019-04-18,1.0,-1.0,35.7787,-110.4504
SITE_01996,AZ,85086,5.25,-1.0,-1.0,-1.0,0.14881439570938335,-1.0,2014-02-19,1.0,-1.0,35.7073,-110.4139
SITE_01997,AZ,85373,7.6,-1.0,-1.0,-1.0,0.20833333333333334,-1.0,2023-12-08,0.0,-1.0,33.5743,-111.9316
SITE_01998,AZ,85254,12.32,-1.0,-1.0,-1.0,0.20052083333333334,-1.0,2022-08-17,0.0,-1.0,34.4709,-112.3028
SITE_01999,AZ,85122,3.2,-1.0,-1.0,-1.0,0.20408163265306123,-1.0,2023-08-11,0.0,-1.0,35.2823,-111.5203
SITE_02000,AZ,85326,8.16,-1.0,-1.0,-1.0,0.19607843137254904,-1.0,2021-01-07,0.0,-1.0,35.7242,-112.0130
SITE_02001,AZ,85225,6.24,-1.0,-1.0,-1.0,0.1572876828015598,-1.0,2015-10-26,0.0,-1.0,35.6478,-110.5606
SITE_02002,AZ,85131,2.16,-1.0,-1.0,-1.0,0.14692378328741967,-1.0,2012-03-29,0.0,-1.0,33.3696,-113.0963
SITE_02003,AZ,85365,12.705,-1.0,-1.0,-1.0,0.19743589743589743,-1.0,2024-02-03,1.0,-1.0,-9999,-9999
SITE_02004,AZ,85335,5.1,-1.0,-1.0,-1.0,0.151790683623571,-1.0,2014-12-18,1.0,-1.0,35.5236,-113.1174
SITE_02005,AZ,85308,7.15,-1.0,-1.0,-1.0,-1.0,-1.0,2015-07-10,0.0,-1.0,34.4748,-110.2908
SITE_02006,AZ,85022,7.44,-1.0,-1.0,-1.0,0.14829873544432465,-1.0,2013-10-08,1.0,-1.0,34.4048,-113.3311
SITE_02007,AZ,85086,-1.0,-1.0,-1.0,-1.0,-1.0,-1.0,2020-02-10,0.0,-1.0,32.6516,-112.0323
SITE_02008,AZ,85350,9.57,-1.0,-1.0,-1.0,0.18275233844220648,-1.0,2018-11-13,1.0,-1.0,33.8610,-111.5367
SITE_02009,AZ,85024,12.54,-1.0,-1.0,-1.0,0.20245398773006135,-1.0,2020-02-08,1.0,-1.0,33.0431,-112.8439
SITE_02010,AZ,86046,6.5,-1.0,-1.0,-1.0,0.1986552567237164,-1.0,2020-08-27,0.0,-1.0,35.6516,-110.8197
SITE_02011,AZ,85351,6.09,-1.0,-1.0,-1.0,0.18275233844220648,-1.0,2018-12-01,1.0,-1.0,34.0645,-112.3956
SITE_02012,AZ,85354,6.36,-1.0,-1.0,-1.0,0.16706036174557276,-1.0,2016-03-21,1.0,-1.0,32.8076,-112.7811
SITE_02013,AZ,85340,8.96,-1.0,-1.0,-1.0,0.2,-1.0,2019-11-19,1.0,-1.0,36.2930,-113.2894
SITE_02014,AZ,85258,12.4,-1.0,-1.0,-1.0,0.2229654403567447,-1.0,2022-10-20,0.0,-1.0,32.7670,-111.4710
SITE_02015,AZ,86004,7.68,-1.0,-1.0,-1.0,0.19626170517075994,-1.0,2020-07-30,0.0,-1.0,35.7603,-111.4324
SITE_02016,AZ,86314,7.2,-1.0,-1.0,-1.0,0.20833333333333334,-1.0,2022-12-02,1.0,-1.0,32.6628,-113.1842
SITE_02017,AZ,85308,9.555,-1.0,-1.0,-1.0,0.15818851551377372,-1.0,2015-06-08,1.0,-1.0,34.6681,-113.1457
SITE_02018,AZ,85306,14.79,-1.0,-1.0,-1.0,0.1731384630080718,-1.0,2020-12-01,0.0,-1.0,33.9069,-110.0072
SITE_02019,AZ,85338,11.2,-1.0,-1.0,-1.0,0.20833333333333334,-1.0,2022-06-27,0.0,-1.0,33.3652,-112.7816
SITE_02020,AZ,85128,11.55,-1.0,-1.0,-1.0,0.19337016574585636,-1.0,2021-10-14,1.0,-1.0,32.8937,-110.5173
SITE_02021,AZ,85365,17.38,-1.0,-1.0,-1.0,-1.0,-1.0,2022-11-21,0.0,-1.0,32.4028,-112.5414
SITE_02022,AZ,85383,11.68,-1.0,-1.0,-1.0,-1.0,-1.0,2022-10-18,0.0,-1.0,33.1159,-110.5839
SITE_02023,AZ,85020,4.935,-1.0,-1.0,-1.0,0.1441576286990234,-1.0,2010-04-27,1.0,-1.0,32.9473,-110.6549
SITE_02024,AZ,85375,6.615,-1.0,-1.0,-1.0,0.196875,-1.0,2018-09-22,1.0,-1.0,32.5974,-113.0456
SITE_02025,AZ,85024,7.425,-1.0,-1.0,-1.0,0.1400514891519229,-1.0,2011-03-02,0.0,-1.0,36.1796,-112.1124
SITE_02026,AZ,85326,8.19,-1.0,-1.0,-1.0,-1.0,-1.0,2021-04-16,0.0,-1.0,33.6611,-112.8027
SITE_02027,AZ,85396,13.0,-1.0,-1.0,-1.0,0.20061728395061726,-1.0,2021-02-12,1.0,-1.0,36.2305,-110.9199
SITE_02028,AZ,85381,10.335,-1.0,-1.0,-1.0,0.17210519069255129,-1.0,2017-02-15,1.0,-1.0,36.1951,-111.6136
SITE_02029,AZ,85296,13.42,-1.0,-1.0,-1.0,0.19267214150347442,-1.0,2018-10-08,1.0,-1.0,34.4890,-111.3129
SITE_02030,AZ,85364,12.21,-1.0,-1.0,-1.0,0.20786516853932585,-1.0,2022-01-10,0.0,-1.0,35.7974,-110.8390
SITE_02031,AZ,85375,4.8,-1.0,-1.0,-1.0,0.20833333333333334,-1.0,2024-10-07,0.0,-1.0,33.8711,-113.1090
SITE_02032,AZ,85375,6.0,-1.0,-1.0,-1.0,0.16141685256507524,-1.0,2014-06-06,1.0,-1.0,32.3328,-110.9191
SITE_02033,AZ,85032,5.44,-1.0,-1.0,-1.0,0.20852806174393246,-1.0,2021-09-01,0.0,-1.0,34.3098,-110.1356
SITE_02034,AZ,85395,3.5,-1.0,-1.0,-1.0,0.15366837136113298,-1.0,2013-04-23,0.0,-1.0,33.7398,-112.6774
SITE_02035,AZ,85123,5.32,-1.0,-1.0,-1.0,0.16816816816816815,-1.0,2017-05-09,1.0,-1.0,33.9047,-110.8006
SITE_02036,AZ,86017,5.04,-1.0,-1.0,-1.0,0.1932515337423313,-1.0,2019-02-27,0.0,-1.0,32.3021,-110.5652
SITE_02037,AZ,85364,12.95,-1.0,-1.0,-1.0,0.20786516853932585,-1.0,2022-04-18,0.0,-1.0,33.9492,-110.5793
SITE_02038,AZ,85032,6.08,-1.0,-1.0,-1.0,-1.0,-1.0,2008-10-23,1.0,-1.0,35.7657,-110.9681
SITE_02039,AZ,85310,13.2,-1.0,-1.0,-1.0,0.20512820512820515,-1.0,2023-12-21,0.0,-1.0,33.1250,-112.6402
SITE_02040,AZ,85939,11.85,-1.0,-1.0,-1.0,0.20572916666666669,-1.0,2023-02-08,0.0,-1.0,34.0735,-111.3639
SITE_02041,AZ,85308,5.04,-1.0,-1.0,-1.0,0.21686746987951808,-1.0,2023-08-18,0.0,-1.0,32.5860,-113.4567
SITE_02042,AZ,85396,3.96,-1.0,-1.0,-1.0,0.2,-1.0,2022-09-01,0.0,-1.0,33.7445,-112.4251
SITE_02043,AZ,85374,9.125,-1.0,-1.0,-1.0,0.19945355191256828,-1.0,2022-02-19,0.0,-1.0,33.0086,-111.8046
SITE_02044,AZ,85379,14.235,-1.0,-1.0,-1.0,-1.0,-1.0,2022-03-22,0.0,-1.0,33.1260,-111.2494
SITE_02045,AZ,85326,8.45,-1.0,-1.0,-1.0,0.19411444987964904,-1.0,2018-03-30,0.0,-1.0,32.4971,-111.1103
SITE_02046,AZ,85308,9.8,-1.0,-1.0,-1.0,-1.0,-1.0,2017-03-31,1.0,-1.0,35.6030,-113.0506
SITE_02047,AZ,85122,5.035,-1.0,-1.0,-1.0,0.16856980921078157,-1.0,2017-01-06,1.0,-1.0,32.7744,-112.8702
SITE_02048,AZ,85087,7.22,-1.0,-1.0,-1.0,0.21468926553672316,-1.0,2023-04-13,0.0,-1.0,33.4993,-112.7868
SITE_02049,AZ,85375,14.76,-1.0,-1.0,-1.0,0.22072348252605764,-1.0,2019-03-14,0.0,-1.0,35.4992,-112.6531
SITE_02050,AZ,85388,9.156,-1.0,-1.0,-1.0,-1.0,-1.0,2012-12-04,1.0,-1.0,35.7449,-111.2299
SITE_02051,AZ,85396,13.05,-1.0,-1.0,-1.0,0.17365269461077845,-1.0,2021-04-29,0.0,-1.0,34.7756,-112.1454
SITE_02052,AZ,85266,10.4,-1.0,-1.0,-1.0,0.20833333333333334,-1.0,2023-03-16,0.0,-1.0,-9999,-9999
SITE_02053,AZ,85607,9.18,-1.0,-1.0,-1.0,0.20852806174393246,-1.0,2021-10-06,0.0,-1.0,35.6019,-111.7577
SITE_02054,AZ,85032,9.25,-1.0,-1.0,-1.0,0.2032967032967033,-1.0,2023-08-17,1.0,-1.0,32.5159,-112.1383
SITE_02055,AZ,85396,13.8,-1.0,-1.0,-1.0,0.2115637689993463,-1.0,2017-10-20,1.0,-1.0,35.1902,-112.0460
SITE_02056,AZ,85388,9.69,-1.0,-1.0,-1.0,0.18037974683544303,-1.0,2018-03-27,1.0,-1.0,32.8246,-112.5326
SITE_02057,AZ,85349,6.49,-1.0,-1.0,-1.0,0.18209876543209877,-1.0,2019-02-05,0.0,-1.0,35.3546,-111.8598
SITE_02058,AZ,85053,15.6,-1.0,-1.0,-1.0,0.20833333333333334,-1.0,2023-02-28,0.0,-1.0,33.8204,-111.9673
SITE_02059,AZ,85122,6.24,-1.0,-1.0,-1.0,-1.0,-1.0,2015-10-01,1.0,-1.0,32.9703,-111.1250
SITE_02060,AZ,85034,44.1,-1.0,-1.0,-1.0,0.1984126984126984,-1.0,2018-07-03,0.0,-1.0,34.8031,-110.8204
SITE_02061,AZ,85383,8.76,-1.0,-1.0,-1.0,-1.0,-1.0,2021-12-09,0.0,-1.0,35.2948,-110.0560
SITE_02062,AZ,85340,9.945,-1.0,-1.0,-1.0,0.1567417387883556,-1.0,2014-12-12,0.0,-1.0,34.5407,-113.4859
SITE_02063,AZ,85053,5.035,-1.0,-1.0,-1.0,0.16856980921078157,-1.0,2016-10-03,0.0,-1.0,33.4023,-110.2552
SITE_02064,AZ,85388,7.56,-1.0,-1.0,-1.0,0.16766467065868265,-1.0,2017-05-02,0.0,-1.0,34.2431,-110.4958
SITE_02065,AZ,86001,5.55,-1.0,-1.0,-1.0,-1.0,-1.0,2020-09-15,0.0,-1.0,33.9638,-111.0038
SITE_02066,AZ,85027,-1.0,-1.0,-1.0,-1.0,-1.0,-1.0,2024-07-11,0.0,-1.0,32.8326,-111.3498
SITE_02067,AZ,85326,11.6,-1.0,-1.0,-1.0,0.20833333333333334,-1.0,2022-10-19,0.0,-1.0,33.8582,-110.6202
SITE_02068,AZ,86001,3.6,-1.0,-1.0,-1.0,0.13622493461203142,-1.0,2010-02-10,0.0,-1.0,32.9990,-113.4913
SITE_02069,AZ,85373,4.08,-1.0,-1.0,-1.0,0.20858895705521474,-1.0,2022-07-22,1.0,-1.0,35.2696,-112.8512
SITE_02070,AZ,86305,5.13,-1.0,-1.0,-1.0,0.17447199265381083,-1.0,2017-10-26,0.0,-1.0,34.6497,-110.7499
SITE_02071,AZ,85387,7.38,-1.0,-1.0,-1.0,0.21354166666666669,-1.0,2023-11-06,1.0,-1.0,32.6420,-111.3873
SITE_02072,AZ,85383,26.27,-1.0,-1.0,-1.0,-1.0,-1.0,2021-03-02,0.0,-1.0,34.7051,-111.0839
SITE_02073,AZ,85338,9.8,-1.0,-1.0,-1.0,0.19337016574585636,-1.0,2021-10-21,1.0,-1.0,35.8251,-111.2513
SITE_02074,AZ,85131,9.36,-1.0,-1.0,-1.0,0.1598151062155783,-1.0,2016-04-15,0.0,-1.0,34.8212,-111.3412
SITE_02075,AZ,85087,10.25,-1.0,-1.0,-1.0,-1.0,-1.0,2015-07-17,1.0,-1.0,36.2973,-110.1447
SITE_02076,AZ,85379,5.75,-1.0,-1.0,-1.0,-1.0,-1.0,2015-10-19,1.0,-1.0,34.9903,-109.9062
SITE_02077,AZ,85023,9.75,-1.0,-1.0,-1.0,0.19411444987964904,-1.0,2017-10-07,0.0,-1.0,33.9558,-111.4943
SITE_02078,AZ,85382,9.2,-1.0,-1.0,-1.0,0.20408163265306123,-1.0,2024-10-17,0.0,-1.0,35.1619,-111.8276
SITE_02079,AZ,85382,3.78,-1.0,-1.0,-1.0,0.196875,-1.0,2019-11-20,1.0,-1.0,34.9735,-112.8695
SITE_02080,AZ,85383,10.5,-1.0,-1.0,-1.0,0.19108280254777069,-1.0,2019-12-04,0.0,-1.0,34.1284,-112.6191
SITE_02081,AZ,85338,8.48,-1.0,-1.0,-1.0,0.16856980921078157,-1.0,2016-07-14,1.0,-1.0,35.9897,-112.7401
SITE_02082,AZ,85122,6.4,-1.0,-1.0,-1.0,0.20833333333333334,-1.0,2022-07-16,0.0,-1.0,35.4297,-110.3424
SITE_02083,AZ,85086,7.95,-1.0,-1.0,-1.0,0.1735081247634724,-1.0,2016-04-04,1.0,-1.0,34.6394,-112.3224
SITE_02084,AZ,85373,9.72,-1.0,-1.0,-1.0,0.225752508361204,-1.0,2023-07-29,0.0,-1.0,35.0156,-111.7956
SITE_02085,AZ,85308,7.755,-1.0,-1.0,-1.0,-1.0,-1.0,2012-03-14,1.0,-1.0,34.0772,-110.7366
SITE_02086,AZ,85379,7.02,-1.0,-1.0,-1.0,0.16449172058339728,-1.0,2015-07-13,0.0,-1.0,33.8393,-113.2781
SITE_02087,AZ,85365,12.81,-1.0,-1.0,-1.0,0.1881573167902953,-1.0,2019-11-22,1.0,-1.0,33.1449,-110.0902
SITE_02088,AZ,85123,6.785,-1.0,-1.0,-1.0,0.18209876543209877,-1.0,2017-11-17,0.0,-1.0,33.6422,-112.6268
SITE_02089,AZ,85373,12.42,-1.0,-1.0,-1.0,0.2115637689993463,-1.0,2018-06-27,1.0,-1.0,35.3042,-110.4914
SITE_02090,AZ,85365,11.0,-1.0,-1.0,-1.0,0.205607476635514,-1.0,2023-06-30,0.0,-1.0,33.9344,-112.4115
SITE_02091,AZ,86004,9.6,-1.0,-1.0,-1.0,0.20833333333333334,-1.0,2024-04-12,0.0,-1.0,34.6148,-112.0627
SITE_02092,AZ,85383,6.08,-1.0,-1.0,-1.0,0.19626170517075994,-1.0,2020-04-01,0.0,-1.0,35.9761,-111.1846
SITE_02093,AZ,85355,5.1,-1.0,-1.0,-1.0,0.20852806174393246,-1.0,2021-04-09,0.0,-1.0,32.4086,-112.4928
SITE_02094,AZ,85388,6.72,-1.0,-1.0,-1.0,0.14829873544432465,-1.0,2013-06-17,1.0,-1.0,33.4677,-111.4711
SITE_02095,AZ,86047,5.25,-1.0,-1.0,-1.0,0.19125683060109291,-1.0,2021-12-14,1.0,-1.0,33.9513,-110.6353
SITE_02096,AZ,85379,13.65,-1.0,-1.0,-1.0,0.20418848167539266,-1.0,2023-09-29,0.0,-1.0,34.6171,-113.2038
SITE_02097,AZ,85396,7.7,-1.0,-1.0,-1.0,0.19125683060109291,-1.0,2023-01-09,0.0,-1.0,32.4546,-111.7392
SITE_02098,AZ,85387,5.8,-1.0,-1.0,-1.0,0.18275233844220648,-1.0,2017-10-11,0.0,-1.0,35.3815,-112.6376
SITE_02099,AZ,85375,6.0,-1.0,-1.0,-1.0,0.18896447467876037,-1.0,2016-03-09,0.0,-1.0,34.5252,-112.6813
SITE_02100,AZ,85260,6.09,-1.0,-1.0,-1.0,0.18275233844220648,-1.0,2017-11-21,0.0,-1.0,35.4303,-111.2043
SITE_02101,AZ,85122,9.9,-1.0,-1.0,-1.0,0.20015721439385117,-1.0,2019-02-04,1.0,-1.0,33.4231,-111.2168
SITE_02102,AZ,85086,33.3,-1.0,-1.0,-1.0,0.18649193548387097,-1.0,2021-09-24,1.0,-1.0,32.5714,-113.1870
SITE_02103,AZ,85364,9.0,-1.0,-1.0,-1.0,0.18896447467876037,-1.0,2016-09-19,1.0,-1.0,35.3075,-112.5311
SITE_02104,AZ,85123,8.67,-1.0,-1.0,-1.0,0.151790683623571,-1.0,2014-10-07,1.0,-1.0,34.9234,-111.8641
SITE_02105,AZ,86303,4.08,-1.0,-1.0,-1.0,0.19607843137254904,-1.0,2021-05-24,0.0,-1.0,34.3998,-112.9390
SITE_02106,AZ,85375,9.49,-1.0,-1.0,-1.0,-1.0,-1.0,2022-08-16,0.0,-1.0,34.6676,-110.6472
SITE_02107,AZ,85396,4.77,-1.0,-1.0,-1.0,0.16856980921078157,-1.0,2017-01-07,0.0,-1.0,34.5687,-112.2911
SITE_02108,AZ,85193,20.52,-1.0,-1.0,-1.0,0.22072348252605764,-1.0,2018-06-06,1.0,-1.0,34.0894,-113.4448
SITE_02109,AZ,85383,6.86,-1.0,-1.0,-1.0,-1.0,-1.0,2014-02-05,1.0,-1.0,34.0185,-109.9407
SITE_02110,AZ,86301,9.0,-1.0,-1.0,-1.0,0.1832844574780059,-1.0,2018-06-15,0.0,-1.0,33.8483,-113.3228
SITE_02111,AZ,85375,2.95,-1.0,-1.0,-1.0,0.18209876543209877,-1.0,2018-04-04,0.0,-1.0,33.2932,-113.0821
SITE_02112,AZ,85022,4.62,-1.0,-1.0,-1.0,0.1576099831118515,-1.0,2017-06-20,0.0,-1.0,34.1722,-113.0795
SITE_02113,AZ,85020,8.48,-1.0,-1.0,-1.0,0.17210519069255129,-1.0,2016-10-06,1.0,-1.0,32.3736,-112.1445
SITE_02114,AZ,85122,5.06,-1.0,-1.0,-1.0,0.14137490165224234,-1.0,2011-12-19,0.0,-1.0,35.7180,-110.9710
SITE_02115,AZ,86333,7.92,-1.0,-1.0,-1.0,0.205607476635514,-1.0,2023-03-27,0.0,-1.0,34.6115,-112.4854
SITE_02116,AZ,86335,-1.0,-1.0,-1.0,-1.0,-1.0,-1.0,2024-02-09,0.0,-1.0,33.9160,-109.9237
SITE_02117,AZ,85387,13.175,-1.0,-1.0,-1.0,0.22368421052631582,-1.0,2024-02-27,1.0,-1.0,33.2080,-113.1368
SITE_02118,AZ,85335,5.51,-1.0,-1.0,-1.0,0.18275233844220648,-1.0,2017-11-30,1.0,-1.0,34.3577,-110.3730
SITE_02119,AZ,85350,8.16,-1.0,-1.0,-1.0,-1.0,-1.0,2015-10-16,1.0,-1.0,33.6896,-112.8482
SITE_02120,AZ,85032,15.6,-1.0,-1.0,-1.0,0.20833333333333334,-1.0,2022-12-21,0.0,-1.0,34.8466,-113.1911
SITE_02121,AZ,85301,4.015,-1.0,-1.0,-1.0,0.20054945054945053,-1.0,2023-02-09,0.0,-1.0,36.2605,-110.4369
SITE_02122,AZ,86314,2.555,-1.0,-1.0,-1.0,0.21987951807228917,-1.0,2023-06-16,0.0,-1.0,34.0756,-111.2228
SITE_02123,AZ,86334,9.75,-1.0,-1.0,-1.0,0.1540440886505245,-1.0,2015-02-09,0.0,-1.0,34.5785,-112.5673
SITE_02124,AZ,85015,7.6,-1.0,-1.0,-1.0,-1.0,-1.0,2022-04-29,0.0,-1.0,33.6630,-110.8739
SITE_02125,AZ,85338,205.86,-1.0,-1.0,-1.0,0.19414893617021278,-1.0,2020-01-15,0.0,-1.0,35.6173,-113.1530
SITE_02126,CT,-1,9.2568,-1.0,-1.0,-1.0,-1.0,-1.0,2022-11-02,-1.0,-1.0,41.2927,-73.2393
SITE_02127,CT,-1,4.6284,-1.0,-1.0,-1.0,-1.0,-1.0,2022-11-02,-1.0,-1.0,41.4068,-72.3279
SITE_02128,CT,-1,4.6284,-1.0,-1.0,-1.0,-1.0,-1.0,2023-01-18,-1.0,-1.0,41.3571,-72.3318
SITE_02129,CT,-1,9.2568,-1.0,-1.0,-1.0,-1.0,-1.0,2023-01-18,-1.0,-1.0,41.9066,-72.9043
SITE_02130,CT,6484,7.308,-1.0,-1.0,-1.0,-1.0,-1.0,2023-05-10,-1.0,-1.0,41.9127,-73.1094
SITE_02131,CT,6615,8.50164,-1.0,-1.0,-1.0,-1.0,-1.0,2023-05-10,-1.0,-1.0,41.4425,-72.9405
SITE_02132,CT,6614,7.77084,-1.0,-1.0,-1.0,-1.0,-1.0,2023-05-10,-1.0,-1.0,41.3087,-73.0607
SITE_02133,CT,-1,5.481,-1.0,-1.0,-1.0,-1.0,-1.0,2023-05-10,-1.0,-1.0,41.3516,-72.3447
SITE_02134,CT,-1,19.975199999999997,-1.0,-1.0,-1.0,-1.0,-1.0,2023-05-10,-1.0,-1.0,41.2628,-73.1588
SITE_02135,CT,-1,4.6284,-1.0,-1.0,-1.0,-1.0,-1.0,2023-05-10,-1.0,-1.0,-9999,-9999
SITE_02136,CT,-1,3.654,-1.0,-1.0,-1.0,-1.0,-1.0,2023-05-10,-1.0,-1.0,41.8833,-72.6966
SITE_02137,CT,-1,4.89636,-1.0,-1.0,-1.0,-1.0,-1.0,2023-07-12,-1.0,-1.0,41.4912,-73.1291
SITE_02138,CT,-1,6.23616,-1.0,-1.0,-1.0,-1.0,-1.0,2023-07-12,-1.0,-1.0,41.8381,-72.5738
SITE_02139,CT,-1,8.84268,-1.0,-1.0,-1.0,-1.0,-1.0,2023-07-12,-1.0,-1.0,41.7462,-72.1033
SITE_02140,CT,-1,4.993799999999999,-1.0,-1.0,-1.0,-1.0,-1.0,2023-07-12,-1.0,-1.0,41.8756,-72.5969
SITE_02141,CT,-1,4.82328,-1.0,-1.0,-1.0,-1.0,-1.0,2023-07-12,-1.0,-1.0,41.5288,-72.1588
SITE_02142,CT,-1,12.423599999999999,-1.0,-1.0,-1.0,-1.0,-1.0,2023-07-12,-1.0,-1.0,41.9493,-72.8934
SITE_02143,CT,-1,12.0582,-1.0,-1.0,-1.0,-1.0,-1.0,2023-07-12,-1.0,-1.0,41.9335,-72.5838
SITE_02144,CT,-1,6.23616,-1.0,-1.0,-1.0,-1.0,-1.0,2023-07-12,-1.0,-1.0,41.3893,-72.2648
SITE_02145,CT,-1,8.97666,-1.0,-1.0,-1.0,-1.0,-1.0,2023-07-12,-1.0,-1.0,41.8815,-72.9165
SITE_02146,CT,-1,11.6928,-1.0,-1.0,-1.0,-1.0,-1.0,2023-08-09,-1.0,-1.0,41.6657,-72.9786
SITE_02147,CT,-1,7.308,-1.0,-1.0,-1.0,-1.0,-1.0,2023-08-09,-1.0,-1.0,41.2868,-72.3603
SITE_02148,CT,-1,7.308,-1.0,-1.0,-1.0,-1.0,-1.0,2023-08-09,-1.0,-1.0,41.2220,-72.7462
SITE_02149,CT,-1,9.890159999999998,-1.0,-1.0,-1.0,-1.0,-1.0,2023-08-09,-1.0,-1.0,41.8277,-73.2608
SITE_02150,CT,-1,6.522390000000001,-1.0,-1.0,-1.0,-1.0,-1.0,2023-08-09,-1.0,-1.0,41.6828,-72.1818
SITE_02151,CT,-1,12.18,-1.0,-1.0,-1.0,-1.0,-1.0,2023-08-09,-1.0,-1.0,41.4698,-73.0506
SITE_02152,CT,-1,15.3468,-1.0,-1.0,-1.0,-1.0,-1.0,2023-08-09,-1.0,-1.0,41.2960,-72.2946
SITE_02153,CT,-1,10.757376,-1.0,-1.0,-1.0,-1.0,-1.0,2023-11-01,-1.0,-1.0,41.9392,-73.1646
SITE_02154,CT,-1,6.080255999999999,-1.0,-1.0,-1.0,-1.0,-1.0,2023-11-01,-1.0,-1.0,41.5862,-72.8019
SITE_02155,CT,-1,7.308,-1.0,-1.0,-1.0,-1.0,-1.0,2023-11-01,-1.0,-1.0,41.3515,-73.0700
SITE_02156,CT,-1,9.2568,-1.0,-1.0,-1.0,-1.0,-1.0,2023-11-01,-1.0,-1.0,41.4698,-72.6155
SITE_02157,CT,-1,12.18,-1.0,-1.0,-1.0,-1.0,-1.0,2023-11-01,-1.0,-1.0,41.4647,-73.0344
SITE_02158,CT,-1,7.308,-1.0,-1.0,-1.0,-1.0,-1.0,2023-11-01,-1.0,-1.0,41.2328,-72.1546
SITE_02159,CT,-1,12.0582,-1.0,-1.0,-1.0,-1.0,-1.0,2023-11-01,-1.0,-1.0,41.5018,-72.9115
SITE_02160,CT,-1,12.18,-1.0,-1.0,-1.0,-1.0,-1.0,2024-02-14,-1.0,-1.0,41.2324,-72.5217
SITE_02161,CT,-1,3.654,-1.0,-1.0,-1.0,-1.0,-1.0,2024-02-14,-1.0,-1.0,41.5123,-72.1069
SITE_02162,CT,-1,9.2568,-1.0,-1.0,-1.0,-1.0,-1.0,2024-04-24,-1.0,-1.0,41.4455,-73.0482
SITE_02163,CT,-1,7.308,-1.0,-1.0,-1.0,-1.0,-1.0,2024-04-24,-1.0,-1.0,41.3954,-72.4920
SITE_02164,CT,-1,12.18,-1.0,-1.0,-1.0,-1.0,-1.0,2024-04-24,-1.0,-1.0,41.4016,-72.2793
SITE_02165,CT,-1,15.902207999999998,-1.0,-1.0,-1.0,-1.0,-1.0,2024-04-24,-1.0,-1.0,41.9958,-72.2314
SITE_02166,CT,-1,4.6284,-1.0,-1.0,-1.0,-1.0,-1.0,2024-04-24,-1.0,-1.0,41.4950,-72.9246
SITE_02167,CT,-1,4.6284,-1.0,-1.0,-1.0,-1.0,-1.0,2024-07-24,-1.0,-1.0,41.7564,-72.1474
SITE_02168,CT,-1,11.0838,-1.0,-1.0,-1.0,-1.0,-1.0,2024-07-24,-1.0,-1.0,41.2923,-72.4384
SITE_02169,VT,-1,201.97424581005586,-1.0,-1.0,-1.0,-1.0,-1.0,2013-08-15,-1.0,-1.0,43.4811,-72.7976
SITE_02170,VT,-1,204.427374301676,-1.0,-1.0,-1.0,-1.0,-1.0,2015-09-24,-1.0,-1.0,44.0939,-72.3716
SITE_02171,VT,-1,7.630000000000001,-1.0,-1.0,-1.0,-1.0,-1.0,2015-05-16,-1.0,-1.0,43.8550,-72.9715
SITE_02172,VT,-1,9.592000000000002,-1.0,-1.0,-1.0,-1.0,-1.0,2015-12-08,-1.0,-1.0,44.4370,-72.7399
SITE_02173,VT,-1,204.427374301676,-1.0,-1.0,-1.0,-1.0,-1.0,2016-11-16,-1.0,-1.0,43.6394,-72.9910
SITE_02174,VT,-1,204.427374301676,-1.0,-1.0,-1.0,-1.0,-1.0,2016-11-16,-1.0,-1.0,43.7440,-72.8394
SITE_02175,VT,-1,17.230263157894736,-1.0,-1.0,-1.0,-1.0,-1.0,2016-03-10,-1.0,-1.0,44.1347,-72.6973
SITE_02176,VT,-1,6.616300000000001,-1.0,-1.0,-1.0,-1.0,-1.0,2016-04-26,-1.0,-1.0,44.5241,-73.0999
SITE_02177,VT,-1,681.4245810055867,-1.0,-1.0,-1.0,-1.0,-1.0,2017-03-18,-1.0,-1.0,43.9953,-72.7350
SITE_02178,VT,-1,8.284,-1.0,-1.0,-1.0,-1.0,-1.0,2016-07-11,-1.0,-1.0,44.6823,-72.8850
SITE_02179,VT,-1,17.230263157894736,-1.0,-1.0,-1.0,-1.0,-1.0,2016-09-30,-1.0,-1.0,43.3408,-72.4872
SITE_02180,VT,-1,6.540000000000001,-1.0,-1.0,-1.0,-1.0,-1.0,2016-12-12,-1.0,-1.0,43.7833,-72.7031
SITE_02181,VT,-1,13.095,-1.0,-1.0,-1.0,-1.0,-1.0,2017-01-12,-1.0,-1.0,44.1648,-72.8637
SITE_02182,VT,-1,17.230263157894736,-1.0,-1.0,-1.0,-1.0,-1.0,2017-01-26,-1.0,-1.0,44.1720,-72.6444
SITE_02183,VT,-1,4.142,-1.0,-1.0,-1.0,-1.0,-1.0,2017-01-16,-1.0,-1.0,44.4336,-73.0611
SITE_02184,VT,-1,13.095,-1.0,-1.0,-1.0,-1.0,-1.0,2017-06-15,-1.0,-1.0,44.0207,-72.7063
SITE_02185,VT,-1,8.284,-1.0,-1.0,-1.0,-1.0,-1.0,2017-05-23,-1.0,-1.0,43.8502,-72.3416
SITE_02186,VT,-1,3.2700000000000005,-1.0,-1.0,-1.0,-1.0,-1.0,2017-05-31,-1.0,-1.0,43.5833,-72.7874
SITE_02187,VT,-1,11.486842105263158,-1.0,-1.0,-1.0,-1.0,-1.0,2017-06-09,-1.0,-1.0,44.0558,-73.0066
SITE_02188,VT,-1,5.45,-1.0,-1.0,-1.0,-1.0,-1.0,2017-08-02,-1.0,-1.0,43.7656,-72.5732
SITE_02189,VT,-1,11.486842105263158,-1.0,-1.0,-1.0,-1.0,-1.0,2017-07-20,-1.0,-1.0,43.4460,-72.4262
SITE_02190,VT,5477,8.7,-1.0,-1.0,29.0,0.17964071856287428,0.0,2017-06-09,1.0,0.0,43.5573,-72.8714
SITE_02191,VT,5602,11.1,-1.0,-1.0,30.0,0.18790214868646243,0.0,2017-10-14,0.0,1.0,44.6457,-72.8331
SITE_02192,VT,5675,10.9,-1.0,-1.0,32.0,0.17522593838643713,0.0,2018-01-15,0.0,1.0,44.5365,-72.4857
SITE_02193,VT,5855,8.27,-1.0,-1.0,29.0,0.17592592592592593,0.0,2018-06-17,1.0,0.0,44.5704,-72.3299
SITE_02194,VT,-1,667.0333333333334,-1.0,-1.0,-1.0,-1.0,-1.0,2019-06-06,-1.0,1.0,44.3111,-72.3353
SITE_02195,VT,5461,9.77,-1.0,-1.0,31.0,0.196875,0.0,2019-01-02,0.0,0.0,43.5698,-72.6667
SITE_02196,VT,5477,10.8,-1.0,-1.0,30.0,-1.0,0.0,2018-08-27,0.0,0.0,43.4717,-72.9723
SITE_02197,VT,5461,12.25,-1.0,-1.0,35.0,-1.0,0.0,2018-08-13,0.0,0.0,44.3878,-72.7617
SITE_02198,VT,5459,17.16,-1.0,-1.0,52.0,0.20015721439385117,0.0,2019-06-14,1.0,1.0,43.6786,-72.9592
SITE_02199,VT,5855,12.96,-1.0,-1.0,36.0,-1.0,0.0,2019-02-07,0.0,1.0,44.0183,-72.8768
SITE_02200,VT,5851,9.3,-1.0,-1.0,30.0,-1.0,0.0,2019-01-21,0.0,0.0,44.5718,-72.6391
SITE_02201,VT,5656,1.62,-1.0,-1.0,9.0,0.14099511216944477,1.0,2019-01-21,0.0,1.0,43.4795,-72.6424
SITE_02202,VT,5855,10.73,-1.0,-1.0,37.0,0.17901234567901234,0.0,2019-06-09,1.0,0.0,43.4982,-72.4929
SITE_02203,VT,5476,10.56,-1.0,-1.0,32.0,-1.0,0.0,2019-04-02,0.0,0.0,43.9896,-72.5947
SITE_02204,VT,5450,14.07,-1.0,-1.0,42.0,-1.0,0.0,2019-08-22,0.0,1.0,43.3653,-73.0558
SITE_02205,VT,5039,4.5,-1.0,-1.0,15.0,0.18507277061340519,0.0,2019-08-19,0.0,1.0,43.9054,-72.7997
SITE_02206,VT,5461,7.71,-1.0,-1.0,23.0,-1.0,0.0,2019-11-01,0.0,0.0,43.8047,-72.8264
SITE_02207,VT,5655,16.75,-1.0,-1.0,50.0,0.20318989946042468,0.0,2020-06-26,0.0,-1.0,43.5006,-72.5399
SITE_02208,VT,5672,7.37,-1.0,-1.0,22.0,-1.0,0.0,2019-09-14,0.0,1.0,43.4514,-72.7701
SITE_02209,VT,5458,5.8,-1.0,-1.0,20.0,0.17901234567901234,0.0,2019-08-16,1.0,0.0,43.8213,-72.3118
SITE_02210,VT,5851,4.02,-1.0,-1.0,12.0,-1.0,0.0,2019-11-02,0.0,1.0,44.3480,-72.8977
SITE_02211,VT,5495,18.9,-1.0,-1.0,54.0,-1.0,0.0,2020-09-29,0.0,1.0,43.4097,-72.5689
SITE_02212,VT,5458,4.8,-1.0,-1.0,15.0,-1.0,0.0,2020-06-23,0.0,0.0,43.3887,-72.7607
SITE_02213,VT,5401,223.5,-1.0,-1.0,590.0,-1.0,0.0,2020-11-20,0.0,0.0,43.6621,-72.5607
SITE_02214,VT,5458,6.3,-1.0,-1.0,18.0,-1.0,0.0,2020-07-24,0.0,0.0,43.7927,-72.9348
SITE_02215,VT,5871,8.4,-1.0,-1.0,24.0,0.21228795466014516,0.0,2020-08-21,0.0,0.0,44.5469,-72.6124
SITE_02216,VT,5672,6.54,-1.0,-1.0,20.0,0.2005256593124239,0.0,2017-03-15,0.0,0.0,44.1331,-72.6220
SITE_02217,VT,5463,15.98,-1.0,-1.0,47.0,0.19653179190751444,0.0,2020-12-30,0.0,0.0,43.7490,-72.5848
SITE_02218,VT,5851,9.35,-1.0,-1.0,22.0,0.2038369304556355,0.0,2020-12-29,0.0,1.0,44.0383,-72.9438
SITE_02219,VT,5672,12.96,-1.0,-1.0,32.0,-1.0,0.0,2021-05-02,0.0,1.0,43.3163,-72.8526
SITE_02220,VT,5873,4.2,-1.0,-1.0,12.0,-1.0,0.0,2021-04-06,0.0,1.0,44.0265,-72.4685
SITE_02221,VT,5458,8.84,-1.0,-1.0,26.0,0.19653179190751444,0.0,2021-06-08,0.0,0.0,43.6169,-72.7820
SITE_02222,VT,5401,2.16,-1.0,-1.0,6.0,0.18458698661744347,0.0,2021-10-28,0.0,0.0,43.9101,-72.4711
SITE_02223,VT,5450,4.88,-1.0,-1.0,16.0,0.1859756097560976,0.0,2021-06-22,0.0,0.0,44.5617,-72.5700
SITE_02224,VT,5660,10.56,-1.0,-1.0,24.0,-1.0,0.0,2021-08-29,-1.0,1.0,-9999,-9999
SITE_02225,VT,5836,6.4,-1.0,-1.0,20.0,0.19623306110084296,1.0,2021-08-18,-1.0,1.0,43.9997,-73.0872
SITE_02226,VT,5046,4.45,-1.0,-1.0,10.0,-1.0,0.0,2021-08-31,0.0,1.0,43.3127,-72.6312
SITE_02227,VT,5660,8.16,-1.0,-1.0,24.0,0.20858895705521474,0.0,2021-09-21,1.0,0.0,43.4219,-72.4363
SITE_02228,VT,5471,12.32,-1.0,-1.0,28.0,0.19819819819819817,0.0,2021-09-28,0.0,1.0,44.1536,-72.9355
SITE_02229,VT,5495,7.5,-1.0,-1.0,20.0,0.22411072862880094,0.0,2021-10-06,0.0,0.0,44.6675,-72.8661
SITE_02230,VT,5602,11.4,-1.0,-1.0,30.0,-1.0,0.0,2021-11-18,-1.0,0.0,44.6463,-72.5010
SITE_02231,VT,5853,18.805785123966945,-1.0,-1.0,60.0,0.1948717948717949,1.0,2021-12-10,0.0,1.0,44.1652,-72.5588
SITE_02232,VT,5458,11.52,-1.0,-1.0,24.0,0.2162162162162162,0.0,2022-06-17,-1.0,1.0,43.8918,-72.7819
SITE_02233,VT,5661,14.4,-1.0,-1.0,36.0,-1.0,0.0,2022-08-04,0.0,0.0,-9999,-9999
SITE_02234,VT,-1,-1.0,-1.0,-1.0,-1.0,-1.0,-1.0,2022-08-29,-1.0,-1.0,44.2940,-72.3004
SITE_02235,VT,5495,359.875,-1.0,-1.0,1136.0,0.1694066531971769,0.0,2023-07-22,0.0,0.0,43.6687,-72.3073
SITE_02236,VT,5401,16.0,-1.0,-1.0,40.0,-1.0,0.0,2022-12-27,-1.0,0.0,44.5253,-72.6377
SITE_02237,VT,5401,12.0,-1.0,-1.0,30.0,0.20833333333333334,0.0,2022-11-12,-1.0,0.0,44.1799,-72.5554
SITE_02238,VT,5602,7.5,-1.0,-1.0,48.0,-1.0,0.0,2022-10-28,-1.0,1.0,44.2658,-72.6312
SITE_02239,VT,5855,6.57,-1.0,-1.0,18.0,0.2062146892655367,0.0,2023-01-20,-1.0,0.0,43.7703,-72.6449
SITE_02240,VT,5440,11.01,-1.0,-1.0,31.0,0.19613259668508287,0.0,2023-02-01,-1.0,0.0,43.5042,-72.7127
SITE_02241,VT,5829,9.0,-1.0,-1.0,20.0,0.22797738464344336,0.0,2023-01-31,0.0,0.0,43.8196,-72.9640
SITE_02242,VT,5733,13.2,-1.0,-1.0,33.0,0.20833333333333334,0.0,2023-05-07,0.0,0.0,43.6898,-72.6387
SITE_02243,VT,5031,12.8,-1.0,-1.0,32.0,-1.0,0.0,2023-04-23,0.0,1.0,44.5090,-73.0816
SITE_02244,VT,5828,13.65,-1.0,-1.0,35.0,0.20418848167539266,0.0,2023-05-26,1.0,0.0,44.6537,-72.4947
SITE_02245,VT,5443,15.36,-1.0,-1.0,32.0,0.20720720720720717,0.0,2023-06-23,0.0,1.0,44.4239,-72.5338
SITE_02246,VT,5477,23.72,-1.0,-1.0,65.0,0.21987951807228917,0.0,2023-07-10,-1.0,0.0,44.5498,-73.0176
SITE_02247,VT,5472,10.01,-1.0,-1.0,22.0,-1.0,0.0,2023-07-29,-1.0,0.0,44.0053,-72.3362
SITE_02248,VT,5060,8.76,-1.0,-1.0,24.0,0.21726190476190477,0.0,2023-07-08,0.0,0.0,44.4439,-72.3671
SITE_02249,VT,5491,7.5,-1.0,-1.0,20.0,0.20161290322580644,0.0,2023-07-24,0.0,0.0,43.3618,-72.5520
SITE_02250,VT,5836,4.8,-1.0,-1.0,12.0,0.20833333333333334,1.0,2022-02-10,0.0,1.0,43.6802,-72.7543
SITE_02251,VT,5478,58.73,-1.0,-1.0,145.0,-1.0,0.0,2023-08-25,0.0,0.0,44.1262,-73.0543
SITE_02252,VT,5446,11.75,-1.0,-1.0,29.0,-1.0,0.0,2023-09-16,-1.0,0.0,43.5433,-72.4422
SITE_02253,VT,5673,11.5,-1.0,-1.0,24.0,0.2162162162162162,0.0,2023-11-03,0.0,1.0,43.4022,-72.3931
SITE_02254,VT,5760,3.38,-1.0,-1.0,9.0,0.20161290322580644,0.0,2023-10-09,0.0,0.0,44.0677,-72.4351
SITE_02255,VT,5262,17.16,-1.0,-1.0,44.0,0.20418848167539266,0.0,2023-11-04,1.0,0.0,43.4073,-72.4969
SITE_02256,VT,5440,12.48,-1.0,-1.0,32.0,0.20418848167539266,0.0,2023-10-20,0.0,0.0,43.3218,-72.5632
SITE_02257,VT,5450,12.09,-1.0,-1.0,31.0,0.20418848167539266,0.0,2024-01-17,1.0,0.0,43.9563,-72.9053
SITE_02258,VT,5860,4.56,-1.0,-1.0,12.0,-1.0,0.0,2023-12-12,0.0,0.0,43.3791,-72.6572
SITE_02259,VT,5845,15.6,-1.0,-1.0,40.0,0.20680628272251309,0.0,2024-01-14,1.0,0.0,43.4268,-72.7567
SITE_02260,VT,5056,7.29,-1.0,-1.0,18.0,0.225752508361204,0.0,2023-12-25,0.0,0.0,43.3279,-72.9057
SITE_02261,VT,5477,14.386800000000001,-1.0,-1.0,47.0,0.2109375,0.0,2024-01-20,-1.0,0.0,43.7262,-72.3949
SITE_02262,VT,5476,19.2,-1.0,-1.0,48.0,-1.0,0.0,2023-12-22,-1.0,1.0,44.5054,-72.8338
SITE_02263,VT,5443,3.24,-1.0,-1.0,8.0,0.2109375,0.0,2024-01-27,-1.0,0.0,43.6674,-72.3306
SITE_02264,VT,5403,4.86,-1.0,-1.0,12.0,0.2109375,0.0,2024-03-19,1.0,0.0,44.4619,-72.4121
SITE_02265,VT,5051,6.24,-1.0,-1.0,16.0,0.20103092783505155,1.0,2024-04-13,0.0,1.0,44.1347,-72.7572
SITE_02266,VT,5001,9.35,-1.0,-1.0,22.0,0.22368421052631582,0.0,2024-04-23,0.0,0.0,44.3379,-72.8182
SITE_02267,VT,5452,4.4,-1.0,-1.0,11.0,0.20833333333333334,0.0,2024-04-30,0.0,0.0,43.3064,-72.6464
SITE_02268,VT,5819,6.24,-1.0,-1.0,16.0,0.20103092783505155,1.0,2024-05-31,-1.0,1.0,43.7661,-72.3067
SITE_02269,VT,5255,22.1,-1.0,-1.0,52.0,-1.0,0.0,2024-06-09,-1.0,1.0,43.5659,-72.7864
SITE_02270,VT,5845,6.48,-1.0,-1.0,16.0,0.2109375,0.0,2024-05-21,1.0,0.0,44.5463,-72.9463
SITE_02271,VT,5091,11.06,-1.0,-1.0,28.0,0.22017837235228538,0.0,2024-06-03,0.0,0.0,43.7337,-72.7262
SITE_02272,VT,5403,10.63,-1.0,-1.0,25.0,-1.0,0.0,2024-06-08,0.0,0.0,44.6034,-72.8068
SITE_02273,VT,5408,3.24,-1.0,-1.0,8.0,0.2109375,0.0,2024-06-11,0.0,0.0,44.1644,-72.8057
SITE_02274,VT,5443,9.48,-1.0,-1.0,24.0,0.19362745098039216,0.0,2024-06-19,-1.0,1.0,44.6314,-72.9529
SITE_02275,VT,5732,15.12,-1.0,-1.0,36.0,-1.0,0.0,2024-07-27,0.0,0.0,43.8986,-72.3900
SITE_02276,VT,5255,16.17,-1.0,-1.0,42.0,0.19154228855721397,0.0,2024-08-02,-1.0,0.0,44.2277,-72.3645
SITE_02277,VT,5401,43.6652,-1.0,-1.0,-1.0,-1.0,0.0,2024-08-11,0.0,0.0,43.8913,-72.8056
SITE_02278,VT,5033,6.4,-1.0,-1.0,16.0,0.20833333333333334,0.0,2024-08-03,1.0,0.0,-9999,-9999
SITE_02279,VT,5458,11.9,-1.0,-1.0,28.0,-1.0,0.0,2024-08-13,0.0,0.0,43.3086,-72.8414
SITE_02280,VT,5477,12.4,-1.0,-1.0,31.0,0.20833333333333334,0.0,2024-09-09,0.0,0.0,44.5726,-72.3253
SITE_02281,VT,5262,7.41,-1.0,-1.0,19.0,0.19402985074626866,0.0,2024-08-25,1.0,0.0,43.9689,-72.3468
SITE_02282,VT,5651,9.02,-1.0,-1.0,22.0,-1.0,0.0,2024-10-05,0.0,1.0,43.6245,-72.3354
SITE_02283,VT,5032,19.68,-1.0,-1.0,48.0,-1.0,0.0,2024-10-06,0.0,1.0,43.9074,-72.5155
SITE_02284,VT,5461,13.53,-1.0,-1.0,33.0,0.21465968586387435,0.0,2024-09-24,0.0,0.0,44.1185,-72.9985
SITE_02285,VT,5079,19.2,-1.0,-1.0,48.0,0.20725388601036268,1.0,2024-10-27,0.0,1.0,44.0830,-72.7664
SITE_02286,VT,5074,6.4,-1.0,-1.0,16.0,0.20725388601036268,1.0,2024-10-06,-1.0,1.0,43.4365,-72.8752
SITE_02287,VT,5758,8.7,-1.0,-1.0,15.0,-1.0,0.0,2024-10-07,0.0,1.0,43.9084,-72.3180
SITE_02288,VT,5445,7.68,-1.0,-1.0,24.0,0.19623306110084296,1.0,2024-10-09,0.0,1.0,44.4753,-72.4385
SITE_02289,VT,5773,6.4,-1.0,-1.0,16.0,0.20725388601036268,1.0,2024-10-13,0.0,1.0,43.5087,-72.3461
SITE_02290,VT,5075,8.0,-1.0,-1.0,20.0,0.21204188481675393,0.0,2024-10-14,0.0,0.0,43.8089,-72.4364
SITE_02291,VT,5482,13.12,-1.0,-1.0,32.0,0.21465968586387435,0.0,2024-11-11,1.0,0.0,44.4897,-72.6944
SITE_02292,VT,5461,19.8,-1.0,-1.0,36.0,0.21484375,1.0,2024-12-14,-1.0,1.0,44.2161,-72.6710
SITE_02293,VT,5403,4.1,-1.0,-1.0,10.0,-1.0,0.0,2024-11-25,-1.0,0.0,44.6901,-73.0265
SITE_02294,NM,87507,4.2,165.0,10.0,12.0,0.20283975659229211,0.0,2020-05-08,0.0,0.0,33.9194,-108.0339
SITE_02295,NM,87501,10.5,180.0,30.0,30.0,0.20917001338688088,0.0,2020-07-27,0.0,1.0,34.9538,-106.6418
SITE_02296,NM,87106-4060,10.1,180.0,10.0,31.0,-1.0,0.0,2020-09-02,0.0,0.0,35.3218,-105.8442
SITE_02297,NM,87114,11.8,240.0,23.0,32.0,0.21893491124260356,0.0,2020-12-22,0.0,0.0,35.7073,-107.2441
SITE_02298,NM,87508,8.6,195.0,10.0,24.0,0.2142857142857143,0.0,2020-12-17,0.0,0.0,35.7198,-104.5760
SITE_02299,NM,87111,4.4,150.0,23.0,15.0,-1.0,0.0,2020-07-13,0.0,0.0,33.3219,-107.7995
SITE_02300,NM,87124,9.0,137.0,19.0,26.0,0.20318989946042468,0.0,2020-08-17,0.0,0.0,34.7692,-107.4978
SITE_02301,NM,88310,8.2,180.0,18.0,25.0,-1.0,0.0,2020-10-15,0.0,0.0,36.1721,-105.0967
SITE_02302,NM,87102,4.3,180.0,10.0,15.0,0.20625,0.0,2020-11-23,0.0,0.0,33.4058,-105.0435
SITE_02303,NM,88007,5.9,270.0,18.0,16.0,0.18649193548387097,0.0,2020-12-29,0.0,0.0,33.1536,-105.1441
SITE_02304,NM,87508,9.0,180.0,20.0,54.0,0.18649193548387097,0.0,2020-06-15,0.0,1.0,35.2649,-105.5890
SITE_02305,NM,87508,1.4,180.0,10.0,4.0,0.2142857142857143,0.0,2021-03-10,0.0,0.0,34.7605,-106.4608
SITE_02306,NM,87120,11.8,180.0,10.0,32.0,0.21893491124260356,0.0,2021-03-09,0.0,0.0,32.7967,-105.9315
SITE_02307,NM,88011,3.1,180.0,10.0,-1.0,-1.0,0.0,2020-04-20,0.0,0.0,35.5213,-105.5597
SITE_02308,NM,87120-7421,3.0,193.0,16.0,9.0,-1.0,0.0,2020-12-05,0.0,0.0,33.9347,-105.9759
SITE_02309,NM,87508,5.6,187.0,5.0,14.0,-1.0,0.0,2021-04-21,0.0,0.0,33.8437,-105.8877
SITE_02310,NM,87506,7.5,190.0,9.0,12.0,0.19541427826993224,0.0,2021-04-20,0.0,0.0,35.9634,-107.2751
SITE_02311,NM,87059,7.4,195.0,18.0,20.0,0.21893491124260356,0.0,2021-06-04,0.0,1.0,34.5696,-107.1464
SITE_02312,NM,87527,6.4,188.0,34.0,20.0,-1.0,0.0,2021-05-14,0.0,0.0,34.3479,-106.4969
SITE_02313,NM,87122,10.1,210.0,5.0,31.0,0.20061349693251534,0.0,2021-03-26,0.0,0.0,35.0159,-105.5755
SITE_02314,NM,87110,9.9,0.0,0.0,30.0,0.20625,0.0,2021-05-01,0.0,0.0,35.9752,-107.4415
SITE_02315,NM,88310,8.5,149.0,14.0,24.0,0.2057374674007534,0.0,2021-04-16,0.0,0.0,35.6689,-104.2601
SITE_02316,NM,88007,9.5,230.0,18.0,26.0,0.2057374674007534,0.0,2021-08-25,0.0,0.0,34.7243,-107.5935
SITE_02317,NM,87109,5.0,0.0,0.0,15.0,0.20625,0.0,2021-05-03,0.0,0.0,35.8909,-105.3681
SITE_02318,NM,87506,5.2,180.0,30.0,14.0,0.21893491124260356,0.0,2021-08-25,0.0,1.0,34.6219,-105.1095
SITE_02319,NM,88030,6.4,92.0,16.0,18.0,-1.0,0.0,2021-11-23,0.0,0.0,33.3703,-106.1642
SITE_02320,NM,87107,7.1,105.0,18.0,-1.0,0.20852806174393246,0.0,2021-06-16,0.0,0.0,34.1887,-105.4897
SITE_02321,NM,87002,4.4,180.0,30.0,14.0,-1.0,0.0,2021-08-08,0.0,1.0,33.1810,-105.1031
SITE_02322,NM,87508,7.4,180.0,30.0,24.0,0.1928033356220955,0.0,2021-01-21,0.0,1.0,34.2071,-104.6835
SITE_02323,NM,87144,4.8,129.0,15.0,13.0,0.18649193548387097,0.0,2021-03-09,0.0,0.0,35.5378,-106.3009
SITE_02324,NM,87120-6111,11.2,180.0,20.0,32.0,-1.0,0.0,2021-10-19,0.0,-1.0,33.1674,-107.3096
SITE_02325,NM,87120,5.6,216.0,24.0,15.0,0.21688159437280188,0.0,2021-11-23,0.0,0.0,34.8448,-105.1173
SITE_02326,NM,87120,9.0,180.0,23.0,24.0,0.22411072862880094,0.0,2022-04-02,0.0,0.0,35.4563,-108.0716
SITE_02327,NM,88012,4.4,180.0,10.0,12.0,0.21893491124260356,0.0,2022-04-21,0.0,0.0,36.1059,-105.8653
SITE_02328,NM,87031,9.0,92.0,19.0,24.0,0.22411072862880094,0.0,2022-04-23,0.0,0.0,34.8722,-106.2024
SITE_02329,NM,87114,6.0,221.0,23.0,17.0,-1.0,0.0,2022-03-11,0.0,0.0,34.6764,-106.8338
SITE_02330,NM,87540,12.3,180.0,30.0,28.0,0.19999999999999998,0.0,2022-06-30,0.0,1.0,35.0525,-106.1739
SITE_02331,NM,87111,9.0,179.0,10.0,20.0,-1.0,0.0,2022-01-13,0.0,0.0,34.5501,-104.7121
SITE_02332,NM,87548,8.0,180.0,30.0,24.0,-1.0,0.0,2022-01-21,0.0,-1.0,36.1539,-107.3411
SITE_02333,NM,87506,4.0,223.0,6.0,13.0,-1.0,0.0,2022-03-25,0.0,0.0,34.9518,-105.5587
SITE_02334,NM,87122,10.4,186.0,10.0,28.0,0.21893491124260356,0.0,2022-05-25,0.0,0.0,35.0970,-108.0161
SITE_02335,NM,87144,6.0,270.0,18.0,15.0,-1.0,0.0,2022-05-17,0.0,0.0,33.1603,-107.1523
SITE_02336,NM,87144-1611,6.7,251.0,13.0,-1.0,0.20786516853932585,0.0,2022-04-22,0.0,0.0,35.0288,-105.2888
SITE_02337,NM,87109,6.0,180.0,10.0,15.0,-1.0,0.0,2022-07-26,0.0,0.0,35.6558,-107.3302
SITE_02338,NM,87121,10.0,164.0,14.0,24.0,-1.0,0.0,2022-07-18,0.0,0.0,34.7287,-107.6713
SITE_02339,NM,87111,9.0,175.0,1.0,25.0,-1.0,0.0,2022-10-03,0.0,0.0,32.8913,-106.1599
SITE_02340,NM,87048,9.0,196.0,5.0,24.0,-1.0,0.0,2022-11-23,0.0,0.0,36.0791,-105.8508
SITE_02341,NM,87120,9.2,165.0,23.0,23.0,0.2229654403567447,0.0,2022-10-15,0.0,0.0,33.2599,-107.6634
SITE_02342,NM,87048,7.2,0.0,0.0,18.0,-1.0,0.0,2022-12-28,0.0,0.0,33.0567,-107.5989
SITE_02343,NM,88012,8.5,180.0,10.0,23.0,0.21893491124260356,0.0,2022-12-22,0.0,0.0,35.4389,-107.6324
SITE_02344,NM,87401,9.0,180.0,0.0,25.0,-1.0,0.0,2022-11-16,0.0,0.0,34.6114,-106.0815
SITE_02345,NM,87122,11.0,180.0,10.0,20.0,-1.0,0.0,2022-12-28,0.0,0.0,35.5899,-106.9933
SITE_02346,NM,87120,3.0,180.0,18.0,9.0,-1.0,0.0,2022-10-13,0.0,0.0,33.4127,-107.6503
SITE_02347,NM,87059,8.0,99.0,16.0,22.0,-1.0,0.0,2022-06-24,0.0,0.0,34.1382,-107.6500
SITE_02348,NM,88011,10.0,180.0,18.0,25.0,0.20512820512820515,0.0,2022-12-02,0.0,0.0,32.8523,-104.2807
SITE_02349,NM,88101,8.0,180.0,22.0,-1.0,0.20852806174393246,0.0,2022-03-10,0.0,0.0,35.5286,-107.2141
SITE_02350,NM,87105,6.0,0.0,0.0,15.0,0.2229654403567447,0.0,2022-11-07,0.0,0.0,33.8045,-105.1879
SITE_02351,NM,-1,11.3,180.0,18.0,31.0,0.18141062917182318,0.0,2022-09-30,0.0,0.0,35.0758,-106.4694
SITE_02352,NM,87508,5.7,195.0,5.0,14.0,-1.0,0.0,2022-07-18,0.0,0.0,34.4884,-105.4978
SITE_02353,NM,87047,10.0,0.0,0.0,28.0,-1.0,0.0,2022-01-01,0.0,0.0,33.5796,-107.8801
SITE_02354,NM,87507,6.0,178.0,12.0,18.0,-1.0,0.0,2022-05-10,0.0,0.0,32.6253,-106.2134
SITE_02355,NM,87108,2.8,180.0,10.0,7.0,0.2229654403567447,0.0,2023-01-04,0.0,0.0,33.3580,-104.7527
SITE_02356,NM,87701,6.0,160.0,0.0,16.0,-1.0,0.0,2023-01-27,0.0,0.0,34.5573,-106.2316
SITE_02357,NM,87114-4568,4.8,112.0,18.0,12.0,0.20833333333333334,0.0,2023-04-08,0.0,0.0,35.9961,-105.3135
SITE_02358,NM,87104,7.0,180.0,10.0,18.0,-1.0,0.0,2023-05-02,0.0,0.0,35.6249,-107.3244
SITE_02359,NM,87043,6.0,180.0,10.0,15.0,-1.0,0.0,2023-05-17,0.0,0.0,33.3354,-108.0528
SITE_02360,NM,87120,9.0,95.0,0.0,25.0,-1.0,0.0,2023-05-01,0.0,0.0,35.7674,-104.4151
SITE_02361,NM,87112,9.0,180.0,20.0,23.0,-1.0,0.0,2023-06-14,0.0,0.0,34.8287,-107.1189
SITE_02362,NM,87015,4.0,199.0,20.0,10.0,0.20572916666666669,0.0,2023-06-21,0.0,0.0,33.8046,-105.4808
SITE_02363,NM,88011,8.8,265.0,6.0,22.0,-1.0,0.0,2023-05-18,0.0,0.0,34.7049,-106.5831
SITE_02364,NM,87124,4.3,180.0,10.0,12.0,-1.0,0.0,2023-05-17,0.0,0.0,35.4257,-107.7721
SITE_02365,NM,87507,5.1,154.0,10.0,15.0,0.19607843137254904,0.0,2023-01-13,0.0,0.0,36.1173,-104.7844
SITE_02366,NM,87112,6.4,177.0,5.0,16.0,0.20512820512820515,0.0,2023-03-17,0.0,0.0,33.7366,-105.0271
SITE_02367,NM,87111,8.4,123.0,18.0,21.0,-1.0,0.0,2023-06-08,0.0,0.0,34.7425,-106.0394
SITE_02368,NM,87540,9.6,145.0,30.0,24.0,0.1990121039161602,0.0,2023-07-12,0.0,1.0,32.8797,-107.3905
SITE_02369,NM,87059,7.2,185.0,18.0,17.0,-1.0,0.0,2023-05-09,0.0,0.0,36.1396,-105.7623
SITE_02370,NM,87048,8.0,195.0,10.0,20.0,0.2054442732408834,1.0,2023-10-16,0.0,0.0,34.2773,-104.4479
SITE_02371,NM,87124,5.4,180.0,10.0,15.0,0.21301775147928995,0.0,2023-08-25,0.0,0.0,33.0810,-107.5120
SITE_02372,NM,88210,8.0,91.0,22.0,20.0,0.2076923076923077,0.0,2023-07-19,0.0,0.0,-9999,-9999
SITE_02373,NM,88220,24.3,180.0,23.0,64.0,0.21468926553672316,0.0,2023-10-17,0.0,1.0,35.1375,-104.7858
SITE_02374,NM,88065,2.8,180.0,10.0,8.0,-1.0,0.0,2023-02-02,0.0,0.0,35.5788,-104.1277
SITE_02375,NM,87048,4.4,120.0,10.0,11.0,0.20833333333333334,0.0,2023-09-12,0.0,0.0,34.5215,-107.9644
SITE_02376,NM,87048,14.0,210.0,30.0,34.0,-1.0,0.0,2023-03-26,0.0,1.0,35.2822,-106.7284
SITE_02377,NM,87059,5.7,180.0,18.0,14.0,0.2109375,0.0,2023-12-22,0.0,0.0,35.9689,-104.2519
SITE_02378,NM,87901,7.3,180.0,15.0,18.0,0.21025641025641026,0.0,2023-12-13,0.0,1.0,33.5936,-104.3718
SITE_02379,NM,88005,6.8,200.0,25.0,17.0,0.20512820512820515,0.0,2023-09-29,0.0,0.0,35.8861,-107.7090
SITE_02380,NM,88065,2.4,141.0,18.0,6.0,0.20833333333333334,0.0,2023-09-12,0.0,0.0,33.2026,-106.7260
SITE_02381,NM,87532,7.2,166.0,14.0,16.0,0.20930232558139536,0.0,2023-05-12,0.0,0.0,35.8191,-106.0278
SITE_02382,NM,88081,7.8,180.0,25.0,20.0,0.20526315789473684,0.0,2023-03-21,0.0,1.0,32.6485,-105.8049
SITE_02383,NM,87122,11.4,270.0,1.0,26.0,0.2028584601198709,0.0,2024-02-06,0.0,0.0,35.9752,-107.1015
SITE_02384,NM,87401,5.0,166.0,15.0,12.0,-1.0,1.0,2024-02-09,0.0,0.0,34.3513,-106.7575
SITE_02385,NM,87113,9.7,180.0,10.0,24.0,-1.0,0.0,2024-02-22,0.0,0.0,35.2905,-106.1733
SITE_02386,NM,87111,9.3,164.0,10.0,23.0,0.2109375,0.0,2024-03-18,0.0,0.0,35.4838,-107.9409
SITE_02387,NM,87002,8.1,129.0,25.0,27.0,0.1805488685604237,0.0,2024-05-16,0.0,0.0,34.8735,-105.7809
SITE_02388,NM,87048,4.1,185.0,19.0,10.0,0.22905027932960895,0.0,2024-02-28,0.0,0.0,34.4701,-106.6883
SITE_02389,NM,87544,4.7,179.0,2.0,11.0,0.22368421052631582,0.0,2024-07-02,0.0,0.0,34.3618,-107.3660
SITE_02390,NM,87112,7.6,180.0,10.0,18.0,0.20132638559924207,0.0,2024-07-01,0.0,0.0,34.0470,-106.1298
SITE_02391,NM,87121,7.2,180.0,10.0,17.0,-1.0,0.0,2024-07-31,0.0,0.0,34.9332,-105.2654
SITE_02392,NM,88310,12.8,342.0,27.0,32.0,0.20572916666666669,0.0,2023-02-28,0.0,0.0,34.7337,-104.6281
SITE_02393,NM,87114,10.0,270.0,18.0,30.0,-1.0,0.0,2021-04-19,0.0,0.0,35.4650,-106.7215
SITE_02394,NM,88061,8.4,180.0,18.0,21.0,0.2,0.0,2023-07-03,0.0,0.0,33.2257,-105.2284
SITE_02395,NM,87111,7.6,153.0,1.0,23.0,0.2023948834573462,0.0,2021-05-28,0.0,0.0,36.1445,-104.3062
SITE_02396,NM,88007,23.4,180.0,10.0,65.0,0.21301775147928995,0.0,2024-06-10,0.0,0.0,32.8972,-107.7104
SITE_02397,NM,87105,9.4,180.0,10.0,21.0,0.20132638559924207,0.0,2024-09-27,0.0,0.0,36.0381,-105.9922
SITE_02398,NM,87108,5.1,180.0,10.0,12.0,0.20132638559924207,0.0,2024-09-19,0.0,0.0,32.6277,-107.1763
SITE_02399,NM,87505,11.9,180.0,5.0,30.0,0.1994949494949495,0.0,2022-06-23,0.0,0.0,34.1813,-107.5541
SITE_02400,NM,87124,7.2,180.0,10.0,17.0,0.20132638559924207,0.0,2024-09-16,0.0,0.0,33.0545,-107.3411
SITE_02401,NM,87144,8.1,185.0,20.0,18.0,0.20930232558139536,0.0,2023-09-01,0.0,0.0,35.1186,-105.7862
SITE_02402,NM,87121,6.4,194.0,10.0,16.0,-1.0,0.0,2024-10-07,0.0,0.0,33.9208,-104.1544
SITE_02403,NM,87547,11.7,245.0,18.0,26.0,0.20930232558139536,1.0,2023-08-03,0.0,0.0,35.8444,-106.2957
SITE_02404,NM,87508,11.5,195.0,10.0,27.0,0.22368421052631582,0.0,2024-10-29,0.0,0.0,33.7069,-104.4116
SITE_02405,NM,87120,7.7,128.0,16.0,20.0,0.20202020202020202,0.0,2023-09-20,0.0,0.0,35.3386,-106.5920
SITE_02406,NM,87507,4.8,154.0,0.0,12.0,-1.0,0.0,2024-01-19,0.0,0.0,33.2997,-104.8139
SITE_02407,NM,87110,11.2,180.0,10.0,28.0,-1.0,0.0,2024-12-18,0.0,0.0,35.9107,-104.8034
SITE_02408,NM,88063,5.5,180.0,10.0,14.0,-1.0,0.0,2024-03-21,0.0,0.0,34.4273,-107.3889
SITE_02409,MA,2472,177.6,109.0,5.0,240.0,0.19009844016523153,0.0,2020-11-12,0.0,0.0,42.2339,-71.3192
SITE_02410,MA,2664,63.08,220.0,5.0,166.0,0.19587628865979384,0.0,2020-10-16,1.0,0.0,41.8626,-70.9326
SITE_02411,MA,2421,373.67,167.0,10.0,706.0,0.19602977667493796,0.0,2022-01-19,1.0,0.0,42.3347,-71.2499
SITE_02412,MA,1776,214.83,147.0,3.0,558.0,0.1977401129943503,0.0,2022-05-13,0.0,0.0,42.7540,-72.5241
SITE_02413,MA,1702,82.875,180.0,5.0,195.0,0.20334928229665072,0.0,2024-09-04,1.0,0.0,41.9003,-72.6828
SITE_02414,MA,2119,64.155,180.0,0.0,141.0,0.20681818181818182,0.0,2024-08-28,0.0,0.0,42.5635,-71.8941
SITE_02415,MA,2056,12.6,110.0,22.0,10.0,0.22072348252605764,0.0,2019-01-08,0.0,-1.0,41.9472,-72.3681
SITE_02416,MA,2745,4.96,172.0,40.0,16.0,0.19135802469135801,0.0,2019-04-01,1.0,-1.0,41.8365,-71.3872
SITE_02417,MA,2143,8.4,209.0,0.0,20.0,0.20917001338688088,0.0,2019-03-19,0.0,-1.0,41.9624,-72.6310
SITE_02418,MA,2563,9.72,195.0,38.0,27.0,0.19889502762430938,0.0,2019-07-30,0.0,-1.0,42.2050,-71.5773
SITE_02419,MA,2748,5.04,172.0,40.0,16.0,0.19444444444444442,0.0,2019-07-05,1.0,-1.0,41.8577,-72.0409
SITE_02420,MA,2134,4.225,73.0,43.0,5.0,0.19411444987964904,0.0,2019-07-31,0.0,-1.0,42.3380,-72.1273
SITE_02421,MA,2571,9.84,180.0,14.0,41.0,0.1549601784624722,0.0,2019-06-10,0.0,-1.0,42.1088,-71.9492
SITE_02422,MA,2651,5.04,193.0,40.0,16.0,0.19444444444444442,0.0,2019-07-18,1.0,-1.0,42.5989,-71.6045
SITE_02423,MA,2653,4.29,319.0,7.0,4.0,0.20015721439385117,0.0,2019-08-02,1.0,-1.0,42.2423,-71.0542
SITE_02424,MA,2420,12.8,223.0,35.0,21.0,0.20156210632401106,0.0,2019-07-15,0.0,-1.0,42.4216,-72.7736
SITE_02425,MA,2144,8.88,207.0,26.0,24.0,0.22699386503067487,0.0,2021-02-12,0.0,-1.0,42.5213,-72.6196
SITE_02426,MA,2536,7.67,97.0,45.0,17.0,0.18657896401239643,0.0,2019-09-09,0.0,-1.0,41.8843,-71.7340
SITE_02427,MA,2747,8.37,195.0,26.0,27.0,0.15894990514279855,0.0,2019-11-18,0.0,-1.0,42.6678,-72.3135
SITE_02428,MA,2472,6.4,201.0,40.0,20.0,0.19393939393939394,0.0,2019-11-27,0.0,-1.0,41.9267,-72.6862
SITE_02429,MA,2360,7.44,160.0,23.0,12.0,0.19496855345911948,0.0,2020-01-16,1.0,-1.0,-9999,-9999
SITE_02430,MA,2632,9.135,280.0,9.0,11.0,0.19565217391304346,0.0,2020-01-30,1.0,-1.0,41.8658,-70.9559
SITE_02431,MA,2492,8.64,98.0,30.0,2.0,0.2151462994836489,0.0,2020-02-14,0.0,-1.0,42.7020,-70.7248
SITE_02432,MA,2145,6.97,204.0,35.0,5.0,0.21228795466014516,0.0,2020-07-27,0.0,-1.0,42.5672,-71.4108
SITE_02433,MA,2476,11.1,240.0,24.0,30.0,0.22112258558041692,0.0,2020-04-17,0.0,-1.0,42.5177,-71.2318
SITE_02434,MA,2536,11.97,257.0,37.0,26.0,0.19565217391304346,0.0,2020-08-05,1.0,-1.0,42.2294,-71.5941
SITE_02435,MA,1748,11.84,218.0,35.0,12.0,0.22112258558041692,0.0,2021-02-12,0.0,-1.0,42.1303,-70.9052
SITE_02436,MA,2740,5.1,172.0,18.0,13.0,0.19607843137254904,0.0,2020-06-04,1.0,-1.0,41.8489,-72.5912
SITE_02437,MA,2743,5.85,9.0,30.0,14.0,0.20061728395061726,0.0,2020-11-12,1.0,-1.0,41.8715,-72.8875
SITE_02438,MA,2558,10.73,95.0,15.0,17.0,0.194613928045445,1.0,2020-12-14,0.0,1.0,42.7616,-72.5931
SITE_02439,MA,1754,5.76,120.0,15.0,16.0,0.18935409215232485,1.0,2021-01-05,0.0,1.0,42.7211,-72.8279
SITE_02440,MA,2537,6.9,159.0,37.0,18.0,0.20925526959357169,0.0,2021-05-12,1.0,-1.0,42.6930,-72.4821
SITE_02441,MA,2536,7.4,225.0,20.0,20.0,0.20441988950276244,0.0,2021-03-09,0.0,-1.0,42.6124,-72.3024
SITE_02442,MA,2460,9.0,170.0,33.0,10.0,0.18935409215232485,1.0,2021-09-29,0.0,1.0,42.0430,-71.2173
SITE_02443,MA,2576,7.035,198.0,20.0,18.0,0.19319492502883506,0.0,2022-03-21,1.0,-1.0,42.0381,-71.9034
SITE_02444,MA,2420,3.685,89.0,20.0,11.0,0.19319492502883506,0.0,2023-06-29,0.0,-1.0,42.1710,-71.4650
SITE_02445,MA,2739,8.64,175.0,42.0,15.0,0.21301775147928995,0.0,2021-04-27,0.0,-1.0,42.0409,-71.0949
SITE_02446,MA,2631,11.025,81.0,37.0,16.0,0.19408502772643255,0.0,2021-06-17,1.0,-1.0,42.7487,-71.1503
SITE_02447,MA,2740,9.45,82.0,23.0,11.0,0.19444444444444442,0.0,2021-08-17,1.0,-1.0,41.8779,-72.1120
SITE_02448,MA,2090,11.7,255.0,33.0,24.0,0.20061728395061726,0.0,2021-05-11,1.0,-1.0,41.9277,-72.5891
SITE_02449,MA,2630,10.15,170.0,34.0,2.0,0.2147239263803681,0.0,2021-09-24,0.0,-1.0,42.2339,-70.8051
SITE_02450,MA,1701,4.875,150.0,38.0,11.0,0.20061728395061726,0.0,2021-07-22,1.0,-1.0,42.4050,-71.9088
SITE_02451,MA,2050,6.0,188.0,34.0,2.0,0.213903743315508,0.0,2021-10-18,1.0,-1.0,42.2510,-71.6974
SITE_02452,MA,2631,8.16,154.0,20.0,24.0,0.19607843137254904,0.0,2021-12-09,0.0,-1.0,42.4605,-70.9254
SITE_02453,MA,2790,2.45,192.0,25.0,7.0,0.1977401129943503,0.0,2021-09-27,0.0,-1.0,42.4981,-70.7804
SITE_02454,MA,2131,5.089,70.0,31.0,59.0,0.1193265306122449,0.0,2022-03-04,0.0,-1.0,42.5993,-71.0522
SITE_02455,MA,2144,10.0,298.0,45.0,4.0,0.20833333333333334,0.0,2022-06-10,0.0,-1.0,41.9436,-71.1321
SITE_02456,MA,2360,10.0,141.0,44.0,17.0,0.20833333333333334,0.0,2022-05-25,0.0,-1.0,42.2755,-72.5505
SITE_02457,MA,1702,9.585,207.0,18.0,27.0,0.20056497175141244,0.0,2022-03-30,1.0,-1.0,42.5555,-71.9890
SITE_02458,MA,1801,8.28,70.0,33.0,12.0,0.1978021978021978,0.0,2022-02-25,1.0,-1.0,42.6955,-71.4510
SITE_02459,MA,2186,10.05,152.0,31.0,20.0,0.20318989946042468,0.0,2021-09-10,1.0,-1.0,42.2238,-72.6972
SITE_02460,MA,2649,6.0,253.0,22.0,15.0,0.20833333333333334,0.0,2022-07-07,0.0,-1.0,41.9691,-72.2735
SITE_02461,MA,1730,11.9,160.0,25.0,5.0,0.2135678391959799,0.0,2022-04-05,0.0,-1.0,41.8311,-72.4300
SITE_02462,MA,2563,12.24,137.0,22.0,8.0,0.19889502762430938,0.0,2022-05-09,0.0,-1.0,41.8406,-71.2595
SITE_02463,MA,2030,23.56,94.0,34.0,30.0,0.20958810422044255,0.0,2022-06-14,0.0,-1.0,42.6647,-71.5079
SITE_02464,MA,2645,5.36,156.0,30.0,16.0,0.17447916666666669,0.0,2022-06-24,0.0,-1.0,42.1778,-71.7352
SITE_02465,MA,1701,6.0,281.0,21.0,15.0,0.20833333333333334,0.0,2023-01-25,0.0,-1.0,42.2595,-71.3496
SITE_02466,MA,2053,11.22,351.0,30.0,22.0,0.20858895705521474,0.0,2022-09-06,1.0,-1.0,42.6936,-71.7523
SITE_02467,MA,2535,6.48,180.0,0.0,16.0,0.22375690607734805,0.0,2022-07-28,0.0,-1.0,41.9879,-72.8659
SITE_02468,MA,2645,8.5,105.0,34.0,20.0,0.22727272727272727,0.0,2023-02-28,0.0,-1.0,42.4752,-71.7055
SITE_02469,MA,2535,7.2,235.0,45.0,18.0,0.22061905707415005,0.0,2023-01-24,0.0,-1.0,42.3863,-71.3940
SITE_02470,MA,2468,14.45,234.0,45.0,23.0,0.2135678391959799,0.0,2023-08-03,0.0,-1.0,42.0742,-71.1371
SITE_02471,MA,2021,9.875,179.0,35.0,25.0,0.22017837235228538,0.0,2023-02-28,0.0,-1.0,42.4213,-72.0332
SITE_02472,MA,1701,8.715,279.0,12.0,21.0,0.21065989847715735,0.0,2023-03-21,1.0,-1.0,42.5840,-71.3552
SITE_02473,MA,2090,7.2,115.0,14.0,10.0,0.20833333333333334,0.0,2023-04-25,0.0,-1.0,41.8192,-71.3392
SITE_02474,MA,1701,7.395,242.0,37.0,14.0,0.23262032085561496,0.0,2023-09-18,0.0,-1.0,42.2160,-71.9995
SITE_02475,MA,1376,305.76,-1.0,-1.0,-1.0,-1.0,-1.0,2021-11-23,1.0,1.0,41.8371,-71.0660
SITE_02476,MA,1337,13.68,80.0,20.0,19.0,0.2207621937384483,0.0,2018-12-28,0.0,-1.0,42.0454,-72.4422
SITE_02477,MA,1104,10.73,231.0,22.0,17.0,0.17901234567901234,0.0,2019-02-27,1.0,-1.0,42.5021,-72.4035
SITE_02478,MA,1077,8.19,179.0,23.0,9.0,0.19444444444444442,0.0,2019-08-08,0.0,-1.0,42.4158,-70.7102
SITE_02479,MA,1056,6.93,182.0,11.0,19.0,0.19444444444444442,0.0,2020-08-11,1.0,-1.0,41.8370,-71.6226
SITE_02480,MA,1226,7.14,257.0,37.0,21.0,0.19607843137254904,0.0,2020-11-17,1.0,-1.0,42.2270,-71.6660
SITE_02481,MA,1098,6.8,186.0,23.0,20.0,0.19607843137254904,0.0,2020-12-02,1.0,-1.0,42.2745,-71.3264
SITE_02482,MA,1330,8.16,180.0,35.0,24.0,0.2125,1.0,2020-12-11,0.0,1.0,42.5519,-70.9366
SITE_02483,MA,1351,12.16,136.0,27.0,10.0,0.2087912087912088,0.0,2021-05-03,0.0,-1.0,41.8317,-71.2286
SITE_02484,MA,1035,5.44,171.0,40.0,12.0,0.19607843137254904,0.0,2021-08-16,1.0,-1.0,42.4338,-71.0476
SITE_02485,MA,1108,11.56,84.0,37.0,17.0,0.19607843137254904,0.0,2021-11-10,1.0,-1.0,42.6392,-72.6744
SITE_02486,MA,2766,109.44,240.0,3.0,228.0,0.2162162162162162,0.0,2023-09-13,0.0,1.0,42.3338,-72.1228
SITE_02487,MA,2333,774.99,-1.0,-1.0,-1.0,-1.0,-1.0,2021-10-07,1.0,1.0,42.7965,-71.4957
SITE_02488,MA,1752,298.62,155.0,5.0,756.0,0.19602977667493796,0.0,2021-11-24,1.0,0.0,42.7710,-72.6394
SITE_02489,MA,1607,6.6,179.0,34.0,20.0,0.20015721439385117,0.0,2019-03-05,1.0,-1.0,42.3385,-72.8532
SITE_02490,MA,1536,15.33,165.0,25.0,26.0,0.21813444253203293,0.0,2019-01-18,0.0,-1.0,42.3338,-72.5747
SITE_02491,MA,1603,12.96,39.0,22.0,36.0,0.18458698661744347,0.0,2019-03-01,0.0,-1.0,41.8572,-70.8979
SITE_02492,MA,2148,9.9,68.0,42.0,12.0,0.20015721439385117,0.0,2019-06-18,1.0,-1.0,42.2417,-72.3350
SITE_02493,MA,1519,5.015,124.0,18.0,17.0,0.18042813455657492,0.0,2019-10-05,1.0,-1.0,42.2686,-72.1740
SITE_02494,MA,2155,5.68,254.0,35.0,16.0,0.19613259668508287,0.0,2019-04-25,0.0,-1.0,42.7756,-71.9505
SITE_02495,MA,1844,11.505,171.0,23.0,5.0,0.19158879718604765,0.0,2019-04-03,1.0,-1.0,42.6393,-72.6735
SITE_02496,MA,1841,3.3,241.0,40.0,10.0,0.20245398773006135,0.0,2022-02-10,0.0,-1.0,42.7479,-70.9666
SITE_02497,MA,1010,7.4,208.0,44.0,20.0,0.20407262779358878,0.0,2021-12-23,0.0,-1.0,42.0089,-72.1863
SITE_02498,MA,2368,7.8,176.0,23.0,24.0,0.19938650306748468,0.0,2021-11-18,1.0,-1.0,42.0515,-72.8697
SITE_02499,MA,1566,11.7,256.0,32.0,26.0,0.19938650306748468,0.0,2022-06-15,1.0,-1.0,42.3160,-71.6706
SITE_02500,MA,1944,9.6,212.0,20.0,11.0,0.20202020202020202,0.0,2022-03-09,0.0,-1.0,42.1026,-71.4296
SITE_02501,MA,1982,11.05,120.0,34.0,26.0,0.22727272727272727,0.0,2022-10-06,1.0,-1.0,42.5235,-70.8489
SITE_02502,MA,1604,4.225,158.0,44.0,13.0,0.19938650306748468,0.0,2022-08-04,1.0,-1.0,42.6190,-71.5024
SITE_02503,MA,2766,13.32,198.0,45.0,26.0,0.18781725888324874,0.0,2023-05-12,0.0,-1.0,42.0942,-71.7478
SITE_02504,MA,1952,9.0,199.0,40.0,15.0,0.189873417721519,0.0,2019-04-16,1.0,-1.0,41.9425,-72.6577
SITE_02505,MA,1534,13.14,95.0,20.0,36.0,0.21813444253203293,0.0,2019-07-25,0.0,-1.0,42.2023,-71.0963
SITE_02506,MA,2771,11.47,210.0,28.0,23.0,0.19496855345911948,0.0,2019-11-23,1.0,-1.0,42.0664,-71.6279
SITE_02507,MA,2379,6.7,85.0,40.0,20.0,0.20318989946042468,0.0,2019-10-10,0.0,-1.0,42.7931,-71.8908
SITE_02508,MA,1092,7.245,83.0,18.0,18.0,0.19444444444444442,0.0,2020-02-07,1.0,-1.0,42.0630,-71.8611
SITE_02509,MA,2379,13.065,175.0,34.0,39.0,0.209375,1.0,2020-01-31,0.0,1.0,41.8539,-72.5291
SITE_02510,MA,1603,11.34,89.0,23.0,6.0,0.19444444444444442,0.0,2020-12-15,1.0,-1.0,42.2449,-72.4152
SITE_02511,MA,2333,9.135,158.0,37.0,29.0,0.19565217391304346,0.0,2020-02-07,0.0,-1.0,42.3242,-70.9126
SITE_02512,MA,1970,8.829,175.0,25.0,27.0,0.2004904966278357,0.0,2019-12-13,0.0,-1.0,42.4278,-70.7902
SITE_02513,MA,1826,11.84,75.0,30.0,14.0,0.19753086419753085,0.0,2020-04-17,0.0,-1.0,42.3826,-72.5671
SITE_02514,MA,2726,7.68,105.0,38.0,21.0,0.19753086419753085,0.0,2020-02-24,1.0,-1.0,41.9053,-71.0529
SITE_02515,MA,1463,7.56,279.0,45.0,6.0,0.19444444444444442,0.0,2020-02-22,1.0,-1.0,42.3237,-70.9023
SITE_02516,MA,1236,9.135,172.0,23.0,29.0,0.19444444444444442,0.0,2020-04-06,1.0,-1.0,42.5259,-71.7373
SITE_02517,MA,1095,13.23,315.0,12.0,27.0,0.19444444444444442,0.0,2020-07-02,1.0,-1.0,42.0198,-70.8255
SITE_02518,MA,1835,14.4,218.0,40.0,22.0,0.19753086419753085,0.0,2020-03-03,1.0,-1.0,42.2205,-72.5819
SITE_02519,MA,1082,8.96,279.0,23.0,28.0,0.19753086419753085,0.0,2020-07-20,1.0,-1.0,42.7451,-72.0461
SITE_02520,MA,1331,9.28,143.0,34.0,29.0,0.19753086419753085,0.0,2020-10-01,1.0,-1.0,42.4116,-71.0117
SITE_02521,MA,2368,5.12,125.0,22.0,16.0,0.19753086419753085,0.0,2020-05-14,1.0,-1.0,42.3302,-72.7512
SITE_02522,MA,2777,9.75,187.0,38.0,26.0,0.1838235294117647,0.0,2020-10-06,0.0,-1.0,41.8869,-71.3187
SITE_02523,MA,1952,14.4,120.0,8.0,22.0,0.19753086419753085,0.0,2020-10-06,1.0,-1.0,42.4369,-71.9798
SITE_02524,MA,2322,9.28,244.0,31.0,10.0,0.19753086419753085,0.0,2020-12-22,1.0,-1.0,42.3523,-71.5925
SITE_02525,MA,1844,9.52,100.0,40.0,12.0,0.19653179190751444,0.0,2020-11-10,1.0,-1.0,42.2186,-72.1075
SITE_02526,MA,2301,4.225,172.0,18.0,13.0,0.20061728395061726,0.0,2020-12-28,1.0,-1.0,42.4071,-71.1641
SITE_02527,MA,1364,3.2,269.0,24.0,10.0,0.19626170517075994,0.0,2021-03-30,0.0,-1.0,42.6139,-72.0811
SITE_02528,MA,1028,7.14,243.0,37.0,21.0,0.19607843137254904,0.0,2021-01-30,1.0,-1.0,41.9616,-71.2014
SITE_02529,MA,1830,2.6,338.0,40.0,3.0,0.20061728395061726,0.0,2021-03-02,1.0,-1.0,42.0017,-72.7534
SITE_02530,MA,2703,8.775,77.0,39.0,14.0,0.20061728395061726,0.0,2020-11-19,1.0,-1.0,42.5550,-71.7854
SITE_02531,MA,1236,5.78,180.0,30.0,17.0,0.19607843137254904,0.0,2020-12-31,1.0,-1.0,42.4370,-72.5548
SITE_02532,MA,2151,12.0,110.0,21.0,32.0,0.22411072862880094,0.0,2021-06-10,0.0,-1.0,42.3214,-72.4929
SITE_02533,MA,1852,12.96,164.0,38.0,36.0,0.2142857142857143,0.0,2021-06-10,0.0,-1.0,41.8311,-71.3205
SITE_02534,MA,1339,12.96,180.0,35.0,32.0,0.2025,0.0,2021-08-21,0.0,-1.0,42.2922,-72.6931
SITE_02535,MA,2324,4.08,211.0,41.0,12.0,0.19653179190751444,0.0,2021-05-29,1.0,-1.0,42.2614,-71.1068
SITE_02536,MA,1527,3.575,348.0,22.0,11.0,0.20061728395061726,0.0,2021-01-27,1.0,-1.0,41.8548,-72.2011
SITE_02537,MA,1536,12.24,350.0,38.0,16.0,0.19607843137254904,0.0,2021-04-23,0.0,-1.0,42.5142,-71.5605
SITE_02538,MA,1930,4.8,187.0,30.0,16.0,0.1834862385321101,0.0,2021-04-08,1.0,-1.0,42.7232,-71.7580
SITE_02539,MA,1473,10.4,236.0,34.0,23.0,0.20061728395061726,0.0,2021-02-01,1.0,-1.0,42.5238,-71.6515
SITE_02540,MA,2720,5.84,194.0,38.0,16.0,0.21597633136094674,0.0,2021-06-17,0.0,-1.0,42.6048,-70.7096
SITE_02541,MA,1527,3.78,143.0,26.0,12.0,0.19408502772643255,0.0,2021-09-03,1.0,-1.0,42.3377,-71.7285
SITE_02542,MA,1902,8.19,139.0,45.0,20.0,0.19444444444444442,0.0,2021-03-24,1.0,-1.0,41.9363,-71.8196
SITE_02543,MA,1844,11.05,121.0,20.0,24.0,0.20061728395061726,0.0,2021-12-01,1.0,-1.0,41.8713,-70.8671
SITE_02544,MA,2339,10.08,266.0,24.0,21.0,0.21301775147928995,0.0,2021-04-20,0.0,-1.0,42.0569,-72.5295
SITE_02545,MA,2149,4.55,201.0,48.0,14.0,0.19938650306748468,0.0,2021-09-21,1.0,-1.0,42.6058,-71.8826
SITE_02546,MA,2343,6.5,86.0,26.0,13.0,0.20061728395061726,0.0,2021-07-08,1.0,-1.0,42.4290,-71.0098
SITE_02547,MA,1331,13.6,92.0,27.0,28.0,0.19607843137254904,0.0,2021-09-09,0.0,-1.0,42.7375,-72.1801
SITE_02548,MA,2155,7.48,111.0,23.0,12.0,0.19607843137254904,0.0,2021-09-24,1.0,-1.0,42.0421,-72.2845
SITE_02549,MA,1603,9.88,81.0,37.0,10.0,0.2087912087912088,0.0,2022-01-29,1.0,-1.0,42.4892,-71.9338
SITE_02550,MA,1420,4.72,197.0,22.0,16.0,0.19158879718604765,0.0,2019-02-01,1.0,-1.0,41.9356,-72.2530
SITE_02551,MA,1420,7.56,267.0,30.0,8.0,0.20338983050847456,0.0,2021-09-20,1.0,-1.0,42.1243,-71.6830
SITE_02552,MD,-1,7.15,-1.0,-1.0,-1.0,-1.0,-1.0,2016-12-27,0.0,-1.0,38.7046,-75.8356
SITE_02553,MD,-1,4.2,-1.0,-1.0,-1.0,-1.0,-1.0,2017-06-06,0.0,-1.0,39.5304,-77.6547
SITE_02554,MD,-1,5.7,-1.0,-1.0,-1.0,-1.0,-1.0,2016-11-16,0.0,-1.0,39.5325,-77.2601
SITE_02555,MD,-1,8.82,-1.0,-1.0,-1.0,-1.0,-1.0,2017-04-18,0.0,-1.0,39.2381,-77.3846
SITE_02556,MD,-1,7.5,-1.0,-1.0,-1.0,-1.0,-1.0,2017-07-23,0.0,-1.0,39.2156,-77.3198
SITE_02557,MD,-1,6.0,-1.0,-1.0,-1.0,-1.0,-1.0,2017-10-06,0.0,-1.0,39.5927,-77.4038
SITE_02558,MD,-1,3.27,-1.0,-1.0,-1.0,-1.0,-1.0,2017-07-25,0.0,-1.0,39.5420,-76.8303
SITE_02559,MD,-1,10.07,-1.0,-1.0,-1.0,-1.0,-1.0,2017-08-16,0.0,-1.0,39.4996,-76.5410
SITE_02560,MD,-1,19.62,-1.0,-1.0,-1.0,-1.0,-1.0,2015-06-15,0.0,-1.0,39.1623,-75.3258
SITE_02561,MD,-1,10.2,-1.0,-1.0,-1.0,-1.0,-1.0,2017-02-20,0.0,-1.0,39.0276,-76.9628
SITE_02562,MD,-1,4.275,-1.0,-1.0,-1.0,-1.0,-1.0,2016-03-22,0.0,-1.0,38.6646,-76.6229
SITE_02563,MD,-1,15.9,-1.0,-1.0,-1.0,-1.0,-1.0,2017-04-05,0.0,-1.0,38.6089,-76.1722
SITE_02564,MD,-1,8.4,-1.0,-1.0,-1.0,-1.0,-1.0,2016-11-28,0.0,-1.0,39.0064,-77.4609
SITE_02565,MD,-1,4.24,-1.0,-1.0,-1.0,-1.0,-1.0,2016-12-23,0.0,-1.0,38.7693,-75.7006
SITE_02566,MD,-1,5.7,-1.0,-1.0,-1.0,-1.0,-1.0,2017-03-01,0.0,-1.0,38.5959,-77.1524
SITE_02567,MD,-1,6.0,-1.0,-1.0,-1.0,-1.0,-1.0,2017-03-06,0.0,-1.0,38.4009,-77.9678
SITE_02568,MD,-1,8.58,-1.0,-1.0,-1.0,-1.0,-1.0,2016-11-11,0.0,-1.0,39.5563,-75.9815
SITE_02569,MD,-1,5.355,-1.0,-1.0,-1.0,-1.0,-1.0,2017-02-25,0.0,-1.0,-9999,-9999
SITE_02570,MD,-1,7.15,-1.0,-1.0,-1.0,-1.0,-1.0,2016-11-21,0.0,-1.0,38.6280,-76.6001
SITE_02571,MD,-1,8.83,-1.0,-1.0,-1.0,-1.0,-1.0,2016-11-07,0.0,-1.0,38.7863,-76.2638
SITE_02572,MD,-1,19.61,-1.0,-1.0,-1.0,-1.0,-1.0,2016-11-01,0.0,-1.0,39.3630,-75.8098
SITE_02573,MD,-1,8.58,-1.0,-1.0,-1.0,-1.0,-1.0,2017-01-26,0.0,-1.0,39.3805,-77.4744
SITE_02574,MD,-1,12.19,-1.0,-1.0,-1.0,-1.0,-1.0,2016-09-14,0.0,-1.0,39.1114,-76.7878
SITE_02575,MD,-1,8.525,-1.0,-1.0,-1.0,-1.0,-1.0,2016-05-28,0.0,-1.0,38.4793,-77.4794
SITE_02576,MD,-1,4.4,-1.0,-1.0,-1.0,-1.0,-1.0,2016-03-25,0.0,-1.0,39.5457,-75.3048
SITE_02577,MD,-1,13.54,-1.0,-1.0,-1.0,-1.0,-1.0,2016-02-29,0.0,-1.0,39.2235,-76.8503
SITE_02578,MD,-1,6.875,-1.0,-1.0,-1.0,-1.0,-1.0,2015-10-01,0.0,-1.0,39.2599,-76.2115
SITE_02579,MD,-1,10.175,-1.0,-1.0,-1.0,-1.0,-1.0,2015-12-20,0.0,-1.0,39.3424,-77.2429
SITE_02580,MD,-1,9.1,-1.0,-1.0,-1.0,-1.0,-1.0,2015-12-29,0.0,-1.0,38.6111,-75.7439
SITE_02581,MD,-1,6.0,-1.0,-1.0,-1.0,-1.0,-1.0,2015-06-01,0.0,-1.0,-9999,-9999
SITE_02582,MD,-1,4.68,-1.0,-1.0,-1.0,-1.0,-1.0,2015-09-25,0.0,-1.0,39.5581,-77.5511
SITE_02583,MD,-1,3.3,-1.0,-1.0,-1.0,-1.0,-1.0,2015-09-17,0.0,-1.0,38.4995,-77.6560
SITE_02584,MD,-1,7.425,-1.0,-1.0,-1.0,-1.0,-1.0,2015-05-30,0.0,-1.0,38.8096,-76.0151
SITE_02585,MD,-1,4.4,-1.0,-1.0,-1.0,-1.0,-1.0,2015-07-25,0.0,-1.0,38.9182,-77.2521
SITE_02586,MD,-1,4.4,-1.0,-1.0,-1.0,-1.0,-1.0,2015-07-16,0.0,-1.0,38.9382,-77.3463
SITE_02587,MD,-1,12.96,-1.0,-1.0,-1.0,-1.0,-1.0,2015-04-01,0.0,-1.0,39.5303,-77.9962
SITE_02588,MD,-1,9.8,-1.0,-1.0,-1.0,-1.0,-1.0,2014-12-28,0.0,-1.0,39.4589,-77.7957
SITE_02589,MD,-1,2.0,-1.0,-1.0,-1.0,-1.0,-1.0,2014-07-31,0.0,-1.0,39.5093,-77.6026
SITE_02590,MD,-1,8.64,-1.0,-1.0,-1.0,-1.0,-1.0,2014-09-19,0.0,-1.0,38.6829,-75.6851
SITE_02591,MD,-1,14.58,-1.0,-1.0,-1.0,-1.0,-1.0,2014-09-01,0.0,-1.0,-9999,-9999
SITE_02592,MD,-1,14.4,-1.0,-1.0,-1.0,-1.0,-1.0,2014-07-15,0.0,-1.0,38.4529,-75.9700
SITE_02593,MD,-1,10.4,-1.0,-1.0,-1.0,-1.0,-1.0,2014-05-30,0.0,-1.0,38.8219,-77.4337
SITE_02594,MD,-1,5.4,-1.0,-1.0,-1.0,-1.0,-1.0,2014-06-09,0.0,-1.0,39.2232,-76.4617
SITE_02595,MD,-1,5.28,-1.0,-1.0,-1.0,-1.0,-1.0,2013-01-01,1.0,-1.0,38.5026,-77.5809
SITE_02596,MD,-1,13.5,-1.0,-1.0,-1.0,-1.0,-1.0,2014-04-28,0.0,-1.0,39.3457,-75.9655
SITE_02597,MD,-1,2.6,-1.0,-1.0,-1.0,-1.0,-1.0,2013-09-10,0.0,-1.0,38.9554,-77.8907
SITE_02598,MD,-1,9.55,-1.0,-1.0,-1.0,-1.0,-1.0,2013-10-23,1.0,-1.0,38.5735,-76.8884
SITE_02599,MD,-1,6.76,-1.0,-1.0,-1.0,-1.0,-1.0,2013-07-15,0.0,-1.0,39.2743,-77.9308
SITE_02600,MD,-1,7.2,-1.0,-1.0,-1.0,-1.0,-1.0,2013-11-18,0.0,-1.0,38.9804,-77.0902
SITE_02601,MD,-1,6.76,-1.0,-1.0,-1.0,-1.0,-1.0,2013-06-04,0.0,-1.0,39.4805,-76.9457
SITE_02602,MD,-1,3.185,-1.0,-1.0,-1.0,-1.0,-1.0,2013-04-04,1.0,-1.0,39.3010,-75.8205
SITE_02603,MD,-1,9.31,-1.0,-1.0,-1.0,-1.0,-1.0,2013-10-24,1.0,-1.0,38.5869,-76.3893
SITE_02604,MD,-1,131.25,-1.0,-1.0,-1.0,-1.0,-1.0,2018-11-07,0.0,-1.0,38.6981,-78.0765
SITE_02605,MD,-1,6.84,-1.0,-1.0,-1.0,-1.0,-1.0,2018-01-09,0.0,-1.0,39.5954,-76.8924
SITE_02606,MD,-1,12.83,-1.0,-1.0,-1.0,-1.0,-1.0,2018-01-09,0.0,-1.0,38.5597,-77.9340
SITE_02607,MD,-1,9.6,-1.0,-1.0,-1.0,-1.0,-1.0,2018-01-29,0.0,-1.0,39.5335,-77.1054
SITE_02608,MD,-1,6.09,-1.0,-1.0,-1.0,-1.0,-1.0,2018-02-01,0.0,-1.0,38.6278,-77.2403
SITE_02609,MD,-1,9.42,-1.0,-1.0,-1.0,-1.0,-1.0,2018-04-16,0.0,-1.0,39.0252,-77.3899
SITE_02610,MD,-1,10.44,-1.0,-1.0,-1.0,-1.0,-1.0,2018-05-09,0.0,-1.0,38.8059,-76.2098
SITE_02611,MD,-1,5.79,-1.0,-1.0,-1.0,-1.0,-1.0,2018-05-16,0.0,-1.0,39.2401,-77.7171
SITE_02612,MD,-1,9.6,-1.0,-1.0,-1.0,-1.0,-1.0,2018-06-01,0.0,-1.0,39.0806,-75.3412
SITE_02613,MD,-1,9.76,-1.0,-1.0,-1.0,-1.0,-1.0,2018-06-28,0.0,-1.0,38.4031,-76.2160
SITE_02614,MD,-1,15.84,-1.0,-1.0,-1.0,-1.0,-1.0,2018-07-01,0.0,-1.0,39.5817,-76.3798
SITE_02615,MD,-1,4.87,-1.0,-1.0,-1.0,-1.0,-1.0,2018-07-10,0.0,-1.0,39.4988,-77.0444
SITE_02616,MD,-1,5.49,-1.0,-1.0,-1.0,-1.0,-1.0,2018-07-31,0.0,-1.0,38.7712,-77.3483
SITE_02617,MD,-1,8.23,-1.0,-1.0,-1.0,-1.0,-1.0,2018-07-31,0.0,-1.0,38.7416,-77.8826
SITE_02618,MD,-1,4.55,-1.0,-1.0,-1.0,-1.0,-1.0,2018-08-16,0.0,-1.0,38.9584,-75.4744
SITE_02619,MD,-1,8.19,-1.0,-1.0,-1.0,-1.0,-1.0,2018-08-22,0.0,-1.0,38.4549,-76.8609
SITE_02620,MD,-1,9.75,-1.0,-1.0,-1.0,-1.0,-1.0,2018-08-27,0.0,-1.0,38.5962,-77.3075
SITE_02621,MD,-1,5.4,-1.0,-1.0,-1.0,-1.0,-1.0,2018-09-10,0.0,-1.0,39.3539,-77.1256
SITE_02622,MD,-1,8.55,-1.0,-1.0,-1.0,-1.0,-1.0,2018-09-19,0.0,-1.0,39.4057,-78.0793
SITE_02623,MD,-1,9.3,-1.0,-1.0,-1.0,-1.0,-1.0,2018-09-21,0.0,-1.0,38.7613,-76.1611
SITE_02624,MD,-1,11.97,-1.0,-1.0,-1.0,-1.0,-1.0,2018-10-23,0.0,-1.0,38.5476,-77.4969
SITE_02625,MD,-1,5.4,-1.0,-1.0,-1.0,-1.0,-1.0,2018-11-09,0.0,-1.0,38.4421,-77.4491
SITE_02626,MD,-1,4.27,-1.0,-1.0,-1.0,-1.0,-1.0,2018-11-13,0.0,-1.0,39.3624,-77.1221
SITE_02627,MD,-1,10.5,-1.0,-1.0,-1.0,-1.0,-1.0,2018-11-19,0.0,-1.0,39.2094,-76.0188
SITE_02628,MD,-1,9.61,-1.0,-1.0,-1.0,-1.0,-1.0,2018-11-26,0.0,-1.0,38.9150,-75.5354
SITE_02629,MD,-1,9.45,-1.0,-1.0,-1.0,-1.0,-1.0,2018-12-14,0.0,-1.0,39.2145,-77.7280
SITE_02630,MD,-1,3.96,-1.0,-1.0,-1.0,-1.0,-1.0,2018-12-20,0.0,-1.0,39.0406,-77.4498
SITE_02631,MD,-1,8.55,-1.0,-1.0,-1.0,-1.0,-1.0,2018-12-26,0.0,-1.0,39.0709,-75.4033
SITE_02632,MD,-1,8.7,-1.0,-1.0,-1.0,-1.0,-1.0,2019-01-04,0.0,-1.0,38.5551,-77.0743
SITE_02633,MD,-1,2.0,-1.0,-1.0,-1.0,-1.0,-1.0,2019-01-10,0.0,-1.0,38.6231,-76.6006
SITE_02634,MD,-1,8.4,-1.0,-1.0,-1.0,-1.0,-1.0,2019-01-25,0.0,-1.0,39.3814,-76.4366
SITE_02635,MD,-1,6.72,-1.0,-1.0,-1.0,-1.0,-1.0,2019-01-28,0.0,-1.0,39.4291,-75.8077
SITE_02636,MD,-1,7.2,-1.0,-1.0,-1.0,-1.0,-1.0,2019-02-19,0.0,-1.0,39.0961,-77.4542
SITE_02637,MD,-1,4.06,-1.0,-1.0,-1.0,-1.0,-1.0,2019-02-21,0.0,-1.0,38.7386,-78.0236
SITE_02638,MD,-1,10.08,-1.0,-1.0,-1.0,-1.0,-1.0,2019-02-27,0.0,-1.0,39.1196,-76.0652
SITE_02639,MD,-1,5.7,-1.0,-1.0,-1.0,-1.0,-1.0,2019-03-13,0.0,-1.0,38.4294,-76.0733
SITE_02640,MD,-1,9.9,-1.0,-1.0,-1.0,-1.0,-1.0,2019-04-03,0.0,-1.0,39.4517,-76.3614
SITE_02641,MD,-1,8.1,-1.0,-1.0,-1.0,-1.0,-1.0,2019-05-20,0.0,-1.0,39.3891,-77.1766
SITE_02642,MD,-1,6.12,-1.0,-1.0,-1.0,-1.0,-1.0,2019-06-10,0.0,-1.0,39.4682,-76.4199
SITE_02643,MD,-1,3.66,-1.0,-1.0,-1.0,-1.0,-1.0,2019-07-01,0.0,-1.0,39.5784,-75.6292
SITE_02644,MD,-1,9.13,-1.0,-1.0,-1.0,-1.0,-1.0,2019-07-15,0.0,-1.0,38.4384,-76.8349
SITE_02645,MD,-1,5.44,-1.0,-1.0,-1.0,-1.0,-1.0,2019-07-29,0.0,-1.0,39.0985,-75.6217
SITE_02646,MD,-1,5.12,-1.0,-1.0,-1.0,-1.0,-1.0,2019-08-15,0.0,-1.0,39.2955,-76.5098
SITE_02647,MD,-1,5.67,-1.0,-1.0,-1.0,-1.0,-1.0,2019-09-03,0.0,-1.0,38.9309,-77.9566
SITE_02648,MD,-1,6.2,-1.0,-1.0,-1.0,-1.0,-1.0,2019-09-10,0.0,-1.0,38.4585,-76.6559
SITE_02649,MD,-1,5.22,-1.0,-1.0,-1.0,-1.0,-1.0,2019-09-11,0.0,-1.0,39.1154,-77.8247
SITE_02650,MD,-1,11.66,-1.0,-1.0,-1.0,-1.0,-1.0,2019-10-08,0.0,-1.0,39.3295,-76.8597
SITE_02651,MD,-1,15.9,-1.0,-1.0,-1.0,-1.0,-1.0,2019-10-16,0.0,-1.0,38.8667,-75.7291
SITE_02652,MD,-1,7.2,-1.0,-1.0,-1.0,-1.0,-1.0,2019-10-25,0.0,-1.0,39.3078,-78.0022
SITE_02653,MD,-1,5.67,-1.0,-1.0,-1.0,-1.0,-1.0,2019-11-18,0.0,-1.0,39.1531,-75.6709
SITE_02654,MD,-1,8.32,-1.0,-1.0,-1.0,-1.0,-1.0,2019-12-02,0.0,-1.0,39.4912,-76.2078
SITE_02655,MD,-1,7.44,-1.0,-1.0,-1.0,-1.0,-1.0,2019-12-17,0.0,-1.0,39.0806,-75.7323
SITE_02656,MD,-1,5.58,-1.0,-1.0,-1.0,-1.0,-1.0,2019-12-19,0.0,-1.0,39.2974,-77.2787
SITE_02657,MD,-1,6.93,-1.0,-1.0,-1.0,-1.0,-1.0,2020-06-08,-1.0,-1.0,38.6470,-77.3144
SITE_02658,MD,-1,14.95,-1.0,-1.0,-1.0,-1.0,-1.0,2020-06-16,-1.0,-1.0,38.9048,-75.5321
SITE_02659,MD,-1,8.54,-1.0,-1.0,-1.0,-1.0,-1.0,2020-01-06,-1.0,-1.0,38.8124,-76.0698
SITE_02660,MD,-1,12.4,-1.0,-1.0,-1.0,-1.0,-1.0,2020-01-21,-1.0,-1.0,39.1230,-75.9542
SITE_02661,MD,-1,5.355,-1.0,-1.0,-1.0,-1.0,-1.0,2020-01-23,-1.0,-1.0,39.1276,-75.6470
SITE_02662,MD,-1,19.52,-1.0,-1.0,-1.0,-1.0,-1.0,2020-01-23,-1.0,-1.0,38.7214,-77.1431
SITE_02663,MD,-1,8.99,-1.0,-1.0,-1.0,-1.0,-1.0,2020-02-18,-1.0,-1.0,39.0821,-76.9370
SITE_02664,MD,-1,8.68,-1.0,-1.0,-1.0,-1.0,-1.0,2020-03-03,-1.0,-1.0,39.5547,-76.6961
SITE_02665,MD,-1,8.82,-1.0,-1.0,-1.0,-1.0,-1.0,2020-03-13,-1.0,-1.0,39.5419,-77.9596
SITE_02666,MD,-1,9.61,-1.0,-1.0,-1.0,-1.0,-1.0,2020-03-19,-1.0,-1.0,38.7231,-75.6383
SITE_02667,MD,-1,10.24,-1.0,-1.0,-1.0,-1.0,-1.0,2020-03-25,-1.0,-1.0,38.8981,-75.3127
SITE_02668,MD,-1,17.82,-1.0,-1.0,-1.0,-1.0,-1.0,2020-04-24,-1.0,-1.0,-9999,-9999
SITE_02669,MD,-1,4.8,-1.0,-1.0,-1.0,-1.0,-1.0,2020-08-11,-1.0,-1.0,39.4127,-75.9727
SITE_02670,MD,-1,13.6,-1.0,-1.0,-1.0,-1.0,-1.0,2020-08-25,-1.0,-1.0,38.4513,-75.5818
SITE_02671,MD,-1,8.82,-1.0,-1.0,-1.0,-1.0,-1.0,2020-09-02,-1.0,-1.0,38.9269,-78.0425
SITE_02672,MD,-1,10.24,-1.0,-1.0,-1.0,-1.0,-1.0,2020-09-08,-1.0,-1.0,39.1711,-77.8194
SITE_02673,MD,-1,10.85,-1.0,-1.0,-1.0,-1.0,-1.0,2020-09-23,-1.0,-1.0,39.5271,-77.1008
SITE_02674,MD,-1,6.08,-1.0,-1.0,-1.0,-1.0,-1.0,2020-09-28,-1.0,-1.0,38.7465,-78.0145
SITE_02675,MD,-1,10.71,-1.0,-1.0,-1.0,-1.0,-1.0,2020-10-05,-1.0,-1.0,38.7535,-77.9813
SITE_02676,MD,-1,6.0,-1.0,-1.0,-1.0,-1.0,-1.0,2020-10-08,-1.0,-1.0,39.3617,-77.3692
SITE_02677,MD,-1,6.61,-1.0,-1.0,-1.0,-1.0,-1.0,2020-10-15,-1.0,-1.0,38.7344,-75.4231
SITE_02678,MD,-1,9.3,-1.0,-1.0,-1.0,-1.0,-1.0,2020-10-26,-1.0,-1.0,39.3341,-75.8832
SITE_02679,MD,-1,8.96,-1.0,-1.0,-1.0,-1.0,-1.0,2020-11-05,-1.0,-1.0,38.6710,-76.3875
SITE_02680,MD,-1,15.68,-1.0,-1.0,-1.0,-1.0,-1.0,2020-11-10,-1.0,-1.0,39.5483,-75.8691
SITE_02681,MD,-1,10.44,-1.0,-1.0,-1.0,-1.0,-1.0,2020-11-20,-1.0,-1.0,38.4765,-76.1672
SITE_02682,MD,-1,8.32,-1.0,-1.0,-1.0,-1.0,-1.0,2020-12-09,-1.0,-1.0,39.4772,-76.9019
SITE_02683,MD,-1,18.9,-1.0,-1.0,-1.0,-1.0,-1.0,2020-12-18,-1.0,-1.0,38.9493,-77.9433
SITE_02684,MD,-1,14.8,-1.0,-1.0,-1.0,-1.0,-1.0,2020-12-22,-1.0,-1.0,39.4511,-76.6887
SITE_02685,MD,-1,8.32,-1.0,-1.0,-1.0,-1.0,-1.0,2020-12-30,-1.0,-1.0,39.5558,-76.3661
SITE_02686,MD,20906,9.62,-1.0,-1.0,-1.0,-1.0,-1.0,2021-01-11,-1.0,-1.0,39.3565,-78.0709
SITE_02687,MD,20817,4.34,-1.0,-1.0,-1.0,-1.0,-1.0,2021-01-19,-1.0,-1.0,38.5069,-77.7616
SITE_02688,MD,21133,8.82,-1.0,-1.0,-1.0,-1.0,-1.0,2021-03-10,-1.0,-1.0,38.7359,-75.6628
SITE_02689,MD,20871,18.81,-1.0,-1.0,-1.0,-1.0,-1.0,2021-03-13,-1.0,-1.0,38.9674,-77.8126
SITE_02690,MD,20906,10.85,-1.0,-1.0,-1.0,-1.0,-1.0,2021-03-23,-1.0,-1.0,39.3851,-75.9609
SITE_02691,MD,20902,7.56,-1.0,-1.0,-1.0,-1.0,-1.0,2021-04-07,-1.0,-1.0,39.3960,-75.4824
SITE_02692,MD,20817,10.35,-1.0,-1.0,-1.0,-1.0,-1.0,2021-04-16,-1.0,-1.0,39.2091,-77.7226
SITE_02693,MD,20842,11.56,-1.0,-1.0,-1.0,-1.0,-1.0,2021-04-27,-1.0,-1.0,38.8541,-75.9539
SITE_02694,MD,21085,4.95,-1.0,-1.0,-1.0,-1.0,-1.0,2021-05-24,-1.0,-1.0,38.9357,-77.9918
SITE_02695,MD,20906,8.32,-1.0,-1.0,-1.0,-1.0,-1.0,2021-06-08,-1.0,-1.0,39.0682,-77.0121
SITE_02696,MD,20772,8.64,-1.0,-1.0,-1.0,-1.0,-1.0,2021-06-15,-1.0,-1.0,38.4695,-76.2423
SITE_02697,MD,21216,7.04,-1.0,-1.0,-1.0,-1.0,-1.0,2021-08-03,-1.0,-1.0,39.0927,-77.4466
SITE_02698,MD,21784,5.11,-1.0,-1.0,-1.0,-1.0,-1.0,2021-08-10,-1.0,-1.0,38.4269,-77.7920
SITE_02699,MD,21710,13.86,-1.0,-1.0,-1.0,-1.0,-1.0,2021-09-08,-1.0,-1.0,38.5577,-77.9141
SITE_02700,MD,20678,14.3,-1.0,-1.0,-1.0,-1.0,-1.0,2021-09-15,-1.0,-1.0,39.5451,-75.6294
SITE_02701,MD,21076,7.04,-1.0,-1.0,-1.0,-1.0,-1.0,2021-09-23,-1.0,-1.0,38.7213,-76.4573
SITE_02702,MD,21146,6.84,-1.0,-1.0,-1.0,-1.0,-1.0,2021-10-22,-1.0,-1.0,38.4311,-77.3984
SITE_02703,MD,21154,14.06,-1.0,-1.0,-1.0,-1.0,-1.0,2021-10-26,-1.0,-1.0,39.2401,-76.8614
SITE_02704,MD,21113,12.87,-1.0,-1.0,-1.0,-1.0,-1.0,2021-10-27,-1.0,-1.0,39.2738,-77.6483
SITE_02705,MD,21113,13.94,-1.0,-1.0,-1.0,-1.0,-1.0,2021-11-02,-1.0,-1.0,38.6937,-75.7576
SITE_02706,MD,20905,12.92,-1.0,-1.0,-1.0,-1.0,-1.0,2021-11-09,-1.0,-1.0,39.1158,-77.1171
SITE_02707,MD,21128,12.86,-1.0,-1.0,-1.0,-1.0,-1.0,2021-11-30,-1.0,-1.0,38.9982,-77.6775
SITE_02708,MD,21770,11.22,-1.0,-1.0,-1.0,-1.0,-1.0,2021-11-30,-1.0,-1.0,38.9324,-75.8088
SITE_02709,MD,20850,5.44,-1.0,-1.0,-1.0,-1.0,-1.0,2021-12-10,-1.0,-1.0,38.9515,-77.6095
SITE_02710,MD,20832,17.34,-1.0,-1.0,-1.0,-1.0,-1.0,2021-12-10,-1.0,-1.0,39.1452,-76.4492
SITE_02711,MD,21122,5.44,-1.0,-1.0,-1.0,-1.0,-1.0,2021-12-15,-1.0,-1.0,39.2847,-77.7004
SITE_02712,MD,20601,4.18,-1.0,-1.0,-1.0,-1.0,-1.0,2021-12-21,-1.0,-1.0,39.3167,-77.6179
SITE_02713,MD,20601,7.225,-1.0,-1.0,-1.0,-1.0,-1.0,2022-01-10,-1.0,-1.0,38.8121,-76.5693
SITE_02714,MD,21222,4.44,-1.0,-1.0,-1.0,-1.0,-1.0,2022-01-19,-1.0,-1.0,39.0743,-77.5780
SITE_02715,MD,21545,8.5,-1.0,-1.0,-1.0,-1.0,-1.0,2022-02-01,-1.0,-1.0,39.1900,-76.7660
SITE_02716,MD,20715,11.9,-1.0,-1.0,-1.0,-1.0,-1.0,2022-02-02,-1.0,-1.0,38.7976,-76.1010
SITE_02717,MD,21660,8.25,-1.0,-1.0,-1.0,-1.0,-1.0,2022-02-04,-1.0,-1.0,39.0596,-75.6667
SITE_02718,MD,21133,8.16,-1.0,-1.0,-1.0,-1.0,-1.0,2022-02-07,-1.0,-1.0,38.5175,-77.1784
SITE_02719,MD,20748,9.0,-1.0,-1.0,-1.0,-1.0,-1.0,2022-02-23,-1.0,-1.0,39.1101,-76.9339
SITE_02720,MD,20639,15.64,-1.0,-1.0,-1.0,-1.0,-1.0,2022-03-08,-1.0,-1.0,38.8888,-76.8924
SITE_02721,MD,20837,12.45,-1.0,-1.0,-1.0,-1.0,-1.0,2022-03-12,-1.0,-1.0,38.9282,-77.1977
SITE_02722,MD,21769,19.44,-1.0,-1.0,-1.0,-1.0,-1.0,2022-04-11,-1.0,-1.0,38.8670,-76.7015
SITE_02723,MD,20902,5.92,-1.0,-1.0,-1.0,-1.0,-1.0,2022-04-18,-1.0,-1.0,39.1581,-77.0536
SITE_02724,MD,20877,14.4,-1.0,-1.0,-1.0,-1.0,-1.0,2022-04-18,-1.0,-1.0,39.4664,-75.3299
SITE_02725,MD,20602,5.18,-1.0,-1.0,-1.0,-1.0,-1.0,2022-04-21,-1.0,-1.0,39.5690,-75.4695
SITE_02726,MD,21666,5.92,-1.0,-1.0,-1.0,-1.0,-1.0,2022-04-28,-1.0,-1.0,39.5921,-77.2393
SITE_02727,MD,20695,15.3,-1.0,-1.0,-1.0,-1.0,-1.0,2022-05-09,-1.0,-1.0,38.7636,-75.5987
SITE_02728,MD,20769,9.6,-1.0,-1.0,-1.0,-1.0,-1.0,2022-05-17,-1.0,-1.0,38.7346,-75.9627
SITE_02729,MD,20876,6.4,-1.0,-1.0,-1.0,-1.0,-1.0,2022-05-25,-1.0,-1.0,39.5082,-75.9946
SITE_02730,MD,20774,6.07,-1.0,-1.0,-1.0,-1.0,-1.0,2022-06-07,-1.0,-1.0,39.3920,-77.0365
SITE_02731,MD,20659,4.345,-1.0,-1.0,-1.0,-1.0,-1.0,2022-06-21,-1.0,-1.0,38.6658,-77.7827
SITE_02732,MD,20855,12.24,-1.0,-1.0,-1.0,-1.0,-1.0,2022-06-21,-1.0,-1.0,38.4951,-78.0125
SITE_02733,MD,20783,4.2,-1.0,-1.0,-1.0,-1.0,-1.0,2022-06-27,-1.0,-1.0,38.6304,-78.0129
SITE_02734,MD,20721,7.82,-1.0,-1.0,-1.0,-1.0,-1.0,2022-07-12,-1.0,-1.0,38.7731,-77.3035
SITE_02735,MD,21074,20.52,-1.0,-1.0,-1.0,-1.0,-1.0,2022-07-20,-1.0,-1.0,39.4191,-77.2332
SITE_02736,MD,20850,11.47,-1.0,-1.0,-1.0,-1.0,-1.0,2022-07-22,-1.0,-1.0,39.0378,-76.3204
SITE_02737,MD,21015,10.8,-1.0,-1.0,-1.0,-1.0,-1.0,2022-07-25,-1.0,-1.0,39.3039,-76.3458
SITE_02738,MD,20902,7.56,-1.0,-1.0,-1.0,-1.0,-1.0,2022-08-02,-1.0,-1.0,39.2998,-75.7128
SITE_02739,MD,20740,5.33,-1.0,-1.0,-1.0,-1.0,-1.0,2022-08-08,-1.0,-1.0,39.1357,-76.5364
SITE_02740,MD,20912,8.82,-1.0,-1.0,-1.0,-1.0,-1.0,2022-08-08,-1.0,-1.0,39.2356,-75.8631
SITE_02741,MD,21001,10.0,-1.0,-1.0,-1.0,-1.0,-1.0,2022-08-17,-1.0,-1.0,39.0419,-76.2052
SITE_02742,MD,21117,5.67,-1.0,-1.0,-1.0,-1.0,-1.0,2022-08-21,-1.0,-1.0,38.8952,-77.5511
SITE_02743,MD,21085,5.78,-1.0,-1.0,-1.0,-1.0,-1.0,2022-08-29,-1.0,-1.0,39.5374,-76.2156
SITE_02744,MD,21629,5.92,-1.0,-1.0,-1.0,-1.0,-1.0,2022-08-29,-1.0,-1.0,39.0080,-75.7429
SITE_02745,MD,20678,20.88,-1.0,-1.0,-1.0,-1.0,-1.0,2022-09-08,-1.0,-1.0,39.4141,-77.3478
SITE_02746,MD,21074,11.84,-1.0,-1.0,-1.0,-1.0,-1.0,2022-09-14,-1.0,-1.0,38.8329,-76.9362
SITE_02747,MD,20895,12.24,-1.0,-1.0,-1.0,-1.0,-1.0,2022-09-16,-1.0,-1.0,38.8661,-77.8488
SITE_02748,MD,21209,6.0,-1.0,-1.0,-1.0,-1.0,-1.0,2022-09-20,-1.0,-1.0,39.5690,-75.7016
SITE_02749,MD,21009,5.6,-1.0,-1.0,-1.0,-1.0,-1.0,2022-09-22,-1.0,-1.0,38.5158,-75.5738
SITE_02750,MD,20833,7.03,-1.0,-1.0,-1.0,-1.0,-1.0,2022-09-22,-1.0,-1.0,38.8830,-75.9662
SITE_02751,MD,21009,10.125,-1.0,-1.0,-1.0,-1.0,-1.0,2022-09-23,-1.0,-1.0,39.2644,-76.0289
SITE_02752,MD,21773,16.2,-1.0,-1.0,-1.0,-1.0,-1.0,2022-10-02,-1.0,-1.0,38.9317,-77.1286
SITE_02753,MD,21830,20.64,-1.0,-1.0,-1.0,-1.0,-1.0,2022-10-05,-1.0,-1.0,39.1565,-77.3463
SITE_02754,MD,20814,7.59,-1.0,-1.0,-1.0,-1.0,-1.0,2022-10-10,-1.0,-1.0,38.4822,-77.7387
SITE_02755,MD,20815,4.86,-1.0,-1.0,-1.0,-1.0,-1.0,2022-10-18,-1.0,-1.0,38.7166,-76.8227
SITE_02756,MD,21851,5.6,-1.0,-1.0,-1.0,-1.0,-1.0,2022-10-20,-1.0,-1.0,39.0134,-76.9163
SITE_02757,MD,21666,12.4,-1.0,-1.0,-1.0,-1.0,-1.0,2022-10-25,-1.0,-1.0,38.9429,-77.2199
SITE_02758,MD,21076,11.6,-1.0,-1.0,-1.0,-1.0,-1.0,2022-10-26,-1.0,-1.0,38.5044,-76.4023
SITE_02759,MD,20850,12.8,-1.0,-1.0,-1.0,-1.0,-1.0,2022-10-26,-1.0,-1.0,38.7572,-76.2970
SITE_02760,MD,20882,16.4,-1.0,-1.0,-1.0,-1.0,-1.0,2022-11-01,-1.0,-1.0,39.4667,-78.0081
SITE_02761,MD,21206,6.885,-1.0,-1.0,-1.0,-1.0,-1.0,2022-11-09,-1.0,-1.0,38.7425,-75.3344
SITE_02762,MD,21409,9.88,-1.0,-1.0,-1.0,-1.0,-1.0,2022-11-11,-1.0,-1.0,38.5735,-77.5034
SITE_02763,MD,21078,19.44,-1.0,-1.0,-1.0,-1.0,-1.0,2022-11-14,-1.0,-1.0,39.5252,-77.5593
SITE_02764,MD,21114,7.4,-1.0,-1.0,-1.0,-1.0,-1.0,2022-11-21,-1.0,-1.0,39.1309,-77.8131
SITE_02765,MD,21042,8.8,-1.0,-1.0,-1.0,-1.0,-1.0,2022-11-23,-1.0,-1.0,39.0585,-77.9140
SITE_02766,MD,21160,11.84,-1.0,-1.0,-1.0,-1.0,-1.0,2022-11-28,-1.0,-1.0,39.1042,-76.9690
SITE_02767,MD,21704,7.24,-1.0,-1.0,-1.0,-1.0,-1.0,2022-12-08,-1.0,-1.0,39.2898,-76.1187
SITE_02768,MD,21042,7.3,-1.0,-1.0,-1.0,-1.0,-1.0,2022-12-09,-1.0,-1.0,39.5877,-76.3991
SITE_02769,MD,20782,7.15,-1.0,-1.0,-1.0,-1.0,-1.0,2022-12-10,-1.0,-1.0,38.7316,-77.5393
SITE_02770,MD,21228,9.49,-1.0,-1.0,-1.0,-1.0,-1.0,2022-12-23,-1.0,-1.0,39.1077,-75.4933
SITE_02771,MD,21401,10.53,-1.0,-1.0,-1.0,-1.0,-1.0,2022-12-27,-1.0,-1.0,39.3063,-77.5583
SITE_02772,MD,20879,7.77,-1.0,-1.0,-1.0,-1.0,-1.0,2022-12-29,-1.0,-1.0,39.5155,-77.7185
SITE_02773,MD,-1,12.0,-1.0,-1.0,-1.0,-1.0,-1.0,2022-11-17,-1.0,-1.0,39.0946,-76.5026
SITE_02774,MD,-1,15.17,-1.0,-1.0,-1.0,-1.0,-1.0,2023-01-11,-1.0,-1.0,38.5639,-76.9808
SITE_02775,MD,-1,9.49,-1.0,-1.0,-1.0,-1.0,-1.0,2023-02-02,-1.0,-1.0,39.4076,-77.6359
SITE_02776,MD,-1,6.12,-1.0,-1.0,-1.0,-1.0,-1.0,2023-02-06,-1.0,-1.0,39.4370,-75.5706
SITE_02777,MD,-1,8.03,-1.0,-1.0,-1.0,-1.0,-1.0,2023-02-07,-1.0,-1.0,39.4491,-78.0090
SITE_02778,MD,-1,4.81,-1.0,-1.0,-1.0,-1.0,-1.0,2023-02-09,-1.0,-1.0,38.7069,-76.7131
SITE_02779,MD,-1,14.235,-1.0,-1.0,-1.0,-1.0,-1.0,2023-02-11,-1.0,-1.0,38.5728,-75.4315
SITE_02780,MD,-1,8.4,-1.0,-1.0,-1.0,-1.0,-1.0,2023-02-25,-1.0,-1.0,39.5908,-77.9069
SITE_02781,MD,-1,12.41,-1.0,-1.0,-1.0,-1.0,-1.0,2023-02-27,-1.0,-1.0,39.4158,-76.7044
SITE_02782,MD,-1,14.8,-1.0,-1.0,-1.0,-1.0,-1.0,2023-02-28,-1.0,-1.0,38.9859,-76.3516
SITE_02783,MD,-1,7.03,-1.0,-1.0,-1.0,-1.0,-1.0,2023-03-03,-1.0,-1.0,39.3186,-75.6010
SITE_02784,MD,-1,19.2,-1.0,-1.0,-1.0,-1.0,-1.0,2023-03-07,-1.0,-1.0,38.7877,-76.7550
SITE_02785,MD,-1,11.1,-1.0,-1.0,-1.0,-1.0,-1.0,2023-03-07,-1.0,-1.0,39.3521,-75.7724
SITE_02786,MD,-1,5.18,-1.0,-1.0,-1.0,-1.0,-1.0,2023-03-09,-1.0,-1.0,38.4087,-77.9641
SITE_02787,MD,-1,7.4,-1.0,-1.0,-1.0,-1.0,-1.0,2023-03-15,-1.0,-1.0,38.5580,-76.8614
SITE_02788,MD,-1,12.0,-1.0,-1.0,-1.0,-1.0,-1.0,2023-04-04,-1.0,-1.0,38.5471,-76.3906
SITE_02789,MD,-1,7.48,-1.0,-1.0,-1.0,-1.0,-1.0,2023-04-11,-1.0,-1.0,38.8786,-78.0153
SITE_02790,MD,-1,12.24,-1.0,-1.0,-1.0,-1.0,-1.0,2023-04-13,-1.0,-1.0,38.8624,-77.5841
SITE_02791,MD,-1,13.03,-1.0,-1.0,-1.0,-1.0,-1.0,2023-04-20,-1.0,-1.0,39.2767,-75.9939
SITE_02792,MD,-1,14.58,-1.0,-1.0,-1.0,-1.0,-1.0,2023-04-21,-1.0,-1.0,39.1372,-76.3478
SITE_02793,MD,-1,14.175,-1.0,-1.0,-1.0,-1.0,-1.0,2023-04-28,-1.0,-1.0,38.8380,-75.5381
SITE_02794,MD,-1,6.88,-1.0,-1.0,-1.0,-1.0,-1.0,2023-04-28,-1.0,-1.0,39.4170,-77.5478
SITE_02795,MD,-1,5.67,-1.0,-1.0,-1.0,-1.0,-1.0,2023-05-01,-1.0,-1.0,39.4978,-77.0002
SITE_02796,MD,-1,13.6,-1.0,-1.0,-1.0,-1.0,-1.0,2023-05-02,-1.0,-1.0,39.3634,-76.9464
SITE_02797,MD,-1,9.2,-1.0,-1.0,-1.0,-1.0,-1.0,2023-05-04,-1.0,-1.0,39.2335,-77.1026
SITE_02798,MD,-1,5.18,-1.0,-1.0,-1.0,-1.0,-1.0,2023-05-04,-1.0,-1.0,38.7035,-76.9112
SITE_02799,MD,-1,4.8,-1.0,-1.0,-1.0,-1.0,-1.0,2023-05-08,-1.0,-1.0,38.7374,-76.3208
SITE_02800,MD,-1,8.1,-1.0,-1.0,-1.0,-1.0,-1.0,2023-05-08,-1.0,-1.0,39.2751,-75.9005
SITE_02801,MD,-1,5.18,-1.0,-1.0,-1.0,-1.0,-1.0,2023-05-08,-1.0,-1.0,38.4830,-77.8611
SITE_02802,MD,-1,6.8,-1.0,-1.0,-1.0,-1.0,-1.0,2023-05-08,-1.0,-1.0,38.4746,-76.0709
SITE_02803,MD,-1,12.4,-1.0,-1.0,-1.0,-1.0,-1.0,2023-05-08,-1.0,-1.0,38.7787,-76.7307
SITE_02804,MD,-1,12.4,-1.0,-1.0,-1.0,-1.0,-1.0,2023-05-10,-1.0,-1.0,39.4543,-75.3591
SITE_02805,MD,-1,6.88,-1.0,-1.0,-1.0,-1.0,-1.0,2023-07-19,-1.0,-1.0,39.4232,-77.6867
SITE_02806,MD,-1,8.16,-1.0,-1.0,-1.0,-1.0,-1.0,2023-07-30,-1.0,-1.0,39.1848,-77.7340
SITE_02807,MD,-1,6.46,-1.0,-1.0,-1.0,-1.0,-1.0,2023-08-02,-1.0,-1.0,38.5080,-77.9588
SITE_02808,MD,-1,8.4,-1.0,-1.0,-1.0,-1.0,-1.0,2023-08-08,-1.0,-1.0,38.6531,-77.2857
SITE_02809,MD,-1,14.8,-1.0,-1.0,-1.0,-1.0,-1.0,2023-08-08,-1.0,-1.0,38.8580,-77.2323
SITE_02810,MD,-1,4.0,-1.0,-1.0,-1.0,-1.0,-1.0,2023-08-08,-1.0,-1.0,38.6085,-75.6089
SITE_02811,MD,-1,5.1,-1.0,-1.0,-1.0,-1.0,-1.0,2023-08-14,-1.0,-1.0,39.2400,-77.6309
SITE_02812,MD,-1,4.38,-1.0,-1.0,-1.0,-1.0,-1.0,2023-08-29,-1.0,-1.0,38.8997,-76.2385
SITE_02813,MD,-1,11.6,-1.0,-1.0,-1.0,-1.0,-1.0,2023-08-30,-1.0,-1.0,38.4502,-77.8653
SITE_02814,MD,-1,10.12,-1.0,-1.0,-1.0,-1.0,-1.0,2023-08-31,-1.0,-1.0,39.3179,-76.9135
SITE_02815,MD,-1,6.4,-1.0,-1.0,-1.0,-1.0,-1.0,2023-09-11,-1.0,-1.0,38.4779,-77.9939
SITE_02816,MD,-1,20.35,-1.0,-1.0,-1.0,-1.0,-1.0,2023-09-13,-1.0,-1.0,38.7099,-76.1299
SITE_02817,MD,-1,10.58,-1.0,-1.0,-1.0,-1.0,-1.0,2023-09-24,-1.0,-1.0,39.2007,-76.7995
SITE_02818,MD,-1,12.15,-1.0,-1.0,-1.0,-1.0,-1.0,2023-10-18,-1.0,-1.0,39.2580,-77.1886
SITE_02819,MD,-1,8.91,-1.0,-1.0,-1.0,-1.0,-1.0,2023-10-19,-1.0,-1.0,38.6708,-77.4694
SITE_02820,MD,-1,7.2,-1.0,-1.0,-1.0,-1.0,-1.0,2023-10-26,-1.0,-1.0,39.3204,-75.6321
SITE_02821,MD,-1,17.41,-1.0,-1.0,-1.0,-1.0,-1.0,2023-11-03,-1.0,-1.0,39.3376,-76.4394
SITE_02822,MD,-1,18.8,-1.0,-1.0,-1.0,-1.0,-1.0,2023-11-15,-1.0,-1.0,38.5907,-76.8844
SITE_02823,MD,-1,4.8,-1.0,-1.0,-1.0,-1.0,-1.0,2023-11-16,-1.0,-1.0,39.0414,-76.8789
SITE_02824,MD,-1,6.0,-1.0,-1.0,-1.0,-1.0,-1.0,2023-11-22,-1.0,-1.0,39.3704,-75.6529
SITE_02825,MD,-1,9.75,-1.0,-1.0,-1.0,-1.0,-1.0,2023-11-27,-1.0,-1.0,38.7048,-76.8557
SITE_02826,MD,-1,7.2,-1.0,-1.0,-1.0,-1.0,-1.0,2023-11-28,-1.0,-1.0,39.3269,-77.4513
SITE_02827,MD,-1,12.76,-1.0,-1.0,-1.0,-1.0,-1.0,2023-12-01,-1.0,-1.0,38.7360,-76.1105
SITE_02828,MD,-1,7.2,-1.0,-1.0,-1.0,-1.0,-1.0,2023-12-07,-1.0,-1.0,39.3789,-75.4416
SITE_02829,MD,-1,6.07,-1.0,-1.0,-1.0,-1.0,-1.0,2023-12-08,-1.0,-1.0,39.3934,-76.0219
SITE_02830,MD,-1,8.0,-1.0,-1.0,-1.0,-1.0,-1.0,2023-12-12,-1.0,-1.0,39.1403,-76.0725
SITE_02831,MD,-1,15.39,-1.0,-1.0,-1.0,-1.0,-1.0,2023-12-13,-1.0,-1.0,39.0513,-75.7054
SITE_02832,MD,-1,6.0,-1.0,-1.0,-1.0,-1.0,-1.0,2023-12-15,-1.0,-1.0,39.4530,-77.9234
SITE_02833,MD,-1,54.18,-1.0,-1.0,-1.0,-1.0,-1.0,2023-06-30,-1.0,-1.0,38.4441,-75.6880
SITE_02834,MD,-1,101.76,-1.0,-1.0,-1.0,-1.0,-1.0,2023-10-06,-1.0,-1.0,38.4877,-77.7996
SITE_02835,MD,-1,8.4,-1.0,-1.0,-1.0,-1.0,-1.0,2024-01-04,-1.0,-1.0,38.8594,-77.6265
SITE_02836,MD,-1,5.55,-1.0,-1.0,-1.0,-1.0,-1.0,2024-01-11,-1.0,-1.0,39.2932,-77.3657
SITE_02837,MD,-1,15.6,-1.0,-1.0,-1.0,-1.0,-1.0,2024-01-15,-1.0,-1.0,39.1094,-77.0297
SITE_02838,MD,-1,57.681,-1.0,-1.0,-1.0,-1.0,-1.0,2024-01-25,-1.0,-1.0,38.6930,-77.9652
SITE_02839,MD,-1,16.2,-1.0,-1.0,-1.0,-1.0,-1.0,2024-02-06,-1.0,-1.0,39.2482,-78.0797
SITE_02840,MD,-1,6.48,-1.0,-1.0,-1.0,-1.0,-1.0,2024-03-07,-1.0,-1.0,39.1582,-76.0858
SITE_02841,MD,-1,9.31,-1.0,-1.0,-1.0,-1.0,-1.0,2024-03-12,-1.0,-1.0,39.1938,-77.5623
SITE_02842,MD,-1,5.26,-1.0,-1.0,-1.0,-1.0,-1.0,2024-03-15,-1.0,-1.0,38.9249,-76.0053
SITE_02843,MD,-1,6.63,-1.0,-1.0,-1.0,-1.0,-1.0,2024-03-20,-1.0,-1.0,38.6717,-75.9902
SITE_02844,MD,-1,3.12,-1.0,-1.0,-1.0,-1.0,-1.0,2024-04-03,-1.0,-1.0,38.4765,-77.6181
SITE_02845,MD,-1,8.4,-1.0,-1.0,-1.0,-1.0,-1.0,2024-04-03,-1.0,-1.0,38.5147,-77.1362
SITE_02846,MD,-1,7.2,-1.0,-1.0,-1.0,-1.0,-1.0,2024-04-03,-1.0,-1.0,39.2097,-75.9574
SITE_02847,MD,-1,15.79,-1.0,-1.0,-1.0,-1.0,-1.0,2024-04-04,-1.0,-1.0,39.3799,-75.3066
SITE_02848,MD,-1,6.075,-1.0,-1.0,-1.0,-1.0,-1.0,2024-04-09,-1.0,-1.0,39.2339,-77.3111
SITE_02849,MD,-1,6.2,-1.0,-1.0,-1.0,-1.0,-1.0,2024-04-12,-1.0,-1.0,38.9924,-76.8749
SITE_02850,MD,-1,21.2,-1.0,-1.0,-1.0,-1.0,-1.0,2024-04-26,-1.0,-1.0,38.6092,-76.7386
SITE_02851,MD,-1,4.0,-1.0,-1.0,-1.0,-1.0,-1.0,2024-05-06,-1.0,-1.0,38.9603,-76.7662
SITE_02852,MD,-1,12.71,-1.0,-1.0,-1.0,-1.0,-1.0,2024-05-07,-1.0,-1.0,39.3030,-76.6125
SITE_02853,MD,-1,10.13,-1.0,-1.0,-1.0,-1.0,-1.0,2024-05-10,-1.0,-1.0,38.9904,-77.5374
SITE_02854,MD,-1,8.61,-1.0,-1.0,-1.0,-1.0,-1.0,2024-05-31,-1.0,-1.0,39.3196,-77.9211
SITE_02855,MD,-1,12.18,-1.0,-1.0,-1.0,-1.0,-1.0,2024-06-05,-1.0,-1.0,39.2768,-75.9806
SITE_02856,MD,-1,4.8,-1.0,-1.0,-1.0,-1.0,-1.0,2024-06-07,-1.0,-1.0,38.4534,-76.0000
SITE_02857,MD,-1,13.6,-1.0,-1.0,-1.0,-1.0,-1.0,2024-06-11,-1.0,-1.0,38.4516,-76.9334
SITE_02858,MD,-1,13.3,-1.0,-1.0,-1.0,-1.0,-1.0,2024-06-22,-1.0,-1.0,38.9541,-76.0056
SITE_02859,MD,-1,15.78,-1.0,-1.0,-1.0,-1.0,-1.0,2024-06-25,-1.0,-1.0,38.8571,-76.7235
SITE_02860,MD,-1,8.08,-1.0,-1.0,-1.0,-1.0,-1.0,2024-06-26,-1.0,-1.0,39.4365,-75.8507
SITE_02861,MD,-1,10.64,-1.0,-1.0,-1.0,-1.0,-1.0,2024-06-28,-1.0,-1.0,39.3635,-76.8566
SITE_02862,MD,-1,5.04,-1.0,-1.0,-1.0,-1.0,-1.0,2024-08-09,-1.0,-1.0,38.4712,-76.7948
SITE_02863,MD,-1,19.88,-1.0,-1.0,-1.0,-1.0,-1.0,2024-08-09,-1.0,-1.0,38.7346,-75.9553
SITE_02864,MD,-1,12.41,-1.0,-1.0,-1.0,-1.0,-1.0,2024-08-12,-1.0,-1.0,39.5933,-76.3837
SITE_02865,MD,-1,4.4,-1.0,-1.0,-1.0,-1.0,-1.0,2024-08-14,-1.0,-1.0,38.8956,-77.1224
SITE_02866,MD,-1,12.6,-1.0,-1.0,-1.0,-1.0,-1.0,2024-08-16,-1.0,-1.0,38.8195,-77.3224
SITE_02867,MD,-1,13.77,-1.0,-1.0,-1.0,-1.0,-1.0,2024-08-19,-1.0,-1.0,38.5920,-77.8431
SITE_02868,MD,-1,10.08,-1.0,-1.0,-1.0,-1.0,-1.0,2024-08-20,-1.0,-1.0,38.8734,-78.0808
SITE_02869,MD,-1,14.98,-1.0,-1.0,-1.0,-1.0,-1.0,2024-09-04,-1.0,-1.0,38.7268,-76.8901
SITE_02870,MD,-1,13.02,-1.0,-1.0,-1.0,-1.0,-1.0,2024-09-10,-1.0,-1.0,39.3757,-77.3722
SITE_02871,MD,-1,12.8,-1.0,-1.0,-1.0,-1.0,-1.0,2024-09-18,-1.0,-1.0,39.3662,-76.5054
SITE_02872,MD,-1,20.82,-1.0,-1.0,-1.0,-1.0,-1.0,2024-09-20,-1.0,-1.0,38.5756,-77.7530
SITE_02873,MD,-1,8.4,-1.0,-1.0,-1.0,-1.0,-1.0,2024-09-24,-1.0,-1.0,38.9804,-76.5482
SITE_02874,MD,-1,8.91,-1.0,-1.0,-1.0,-1.0,-1.0,2024-09-30,-1.0,-1.0,39.3407,-76.1104
SITE_02875,MD,-1,5.74,-1.0,-1.0,-1.0,-1.0,-1.0,2024-10-09,-1.0,-1.0,38.9258,-76.3950
SITE_02876,MD,-1,19.44,-1.0,-1.0,-1.0,-1.0,-1.0,2024-11-01,-1.0,-1.0,38.8511,-76.7790
SITE_02877,MD,-1,11.76,-1.0,-1.0,-1.0,-1.0,-1.0,2024-11-04,-1.0,-1.0,38.5600,-77.0415
SITE_02878,MD,-1,28.05,-1.0,-1.0,-1.0,-1.0,-1.0,2024-11-04,-1.0,-1.0,39.0160,-75.9890
SITE_02879,MD,-1,9.72,-1.0,-1.0,-1.0,-1.0,-1.0,2024-11-04,-1.0,-1.0,39.2656,-75.3933
SITE_02880,MD,-1,13.36,-1.0,-1.0,-1.0,-1.0,-1.0,2024-11-13,-1.0,-1.0,39.4050,-76.7054
SITE_02881,MD,-1,14.7,-1.0,-1.0,-1.0,-1.0,-1.0,2024-11-26,-1.0,-1.0,38.7618,-77.1033
SITE_02882,MD,-1,2000.0,-1.0,-1.0,-1.0,-1.0,-1.0,2024-06-21,-1.0,-1.0,39.5706,-77.1072
SITE_02883,IL,61821,4.763084192276183,-1.0,-1.0,-1.0,-1.0,-1.0,2017-11-29,-1.0,-1.0,41.2720,-88.3139
SITE_02884,IL,60030,3.9692368268968186,-1.0,-1.0,-1.0,-1.0,-1.0,2014-08-19,-1.0,-1.0,41.5055,-90.0654
SITE_02885,IL,60047,4.2,-1.0,-1.0,-1.0,-1.0,-1.0,2015-04-30,-1.0,-1.0,39.2041,-90.2517
SITE_02886,IL,60655,3.825,-1.0,-1.0,-1.0,-1.0,-1.0,2015-06-04,-1.0,-1.0,40.4769,-89.5305
SITE_02887,IL,60435,10.44,-1.0,-1.0,-1.0,-1.0,-1.0,2016-08-01,-1.0,-1.0,40.4449,-89.1141
SITE_02888,IL,62080,10.35,-1.0,-1.0,-1.0,-1.0,0.0,2019-06-05,0.0,1.0,41.2959,-89.6679
SITE_02889,IL,61742,16.2,-1.0,-1.0,-1.0,-1.0,0.0,2019-11-05,0.0,1.0,38.5174,-88.5407
SITE_02890,IL,61401,118.8,-1.0,-1.0,-1.0,-1.0,1.0,2020-07-29,1.0,1.0,40.5426,-88.9286
SITE_02891,IL,60187,512.46,-1.0,-1.0,-1.0,-1.0,0.0,2020-07-30,1.0,1.0,40.2428,-88.7295
SITE_02892,IL,60074,597.87,-1.0,-1.0,-1.0,-1.0,0.0,2020-07-28,1.0,1.0,38.8722,-89.8567
SITE_02893,IL,62858,12.3,-1.0,-1.0,-1.0,-1.0,0.0,2019-12-11,0.0,1.0,39.7554,-89.7383
SITE_02894,IL,61065,2719.575,-1.0,-1.0,-1.0,-1.0,1.0,2021-02-19,0.0,1.0,40.2074,-89.1130
SITE_02895,IL,60077,48.0,-1.0,-1.0,-1.0,-1.0,0.0,2020-05-29,0.0,1.0,39.1005,-89.3216
SITE_02896,IL,60084,6.96,-1.0,-1.0,-1.0,-1.0,0.0,2019-10-01,1.0,1.0,-9999,-9999
SITE_02897,IL,60153,9.765,-1.0,-1.0,-1.0,-1.0,0.0,2019-08-27,1.0,1.0,38.7496,-88.5319
SITE_02898,IL,62966,2730.24,-1.0,-1.0,-1.0,-1.0,1.0,2021-03-10,1.0,1.0,40.1676,-88.8389
SITE_02899,IL,60133,8.82,-1.0,-1.0,-1.0,-1.0,0.0,2019-08-27,1.0,1.0,39.6191,-89.0398
SITE_02900,IL,60035,3.24,-1.0,-1.0,-1.0,-1.0,0.0,2019-08-30,0.0,1.0,41.2491,-89.5263
SITE_02901,IL,61550,4.83,-1.0,-1.0,-1.0,-1.0,0.0,2020-08-12,0.0,1.0,40.2942,-88.3480
SITE_02902,IL,61360,9.9,-1.0,-1.0,-1.0,-1.0,0.0,2020-04-24,0.0,1.0,41.4669,-89.6285
SITE_02903,IL,62810,19.95,-1.0,-1.0,-1.0,-1.0,0.0,2019-07-17,0.0,1.0,39.3651,-88.5392
SITE_02904,IL,61550,8.4,-1.0,-1.0,-1.0,-1.0,0.0,2019-08-19,0.0,1.0,41.1885,-88.6268
SITE_02905,IL,60047,6.96,-1.0,-1.0,-1.0,-1.0,0.0,2021-04-15,1.0,1.0,39.2363,-89.3586
SITE_02906,IL,60532,6.3,-1.0,-1.0,-1.0,-1.0,0.0,2020-03-06,0.0,1.0,39.7358,-89.9513
SITE_02907,IL,61001,1621.62,-1.0,-1.0,-1.0,-1.0,1.0,2021-02-16,0.0,1.0,40.1671,-89.0060
SITE_02908,IL,60014,11.02,-1.0,-1.0,-1.0,-1.0,0.0,2019-10-01,1.0,1.0,39.9150,-89.8217
SITE_02909,IL,61877,2924.48,-1.0,-1.0,-1.0,-1.0,1.0,2021-08-06,0.0,1.0,40.8111,-88.8893
SITE_02910,IL,61705,5.76,-1.0,-1.0,-1.0,-1.0,0.0,2020-02-06,0.0,1.0,-9999,-9999
SITE_02911,IL,62835,9.66,-1.0,-1.0,-1.0,-1.0,0.0,2020-03-25,0.0,1.0,39.6774,-88.4213
SITE_02912,IL,60193,4.8,-1.0,-1.0,-1.0,-1.0,0.0,2019-09-25,0.0,1.0,38.6428,-89.9563
SITE_02913,IL,61607,9.52,-1.0,-1.0,-1.0,-1.0,0.0,2019-07-10,0.0,1.0,41.3646,-89.4867
SITE_02914,IL,62966,23.1,-1.0,-1.0,-1.0,-1.0,0.0,2019-08-21,0.0,1.0,39.6513,-88.2502
SITE_02915,IL,61061,2982.98,-1.0,-1.0,-1.0,-1.0,1.0,2022-05-31,0.0,1.0,39.2917,-89.9382
SITE_02916,IL,60548,3034.56,-1.0,-1.0,-1.0,-1.0,1.0,2024-02-22,-1.0,1.0,40.1508,-88.7388
SITE_02917,IL,60015,2.85,-1.0,-1.0,-1.0,-1.0,0.0,2019-08-31,0.0,1.0,39.7155,-89.3217
SITE_02918,IL,60957,47.52,-1.0,-1.0,-1.0,-1.0,0.0,2019-07-31,0.0,1.0,41.5564,-89.2044
SITE_02919,IL,60417,3001.53,-1.0,-1.0,-1.0,-1.0,1.0,2022-05-18,0.0,1.0,40.2254,-89.8297
SITE_02920,IL,62034,7.375,-1.0,-1.0,-1.0,-1.0,0.0,2020-01-27,0.0,1.0,41.4709,-89.1372
SITE_02921,IL,62220,3004.56,-1.0,-1.0,-1.0,-1.0,1.0,2024-11-20,-1.0,1.0,40.9760,-89.1848
SITE_02922,IL,60085,2.85,-1.0,-1.0,-1.0,-1.0,0.0,2019-08-29,0.0,1.0,39.4544,-89.3865
SITE_02923,IL,60104,4.93,-1.0,-1.0,-1.0,-1.0,0.0,2019-10-28,1.0,1.0,40.9862,-88.4855
SITE_02924,IL,61486,37.62,-1.0,-1.0,-1.0,-1.0,0.0,2022-02-15,1.0,1.0,38.7202,-88.4557
SITE_02925,IL,60073,450.72,-1.0,-1.0,-1.0,-1.0,0.0,2020-03-26,0.0,1.0,41.5122,-89.6644
SITE_02926,IL,60174,78.0,-1.0,-1.0,-1.0,-1.0,0.0,2020-10-05,1.0,1.0,38.9930,-89.7188
SITE_02927,IL,60013,6.93,-1.0,-1.0,-1.0,-1.0,0.0,2020-03-13,1.0,1.0,39.8120,-88.4749
SITE_02928,IL,60706,6.09,-1.0,-1.0,-1.0,-1.0,0.0,2019-10-01,1.0,1.0,39.8149,-88.4921
SITE_02929,IL,61369,5.9,-1.0,-1.0,-1.0,-1.0,0.0,2019-09-23,0.0,1.0,40.5135,-89.1251
SITE_02930,IL,60643,9.28,-1.0,-1.0,-1.0,-1.0,0.0,2020-01-09,1.0,1.0,40.2186,-88.1617
SITE_02931,IL,60050,13.34,-1.0,-1.0,-1.0,-1.0,0.0,2021-02-03,1.0,1.0,39.4428,-88.9222
SITE_02932,IL,60056,8.12,-1.0,-1.0,-1.0,-1.0,0.0,2019-11-06,0.0,1.0,40.6460,-90.2975
SITE_02933,IL,60120,3.9,-1.0,-1.0,-1.0,-1.0,0.0,2019-11-26,0.0,1.0,41.4500,-89.5483
SITE_02934,IL,60087,4.06,-1.0,-1.0,-1.0,-1.0,0.0,2020-04-20,1.0,1.0,39.8013,-89.5453
SITE_02935,IL,60031,4.8,-1.0,-1.0,-1.0,-1.0,0.0,2019-11-27,0.0,1.0,38.9918,-88.7334
SITE_02936,IL,60544,4.93,-1.0,-1.0,-1.0,-1.0,0.0,2020-01-31,1.0,1.0,38.9941,-89.7221
SITE_02937,IL,60025,9.765,-1.0,-1.0,-1.0,-1.0,0.0,2020-02-12,0.0,1.0,38.5535,-89.6217
SITE_02938,IL,61231,27.0,-1.0,-1.0,-1.0,-1.0,0.0,2020-08-24,0.0,1.0,38.7449,-89.4394
SITE_02939,IL,60060,5.232,-1.0,-1.0,-1.0,-1.0,0.0,2022-01-18,1.0,1.0,39.9229,-88.1866
SITE_02940,IL,60634,6.867,-1.0,-1.0,-1.0,-1.0,0.0,2020-08-27,1.0,1.0,40.5550,-88.5922
SITE_02941,IL,60462,12.025,-1.0,-1.0,-1.0,-1.0,0.0,2020-12-03,1.0,1.0,38.8792,-89.5174
SITE_02942,IL,60103,7.26,-1.0,-1.0,-1.0,-1.0,0.0,2020-01-15,0.0,1.0,40.9717,-89.7717
SITE_02943,IL,60187,10.15,-1.0,-1.0,-1.0,-1.0,0.0,2020-04-08,1.0,1.0,41.4406,-89.5880
SITE_02944,IL,60120,6.615,-1.0,-1.0,-1.0,-1.0,0.0,2020-05-15,1.0,1.0,40.0176,-88.6606
SITE_02945,IL,61277,18.9,-1.0,-1.0,-1.0,-1.0,0.0,2019-11-18,0.0,1.0,38.6623,-88.7210
SITE_02946,IL,60803,5.559,-1.0,-1.0,-1.0,-1.0,0.0,2020-02-12,0.0,1.0,38.7160,-89.5556
SITE_02947,IL,60647,8.1,-1.0,-1.0,-1.0,-1.0,0.0,2019-10-23,0.0,1.0,40.6446,-89.9146
SITE_02948,IL,60538,7.8,-1.0,-1.0,-1.0,-1.0,0.0,2019-11-27,0.0,1.0,38.9851,-88.9892
SITE_02949,IL,60050,6.0,-1.0,-1.0,-1.0,-1.0,0.0,2019-11-27,0.0,1.0,39.2108,-89.4446
SITE_02950,IL,60085,7.59,-1.0,-1.0,-1.0,-1.0,0.0,2021-05-24,1.0,1.0,39.4209,-88.5982
SITE_02951,IL,61084,10.4,-1.0,-1.0,-1.0,-1.0,0.0,2019-11-18,0.0,1.0,39.9686,-89.7668
SITE_02952,IL,61008,6.9,-1.0,-1.0,-1.0,-1.0,0.0,2020-01-02,0.0,1.0,40.8198,-88.4791
SITE_02953,IL,61046,6.0,-1.0,-1.0,-1.0,-1.0,0.0,2020-02-25,0.0,1.0,41.3768,-88.6940
SITE_02954,IL,60803,6.09,-1.0,-1.0,-1.0,-1.0,0.0,2020-01-03,1.0,1.0,41.2066,-88.7343
SITE_02955,IL,60453,2.61,-1.0,-1.0,-1.0,-1.0,0.0,2020-01-22,1.0,1.0,40.3029,-89.0268
SITE_02956,IL,61008,6.6,-1.0,-1.0,-1.0,-1.0,0.0,2020-02-18,0.0,1.0,40.2586,-88.8760
SITE_02957,IL,60563,6.54,-1.0,-1.0,-1.0,-1.0,0.0,2020-05-21,1.0,1.0,-9999,-9999
SITE_02958,IL,60619,11.025,-1.0,-1.0,-1.0,-1.0,0.0,2020-06-11,1.0,1.0,39.2469,-90.1016
SITE_02959,IL,60431,6.5,-1.0,-1.0,-1.0,-1.0,0.0,2020-12-18,1.0,1.0,40.3948,-90.1483
SITE_02960,IL,60446,5.795,-1.0,-1.0,-1.0,-1.0,0.0,2021-02-12,1.0,1.0,39.9592,-89.5820
SITE_02961,IL,60140,7.848,-1.0,-1.0,-1.0,-1.0,0.0,2020-02-27,1.0,1.0,40.7230,-90.2914
SITE_02962,IL,61031,12.98,-1.0,-1.0,-1.0,-1.0,0.0,2020-06-08,0.0,1.0,40.1486,-89.3656
SITE_02963,IL,60543,9.57,-1.0,-1.0,-1.0,-1.0,0.0,2021-04-16,1.0,1.0,40.4051,-89.5727
SITE_02964,IL,62278,14.0,-1.0,-1.0,-1.0,-1.0,0.0,2020-09-11,0.0,1.0,38.6162,-89.0352
SITE_02965,IL,60643,10.075,-1.0,-1.0,-1.0,-1.0,0.0,2021-01-04,1.0,1.0,38.5597,-88.2518
SITE_02966,IL,60102,16.9,-1.0,-1.0,-1.0,-1.0,0.0,2020-07-02,1.0,1.0,39.3164,-88.6633
SITE_02967,IL,61063,11.04,-1.0,-1.0,-1.0,-1.0,0.0,2020-03-17,0.0,1.0,39.6467,-89.5837
SITE_02968,IL,60083,7.35,-1.0,-1.0,-1.0,-1.0,0.0,2020-01-31,0.0,1.0,38.4816,-89.9972
SITE_02969,IL,61401,4.74,-1.0,-1.0,-1.0,-1.0,0.0,2021-02-12,0.0,1.0,38.5684,-90.1310
SITE_02970,IL,62288-2634,9.62,-1.0,-1.0,-1.0,-1.0,0.0,2020-02-04,0.0,1.0,39.1908,-88.6009
SITE_02971,IL,61483,14.4,-1.0,-1.0,-1.0,-1.0,0.0,2020-03-09,0.0,1.0,41.4727,-88.7915
SITE_02972,IL,60513,7.125,-1.0,-1.0,-1.0,-1.0,0.0,2020-06-11,1.0,1.0,41.3236,-88.5216
SITE_02973,IL,60030,6.867,-1.0,-1.0,-1.0,-1.0,0.0,2021-04-26,1.0,1.0,39.7415,-89.1765
SITE_02974,IL,60435,8.91,-1.0,-1.0,-1.0,-1.0,0.0,2020-01-14,1.0,1.0,39.8068,-89.6818
SITE_02975,IL,60119,5.7,-1.0,-1.0,-1.0,-1.0,0.0,2020-06-30,0.0,1.0,40.0311,-89.8361
SITE_02976,IL,60586,9.765,-1.0,-1.0,-1.0,-1.0,0.0,2020-06-17,1.0,1.0,40.4119,-88.7214
SITE_02977,IL,61109,6.3,-1.0,-1.0,-1.0,-1.0,0.0,2020-08-10,0.0,1.0,40.0229,-88.2294
SITE_02978,IL,60443,8.82,-1.0,-1.0,-1.0,-1.0,0.0,2021-06-04,1.0,1.0,38.9693,-89.1436
SITE_02979,IL,62526,14.82,-1.0,-1.0,-1.0,-1.0,0.0,2020-05-04,0.0,1.0,39.8218,-88.4320
SITE_02980,IL,60087,5.04,-1.0,-1.0,-1.0,-1.0,0.0,2020-08-13,1.0,1.0,38.4719,-88.2960
SITE_02981,IL,62321,9.62,-1.0,-1.0,-1.0,-1.0,0.0,2020-05-19,0.0,1.0,40.0063,-90.2625
SITE_02982,IL,61734,13.86,-1.0,-1.0,-1.0,-1.0,0.0,2020-07-31,0.0,1.0,38.7555,-89.7750
SITE_02983,IL,60402,2.61,-1.0,-1.0,-1.0,-1.0,0.0,2020-07-09,1.0,1.0,41.4208,-89.8434
SITE_02984,IL,60140,10.137,-1.0,-1.0,-1.0,-1.0,0.0,2021-04-14,1.0,1.0,38.4397,-88.2801
SITE_02985,IL,61615,7.77,-1.0,-1.0,-1.0,-1.0,0.0,2020-07-24,0.0,1.0,39.7241,-88.1221
SITE_02986,IL,61884,13.44,-1.0,-1.0,-1.0,-1.0,0.0,2020-12-24,0.0,1.0,38.6885,-89.5828
SITE_02987,IL,60433,3.77,-1.0,-1.0,-1.0,-1.0,0.0,2021-01-07,1.0,1.0,39.1619,-89.1939
SITE_02988,IL,61062,12.42,-1.0,-1.0,-1.0,-1.0,0.0,2020-01-21,0.0,1.0,38.6401,-88.2728
SITE_02989,IL,60555,4.72,-1.0,-1.0,-1.0,-1.0,0.0,2020-02-13,0.0,1.0,39.5476,-88.3417
SITE_02990,IL,60073,5.232,-1.0,-1.0,-1.0,-1.0,0.0,2020-04-03,1.0,1.0,39.7949,-88.7649
SITE_02991,IL,61368,6.3,-1.0,-1.0,-1.0,-1.0,0.0,2020-08-17,0.0,1.0,40.9422,-89.2885
SITE_02992,IL,61911,7.245,-1.0,-1.0,-1.0,-1.0,0.0,2021-01-13,0.0,1.0,38.7811,-88.4057
SITE_02993,IL,61065,22.4,-1.0,-1.0,-1.0,-1.0,0.0,2020-07-09,0.0,1.0,40.3871,-90.1123
SITE_02994,IL,60047,8.375,-1.0,-1.0,-1.0,-1.0,0.0,2020-04-07,0.0,1.0,38.5147,-90.2556
SITE_02995,IL,60477,7.8,-1.0,-1.0,-1.0,-1.0,0.0,2020-12-28,1.0,1.0,41.2799,-89.1023
SITE_02996,IL,60631,6.5,-1.0,-1.0,-1.0,-1.0,0.0,2020-12-21,1.0,1.0,41.0019,-89.0780
SITE_02997,IL,60505,6.0,-1.0,-1.0,-1.0,-1.0,0.0,2020-07-15,0.0,1.0,38.4670,-89.0069
SITE_02998,IL,60187,6.3,-1.0,-1.0,-1.0,-1.0,0.0,2020-05-21,0.0,1.0,40.2250,-88.8192
SITE_02999,IL,60076,9.765,-1.0,-1.0,-1.0,-1.0,0.0,2020-06-17,0.0,1.0,38.7279,-89.4563
SITE_03000,IL,60471,11.7,-1.0,-1.0,-1.0,-1.0,0.0,2020-02-18,0.0,1.0,41.4335,-89.2520
SITE_03001,IL,60564,6.3,-1.0,-1.0,-1.0,-1.0,0.0,2021-01-06,0.0,1.0,40.5140,-88.8647
SITE_03002,IL,61412,23.085,-1.0,-1.0,-1.0,-1.0,0.0,2020-10-06,0.0,1.0,40.7787,-88.6444
SITE_03003,IL,60130,6.5,-1.0,-1.0,-1.0,-1.0,0.0,2020-08-26,0.0,1.0,41.1916,-89.9881
SITE_03004,IL,61032,5.89,-1.0,-1.0,-1.0,-1.0,0.0,2020-09-22,0.0,1.0,40.4876,-88.1709
SITE_03005,IL,62626,14.04,-1.0,-1.0,-1.0,-1.0,0.0,2020-05-20,0.0,1.0,38.7624,-89.4851
SITE_03006,IL,62568,7.2,-1.0,-1.0,-1.0,-1.0,0.0,2020-05-27,0.0,1.0,40.8220,-88.8081
SITE_03007,IL,60073,5.67,-1.0,-1.0,-1.0,-1.0,0.0,2020-05-28,0.0,1.0,39.6601,-88.1876
SITE_03008,IL,60067,6.4,-1.0,-1.0,-1.0,-1.0,0.0,2020-06-16,0.0,1.0,40.1741,-89.6092
SITE_03009,IL,60619,4.55,-1.0,-1.0,-1.0,-1.0,0.0,2021-01-14,1.0,1.0,38.8414,-89.9620
SITE_03010,IL,61353,12.35,-1.0,-1.0,-1.0,-1.0,0.0,2020-03-16,0.0,1.0,41.5447,-90.2666
SITE_03011,IL,60002,7.26,-1.0,-1.0,-1.0,-1.0,0.0,2021-04-13,1.0,1.0,40.2280,-89.4306
SITE_03012,IL,60585,8.175,-1.0,-1.0,-1.0,-1.0,0.0,2020-08-31,1.0,1.0,39.6834,-89.1029
SITE_03013,IL,60544,9.9,-1.0,-1.0,-1.0,-1.0,0.0,2020-05-18,0.0,1.0,39.9904,-88.3121
SITE_03014,IL,60031,2.925,-1.0,-1.0,-1.0,-1.0,0.0,2021-02-10,1.0,1.0,40.2035,-88.7140
SITE_03015,IL,60085,4.8,-1.0,-1.0,-1.0,-1.0,0.0,2020-09-21,1.0,1.0,41.4434,-88.3007
SITE_03016,IL,60160,37.17,-1.0,-1.0,-1.0,-1.0,0.0,2021-04-26,0.0,1.0,-9999,-9999
SITE_03017,IL,60545,7.68,-1.0,-1.0,-1.0,-1.0,0.0,2020-08-10,0.0,1.0,40.1491,-89.1399
SITE_03018,IL,60089,8.54,-1.0,-1.0,-1.0,-1.0,0.0,2021-05-17,1.0,1.0,40.4257,-88.5069
SITE_03019,IL,60033,20.35,-1.0,-1.0,-1.0,-1.0,0.0,2020-04-23,0.0,1.0,40.6784,-89.7864
SITE_03020,IL,60409,6.615,-1.0,-1.0,-1.0,-1.0,0.0,2020-09-18,1.0,1.0,39.2971,-89.2711
SITE_03021,IL,60404,7.194,-1.0,-1.0,-1.0,-1.0,0.0,2021-04-13,1.0,1.0,41.3983,-89.0384
SITE_03022,IL,60106,6.405,-1.0,-1.0,-1.0,-1.0,0.0,2021-02-05,1.0,1.0,39.5994,-89.2563
SITE_03023,IL,61850,33.28,-1.0,-1.0,-1.0,-1.0,1.0,2020-08-10,0.0,1.0,40.6450,-88.6398
SITE_03024,IL,60615,6.9,-1.0,-1.0,-1.0,-1.0,0.0,2020-11-19,0.0,1.0,40.8064,-88.1143
SITE_03025,IL,60430,6.82,-1.0,-1.0,-1.0,-1.0,0.0,2020-07-28,0.0,1.0,39.7789,-88.9532
SITE_03026,IL,61016,10.005,-1.0,-1.0,-1.0,-1.0,0.0,2021-03-18,0.0,1.0,40.9162,-88.3146
SITE_03027,IL,60626,4.88,-1.0,-1.0,-1.0,-1.0,0.0,2022-06-09,1.0,1.0,38.6205,-88.6456
SITE_03028,IL,60505,6.825,-1.0,-1.0,-1.0,-1.0,0.0,2021-05-04,1.0,1.0,40.3446,-89.0185
SITE_03029,IL,60060,10.54,-1.0,-1.0,-1.0,-1.0,0.0,2020-11-30,0.0,1.0,39.3125,-89.8076
SITE_03030,IL,60026,11.52,-1.0,-1.0,-1.0,-1.0,0.0,2020-11-13,0.0,1.0,39.2401,-90.1020
SITE_03031,IL,60069,4.96,-1.0,-1.0,-1.0,-1.0,0.0,2021-01-07,0.0,1.0,38.8286,-90.1322
SITE_03032,IL,60091,7.68,-1.0,-1.0,-1.0,-1.0,0.0,2020-07-08,0.0,1.0,40.2146,-88.3539
SITE_03033,IL,61021,9.9,-1.0,-1.0,-1.0,-1.0,0.0,2022-02-22,0.0,1.0,39.6903,-88.7296
SITE_03034,IL,60160,2.88,-1.0,-1.0,-1.0,-1.0,0.0,2021-08-31,1.0,1.0,41.4321,-88.9821
SITE_03035,IL,62033,13.325,-1.0,-1.0,-1.0,-1.0,0.0,2021-04-30,0.0,1.0,39.4972,-89.5555
SITE_03036,IL,60084,4.5,-1.0,-1.0,-1.0,-1.0,0.0,2022-05-25,0.0,1.0,39.1843,-90.1098
SITE_03037,IL,60097,5.355,-1.0,-1.0,-1.0,-1.0,0.0,2020-10-16,1.0,1.0,38.4298,-89.3240
SITE_03038,IL,60014,4.48,-1.0,-1.0,-1.0,-1.0,0.0,2020-10-15,1.0,1.0,39.9752,-90.0052
SITE_03039,IL,60073,3.25,-1.0,-1.0,-1.0,-1.0,0.0,2021-02-08,1.0,1.0,39.7740,-88.4606
SITE_03040,IL,60047,8.45,-1.0,-1.0,-1.0,-1.0,0.0,2021-02-04,1.0,1.0,41.2968,-88.7224
SITE_03041,IL,60171,9.72,-1.0,-1.0,-1.0,-1.0,0.0,2021-03-25,0.0,1.0,39.2706,-89.3695
SITE_03042,IL,60425,9.15,-1.0,-1.0,-1.0,-1.0,0.0,2021-05-24,1.0,1.0,41.4119,-89.0384
SITE_03043,IL,60585,7.848,-1.0,-1.0,-1.0,-1.0,0.0,2020-08-24,1.0,1.0,40.9013,-88.5910
SITE_03044,IL,60585,5.4,-1.0,-1.0,-1.0,-1.0,0.0,2020-10-28,0.0,1.0,41.1824,-89.0049
SITE_03045,IL,60503,6.6,-1.0,-1.0,-1.0,-1.0,0.0,2021-02-13,0.0,1.0,40.5927,-89.6659
SITE_03046,IL,62216,11.8,-1.0,-1.0,-1.0,-1.0,1.0,2020-10-26,0.0,1.0,40.3373,-88.7795
SITE_03047,IL,60403,4.015,-1.0,-1.0,-1.0,-1.0,0.0,2021-03-01,1.0,1.0,38.4389,-89.9192
SITE_03048,IL,60918,10.0,-1.0,-1.0,-1.0,-1.0,1.0,2020-08-25,0.0,1.0,39.0506,-88.4993
SITE_03049,IL,60090,6.27,-1.0,-1.0,-1.0,-1.0,0.0,2020-09-29,0.0,1.0,38.9887,-89.1251
SITE_03050,IL,60411,6.72,-1.0,-1.0,-1.0,-1.0,0.0,2021-03-12,1.0,1.0,41.3690,-90.0913
SITE_03051,IL,60142,10.137,-1.0,-1.0,-1.0,-1.0,0.0,2020-12-29,1.0,1.0,-9999,-9999
SITE_03052,IL,61240,6.32,-1.0,-1.0,-1.0,-1.0,0.0,2020-10-13,0.0,1.0,40.4267,-88.8471
SITE_03053,IL,60477,4.72,-1.0,-1.0,-1.0,-1.0,0.0,2022-01-08,1.0,1.0,41.5881,-90.0839
SITE_03054,IL,61108,11.84,-1.0,-1.0,-1.0,-1.0,0.0,2020-08-26,0.0,1.0,38.6592,-89.5916
SITE_03055,IL,62243,7.15,-1.0,-1.0,-1.0,-1.0,0.0,2021-02-22,0.0,1.0,39.0584,-88.2577
SITE_03056,IL,60804,13.65,-1.0,-1.0,-1.0,-1.0,0.0,2022-06-13,1.0,1.0,40.2377,-88.7420
SITE_03057,IL,62044,9.94,-1.0,-1.0,-1.0,-1.0,0.0,2020-08-18,0.0,1.0,39.8406,-89.1983
SITE_03058,IL,60061,6.09,-1.0,-1.0,-1.0,-1.0,0.0,2020-08-10,0.0,1.0,40.1595,-88.1980
SITE_03059,IL,62853,23.4,-1.0,-1.0,-1.0,-1.0,1.0,2020-08-25,0.0,1.0,41.0419,-90.0339
SITE_03060,IL,60629,2.925,-1.0,-1.0,-1.0,-1.0,0.0,2021-03-02,1.0,1.0,38.9927,-89.1309
SITE_03061,IL,61281,12.0,-1.0,-1.0,-1.0,-1.0,0.0,2021-04-02,0.0,1.0,38.7960,-90.0692
SITE_03062,IL,60513,6.2,-1.0,-1.0,-1.0,-1.0,0.0,2021-04-09,1.0,1.0,40.6349,-88.7453
SITE_03063,IL,62015,15.0,-1.0,-1.0,-1.0,-1.0,0.0,2020-08-11,0.0,1.0,41.5327,-89.4983
SITE_03064,IL,61853,12.58,-1.0,-1.0,-1.0,-1.0,0.0,2021-08-30,1.0,1.0,38.5165,-88.3076
SITE_03065,IL,60042,34.16,-1.0,-1.0,-1.0,-1.0,0.0,2023-05-23,1.0,1.0,39.2044,-88.1310
SITE_03066,IL,61028,17.76,-1.0,-1.0,-1.0,-1.0,0.0,2020-08-03,0.0,1.0,39.1329,-90.2393
SITE_03067,IL,60645,5.44,-1.0,-1.0,-1.0,-1.0,0.0,2020-10-29,0.0,1.0,38.4579,-89.1805
SITE_03068,IL,60099,5.185,-1.0,-1.0,-1.0,-1.0,0.0,2021-04-15,1.0,1.0,40.5184,-90.0822
SITE_03069,IL,60175,4.88,-1.0,-1.0,-1.0,-1.0,0.0,2021-03-09,0.0,1.0,40.8049,-88.3413
SITE_03070,IL,61865,10.0,-1.0,-1.0,-1.0,-1.0,1.0,2021-01-27,0.0,1.0,-9999,-9999
SITE_03071,IL,60074,7.8,-1.0,-1.0,-1.0,-1.0,0.0,2021-04-07,1.0,1.0,39.2619,-88.3441
SITE_03072,IL,60124,12.685,-1.0,-1.0,-1.0,-1.0,0.0,2021-11-29,1.0,1.0,40.0573,-89.1580
SITE_03073,IL,60938,9.875,-1.0,-1.0,-1.0,-1.0,0.0,2020-11-30,0.0,1.0,39.7459,-89.1300
SITE_03074,IL,61270,10.88,-1.0,-1.0,-1.0,-1.0,0.0,2022-05-09,0.0,1.0,39.4428,-88.6564
SITE_03075,IL,61010,3.6,-1.0,-1.0,-1.0,-1.0,0.0,2020-11-30,0.0,1.0,40.6653,-89.2529
SITE_03076,IL,60188,6.2,-1.0,-1.0,-1.0,-1.0,0.0,2021-05-24,1.0,1.0,41.4866,-89.2701
SITE_03077,IL,60440,6.2,-1.0,-1.0,-1.0,-1.0,0.0,2021-02-25,1.0,1.0,39.3122,-88.7729
SITE_03078,IL,60073,3.84,-1.0,-1.0,-1.0,-1.0,0.0,2021-02-22,1.0,1.0,41.2204,-88.4183
SITE_03079,IL,61065,14.72,-1.0,-1.0,-1.0,-1.0,0.0,2022-01-21,1.0,1.0,38.6053,-89.1240
SITE_03080,IL,61018,9.94,-1.0,-1.0,-1.0,-1.0,0.0,2020-11-10,0.0,1.0,40.4670,-88.1580
SITE_03081,IL,60481,12.81,-1.0,-1.0,-1.0,-1.0,0.0,2021-10-19,1.0,1.0,39.5255,-90.0353
SITE_03082,IL,60130,11.16,-1.0,-1.0,-1.0,-1.0,0.0,2020-08-06,0.0,1.0,-9999,-9999
SITE_03083,IL,60014,14.625,-1.0,-1.0,-1.0,-1.0,0.0,2021-04-19,1.0,1.0,38.7101,-88.1685
SITE_03084,IL,62334,13.0,-1.0,-1.0,-1.0,-1.0,0.0,2021-01-07,0.0,1.0,41.1894,-90.2533
SITE_03085,IL,60402,8.12,-1.0,-1.0,-1.0,-1.0,0.0,2021-11-17,1.0,1.0,40.0762,-90.1517
SITE_03086,IL,60652,4.88,-1.0,-1.0,-1.0,-1.0,0.0,2021-04-30,1.0,1.0,39.1130,-89.1206
SITE_03087,IL,60545,12.39,-1.0,-1.0,-1.0,-1.0,0.0,2021-11-19,1.0,1.0,40.4100,-89.3913
SITE_03088,IL,62075,10.0,-1.0,-1.0,-1.0,-1.0,0.0,2021-10-07,0.0,1.0,41.1008,-89.1784
SITE_03089,IL,60098,8.502,-1.0,-1.0,-1.0,-1.0,0.0,2021-04-23,0.0,1.0,41.3502,-88.9452
SITE_03090,IL,60185,10.137,-1.0,-1.0,-1.0,-1.0,0.0,2021-02-25,0.0,1.0,41.2008,-89.6703
SITE_03091,IL,62272,13.6,-1.0,-1.0,-1.0,-1.0,0.0,2021-02-02,0.0,1.0,39.2664,-89.5494
SITE_03092,IL,60469-1036,6.5,-1.0,-1.0,-1.0,-1.0,0.0,2021-05-17,1.0,1.0,41.4862,-88.8661
SITE_03093,IL,60622,8.502,-1.0,-1.0,-1.0,-1.0,0.0,2021-04-17,0.0,1.0,40.7838,-89.7046
SITE_03094,IL,61373,12.25,-1.0,-1.0,-1.0,-1.0,0.0,2021-08-09,0.0,1.0,41.4359,-88.7490
SITE_03095,IL,60422,5.89,-1.0,-1.0,-1.0,-1.0,0.0,2021-03-01,1.0,1.0,38.6400,-89.1544
SITE_03096,IL,60406,6.825,-1.0,-1.0,-1.0,-1.0,0.0,2021-06-11,1.0,1.0,38.8931,-89.2317
SITE_03097,IL,60067,4.8,-1.0,-1.0,-1.0,-1.0,0.0,2021-03-02,1.0,1.0,40.0287,-88.9318
SITE_03098,IL,61087,12.75,-1.0,-1.0,-1.0,-1.0,0.0,2020-11-16,0.0,1.0,39.6816,-89.4593
SITE_03099,IL,60490,13.02,-1.0,-1.0,-1.0,-1.0,0.0,2022-06-10,1.0,1.0,40.9058,-88.5241
SITE_03100,IL,60174,13.64,-1.0,-1.0,-1.0,-1.0,0.0,2022-06-16,1.0,1.0,41.1815,-88.5137
SITE_03101,IL,60085,3.72,-1.0,-1.0,-1.0,-1.0,0.0,2021-03-01,1.0,1.0,38.4662,-89.3202
SITE_03102,IL,60030,4.4,-1.0,-1.0,-1.0,-1.0,0.0,2021-01-21,0.0,1.0,39.7332,-90.1978
SITE_03103,IL,62321,5.2,-1.0,-1.0,-1.0,-1.0,0.0,2022-05-02,0.0,1.0,41.2874,-89.9187
SITE_03104,IL,61854,12.8,-1.0,-1.0,-1.0,-1.0,0.0,2020-10-08,0.0,1.0,41.4003,-88.7900
SITE_03105,IL,60525,3.965,-1.0,-1.0,-1.0,-1.0,0.0,2021-06-25,1.0,1.0,40.9266,-89.7464
SITE_03106,IL,60526,3.1,-1.0,-1.0,-1.0,-1.0,0.0,2020-11-16,0.0,1.0,40.9972,-88.5690
SITE_03107,IL,60634,7.13,-1.0,-1.0,-1.0,-1.0,0.0,2021-05-06,1.0,1.0,41.0393,-89.6318
SITE_03108,IL,60403,7.475,-1.0,-1.0,-1.0,-1.0,0.0,2021-04-29,1.0,1.0,40.1633,-88.3289
SITE_03109,IL,61953,10.0,-1.0,-1.0,-1.0,-1.0,1.0,2020-11-10,0.0,1.0,41.2297,-89.5397
SITE_03110,IL,60451,4.34,-1.0,-1.0,-1.0,-1.0,0.0,2024-03-01,1.0,1.0,40.6309,-89.2246
SITE_03111,IL,60193,5.49,-1.0,-1.0,-1.0,-1.0,0.0,2021-06-24,1.0,1.0,38.4933,-88.5302
SITE_03112,IL,60513,6.405,-1.0,-1.0,-1.0,-1.0,0.0,2021-05-25,1.0,1.0,40.9581,-88.2840
SITE_03113,IL,61250,4.8,-1.0,-1.0,-1.0,-1.0,0.0,2020-12-07,0.0,1.0,39.5596,-89.4723
SITE_03114,IL,60404,10.675,-1.0,-1.0,-1.0,-1.0,0.0,2022-06-17,1.0,1.0,38.5875,-88.5317
SITE_03115,IL,61109,4.8,-1.0,-1.0,-1.0,-1.0,0.0,2021-03-02,1.0,1.0,41.0423,-88.9501
SITE_03116,IL,61821,11.2,-1.0,-1.0,-1.0,-1.0,1.0,2021-02-12,0.0,1.0,39.0120,-89.2413
SITE_03117,IL,61230,9.36,-1.0,-1.0,-1.0,-1.0,0.0,2020-12-31,0.0,1.0,39.8351,-88.4019
SITE_03118,IL,61030,6.21,-1.0,-1.0,-1.0,-1.0,0.0,2021-04-02,0.0,1.0,40.2982,-88.8276
SITE_03119,IL,60467,11.56,-1.0,-1.0,-1.0,-1.0,0.0,2021-11-08,0.0,1.0,41.2138,-88.1163
SITE_03120,IL,61525,9.28,-1.0,-1.0,-1.0,-1.0,0.0,2021-02-03,0.0,1.0,38.9815,-89.4178
SITE_03121,IL,60545,4.96,-1.0,-1.0,-1.0,-1.0,0.0,2022-03-10,1.0,1.0,40.4749,-88.8200
SITE_03122,IL,60446-5076,11.7,-1.0,-1.0,-1.0,-1.0,0.0,2022-06-07,1.0,1.0,40.6508,-88.2854
SITE_03123,IL,60406,5.76,-1.0,-1.0,-1.0,-1.0,0.0,2021-01-04,0.0,1.0,39.2496,-88.6066
SITE_03124,IL,61046,6.9,-1.0,-1.0,-1.0,-1.0,0.0,2021-02-26,0.0,1.0,40.8240,-89.2849
SITE_03125,IL,60124,11.05,-1.0,-1.0,-1.0,-1.0,0.0,2021-04-14,1.0,1.0,39.4913,-88.1525
SITE_03126,IL,60564,6.46,-1.0,-1.0,-1.0,-1.0,0.0,2024-01-12,0.0,1.0,41.1154,-88.6350
SITE_03127,IL,60073,5.04,-1.0,-1.0,-1.0,-1.0,0.0,2021-03-18,0.0,1.0,41.0876,-89.8313
SITE_03128,IL,62985,11.2,-1.0,-1.0,-1.0,-1.0,0.0,2021-02-03,0.0,1.0,38.5621,-90.2767
SITE_03129,IL,61729,11.62,-1.0,-1.0,-1.0,-1.0,0.0,2022-02-11,0.0,1.0,39.0925,-90.2844
SITE_03130,IL,60523,11.78,-1.0,-1.0,-1.0,-1.0,0.0,2021-04-22,0.0,1.0,38.7921,-88.9631
SITE_03131,IL,60073,11.52,-1.0,-1.0,-1.0,-1.0,0.0,2021-05-07,0.0,1.0,41.2416,-88.3387
SITE_03132,IL,60031,4.2,-1.0,-1.0,-1.0,-1.0,0.0,2021-04-27,0.0,1.0,41.2178,-88.6341
SITE_03133,IL,62092,376.32,-1.0,-1.0,-1.0,-1.0,1.0,2021-12-14,1.0,1.0,41.5260,-89.1728
SITE_03134,IL,62238,12.8,-1.0,-1.0,-1.0,-1.0,0.0,2021-02-17,0.0,1.0,39.3824,-89.9667
SITE_03135,IL,60451-3601,7.15,-1.0,-1.0,-1.0,-1.0,0.0,2021-04-23,1.0,1.0,38.9639,-89.6483
SITE_03136,IL,62712,13.44,-1.0,-1.0,-1.0,-1.0,0.0,2022-04-26,0.0,1.0,41.1190,-90.2250
SITE_03137,IL,60453,4.578,-1.0,-1.0,-1.0,-1.0,0.0,2021-02-26,0.0,1.0,41.5995,-88.6987
SITE_03138,IL,60473,6.867,-1.0,-1.0,-1.0,-1.0,0.0,2022-06-16,1.0,1.0,40.1436,-88.3245
SITE_03139,IL,60030,5.175,-1.0,-1.0,-1.0,-1.0,0.0,2021-06-21,1.0,1.0,39.9438,-89.6361
SITE_03140,IL,60030,10.85,-1.0,-1.0,-1.0,-1.0,0.0,2021-05-14,0.0,1.0,39.1664,-88.8241
SITE_03141,IL,60538,8.125,-1.0,-1.0,-1.0,-1.0,0.0,2022-05-26,0.0,1.0,39.8214,-88.8439
SITE_03142,IL,60487,4.08,-1.0,-1.0,-1.0,-1.0,0.0,2021-10-06,0.0,1.0,-9999,-9999
SITE_03143,IL,61764,6.4,-1.0,-1.0,-1.0,-1.0,0.0,2021-03-30,0.0,1.0,38.9259,-88.2104
SITE_03144,IL,60506-5558,5.525,-1.0,-1.0,-1.0,-1.0,0.0,2022-06-09,1.0,1.0,38.5954,-89.4627
SITE_03145,IL,60453,9.61,-1.0,-1.0,-1.0,-1.0,0.0,2021-06-07,1.0,1.0,39.0689,-89.0872
SITE_03146,IL,60429,3.965,-1.0,-1.0,-1.0,-1.0,0.0,2021-06-07,1.0,1.0,41.4627,-90.2972
SITE_03147,IL,60146,7.848,-1.0,-1.0,-1.0,-1.0,0.0,2023-11-01,1.0,1.0,41.5097,-88.5290
SITE_03148,IL,62056,15.0,-1.0,-1.0,-1.0,-1.0,0.0,2021-05-21,0.0,1.0,39.0637,-89.6571
SITE_03149,IL,62293,24.0,-1.0,-1.0,-1.0,-1.0,1.0,2021-09-28,0.0,1.0,41.0286,-88.3712
SITE_03150,IL,60631,12.4,-1.0,-1.0,-1.0,-1.0,0.0,2022-01-25,1.0,1.0,39.9508,-90.0323
SITE_03151,IL,61531,7.8,-1.0,-1.0,-1.0,-1.0,0.0,2021-03-31,0.0,1.0,40.6334,-88.9186
SITE_03152,IL,60455,14.26,-1.0,-1.0,-1.0,-1.0,0.0,2022-05-04,1.0,1.0,40.3588,-90.1246
SITE_03153,IL,60041,5.27,-1.0,-1.0,-1.0,-1.0,0.0,2021-06-15,1.0,1.0,38.5668,-88.1094
SITE_03154,IL,61568,21.06,-1.0,-1.0,-1.0,-1.0,0.0,2021-02-08,0.0,1.0,41.1271,-89.4854
SITE_03155,IL,60564,6.12,-1.0,-1.0,-1.0,-1.0,0.0,2024-03-14,0.0,1.0,38.7157,-89.3378
SITE_03156,IL,60430,4.65,-1.0,-1.0,-1.0,-1.0,0.0,2021-07-09,1.0,1.0,41.1470,-89.5889
SITE_03157,IL,60478,5.58,-1.0,-1.0,-1.0,-1.0,0.0,2022-03-18,1.0,1.0,41.0704,-89.0944
SITE_03158,IL,60163-1452,6.175,-1.0,-1.0,-1.0,-1.0,0.0,2022-05-23,1.0,1.0,41.2079,-89.6100
SITE_03159,IL,62035,11.02,-1.0,-1.0,-1.0,-1.0,0.0,2022-05-03,0.0,1.0,40.0441,-89.5937
SITE_03160,IL,61032,3.924,-1.0,-1.0,-1.0,-1.0,0.0,2021-05-14,1.0,1.0,41.1093,-90.1101
SITE_03161,IL,60538,11.52,-1.0,-1.0,-1.0,-1.0,0.0,2022-03-28,0.0,1.0,39.5598,-89.5626
SITE_03162,IL,60608,6.27,-1.0,-1.0,-1.0,-1.0,0.0,2021-04-26,0.0,1.0,41.3927,-88.2653
SITE_03163,IL,60620-5729,4.875,-1.0,-1.0,-1.0,-1.0,0.0,2024-05-01,1.0,1.0,39.8347,-89.0974
SITE_03164,IL,61232,10.23,-1.0,-1.0,-1.0,-1.0,0.0,2022-04-04,0.0,1.0,41.4427,-88.3600
SITE_03165,IL,60643-2920,9.425,-1.0,-1.0,-1.0,-1.0,0.0,2022-05-23,1.0,1.0,39.0599,-88.5417
SITE_03166,IL,60545-1059,8.125,-1.0,-1.0,-1.0,-1.0,0.0,2022-06-07,1.0,1.0,38.7807,-88.5226
SITE_03167,IL,60187,8.8,-1.0,-1.0,-1.0,-1.0,0.0,2021-04-29,0.0,1.0,39.0296,-88.7213
SITE_03168,IL,60192,5.886,-1.0,-1.0,-1.0,-1.0,0.0,2021-05-11,0.0,1.0,40.7003,-89.9807
SITE_03169,IL,60608,10.8,-1.0,-1.0,-1.0,-1.0,0.0,2022-04-12,0.0,1.0,38.6857,-88.6623
SITE_03170,IL,60139,3.48,-1.0,-1.0,-1.0,-1.0,0.0,2022-05-10,1.0,1.0,40.5152,-90.2532
SITE_03171,IL,60617-5833,6.5,-1.0,-1.0,-1.0,-1.0,0.0,2024-05-01,1.0,1.0,41.4138,-88.2536
SITE_03172,IL,60565,5.28,-1.0,-1.0,-1.0,-1.0,0.0,2021-04-26,0.0,1.0,38.6424,-89.5179
SITE_03173,IL,62258,8.5,-1.0,-1.0,-1.0,-1.0,0.0,2021-04-30,0.0,1.0,40.6975,-88.2784
SITE_03174,IL,60154,14.8,-1.0,-1.0,-1.0,-1.0,0.0,2021-08-17,0.0,1.0,39.0932,-89.1343
SITE_03175,IL,60073,13.12,-1.0,-1.0,-1.0,-1.0,0.0,2022-05-10,0.0,1.0,39.2731,-88.8605
SITE_03176,IL,60538,7.44,-1.0,-1.0,-1.0,-1.0,0.0,2021-07-01,1.0,1.0,40.7600,-88.2871
SITE_03177,IL,62638,11.84,-1.0,-1.0,-1.0,-1.0,0.0,2021-04-08,0.0,1.0,41.1791,-89.7901
SITE_03178,IL,60517,6.46,-1.0,-1.0,-1.0,-1.0,0.0,2021-12-17,0.0,1.0,39.1380,-89.2116
SITE_03179,IL,60103,9.52,-1.0,-1.0,-1.0,-1.0,0.0,2021-09-29,0.0,1.0,41.4938,-89.0092
SITE_03180,IL,60139,6.82,-1.0,-1.0,-1.0,-1.0,0.0,2022-06-20,1.0,1.0,38.5550,-90.0602
SITE_03181,IL,60089,8.52,-1.0,-1.0,-1.0,-1.0,0.0,2021-04-27,0.0,1.0,39.3297,-89.3091
SITE_03182,IL,60614,9.49,-1.0,-1.0,-1.0,-1.0,0.0,2022-05-31,0.0,1.0,40.8762,-88.5110
SITE_03183,IL,60056,10.54,-1.0,-1.0,-1.0,-1.0,0.0,2022-05-24,1.0,1.0,39.5261,-89.3009
SITE_03184,IL,62347,9.75,-1.0,-1.0,-1.0,-1.0,0.0,2022-04-15,0.0,1.0,40.2969,-89.2566
SITE_03185,IL,61455,14.4,-1.0,-1.0,-1.0,-1.0,0.0,2021-04-23,0.0,1.0,39.8565,-89.2566
SITE_03186,IL,62459,15.0,-1.0,-1.0,-1.0,-1.0,0.0,2021-04-16,0.0,1.0,40.2322,-90.2817
SITE_03187,IL,62520,9.6,-1.0,-1.0,-1.0,-1.0,0.0,2022-03-24,0.0,1.0,39.7645,-88.2809
SITE_03188,IL,61036,13.43,-1.0,-1.0,-1.0,-1.0,0.0,2022-04-20,0.0,1.0,41.5918,-89.8957
SITE_03189,IL,60169,4.88,-1.0,-1.0,-1.0,-1.0,0.0,2022-06-24,1.0,1.0,39.9862,-88.8315
SITE_03190,IL,62058,12.58,-1.0,-1.0,-1.0,-1.0,0.0,2022-03-25,1.0,1.0,40.8504,-90.0972
SITE_03191,IL,62271,20.4,-1.0,-1.0,-1.0,-1.0,0.0,2024-08-01,0.0,1.0,40.6341,-88.2789
SITE_03192,IL,60422,5.49,-1.0,-1.0,-1.0,-1.0,0.0,2022-06-13,1.0,1.0,40.9103,-89.9621
SITE_03193,IL,61073,6.82,-1.0,-1.0,-1.0,-1.0,0.0,2022-06-12,1.0,1.0,39.2839,-89.9611
SITE_03194,IL,60431,8.68,-1.0,-1.0,-1.0,-1.0,0.0,2022-06-29,1.0,1.0,38.4042,-89.9509
SITE_03195,IL,60007,6.82,-1.0,-1.0,-1.0,-1.0,0.0,2022-05-24,1.0,1.0,41.5615,-89.4907
SITE_03196,IL,61081,3.2,-1.0,-1.0,-1.0,-1.0,0.0,2022-04-27,0.0,1.0,39.3218,-89.5860
SITE_03197,IL,60099,8.0,-1.0,-1.0,-1.0,-1.0,0.0,2022-06-06,1.0,1.0,40.9387,-89.4149
SITE_03198,IL,60431,6.4,-1.0,-1.0,-1.0,-1.0,0.0,2022-06-30,1.0,1.0,39.9876,-88.1131
SITE_03199,IL,60652,5.12,-1.0,-1.0,-1.0,-1.0,0.0,2022-12-19,1.0,1.0,40.2391,-89.5723
SITE_03200,IL,60439,8.68,-1.0,-1.0,-1.0,-1.0,0.0,2022-06-06,1.0,1.0,40.2697,-90.2901
SITE_03201,IL,61817,12.04,-1.0,-1.0,-1.0,-1.0,1.0,2022-05-24,0.0,1.0,39.5509,-88.5249
SITE_03202,IL,61530,155.625,-1.0,-1.0,-1.0,-1.0,0.0,2022-04-25,1.0,1.0,39.5187,-88.3844
SITE_03203,IL,60553,8.64,-1.0,-1.0,-1.0,-1.0,0.0,2022-05-02,0.0,1.0,39.1636,-89.3587
SITE_03204,IL,60490,4.9,-1.0,-1.0,-1.0,-1.0,0.0,2022-03-28,0.0,1.0,38.8574,-90.2342
SITE_03205,IL,60655,2.88,-1.0,-1.0,-1.0,-1.0,0.0,2022-06-08,1.0,1.0,39.7390,-89.8661
SITE_03206,IL,60446-5178,10.725,-1.0,-1.0,-1.0,-1.0,0.0,2023-11-08,1.0,0.0,38.4455,-88.4187
SITE_03207,IL,60136,5.04,-1.0,-1.0,-1.0,-1.0,0.0,2022-06-03,1.0,1.0,39.8346,-88.8984
SITE_03208,IL,60404,20.16,-1.0,-1.0,-1.0,-1.0,0.0,2022-06-08,1.0,1.0,40.0753,-88.3816
SITE_03209,IL,61080,6.72,-1.0,-1.0,-1.0,-1.0,0.0,2023-10-12,0.0,1.0,38.6902,-89.0585
SITE_03210,IL,60018-4010,5.2,-1.0,-1.0,-1.0,-1.0,0.0,2022-05-23,1.0,1.0,38.8595,-89.2924
SITE_03211,IL,60014,5.12,-1.0,-1.0,-1.0,-1.0,0.0,2022-06-08,1.0,1.0,-9999,-9999
SITE_03212,IL,61853,10.137,-1.0,-1.0,-1.0,-1.0,0.0,2023-12-07,0.0,1.0,39.9882,-89.4862
SITE_03213,IL,60008,6.84,-1.0,-1.0,-1.0,-1.0,0.0,2022-06-13,1.0,1.0,39.1931,-88.1190
SITE_03214,IL,60119,14.95,-1.0,-1.0,-1.0,-1.0,0.0,2024-05-15,1.0,1.0,41.3841,-89.1947
SITE_03215,IL,60189,4.875,-1.0,-1.0,-1.0,-1.0,0.0,2022-06-08,1.0,1.0,39.8509,-88.5200
SITE_03216,IL,61008,9.125,-1.0,-1.0,-1.0,-1.0,0.0,2022-05-05,0.0,1.0,39.1485,-88.2880
SITE_03217,IL,62044,9.68,-1.0,-1.0,-1.0,-1.0,0.0,2022-05-31,0.0,1.0,40.3212,-89.4272
SITE_03218,IL,60640,2.52,-1.0,-1.0,-1.0,-1.0,0.0,2022-10-18,1.0,1.0,40.9050,-89.6364
SITE_03219,IL,61109,6.84,-1.0,-1.0,-1.0,-1.0,0.0,2022-06-28,1.0,1.0,39.7269,-89.5144
SITE_03220,IL,60073,6.84,-1.0,-1.0,-1.0,-1.0,0.0,2022-06-24,1.0,1.0,40.9316,-89.4933
SITE_03221,IL,61019,10.137,-1.0,-1.0,-1.0,-1.0,0.0,2022-06-24,1.0,1.0,38.6275,-88.1577
SITE_03222,IL,60120,8.28,-1.0,-1.0,-1.0,-1.0,0.0,2022-06-15,1.0,1.0,38.6535,-89.7739
SITE_03223,IL,60203,5.04,-1.0,-1.0,-1.0,-1.0,0.0,2022-06-20,1.0,1.0,40.7824,-89.5383
SITE_03224,IL,60123,7.1,-1.0,-1.0,-1.0,-1.0,0.0,2022-06-27,0.0,1.0,39.3311,-88.5576
SITE_03225,IL,60120,6.12,-1.0,-1.0,-1.0,-1.0,0.0,2022-06-30,1.0,1.0,39.9390,-89.4756
SITE_03226,IL,60110,9.765,-1.0,-1.0,-1.0,-1.0,0.0,2022-06-09,1.0,1.0,40.3524,-89.1490
SITE_03227,IL,61822,12.045,-1.0,-1.0,-1.0,-1.0,0.0,2022-04-15,0.0,1.0,38.9421,-88.9456
SITE_03228,IL,60473,10.08,-1.0,-1.0,-1.0,-1.0,0.0,2022-06-13,1.0,1.0,40.1896,-89.9636
SITE_03229,IL,61064,6.9,-1.0,-1.0,-1.0,-1.0,0.0,2022-04-14,0.0,1.0,39.4036,-89.6216
SITE_03230,IL,61028,12.8,-1.0,-1.0,-1.0,-1.0,0.0,2022-05-25,0.0,1.0,40.5079,-89.8536
SITE_03231,IL,62243,14.55,-1.0,-1.0,-1.0,-1.0,1.0,2023-04-03,0.0,1.0,39.1187,-89.0350
SITE_03232,IL,60123,6.48,-1.0,-1.0,-1.0,-1.0,0.0,2022-06-17,1.0,1.0,38.4061,-88.4620
SITE_03233,IL,60532,6.84,-1.0,-1.0,-1.0,-1.0,0.0,2022-06-20,1.0,1.0,39.2126,-88.1305
SITE_03234,IL,60544,8.0,-1.0,-1.0,-1.0,-1.0,0.0,2023-11-09,1.0,1.0,40.2499,-88.2109
SITE_03235,IL,60441,2.88,-1.0,-1.0,-1.0,-1.0,0.0,2022-06-16,1.0,1.0,41.0219,-88.3731
SITE_03236,IL,61432,24.92,-1.0,-1.0,-1.0,-1.0,0.0,2022-05-31,0.0,1.0,39.0147,-88.5721
SITE_03237,IL,60554,12.25,-1.0,-1.0,-1.0,-1.0,0.0,2022-05-18,1.0,1.0,-9999,-9999
SITE_03238,IL,60139,5.76,-1.0,-1.0,-1.0,-1.0,0.0,2022-06-22,1.0,1.0,39.6247,-89.4020
SITE_03239,IL,62450,15.0,-1.0,-1.0,-1.0,-1.0,0.0,2022-06-07,0.0,1.0,40.6897,-89.7779
SITE_03240,IL,60411,4.68,-1.0,-1.0,-1.0,-1.0,0.0,2023-04-07,1.0,1.0,39.2195,-88.5562
SITE_03241,IL,61006,10.8,-1.0,-1.0,-1.0,-1.0,0.0,2022-06-22,1.0,1.0,40.6992,-88.2702
SITE_03242,IL,60651,5.525,-1.0,-1.0,-1.0,-1.0,0.0,2022-06-22,1.0,1.0,40.9075,-88.5550
SITE_03243,IL,62431,10.4,-1.0,-1.0,-1.0,-1.0,0.0,2023-03-15,0.0,1.0,40.4459,-88.1213
SITE_03244,IL,60173,13.0,-1.0,-1.0,-1.0,-1.0,0.0,2023-05-01,1.0,1.0,41.4372,-89.2991
SITE_03245,IL,60085,6.65,-1.0,-1.0,-1.0,-1.0,0.0,2022-05-16,1.0,1.0,39.6912,-89.6851
SITE_03246,IL,60131,9.1,-1.0,-1.0,-1.0,-1.0,0.0,2023-05-13,1.0,1.0,38.5542,-88.7203
SITE_03247,IL,60924,30.1,-1.0,-1.0,-1.0,-1.0,1.0,2023-04-04,0.0,1.0,38.9733,-90.0171
SITE_03248,IL,60543,6.12,-1.0,-1.0,-1.0,-1.0,0.0,2022-06-19,1.0,1.0,39.4604,-89.7523
SITE_03249,IL,61089,9.81,-1.0,-1.0,-1.0,-1.0,0.0,2023-05-15,1.0,1.0,38.8293,-89.9372
SITE_03250,IL,60004,3.24,-1.0,-1.0,-1.0,-1.0,0.0,2023-06-05,1.0,1.0,39.2762,-89.1377
SITE_03251,IL,60062,10.8,-1.0,-1.0,-1.0,-1.0,0.0,2022-06-20,1.0,1.0,39.9126,-88.6714
SITE_03252,IL,60478,7.22,-1.0,-1.0,-1.0,-1.0,0.0,2022-06-15,1.0,1.0,39.4547,-89.7371
SITE_03253,IL,62025,13.735,-1.0,-1.0,-1.0,-1.0,0.0,2022-06-15,0.0,1.0,40.6634,-89.9632
SITE_03254,IL,61064,12.04,-1.0,-1.0,-1.0,-1.0,1.0,2023-06-02,0.0,1.0,41.4220,-89.0847
SITE_03255,IL,60441,6.12,-1.0,-1.0,-1.0,-1.0,0.0,2022-06-29,1.0,1.0,39.9653,-88.2404
SITE_03256,IL,60431,11.52,-1.0,-1.0,-1.0,-1.0,0.0,2022-06-21,1.0,1.0,40.2185,-89.6151
SITE_03257,IL,60120,7.92,-1.0,-1.0,-1.0,-1.0,0.0,2022-05-31,1.0,1.0,40.4135,-89.7537
SITE_03258,IL,61364,11.06,-1.0,-1.0,-1.0,-1.0,0.0,2023-06-21,0.0,1.0,39.2848,-88.1149
SITE_03259,IL,60617,7.2,-1.0,-1.0,-1.0,-1.0,0.0,2023-05-01,1.0,1.0,39.9901,-88.5724
SITE_03260,IL,60073,4.38,-1.0,-1.0,-1.0,-1.0,0.0,2022-06-10,1.0,1.0,40.3634,-89.7000
SITE_03261,IL,60047,8.395,-1.0,-1.0,-1.0,-1.0,0.0,2023-05-03,1.0,1.0,40.3712,-90.2470
SITE_03262,IL,60435,9.125,-1.0,-1.0,-1.0,-1.0,0.0,2022-06-30,1.0,1.0,39.7689,-90.2162
SITE_03263,IL,60631,10.26,-1.0,-1.0,-1.0,-1.0,0.0,2022-06-23,0.0,1.0,41.3866,-89.7639
SITE_03264,IL,62451,9.02,-1.0,-1.0,-1.0,-1.0,0.0,2022-05-26,0.0,1.0,39.3489,-88.7854
SITE_03265,IL,60002,4.48,-1.0,-1.0,-1.0,-1.0,0.0,2022-06-24,1.0,1.0,41.4386,-89.9648
SITE_03266,IL,60707,11.9,-1.0,-1.0,-1.0,-1.0,0.0,2022-06-29,1.0,1.0,39.0610,-89.9991
SITE_03267,IL,60048,6.57,-1.0,-1.0,-1.0,-1.0,0.0,2023-04-19,1.0,1.0,41.3984,-88.2069
SITE_03268,IL,62712,6.21,-1.0,-1.0,-1.0,-1.0,0.0,2022-06-21,0.0,1.0,39.4222,-88.9196
SITE_03269,IL,62246,19.88,-1.0,-1.0,-1.0,-1.0,0.0,2022-06-01,0.0,1.0,38.5442,-89.2500
SITE_03270,IL,60135,13.14,-1.0,-1.0,-1.0,-1.0,0.0,2022-06-23,1.0,1.0,39.9575,-88.4981
SITE_03271,IL,60431,14.6,-1.0,-1.0,-1.0,-1.0,0.0,2022-06-22,1.0,1.0,40.7433,-90.2382
SITE_03272,IL,60020,5.68,-1.0,-1.0,-1.0,-1.0,0.0,2023-05-02,1.0,1.0,39.3898,-88.3275
SITE_03273,IL,60041,9.23,-1.0,-1.0,-1.0,-1.0,0.0,2022-06-20,1.0,1.0,40.9283,-89.3504
SITE_03274,IL,60089,15.54,-1.0,-1.0,-1.0,-1.0,0.0,2022-06-23,0.0,1.0,40.8268,-88.3271
SITE_03275,IL,60618,6.4,-1.0,-1.0,-1.0,-1.0,0.0,2022-03-28,0.0,1.0,38.7117,-88.1773
SITE_03276,IL,60148,14.965,-1.0,-1.0,-1.0,-1.0,0.0,2022-06-07,1.0,1.0,40.3097,-89.1869
SITE_03277,IL,60042,6.035,-1.0,-1.0,-1.0,-1.0,0.0,2023-03-23,1.0,1.0,40.6791,-90.0660
SITE_03278,IL,60478,9.585,-1.0,-1.0,-1.0,-1.0,0.0,2022-06-07,1.0,1.0,41.0155,-90.2485
SITE_03279,IL,61021,14.061,-1.0,-1.0,-1.0,-1.0,0.0,2023-11-08,1.0,0.0,39.1781,-89.3334
SITE_03280,IL,61565,49.5,-1.0,-1.0,-1.0,-1.0,0.0,2024-06-18,0.0,1.0,40.1340,-90.2739
SITE_03281,IL,60175,5.68,-1.0,-1.0,-1.0,-1.0,0.0,2023-04-06,1.0,1.0,38.4177,-90.0320
SITE_03282,IL,61822,3.08,-1.0,-1.0,-1.0,-1.0,0.0,2022-06-29,0.0,1.0,38.8686,-89.4211
SITE_03283,IL,60963,23.4,-1.0,-1.0,-1.0,-1.0,1.0,2023-03-22,0.0,1.0,39.2737,-88.3979
SITE_03284,IL,60175,8.88,-1.0,-1.0,-1.0,-1.0,0.0,2023-04-11,0.0,1.0,39.9628,-88.1867
SITE_03285,IL,60068,15.39,-1.0,-1.0,-1.0,-1.0,0.0,2023-05-01,0.0,0.0,39.9336,-88.9480
SITE_03286,IL,62293,12.425,-1.0,-1.0,-1.0,-1.0,0.0,2024-01-22,0.0,1.0,-9999,-9999
SITE_03287,IL,60612,2.84,-1.0,-1.0,-1.0,-1.0,0.0,2023-03-24,1.0,1.0,39.0399,-89.6686
SITE_03288,IL,60064,6.48,-1.0,-1.0,-1.0,-1.0,0.0,2023-10-20,1.0,0.0,39.5087,-88.9973
SITE_03289,IL,62246,520.52,-1.0,-1.0,-1.0,-1.0,0.0,2023-05-14,0.0,1.0,41.1890,-89.3494
SITE_03290,IL,60950,16.33,-1.0,-1.0,-1.0,-1.0,0.0,2023-04-17,1.0,0.0,41.0312,-89.6945
SITE_03291,IL,61443,13.734,-1.0,-1.0,-1.0,-1.0,0.0,2024-02-13,1.0,1.0,40.0125,-88.6523
SITE_03292,IL,60188,4.9,-1.0,-1.0,-1.0,-1.0,0.0,2023-05-23,1.0,1.0,41.1244,-89.6992
SITE_03293,IL,60564,13.43,-1.0,-1.0,-1.0,-1.0,0.0,2023-05-01,0.0,1.0,40.8414,-89.5877
SITE_03294,IL,60453,11.55,-1.0,-1.0,-1.0,-1.0,0.0,2023-05-12,1.0,1.0,40.9318,-88.8602
SITE_03295,IL,62091,8.1,-1.0,-1.0,-1.0,-1.0,0.0,2023-05-10,0.0,1.0,38.8404,-88.8431
SITE_03296,IL,61550,14.96,-1.0,-1.0,-1.0,-1.0,0.0,2024-06-12,1.0,0.0,39.2611,-89.0541
SITE_03297,IL,60538,6.12,-1.0,-1.0,-1.0,-1.0,0.0,2023-05-01,1.0,1.0,40.0574,-88.2785
SITE_03298,IL,61015,11.7,-1.0,-1.0,-1.0,-1.0,1.0,2023-05-02,0.0,1.0,39.2092,-88.6139
SITE_03299,IL,60440,10.791,-1.0,-1.0,-1.0,-1.0,1.0,2023-12-07,1.0,1.0,40.4959,-89.7042
SITE_03300,IL,61075,9.9,-1.0,-1.0,-1.0,-1.0,0.0,2023-05-03,0.0,1.0,40.8704,-88.9960
SITE_03301,IL,61523,12.6,-1.0,-1.0,-1.0,-1.0,0.0,2023-07-06,0.0,1.0,39.8066,-88.4036
SITE_03302,IL,60550,24.198,-1.0,-1.0,-1.0,-1.0,0.0,2023-09-22,1.0,1.0,40.5991,-88.3630
SITE_03303,IL,60120,7.2,-1.0,-1.0,-1.0,-1.0,0.0,2023-09-18,1.0,0.0,39.2305,-88.5387
SITE_03304,IL,61726,9.6,-1.0,-1.0,-1.0,-1.0,0.0,2023-05-03,0.0,1.0,40.4279,-90.2919
SITE_03305,IL,60047,5.2,-1.0,-1.0,-1.0,-1.0,0.0,2023-05-12,1.0,1.0,40.1586,-88.1755
SITE_03306,IL,62226,4.95,-1.0,-1.0,-1.0,-1.0,0.0,2023-07-01,0.0,1.0,41.0489,-88.5331
SITE_03307,IL,60177,6.375,-1.0,-1.0,-1.0,-1.0,0.0,2024-07-11,0.0,1.0,40.1663,-89.2754
SITE_03308,IL,62613,9.66,-1.0,-1.0,-1.0,-1.0,0.0,2024-01-01,0.0,1.0,39.1585,-89.5269
SITE_03309,IL,61516,5.92,-1.0,-1.0,-1.0,-1.0,0.0,2024-08-15,0.0,1.0,40.4178,-88.9108
SITE_03310,IL,62223,11.06,-1.0,-1.0,-1.0,-1.0,0.0,2023-05-19,0.0,1.0,39.3596,-89.3941
SITE_03311,IL,60637,5.525,-1.0,-1.0,-1.0,-1.0,0.0,2023-12-01,0.0,0.0,38.7230,-89.5988
SITE_03312,IL,61723,22.26,-1.0,-1.0,-1.0,-1.0,1.0,2023-10-03,0.0,1.0,39.7929,-90.1031
SITE_03313,IL,60139,5.74,-1.0,-1.0,-1.0,-1.0,0.0,2023-05-19,1.0,0.0,41.1784,-89.3637
SITE_03314,IL,61880,9.855,-1.0,-1.0,-1.0,-1.0,0.0,2023-08-24,0.0,0.0,41.4504,-88.3025
SITE_03315,IL,60046,6.56,-1.0,-1.0,-1.0,-1.0,0.0,2023-05-23,1.0,0.0,39.0320,-89.4267
SITE_03316,IL,60131,6.56,-1.0,-1.0,-1.0,-1.0,0.0,2023-06-01,1.0,0.0,39.1886,-88.2939
SITE_03317,IL,60069,14.025,-1.0,-1.0,-1.0,-1.0,0.0,2023-12-05,0.0,0.0,39.1158,-89.5899
SITE_03318,IL,61103,14.0,-1.0,-1.0,-1.0,-1.0,0.0,2023-12-21,1.0,0.0,39.5797,-89.2713
SITE_03319,IL,60560,13.94,-1.0,-1.0,-1.0,-1.0,0.0,2023-06-01,1.0,0.0,41.0312,-89.1686
SITE_03320,IL,60051,3.77,-1.0,-1.0,-1.0,-1.0,0.0,2023-06-01,1.0,0.0,41.3719,-88.6592
SITE_03321,IL,61244,5.11,-1.0,-1.0,-1.0,-1.0,0.0,2024-08-20,0.0,0.0,41.4061,-89.9567
SITE_03322,IL,62704,5.175,-1.0,-1.0,-1.0,-1.0,0.0,2023-07-13,0.0,0.0,40.3816,-89.0560
SITE_03323,IL,61752,17.985,-1.0,-1.0,-1.0,-1.0,0.0,2023-06-05,0.0,0.0,40.3431,-88.4191
SITE_03324,IL,62426,29.16,-1.0,-1.0,-1.0,-1.0,0.0,2023-05-19,0.0,1.0,39.4442,-89.2320
SITE_03325,IL,61944,10.01,-1.0,-1.0,-1.0,-1.0,0.0,2024-02-14,0.0,1.0,39.0855,-90.1890
SITE_03326,IL,60159,5.07,-1.0,-1.0,-1.0,-1.0,0.0,2023-06-01,1.0,0.0,39.2300,-89.5330
SITE_03327,IL,60714,9.6,-1.0,-1.0,-1.0,-1.0,0.0,2023-10-04,0.0,0.0,41.3575,-88.3166
SITE_03328,IL,62218,25.44,-1.0,-1.0,-1.0,-1.0,1.0,2024-05-16,0.0,1.0,40.2432,-88.4093
SITE_03329,IL,60652,8.61,-1.0,-1.0,-1.0,-1.0,0.0,2023-10-01,1.0,0.0,40.2357,-88.1755
SITE_03330,IL,62818,8.52,-1.0,-1.0,-1.0,-1.0,0.0,2023-08-15,0.0,1.0,38.4791,-88.5543
SITE_03331,IL,61520,9.84,-1.0,-1.0,-1.0,-1.0,0.0,2023-12-04,0.0,1.0,40.3532,-88.2805
SITE_03332,IL,60133,12.15,-1.0,-1.0,-1.0,-1.0,0.0,2023-09-13,0.0,0.0,38.4884,-89.6095
SITE_03333,IL,61533,9.9,-1.0,-1.0,-1.0,-1.0,0.0,2024-03-13,0.0,0.0,40.0316,-89.5957
SITE_03334,IL,61443,5.95,-1.0,-1.0,-1.0,-1.0,0.0,2024-07-15,1.0,0.0,41.3272,-90.1301
SITE_03335,IL,61411,9.94,-1.0,-1.0,-1.0,-1.0,0.0,2023-10-01,0.0,0.0,38.4824,-88.8194
SITE_03336,IL,60446,6.0,-1.0,-1.0,-1.0,-1.0,0.0,2023-09-01,0.0,0.0,38.5919,-88.8273
SITE_03337,IL,60490,8.0,-1.0,-1.0,-1.0,-1.0,0.0,2023-10-18,0.0,0.0,38.5370,-89.4931
SITE_03338,IL,60178,10.8,-1.0,-1.0,-1.0,-1.0,0.0,2024-01-19,0.0,0.0,39.3316,-89.1404
SITE_03339,IL,61259,2.31,-1.0,-1.0,-1.0,-1.0,0.0,2024-07-19,0.0,0.0,40.3882,-88.2556
SITE_03340,IL,61856,22.26,-1.0,-1.0,-1.0,-1.0,1.0,2024-01-03,0.0,1.0,40.6090,-88.9794
SITE_03341,IL,62049,20.33,-1.0,-1.0,-1.0,-1.0,0.0,2023-07-06,0.0,1.0,38.4920,-88.1875
SITE_03342,IL,61115,11.78,-1.0,-1.0,-1.0,-1.0,0.0,2023-10-01,0.0,0.0,41.3412,-89.2658
SITE_03343,IL,60404,9.2,-1.0,-1.0,-1.0,-1.0,0.0,2023-11-07,0.0,0.0,41.4637,-89.2390
SITE_03344,IL,60503,10.0,-1.0,-1.0,-1.0,-1.0,0.0,2023-12-01,0.0,0.0,38.5950,-88.7306
SITE_03345,IL,60543,6.205,-1.0,-1.0,-1.0,-1.0,0.0,2023-10-16,0.0,0.0,40.5605,-88.9620
SITE_03346,IL,60073,7.29,-1.0,-1.0,-1.0,-1.0,0.0,2023-08-01,1.0,0.0,38.4538,-88.9436
SITE_03347,IL,60124,6.39,-1.0,-1.0,-1.0,-1.0,0.0,2023-10-19,1.0,0.0,41.2150,-89.1961
SITE_03348,IL,62704,8.76,-1.0,-1.0,-1.0,-1.0,0.0,2023-09-21,0.0,0.0,41.2812,-88.1495
SITE_03349,IL,60051,7.82,-1.0,-1.0,-1.0,-1.0,0.0,2023-09-07,0.0,0.0,39.6924,-89.5354
SITE_03350,IL,61571,8.0,-1.0,-1.0,-1.0,-1.0,0.0,2023-07-24,0.0,0.0,38.5300,-89.4169
SITE_03351,IL,62258,6.035,-1.0,-1.0,-1.0,-1.0,0.0,2023-11-06,0.0,0.0,40.4850,-88.4470
SITE_03352,IL,61614,13.49,-1.0,-1.0,-1.0,-1.0,0.0,2023-10-18,0.0,0.0,41.1552,-89.1263
SITE_03353,IL,60915,11.89,-1.0,-1.0,-1.0,-1.0,0.0,2023-07-24,1.0,0.0,39.4217,-88.4978
SITE_03354,IL,62269,12.6,-1.0,-1.0,-1.0,-1.0,0.0,2023-10-12,0.0,0.0,39.4270,-88.1493
SITE_03355,IL,61030,12.6,-1.0,-1.0,-1.0,-1.0,0.0,2023-07-10,0.0,1.0,40.6946,-89.5376
SITE_03356,IL,60619,4.4,-1.0,-1.0,-1.0,-1.0,0.0,2024-03-18,0.0,0.0,40.8164,-89.5667
SITE_03357,IL,62888,15.47,-1.0,-1.0,-1.0,-1.0,0.0,2024-01-22,0.0,1.0,41.3041,-89.2651
SITE_03358,IL,60124,15.6,-1.0,-1.0,-1.0,-1.0,0.0,2023-08-01,1.0,0.0,38.8244,-89.3185
SITE_03359,IL,62550,9.84,-1.0,-1.0,-1.0,-1.0,0.0,2023-11-24,0.0,1.0,40.1509,-88.9610
SITE_03360,IL,60540,9.6,-1.0,-1.0,-1.0,-1.0,0.0,2023-11-01,0.0,0.0,41.0494,-89.0481
SITE_03361,IL,60435,6.0,-1.0,-1.0,-1.0,-1.0,0.0,2024-02-12,0.0,0.0,39.8875,-88.6029
SITE_03362,IL,61611,8.1,-1.0,-1.0,-1.0,-1.0,0.0,2023-10-10,0.0,0.0,41.2082,-89.2164
SITE_03363,IL,61517,8.1,-1.0,-1.0,-1.0,-1.0,0.0,2023-11-06,0.0,1.0,40.6567,-88.6974
SITE_03364,IL,60543,12.41,-1.0,-1.0,-1.0,-1.0,0.0,2024-03-07,0.0,0.0,40.6221,-90.1291
SITE_03365,IL,62467,5.355,-1.0,-1.0,-1.0,-1.0,0.0,2024-03-11,0.0,0.0,40.3955,-90.1573
SITE_03366,IL,61615,23.68,-1.0,-1.0,-1.0,-1.0,0.0,2024-07-05,0.0,0.0,38.9811,-89.5219
SITE_03367,IL,61050,13.14,-1.0,-1.0,-1.0,-1.0,0.0,2024-07-23,1.0,1.0,41.3109,-88.1024
SITE_03368,IL,62230,19.08,-1.0,-1.0,-1.0,-1.0,1.0,2024-02-01,0.0,1.0,39.0261,-89.4827
SITE_03369,IL,60053,5.2,-1.0,-1.0,-1.0,-1.0,0.0,2023-08-01,1.0,0.0,41.1588,-89.8727
SITE_03370,IL,61523,17.02,-1.0,-1.0,-1.0,-1.0,0.0,2024-03-12,0.0,0.0,40.9436,-88.1583
SITE_03371,IL,62832,14.24,-1.0,-1.0,-1.0,-1.0,0.0,2023-08-22,0.0,1.0,40.6967,-88.4603
SITE_03372,IL,61074,10.92,-1.0,-1.0,-1.0,-1.0,0.0,2024-08-01,0.0,1.0,39.4107,-88.4033
SITE_03373,IL,62040,6.745,-1.0,-1.0,-1.0,-1.0,0.0,2023-09-07,0.0,0.0,40.3241,-89.5022
SITE_03374,IL,62275,11.04,-1.0,-1.0,-1.0,-1.0,0.0,2023-10-18,0.0,1.0,40.0460,-89.3883
SITE_03375,IL,62009,9.1,-1.0,-1.0,-1.0,-1.0,0.0,2024-02-08,0.0,0.0,39.4655,-90.0627
SITE_03376,IL,61802,9.54,-1.0,-1.0,-1.0,-1.0,1.0,2024-05-09,0.0,1.0,39.8419,-90.1517
SITE_03377,IL,61863,9.54,-1.0,-1.0,-1.0,-1.0,1.0,2024-05-07,0.0,1.0,38.6945,-89.0570
SITE_03378,IL,62069,19.32,-1.0,-1.0,-1.0,-1.0,0.0,2024-01-18,0.0,1.0,39.9693,-89.5249
SITE_03379,IL,60457,8.4,-1.0,-1.0,-1.0,-1.0,0.0,2024-01-05,0.0,0.0,40.5312,-88.1831
SITE_03380,IL,62353,14.56,-1.0,-1.0,-1.0,-1.0,0.0,2024-02-09,0.0,1.0,39.3827,-88.9915
SITE_03381,IL,61571,13.53,-1.0,-1.0,-1.0,-1.0,0.0,2024-02-01,0.0,0.0,39.6401,-89.7065
SITE_03382,IL,61264,4.745,-1.0,-1.0,-1.0,-1.0,0.0,2024-03-12,0.0,0.0,41.3921,-89.1802
SITE_03383,IL,62221,9.095,-1.0,-1.0,-1.0,-1.0,0.0,2023-12-12,0.0,0.0,40.6651,-89.5669
SITE_03384,IL,61938,9.49,-1.0,-1.0,-1.0,-1.0,0.0,2024-10-01,0.0,0.0,39.8577,-88.6169
SITE_03385,IL,60403,4.92,-1.0,-1.0,-1.0,-1.0,0.0,2023-08-17,1.0,0.0,39.6296,-89.6419
SITE_03386,IL,60190,7.8,-1.0,-1.0,-1.0,-1.0,0.0,2023-08-08,1.0,0.0,39.2629,-90.2030
SITE_03387,IL,60506,13.2,-1.0,-1.0,-1.0,-1.0,0.0,2024-03-01,1.0,0.0,40.8575,-89.0837
SITE_03388,IL,60546,7.29,-1.0,-1.0,-1.0,-1.0,0.0,2023-10-11,1.0,0.0,40.7241,-89.0445
SITE_03389,IL,61569,5.6,-1.0,-1.0,-1.0,-1.0,0.0,2023-10-11,1.0,0.0,41.0051,-88.1792
SITE_03390,IL,60425,10.54,-1.0,-1.0,-1.0,-1.0,0.0,2023-11-09,1.0,0.0,40.1468,-88.6284
SITE_03391,IL,62288,10.92,-1.0,-1.0,-1.0,-1.0,0.0,2024-06-05,0.0,1.0,39.0690,-88.3820
SITE_03392,IL,60002,8.395,-1.0,-1.0,-1.0,-1.0,0.0,2024-01-11,1.0,0.0,39.4250,-89.7549
SITE_03393,IL,60042,5.2,-1.0,-1.0,-1.0,-1.0,0.0,2023-10-16,1.0,0.0,40.1969,-89.4093
SITE_03394,IL,60098,20.35,-1.0,-1.0,-1.0,-1.0,0.0,2023-10-11,0.0,0.0,38.8749,-88.8847
SITE_03395,IL,62801,14.175,-1.0,-1.0,-1.0,-1.0,0.0,2024-04-11,0.0,1.0,41.2105,-89.9817
SITE_03396,IL,60432,7.6,-1.0,-1.0,-1.0,-1.0,0.0,2023-09-22,0.0,0.0,39.4663,-89.2259
SITE_03397,IL,62959,9.49,-1.0,-1.0,-1.0,-1.0,0.0,2024-04-01,1.0,0.0,-9999,-9999
SITE_03398,IL,62236,9.6,-1.0,-1.0,-1.0,-1.0,0.0,2024-02-05,0.0,0.0,40.7230,-89.5280
SITE_03399,IL,60419,7.6,-1.0,-1.0,-1.0,-1.0,0.0,2023-10-18,1.0,0.0,38.8108,-89.5805
SITE_03400,IL,60073,10.8,-1.0,-1.0,-1.0,-1.0,0.0,2023-10-23,1.0,0.0,41.3121,-89.2592
SITE_03401,IL,60431,12.4,-1.0,-1.0,-1.0,-1.0,0.0,2023-08-01,0.0,0.0,39.4136,-89.2304
SITE_03402,IL,60491,13.77,-1.0,-1.0,-1.0,-1.0,0.0,2023-10-18,1.0,0.0,39.2698,-88.4020
SITE_03403,IL,61554,14.8,-1.0,-1.0,-1.0,-1.0,0.0,2023-11-01,1.0,0.0,40.8693,-88.5430
SITE_03404,IL,60124,6.8,-1.0,-1.0,-1.0,-1.0,0.0,2024-03-06,1.0,0.0,40.6409,-89.5051
SITE_03405,IL,61564,6.4,-1.0,-1.0,-1.0,-1.0,0.0,2024-02-05,0.0,0.0,38.4962,-89.9496
SITE_03406,IL,61544,5.6,-1.0,-1.0,-1.0,-1.0,0.0,2024-03-05,0.0,1.0,41.5318,-89.5076
SITE_03407,IL,61254,14.0,-1.0,-1.0,-1.0,-1.0,0.0,2024-03-13,0.0,0.0,39.0238,-88.3908
SITE_03408,IL,60302,12.3,-1.0,-1.0,-1.0,-1.0,0.0,2024-04-01,0.0,0.0,41.0658,-90.2831
SITE_03409,IL,61801,10.8,-1.0,-1.0,-1.0,-1.0,0.0,2024-03-07,1.0,0.0,39.2892,-89.7531
SITE_03410,IL,61049,19.2,-1.0,-1.0,-1.0,-1.0,0.0,2024-05-01,0.0,1.0,40.5109,-88.5844
SITE_03411,IL,60440,9.315,-1.0,-1.0,-1.0,-1.0,0.0,2023-11-01,1.0,0.0,40.9756,-89.2194
SITE_03412,IL,60193,8.76,-1.0,-1.0,-1.0,-1.0,0.0,2024-07-11,1.0,0.0,40.0399,-89.6757
SITE_03413,IL,61764,63.6,-1.0,-1.0,-1.0,-1.0,1.0,2024-07-02,0.0,1.0,38.4520,-89.6613
SITE_03414,IL,60538,6.4,-1.0,-1.0,-1.0,-1.0,0.0,2024-02-14,0.0,0.0,38.4473,-88.7316
SITE_03415,IL,60188,2.835,-1.0,-1.0,-1.0,-1.0,0.0,2023-12-01,1.0,0.0,40.4478,-88.8399
SITE_03416,IL,62918,12.72,-1.0,-1.0,-1.0,-1.0,0.0,2024-02-06,0.0,1.0,39.5247,-89.7737
SITE_03417,IL,61736,20.4,-1.0,-1.0,-1.0,-1.0,0.0,2024-04-08,0.0,0.0,41.3554,-88.9914
SITE_03418,IL,61874,4.92,-1.0,-1.0,-1.0,-1.0,0.0,2024-07-19,1.0,0.0,38.5480,-90.0107
SITE_03419,IL,61102,10.95,-1.0,-1.0,-1.0,-1.0,0.0,2024-02-13,1.0,0.0,41.5680,-89.3531
SITE_03420,IL,62245,19.08,-1.0,-1.0,-1.0,-1.0,1.0,2024-06-13,0.0,1.0,38.8968,-88.7273
SITE_03421,IL,60411,9.315,-1.0,-1.0,-1.0,-1.0,0.0,2023-12-01,1.0,0.0,40.1037,-88.3395
SITE_03422,IL,62448,6.885,-1.0,-1.0,-1.0,-1.0,0.0,2024-09-19,0.0,0.0,41.1643,-88.8410
SITE_03423,IL,60433,6.24,-1.0,-1.0,-1.0,-1.0,0.0,2024-04-11,1.0,0.0,41.3832,-89.8727
SITE_03424,IL,60586,10.53,-1.0,-1.0,-1.0,-1.0,0.0,2023-12-14,1.0,0.0,40.5262,-89.5945
SITE_03425,IL,61832,12.72,-1.0,-1.0,-1.0,-1.0,1.0,2024-07-03,0.0,1.0,38.4250,-90.0679
SITE_03426,IL,61554,3.8,-1.0,-1.0,-1.0,-1.0,0.0,2024-05-02,0.0,0.0,39.7392,-89.9281
SITE_03427,IL,60194,4.455,-1.0,-1.0,-1.0,-1.0,0.0,2023-12-05,1.0,0.0,40.3520,-90.0767
SITE_03428,IL,62298,21.33,-1.0,-1.0,-1.0,-1.0,0.0,2024-12-06,0.0,1.0,41.1673,-89.4759
SITE_03429,IL,62312,14.63,-1.0,-1.0,-1.0,-1.0,0.0,2024-05-09,0.0,0.0,38.5590,-89.1253
SITE_03430,IL,60419,7.29,-1.0,-1.0,-1.0,-1.0,0.0,2024-01-01,1.0,0.0,40.7815,-89.4491
SITE_03431,IL,62052,16.34,-1.0,-1.0,-1.0,-1.0,0.0,2024-01-08,0.0,0.0,41.3660,-89.7192
SITE_03432,IL,61880,7.79,-1.0,-1.0,-1.0,-1.0,0.0,2024-03-01,1.0,0.0,38.5891,-88.9377
SITE_03433,IL,60104,9.2,-1.0,-1.0,-1.0,-1.0,0.0,2024-01-10,1.0,0.0,41.0224,-90.1710
SITE_03434,IL,61745,6.075,-1.0,-1.0,-1.0,-1.0,0.0,2024-01-10,1.0,0.0,38.8309,-88.7293
SITE_03435,IL,60008,5.94,-1.0,-1.0,-1.0,-1.0,0.0,2024-12-04,0.0,0.0,40.2320,-89.7308
SITE_03436,IL,61615,9.315,-1.0,-1.0,-1.0,-1.0,0.0,2024-01-15,1.0,0.0,40.1803,-88.2695
SITE_03437,IL,61554,5.265,-1.0,-1.0,-1.0,-1.0,0.0,2024-01-16,1.0,0.0,41.2329,-89.2411
SITE_03438,IL,61550,9.84,-1.0,-1.0,-1.0,-1.0,0.0,2024-04-04,0.0,0.0,39.0411,-88.6213
SITE_03439,IL,60084,10.4,-1.0,-1.0,-1.0,-1.0,0.0,2024-06-01,1.0,0.0,39.2509,-90.1204
SITE_03440,IL,60140,6.205,-1.0,-1.0,-1.0,-1.0,0.0,2024-04-01,0.0,0.0,41.0407,-88.3296
SITE_03441,IL,61769,7.2,-1.0,-1.0,-1.0,-1.0,0.0,2024-04-17,0.0,1.0,40.2412,-90.2006
SITE_03442,IL,60178,6.48,-1.0,-1.0,-1.0,-1.0,0.0,2024-02-07,1.0,0.0,40.8024,-88.5580
SITE_03443,IL,60014,8.1,-1.0,-1.0,-1.0,-1.0,0.0,2024-02-15,1.0,0.0,38.6138,-88.8775
SITE_03444,IL,60467,11.6,-1.0,-1.0,-1.0,-1.0,0.0,2024-07-18,0.0,0.0,38.5211,-88.5296
SITE_03445,IL,60123,12.555,-1.0,-1.0,-1.0,-1.0,0.0,2024-02-15,1.0,0.0,40.1300,-89.8656
SITE_03446,IL,60525,12.8,-1.0,-1.0,-1.0,-1.0,0.0,2024-02-12,1.0,0.0,39.4288,-89.2571
SITE_03447,IL,62526,7.2,-1.0,-1.0,-1.0,-1.0,0.0,2024-12-02,0.0,0.0,41.1266,-88.9097
SITE_03448,IL,60586,7.29,-1.0,-1.0,-1.0,-1.0,0.0,2024-03-25,1.0,0.0,41.3862,-88.3694
SITE_03449,IL,61744,34.4,-1.0,-1.0,-1.0,-1.0,0.0,2024-12-01,0.0,0.0,41.5598,-88.7354
SITE_03450,IL,61745,14.58,-1.0,-1.0,-1.0,-1.0,0.0,2024-09-10,1.0,0.0,39.3658,-88.3570
SITE_03451,IL,60304,6.8,-1.0,-1.0,-1.0,-1.0,0.0,2024-05-10,0.0,0.0,41.0320,-89.1855
SITE_03452,IL,60099,6.48,-1.0,-1.0,-1.0,-1.0,0.0,2024-06-01,1.0,0.0,40.9518,-88.4129
SITE_03453,IL,60304,9.6,-1.0,-1.0,-1.0,-1.0,0.0,2024-04-22,0.0,0.0,41.0090,-88.4597
SITE_03454,IL,60098,14.4,-1.0,-1.0,-1.0,-1.0,0.0,2024-10-08,0.0,1.0,41.5677,-88.4465
SITE_03455,IL,60487,12.96,-1.0,-1.0,-1.0,-1.0,0.0,2024-05-06,1.0,0.0,38.8324,-90.2836
SITE_03456,IL,60457,11.455,-1.0,-1.0,-1.0,-1.0,0.0,2024-08-02,1.0,0.0,38.5842,-88.2410
SITE_03457,IL,61078,17.48,-1.0,-1.0,-1.0,-1.0,0.0,2024-11-13,0.0,1.0,38.4588,-89.6246
SITE_03458,IL,60025,16.0,-1.0,-1.0,-1.0,-1.0,0.0,2024-06-12,0.0,0.0,40.4929,-90.1830
SITE_03459,IL,60638,8.0,-1.0,-1.0,-1.0,-1.0,0.0,2024-06-24,0.0,0.0,40.8106,-89.2786
SITE_03460,IL,62286,109.2,-1.0,-1.0,-1.0,-1.0,0.0,2024-09-01,0.0,1.0,41.0864,-88.5588
SITE_03461,IL,60438,6.15,-1.0,-1.0,-1.0,-1.0,0.0,2024-05-13,1.0,0.0,41.4839,-90.0390
SITE_03462,IL,60010,34.02,-1.0,-1.0,-1.0,-1.0,0.0,2024-09-03,0.0,0.0,41.0016,-89.6621
SITE_03463,IL,60304,8.8,-1.0,-1.0,-1.0,-1.0,0.0,2024-08-01,0.0,0.0,39.2965,-89.3055
SITE_03464,IL,60169,4.0,-1.0,-1.0,-1.0,-1.0,0.0,2024-06-01,1.0,0.0,40.2242,-89.8414
SITE_03465,IL,61250,15.2,-1.0,-1.0,-1.0,-1.0,0.0,2024-04-11,0.0,0.0,40.7229,-89.6780
SITE_03466,IL,60431,7.11,-1.0,-1.0,-1.0,-1.0,0.0,2024-12-11,1.0,0.0,39.1742,-88.6443
SITE_03467,IL,60142,7.7,-1.0,-1.0,-1.0,-1.0,0.0,2024-10-01,1.0,0.0,41.0449,-88.2427
SITE_03468,IL,61342,21.75,-1.0,-1.0,-1.0,-1.0,0.0,2024-10-11,0.0,1.0,40.1948,-89.7505
SITE_03469,IL,60115,6.16,-1.0,-1.0,-1.0,-1.0,0.0,2024-10-04,1.0,0.0,39.2255,-89.4112
SITE_03470,IL,60425,5.6,-1.0,-1.0,-1.0,-1.0,0.0,2024-11-21,0.0,0.0,39.4108,-89.5174
SITE_03471,IL,60104,6.4,-1.0,-1.0,-1.0,-1.0,0.0,2024-11-01,1.0,0.0,39.5344,-88.9810
SITE_03472,IL,62985,13.2,-1.0,-1.0,-1.0,-1.0,0.0,2024-11-08,0.0,1.0,40.7941,-89.3247
SITE_03473,IL,61554,6.15,-1.0,-1.0,-1.0,-1.0,0.0,2024-10-22,0.0,0.0,38.6559,-88.4701
SITE_03474,IL,61081,6.8,-1.0,-1.0,-1.0,-1.0,0.0,2024-11-01,0.0,0.0,38.9369,-88.6501
SITE_03475,IL,62269,12.0,-1.0,-1.0,-1.0,-1.0,0.0,2024-10-08,0.0,0.0,38.7973,-88.9808
SITE_03476,IL,62901,6.885,-1.0,-1.0,-1.0,-1.0,0.0,2024-12-18,0.0,0.0,39.7690,-89.2666
SITE_03477,IL,60087,4.8,-1.0,-1.0,-1.0,-1.0,0.0,2024-10-14,1.0,0.0,40.1275,-89.4776
SITE_03478,IL,60503,7.2,-1.0,-1.0,-1.0,-1.0,0.0,2024-10-09,1.0,0.0,40.2504,-89.7964
SITE_03479,IL,60102,8.91,-1.0,-1.0,-1.0,-1.0,0.0,2024-12-11,0.0,0.0,40.8409,-89.8755
SITE_03480,IL,61520,30.07,-1.0,-1.0,-1.0,-1.0,0.0,2024-12-01,0.0,1.0,41.1791,-90.1961
SITE_03481,IL,62540,29.645,-1.0,-1.0,-1.0,-1.0,0.0,2024-12-11,1.0,0.0,39.9265,-89.4931
SITE_03482,IL,61370,13.2,-1.0,-1.0,-1.0,-1.0,0.0,2024-12-16,1.0,0.0,39.5113,-88.5674
SITE_03483,IL,61032,18.8,-1.0,-1.0,-1.0,-1.0,0.0,2024-11-08,0.0,1.0,38.7419,-88.9952
SITE_03484,IL,60202,6.0,-1.0,-1.0,-1.0,-1.0,0.0,2024-10-23,0.0,0.0,39.4997,-88.7882
SITE_03485,IL,61854,17.415,-1.0,-1.0,-1.0,-1.0,0.0,2024-11-07,1.0,0.0,38.4567,-89.8592
SITE_03486,IL,60060,8.4,-1.0,-1.0,-1.0,-1.0,0.0,2024-10-23,1.0,0.0,40.4093,-88.4435
SITE_03487,IL,61327,6.8,-1.0,-1.0,-1.0,-1.0,0.0,2024-11-01,1.0,0.0,38.6939,-89.9737
SITE_03488,IL,60548,6.24,-1.0,-1.0,-1.0,-1.0,0.0,2024-11-11,0.0,0.0,39.7443,-89.9829
SITE_03489,IL,62526,7.6,-1.0,-1.0,-1.0,-1.0,0.0,2024-11-01,1.0,0.0,40.5798,-89.0558
SITE_03490,IL,60411,6.3,-1.0,-1.0,-1.0,-1.0,0.0,2024-12-13,0.0,0.0,40.5807,-90.2357
SITE_03491,IL,60469,12.4,-1.0,-1.0,-1.0,-1.0,0.0,2024-11-14,1.0,0.0,39.9382,-88.3356
SITE_03492,IL,61046,5.8,-1.0,-1.0,-1.0,-1.0,0.0,2024-11-08,0.0,1.0,40.5365,-88.6454
SITE_03493,IL,61501,16.38,-1.0,-1.0,-1.0,-1.0,0.0,2024-12-01,0.0,1.0,39.4149,-90.2390
SITE_03494,IL,61734,11.2,-1.0,-1.0,-1.0,-1.0,0.0,2024-12-12,1.0,0.0,41.1143,-88.1540
SITE_03495,IL,61554,15.99,-1.0,-1.0,-1.0,-1.0,0.0,2024-12-13,1.0,0.0,40.8887,-90.1709
SITE_03496,IL,61071,17.6,-1.0,-1.0,-1.0,-1.0,0.0,2024-12-01,0.0,0.0,40.8881,-89.4576
SITE_03497,IL,61523,3.9,-1.0,-1.0,-1.0,-1.0,0.0,2024-12-12,1.0,0.0,41.3354,-89.1145
SITE_03498,IL,60462,14.2,-1.0,-1.0,-1.0,-1.0,0.0,2022-05-08,1.0,0.0,41.0219,-89.4708
SITE_03499,IL,60169,13.37,-1.0,-1.0,-1.0,-1.0,0.0,2023-05-02,1.0,0.0,39.0851,-89.2831
SITE_03500,IL,61821,30.24,-1.0,-1.0,-1.0,-1.0,0.0,2020-07-16,-1.0,0.0,38.7953,-89.3725
SITE_03501,WI,54843-2546,2.91,-1.0,-1.0,-1.0,0.1640150893882237,-1.0,2014-09-26,-1.0,-1.0,44.8346,-90.6857
SITE_03502,WI,53593-9742,8.04,-1.0,-1.0,-1.0,-1.0,-1.0,2014-10-15,-1.0,-1.0,45.5191,-89.1955
SITE_03503,WI,54304-3553,3.0,-1.0,-1.0,-1.0,-1.0,-1.0,2014-04-04,-1.0,-1.0,43.9285,-89.1372
SITE_03504,WI,54413,9.1,-1.0,-1.0,-1.0,0.15366837136113295,-1.0,2013-10-03,-1.0,-1.0,44.4885,-90.5261
SITE_03505,WI,53550-9702,5.28,-1.0,-1.0,-1.0,-1.0,-1.0,2013-09-27,-1.0,-1.0,45.4130,-90.3101
SITE_03506,WI,53714-1827,5.0,-1.0,-1.0,-1.0,0.16813227251386298,-1.0,2013-06-13,-1.0,-1.0,43.7193,-90.6863
SITE_03507,WI,53565-8755,7.5,-1.0,-1.0,-1.0,0.1462456825731101,-1.0,2013-06-05,-1.0,-1.0,45.3960,-89.6867
SITE_03508,WI,53711-4663,8.64,-1.0,-1.0,-1.0,-1.0,-1.0,2012-04-22,-1.0,-1.0,42.9281,-89.5086
SITE_03509,WI,53703,4.5,-1.0,-1.0,-1.0,-1.0,-1.0,2012-01-29,-1.0,-1.0,45.0458,-91.0973
SITE_03510,WI,54208,5.98,-1.0,-1.0,-1.0,-1.0,-1.0,2012-01-29,-1.0,-1.0,43.5998,-89.0407
SITE_03511,WI,53715,3.64,-1.0,-1.0,-1.0,-1.0,-1.0,2011-12-29,-1.0,-1.0,45.7784,-90.8883
SITE_03512,WI,53812,20.64,-1.0,-1.0,-1.0,-1.0,-1.0,2010-11-10,-1.0,-1.0,-9999,-9999
SITE_03513,WI,53147-4200,19.712,-1.0,-1.0,-1.0,-1.0,-1.0,2010-08-11,-1.0,-1.0,45.2592,-88.7569
SITE_03514,WI,54722-7501,8.96,-1.0,-1.0,-1.0,-1.0,-1.0,2010-04-21,-1.0,-1.0,43.8208,-89.8361
SITE_03515,WI,53593,2.88,-1.0,-1.0,-1.0,-1.0,-1.0,2009-11-29,-1.0,-1.0,46.0586,-90.9403
SITE_03516,WI,53716,4.68,-1.0,-1.0,-1.0,-1.0,-1.0,2009-08-29,-1.0,-1.0,43.4434,-90.9182
SITE_03517,WI,54806,2.1,-1.0,-1.0,-1.0,-1.0,-1.0,2009-04-29,-1.0,-1.0,43.9969,-89.8880
SITE_03518,WI,54913,3.96,-1.0,-1.0,-1.0,-1.0,-1.0,2009-04-29,-1.0,-1.0,44.7188,-91.1122
SITE_03519,WI,53717,6.56,-1.0,-1.0,-1.0,-1.0,-1.0,2008-10-26,-1.0,-1.0,44.3186,-89.3118
SITE_03520,WI,53713,1.792,-1.0,-1.0,-1.0,-1.0,-1.0,2008-07-21,-1.0,-1.0,45.6284,-90.9594
SITE_03521,WI,54981,30.0,-1.0,-1.0,-1.0,-1.0,-1.0,2008-03-29,-1.0,-1.0,43.9304,-90.7306
SITE_03522,WI,54981,5.04,-1.0,-1.0,-1.0,-1.0,-1.0,2007-09-26,-1.0,-1.0,43.6686,-89.6962
SITE_03523,WI,53190,6.24,-1.0,-1.0,-1.0,-1.0,-1.0,2007-07-25,-1.0,-1.0,42.9209,-90.2401
SITE_03524,WI,53105,3.15,-1.0,-1.0,-1.0,-1.0,-1.0,2007-06-26,-1.0,-1.0,46.2043,-90.7148
SITE_03525,WI,53126,11.0,-1.0,-1.0,-1.0,-1.0,-1.0,2004-09-29,-1.0,-1.0,43.2215,-90.2872
SITE_03526,WI,54859-9094,6.0,-1.0,-1.0,-1.0,0.15366837136113295,-1.0,2015-07-15,-1.0,-1.0,43.0299,-90.0991
SITE_03527,WI,54721-9305,17.92,-1.0,-1.0,-1.0,-1.0,-1.0,2015-10-23,-1.0,-1.0,46.0897,-90.1781
SITE_03528,WI,53095-9543,4.96,-1.0,-1.0,-1.0,0.1613952882988416,-1.0,2016-03-07,-1.0,-1.0,44.7422,-89.1864
SITE_03529,WI,53565-9076,4.94,-1.0,-1.0,-1.0,0.16390827944848646,-1.0,2016-03-30,-1.0,-1.0,45.0175,-90.7487
SITE_03530,WI,53559-8821,9.28,-1.0,-1.0,-1.0,0.17110186371897973,-1.0,2016-04-02,-1.0,-1.0,43.6674,-88.7952
SITE_03531,WI,54106-8841,9.45,-1.0,-1.0,-1.0,0.16151361329026304,-1.0,2016-06-06,-1.0,-1.0,43.3253,-88.6980
SITE_03532,WI,53179-9598,4.08,-1.0,-1.0,-1.0,0.17883442036608457,-1.0,2016-08-04,-1.0,-1.0,43.0102,-91.0192
SITE_03533,WI,54021-7440,14.04,-1.0,-1.0,-1.0,0.16564417177914112,-1.0,2016-08-15,-1.0,-1.0,46.1123,-89.4206
SITE_03534,WI,54639-6604,65.1,-1.0,-1.0,-1.0,0.18518518518518517,-1.0,2016-08-18,-1.0,-1.0,43.4599,-89.5523
SITE_03535,WI,54652-8014,6.5,-1.0,-1.0,-1.0,-1.0,-1.0,2016-09-26,-1.0,-1.0,43.9773,-90.1200
SITE_03536,WI,53562-4058,4.59,-1.0,-1.0,-1.0,0.1561065197428834,-1.0,2016-11-06,-1.0,-1.0,44.8601,-90.6290
SITE_03537,WI,54531-9776,6.96,-1.0,-1.0,-1.0,0.17890367825962503,-1.0,2017-04-13,-1.0,-1.0,45.4160,-90.5757
SITE_03538,WI,54024-9133,6.0,-1.0,-1.0,-1.0,0.19108280254777069,-1.0,2017-06-29,-1.0,-1.0,46.1879,-90.1678
SITE_03539,WI,54909-9311,3.85,-1.0,-1.0,-1.0,0.16965003972895476,-1.0,2017-10-03,-1.0,-1.0,44.2760,-90.3285
SITE_03540,WI,54141-8636,-1.0,-1.0,-1.0,-1.0,-1.0,-1.0,2017-10-18,-1.0,-1.0,43.6533,-90.6266
SITE_03541,WI,54874-8805,4.32,-1.0,-1.0,-1.0,0.16564417177914112,-1.0,2017-11-02,-1.0,-1.0,45.9561,-90.2327
SITE_03542,WI,53142-4644,5.4,-1.0,-1.0,-1.0,0.19189970042324547,-1.0,2017-11-28,-1.0,-1.0,46.0602,-90.1848
SITE_03543,WI,54494-5499,-1.0,-1.0,-1.0,-1.0,-1.0,-1.0,2017-12-15,-1.0,-1.0,44.0116,-90.1500
SITE_03544,WI,53051-6664,9.0,-1.0,-1.0,-1.0,0.18518518518518517,-1.0,2018-01-08,-1.0,-1.0,46.2736,-89.1110
SITE_03545,WI,54631-7111,7.32,-1.0,-1.0,-1.0,0.18950267043435257,-1.0,2018-04-06,-1.0,-1.0,46.0144,-88.6739
SITE_03546,WI,54313,257.28,-1.0,-1.0,-1.0,0.17387747814334148,-1.0,2018-04-16,-1.0,-1.0,45.3928,-89.6113
SITE_03547,WI,53066-8608,2.2,-1.0,-1.0,-1.0,0.1640150893882237,-1.0,2018-06-29,-1.0,-1.0,44.0145,-90.2047
SITE_03548,WI,53151-7316,6.9,-1.0,-1.0,-1.0,0.1832844574780059,-1.0,2018-07-11,-1.0,-1.0,45.0336,-88.6924
SITE_03549,WI,54451-9716,9.1,-1.0,-1.0,-1.0,0.18088481616676133,-1.0,2018-07-27,-1.0,-1.0,43.2415,-91.0850
SITE_03550,WI,53560-9742,9.62,-1.0,-1.0,-1.0,0.19473684210526318,-1.0,2018-08-03,-1.0,-1.0,43.1127,-90.8958
SITE_03551,WI,53021-9437,2.9,-1.0,-1.0,-1.0,0.17901234567901234,-1.0,2018-10-10,-1.0,-1.0,43.2355,-89.0474
SITE_03552,WI,53824-9701,-1.0,-1.0,-1.0,-1.0,-1.0,-1.0,2018-10-29,-1.0,-1.0,44.6573,-89.9699
SITE_03553,WI,54847,5.25,-1.0,-1.0,-1.0,0.18088481616676133,-1.0,2018-10-31,-1.0,-1.0,44.9070,-89.4893
SITE_03554,WI,53590-4470,10.2,-1.0,-1.0,-1.0,0.18440204563335957,-1.0,2018-11-12,-1.0,-1.0,45.9854,-90.4880
SITE_03555,WI,53151-7316,6.0,-1.0,-1.0,-1.0,0.1832844574780059,-1.0,2018-11-20,-1.0,-1.0,43.5857,-90.8495
SITE_03556,WI,53711-5512,6.0,-1.0,-1.0,-1.0,0.1832844574780059,-1.0,2018-11-20,-1.0,-1.0,45.1808,-89.5388
SITE_03557,WI,53572-2445,12.42,-1.0,-1.0,-1.0,0.17692307692307693,-1.0,2018-12-07,-1.0,-1.0,43.9288,-89.0412
SITE_03558,WI,54843-5104,2.72,-1.0,-1.0,-1.0,0.1734523964999347,-1.0,2018-12-14,-1.0,-1.0,45.4017,-89.4904
SITE_03559,WI,53711-1690,5.1,-1.0,-1.0,-1.0,0.18719312027844354,-1.0,2019-05-09,-1.0,-1.0,44.5653,-89.9446
SITE_03560,WI,54915-7281,7.59,-1.0,-1.0,-1.0,0.20625,-1.0,2019-06-19,-1.0,-1.0,44.8101,-89.2967
SITE_03561,WI,53517-9678,12.2,-1.0,-1.0,-1.0,0.18950267043435257,-1.0,2019-07-05,-1.0,-1.0,44.7340,-90.2351
SITE_03562,WI,54022-1254,8.09,-1.0,-1.0,-1.0,0.20052083333333334,-1.0,2019-07-22,-1.0,-1.0,45.8413,-90.6521
SITE_03563,WI,53704-1047,5.55,-1.0,-1.0,-1.0,0.19451192489526584,-1.0,2019-08-20,-1.0,-1.0,44.9396,-91.1038
SITE_03564,WI,54016-7501,5.04,-1.0,-1.0,-1.0,0.19444444444444442,-1.0,2019-08-21,-1.0,-1.0,43.4380,-89.9941
SITE_03565,WI,54220-9793,7.68,-1.0,-1.0,-1.0,0.19753086419753085,-1.0,2019-08-30,-1.0,-1.0,44.1567,-89.9400
SITE_03566,WI,53913-9660,11.7,-1.0,-1.0,-1.0,0.1986754966887417,-1.0,2019-09-12,-1.0,-1.0,46.2425,-89.7228
SITE_03567,WI,53590-2554,5.1,-1.0,-1.0,-1.0,0.18719312027844354,-1.0,2019-09-16,-1.0,-1.0,44.6858,-88.8982
SITE_03568,WI,53120-1524,11.55,-1.0,-1.0,-1.0,0.20625,-1.0,2019-09-20,-1.0,-1.0,44.6245,-89.5086
SITE_03569,WI,53081-1130,-1.0,-1.0,-1.0,-1.0,-1.0,-1.0,2019-10-03,-1.0,-1.0,43.0398,-89.3894
SITE_03570,WI,54501-8191,5.49,-1.0,-1.0,-1.0,0.1881573167902953,-1.0,2019-10-10,-1.0,-1.0,45.6990,-89.7583
SITE_03571,WI,53558-8738,7.2,-1.0,-1.0,-1.0,0.18719312027844354,-1.0,2019-10-18,-1.0,-1.0,43.2978,-90.8554
SITE_03572,WI,54202-9623,3.2,-1.0,-1.0,-1.0,0.19789734075448362,-1.0,2019-10-30,-1.0,-1.0,45.1695,-89.9132
SITE_03573,WI,54601-5118,7.0,-1.0,-1.0,-1.0,-1.0,-1.0,2019-11-12,-1.0,-1.0,43.6130,-89.1686
SITE_03574,WI,54005-3400,8.1,-1.0,-1.0,-1.0,0.16564417177914112,-1.0,2019-11-26,-1.0,-1.0,43.2104,-89.7880
SITE_03575,WI,53562-5256,5.7,-1.0,-1.0,-1.0,0.18719312027844354,-1.0,2019-12-06,-1.0,-1.0,45.7723,-90.5257
SITE_03576,WI,53705-4446,6.8,-1.0,-1.0,-1.0,0.20833333333333334,-1.0,2019-12-06,-1.0,-1.0,43.2619,-88.7378
SITE_03577,WI,54449-4279,18.3,-1.0,-1.0,-1.0,0.18827160493827158,-1.0,2019-12-13,-1.0,-1.0,45.0807,-88.6417
SITE_03578,WI,53711-5800,15.17,-1.0,-1.0,-1.0,0.19451192489526584,-1.0,2019-12-17,-1.0,-1.0,45.2989,-90.8856
SITE_03579,WI,54868-9723,3.84,-1.0,-1.0,-1.0,0.20253164556962025,-1.0,2019-12-27,-1.0,-1.0,44.8343,-89.2396
SITE_03580,WI,54755-1367,6.51,-1.0,-1.0,-1.0,0.1958307012002527,-1.0,2020-01-02,-1.0,-1.0,43.2805,-90.9566
SITE_03581,WI,53572-3317,3.41,-1.0,-1.0,-1.0,0.1928033356220955,-1.0,2020-01-21,-1.0,-1.0,44.8935,-91.1412
SITE_03582,WI,54981-8719,8.24,-1.0,-1.0,-1.0,0.18827160493827158,-1.0,2020-01-24,-1.0,-1.0,43.0758,-89.1809
SITE_03583,WI,53711-1657,6.3,-1.0,-1.0,-1.0,0.18925484584404245,-1.0,2020-01-30,-1.0,-1.0,44.9958,-90.2848
SITE_03584,WI,53594-1423,4.96,-1.0,-1.0,-1.0,0.1962025316455696,-1.0,2020-03-09,-1.0,-1.0,46.2903,-91.0948
SITE_03585,WI,53597-9591,15.3,-1.0,-1.0,-1.0,0.18719312027844354,-1.0,2020-03-14,-1.0,-1.0,45.8988,-88.6425
SITE_03586,WI,53711-1154,5.55,-1.0,-1.0,-1.0,0.19451192489526584,-1.0,2020-03-20,-1.0,-1.0,43.2336,-90.8914
SITE_03587,WI,54162-9666,8.14,-1.0,-1.0,-1.0,0.19003595274781712,-1.0,2020-03-30,-1.0,-1.0,44.3273,-90.4344
SITE_03588,WI,53572-2376,4.34,-1.0,-1.0,-1.0,0.1962025316455696,-1.0,2020-04-23,-1.0,-1.0,43.7969,-90.9754
SITE_03589,WI,54843-5179,2.07,-1.0,-1.0,-1.0,0.17600316703669844,-1.0,2020-05-01,-1.0,-1.0,44.9323,-88.8978
SITE_03590,WI,53406-3218,9.28,-1.0,-1.0,-1.0,0.1927710843373494,-1.0,2020-06-04,-1.0,-1.0,45.4517,-88.9744
SITE_03591,WI,53517-9427,3.3,-1.0,-1.0,-1.0,0.20625,-1.0,2020-06-15,-1.0,-1.0,46.2937,-90.9303
SITE_03592,WI,53508-9655,6.16,-1.0,-1.0,-1.0,0.1984536082474227,-1.0,2020-06-18,-1.0,-1.0,43.1957,-89.7136
SITE_03593,WI,53527-9599,9.57,-1.0,-1.0,-1.0,0.20245398773006135,-1.0,2020-06-22,-1.0,-1.0,43.3435,-90.5211
SITE_03594,WI,53066-1902,5.53,-1.0,-1.0,-1.0,0.19602977667493796,-1.0,2020-06-30,-1.0,-1.0,45.1717,-90.6423
SITE_03595,WI,54115-8617,6.72,-1.0,-1.0,-1.0,0.19753086419753085,-1.0,2020-07-15,-1.0,-1.0,46.2127,-90.7482
SITE_03596,WI,53711-1475,5.76,-1.0,-1.0,-1.0,0.19789734075448362,-1.0,2020-07-29,-1.0,-1.0,44.2896,-89.4229
SITE_03597,WI,54821-4696,6.82,-1.0,-1.0,-1.0,0.19375,-1.0,2020-08-04,-1.0,-1.0,44.6305,-89.4069
SITE_03598,WI,53711-5370,679.63,-1.0,-1.0,-1.0,0.21726190476190477,-1.0,2020-08-05,-1.0,-1.0,43.4730,-90.5976
SITE_03599,WI,53527-9143,4.48,-1.0,-1.0,-1.0,0.19626170517075994,-1.0,2020-08-12,-1.0,-1.0,46.2322,-90.2541
SITE_03600,WI,53545-9588,9.28,-1.0,-1.0,-1.0,0.19626170517075994,-1.0,2020-08-20,-1.0,-1.0,45.3407,-89.3740
SITE_03601,WI,53558-8466,8.32,-1.0,-1.0,-1.0,0.19626170517075994,-1.0,2020-08-23,-1.0,-1.0,43.1878,-90.8311
SITE_03602,WI,53533-1929,3.2,-1.0,-1.0,-1.0,0.19626170517075994,-1.0,2020-09-12,-1.0,-1.0,42.9291,-89.4117
SITE_03603,WI,53717-1083,5.44,-1.0,-1.0,-1.0,0.19626170517075994,-1.0,2020-09-16,-1.0,-1.0,45.8710,-90.7295
SITE_03604,WI,53546-3433,6.4,-1.0,-1.0,-1.0,0.19626170517075994,-1.0,2020-10-02,-1.0,-1.0,43.0642,-89.2118
SITE_03605,WI,54494-9518,3.9,-1.0,-1.0,-1.0,0.19938650306748468,-1.0,2020-10-07,-1.0,-1.0,44.0485,-90.1494
SITE_03606,WI,53719-4820,4.16,-1.0,-1.0,-1.0,0.19626170517075994,-1.0,2020-10-15,-1.0,-1.0,45.3150,-89.3913
SITE_03607,WI,54157-9524,7.68,-1.0,-1.0,-1.0,0.19753086419753085,-1.0,2020-10-27,-1.0,-1.0,44.6096,-89.8880
SITE_03608,WI,53719-4828,3.84,-1.0,-1.0,-1.0,0.19626170517075994,-1.0,2020-11-23,-1.0,-1.0,43.8720,-88.9159
SITE_03609,WI,53021,7.67,-1.0,-1.0,-1.0,0.21726190476190477,-1.0,2020-12-03,-1.0,-1.0,45.5466,-89.9960
SITE_03610,WI,54235-2417,21.12,-1.0,-1.0,-1.0,0.19753086419753085,-1.0,2020-12-04,-1.0,-1.0,44.5818,-91.0467
SITE_03611,WI,53508-9157,8.96,-1.0,-1.0,-1.0,0.19626170517075994,-1.0,2020-12-08,-1.0,-1.0,44.1345,-91.0441
SITE_03612,WI,53546-9751,36.23,-1.0,-1.0,-1.0,0.17301905717151453,-1.0,2020-12-21,-1.0,-1.0,45.3636,-89.1365
SITE_03613,WI,53521-9723,2.34,-1.0,-1.0,-1.0,-1.0,-1.0,2021-01-13,-1.0,-1.0,45.5637,-91.1710
SITE_03614,WI,53546-4414,0.64,-1.0,-1.0,-1.0,0.19626170517075994,-1.0,2021-01-18,-1.0,-1.0,45.6091,-91.1545
SITE_03615,WI,53925-9475,8.4,-1.0,-1.0,-1.0,0.20376974019358124,-1.0,2021-02-02,-1.0,-1.0,44.3460,-90.2500
SITE_03616,WI,54136-4400,10.24,-1.0,-1.0,-1.0,0.19789734075448362,-1.0,2021-02-03,-1.0,-1.0,45.7006,-90.1180
SITE_03617,WI,53508-9193,6.93,-1.0,-1.0,-1.0,0.2023948834573462,-1.0,2021-02-03,-1.0,-1.0,43.4046,-88.8675
SITE_03618,WI,53066-3477,7.92,-1.0,-1.0,-1.0,0.2023948834573462,-1.0,2021-03-04,-1.0,-1.0,44.9435,-89.4846
SITE_03619,WI,53565-9024,8.69,-1.0,-1.0,-1.0,0.20381836945304438,-1.0,2021-03-31,-1.0,-1.0,45.9318,-90.5935
SITE_03620,WI,53558-8763,5.61,-1.0,-1.0,-1.0,0.2023948834573462,-1.0,2021-04-14,-1.0,-1.0,45.9392,-89.1127
SITE_03621,WI,53184-9771,3.2,-1.0,-1.0,-1.0,0.19753086419753085,-1.0,2021-04-15,-1.0,-1.0,44.4852,-90.8923
SITE_03622,WI,53089-5005,7.13,-1.0,-1.0,-1.0,0.22411072862880094,-1.0,2021-04-23,-1.0,-1.0,46.0876,-90.7100
SITE_03623,WI,53718-3001,5.53,-1.0,-1.0,-1.0,0.1957831325301205,-1.0,2021-04-27,-1.0,-1.0,43.5080,-90.0181
SITE_03624,WI,53546-4361,5.28,-1.0,-1.0,-1.0,0.2023948834573462,-1.0,2021-05-06,-1.0,-1.0,44.4409,-89.7610
SITE_03625,WI,53105-1807,2.88,-1.0,-1.0,-1.0,0.21301775147928995,-1.0,2021-05-10,-1.0,-1.0,45.5975,-90.6276
SITE_03626,WI,53224-2613,9.28,-1.0,-1.0,-1.0,0.19753086419753085,-1.0,2021-05-10,-1.0,-1.0,43.2715,-89.0020
SITE_03627,WI,53222-3632,20.8,-1.0,-1.0,-1.0,0.1990121039161602,-1.0,2021-05-17,-1.0,-1.0,45.5898,-89.1995
SITE_03628,WI,54443-9620,8.16,-1.0,-1.0,-1.0,0.19607843137254904,-1.0,2021-05-19,-1.0,-1.0,45.8311,-90.2681
SITE_03629,WI,53548-8532,7.59,-1.0,-1.0,-1.0,0.2023948834573462,-1.0,2021-05-20,-1.0,-1.0,43.3513,-91.0525
SITE_03630,WI,53217-2102,11.12,-1.0,-1.0,-1.0,0.20061349693251534,-1.0,2021-05-28,-1.0,-1.0,44.8475,-89.6232
SITE_03631,WI,53813-1704,10.0,-1.0,-1.0,-1.0,0.20512820512820515,-1.0,2021-06-03,-1.0,-1.0,45.0200,-90.5807
SITE_03632,WI,53597-8700,7.02,-1.0,-1.0,-1.0,0.19597989949748745,-1.0,2021-06-15,-1.0,-1.0,46.2821,-88.9376
SITE_03633,WI,54636-8102,5.28,-1.0,-1.0,-1.0,0.2023948834573462,-1.0,2021-06-22,-1.0,-1.0,43.1625,-89.9475
SITE_03634,WI,53590-9459,3.9,-1.0,-1.0,-1.0,0.1957831325301205,-1.0,2021-06-24,-1.0,-1.0,43.6006,-89.4229
SITE_03635,WI,53593-9447,9.9,-1.0,-1.0,-1.0,0.2023948834573462,-1.0,2021-06-28,-1.0,-1.0,44.5926,-88.6738
SITE_03636,WI,53575-3034,22.2,-1.0,-1.0,-1.0,0.185,-1.0,2021-07-09,-1.0,-1.0,43.6064,-90.0172
SITE_03637,WI,53704-6421,12.24,-1.0,-1.0,-1.0,0.20224719101123595,-1.0,2021-07-17,-1.0,-1.0,44.9924,-89.4845
SITE_03638,WI,53024-9714,6.8,-1.0,-1.0,-1.0,0.19704433497536947,-1.0,2021-08-19,-1.0,-1.0,44.7914,-89.0494
SITE_03639,WI,53573-8802,7.56,-1.0,-1.0,-1.0,0.2014388489208633,-1.0,2021-08-26,-1.0,-1.0,45.6229,-89.4476
SITE_03640,WI,54166-6124,9.89,-1.0,-1.0,-1.0,0.2062350119904077,-1.0,2021-09-01,-1.0,-1.0,45.5586,-89.3963
SITE_03641,WI,53572-2342,8.58,-1.0,-1.0,-1.0,0.1987951807228916,-1.0,2021-09-21,-1.0,-1.0,44.7929,-89.9220
SITE_03642,WI,54949-9589,7.82,-1.0,-1.0,-1.0,0.19607843137254904,-1.0,2021-09-30,-1.0,-1.0,45.9106,-89.0761
SITE_03643,WI,53205-1223,4.44,-1.0,-1.0,-1.0,0.21893491124260356,-1.0,2021-10-07,-1.0,-1.0,45.9542,-90.0838
SITE_03644,WI,53910-9604,3.83,-1.0,-1.0,-1.0,0.2038369304556355,-1.0,2021-10-19,-1.0,-1.0,45.8366,-90.0997
SITE_03645,WI,53508-9699,6.84,-1.0,-1.0,-1.0,0.20224719101123595,-1.0,2021-10-27,-1.0,-1.0,45.7649,-88.6237
SITE_03646,WI,53057-9619,7.4,-1.0,-1.0,-1.0,0.20407262779358878,-1.0,2021-11-01,-1.0,-1.0,43.6916,-90.1994
SITE_03647,WI,53561-9786,11.7,-1.0,-1.0,-1.0,0.19796954314720813,-1.0,2021-12-17,-1.0,-1.0,-9999,-9999
SITE_03648,WI,54913-8414,6.12,-1.0,-1.0,-1.0,0.19607843137254904,-1.0,2021-10-19,-1.0,-1.0,44.9811,-90.0855
SITE_03649,WI,53051-1930,8.51,-1.0,-1.0,-1.0,0.20407262779358878,-1.0,2021-12-15,-1.0,-1.0,44.4049,-89.6175
SITE_03650,WI,54011-4108,10.13,-1.0,-1.0,-1.0,0.2076923076923077,-1.0,2021-12-17,-1.0,-1.0,45.4518,-89.9164
SITE_03651,WI,54481-6061,13.13,-1.0,-1.0,-1.0,0.18901209677419353,-1.0,2021-12-30,-1.0,-1.0,45.1703,-91.1987
SITE_03652,WI,53179-9650,23.08,-1.0,-1.0,-1.0,0.20056497175141244,-1.0,2022-02-10,-1.0,-1.0,44.4467,-89.3699
SITE_03653,WI,53536-9754,3.96,-1.0,-1.0,-1.0,0.20224719101123595,-1.0,2022-02-15,-1.0,-1.0,43.6217,-90.9445
SITE_03654,WI,53186-6805,7.46,-1.0,-1.0,-1.0,0.20056497175141244,-1.0,2022-02-16,-1.0,-1.0,45.9742,-89.9208
SITE_03655,WI,53214-2551,10.08,-1.0,-1.0,-1.0,0.2162162162162162,-1.0,2022-02-28,-1.0,-1.0,43.7697,-89.4570
SITE_03656,WI,54313-7318,14.6,-1.0,-1.0,-1.0,0.2062146892655367,-1.0,2022-03-09,-1.0,-1.0,44.2896,-88.7515
SITE_03657,WI,53590-4681,7.25,-1.0,-1.0,-1.0,0.19306099608282037,-1.0,2022-04-10,-1.0,-1.0,43.1997,-90.4990
SITE_03658,WI,54235-9492,5.25,-1.0,-1.0,-1.0,0.19444444444444442,-1.0,2022-04-11,-1.0,-1.0,44.6960,-91.1876
SITE_03659,WI,53583-1014,8.28,-1.0,-1.0,-1.0,0.20224719101123595,-1.0,2022-04-18,-1.0,-1.0,43.5073,-91.1145
SITE_03660,WI,54962-9353,7.3,-1.0,-1.0,-1.0,0.2062146892655367,-1.0,2022-04-20,-1.0,-1.0,44.5501,-89.6079
SITE_03661,WI,53502-9550,5.76,-1.0,-1.0,-1.0,0.20224719101123595,-1.0,2022-04-22,-1.0,-1.0,43.1740,-89.9819
SITE_03662,WI,53718-2913,8.97,-1.0,-1.0,-1.0,0.19306099608282037,-1.0,2022-04-28,-1.0,-1.0,45.2434,-89.3854
SITE_03663,WI,53532-3306,8.88,-1.0,-1.0,-1.0,0.20407262779358878,-1.0,2022-05-24,-1.0,-1.0,43.0387,-89.7847
SITE_03664,WI,54482-8960,3.4,-1.0,-1.0,-1.0,0.19607843137254904,-1.0,2022-05-29,-1.0,-1.0,44.9669,-91.1615
SITE_03665,WI,54770-2606,11.2,-1.0,-1.0,-1.0,0.20512820512820515,-1.0,2022-06-13,-1.0,-1.0,45.0009,-88.7354
SITE_03666,WI,53719-4549,3.96,-1.0,-1.0,-1.0,0.20224719101123595,-1.0,2022-06-15,-1.0,-1.0,43.1604,-89.1033
SITE_03667,WI,53532-1797,5.52,-1.0,-1.0,-1.0,0.19306099608282037,-1.0,2022-06-16,-1.0,-1.0,45.7631,-90.9384
SITE_03668,WI,53507-9732,7.2,-1.0,-1.0,-1.0,0.2027027027027027,-1.0,2022-06-17,-1.0,-1.0,44.1037,-89.8177
SITE_03669,WI,53151-9542,2.96,-1.0,-1.0,-1.0,0.20407262779358878,-1.0,2022-07-08,-1.0,-1.0,44.2385,-90.7945
SITE_03670,WI,53551-1809,4.95,-1.0,-1.0,-1.0,0.17007223431624777,-1.0,2022-07-21,-1.0,-1.0,45.9375,-89.3868
SITE_03671,WI,53713-1905,21.6,-1.0,-1.0,-1.0,-1.0,-1.0,2022-08-01,-1.0,-1.0,46.2241,-89.3695
SITE_03672,WI,54665-7198,14.04,-1.0,-1.0,-1.0,0.21686746987951808,-1.0,2022-08-29,-1.0,-1.0,46.2879,-91.1523
SITE_03673,WI,53210-1308,4.81,-1.0,-1.0,-1.0,0.20407262779358878,-1.0,2022-09-09,-1.0,-1.0,45.2683,-89.5615
SITE_03674,WI,53717-1828,5.74,-1.0,-1.0,-1.0,0.22905027932960895,-1.0,2022-09-09,-1.0,-1.0,44.9016,-90.7009
SITE_03675,WI,53121-2871,21.6,-1.0,-1.0,-1.0,0.2084942084942085,-1.0,2022-09-12,-1.0,-1.0,43.7811,-90.1137
SITE_03676,WI,53122-2156,9.84,-1.0,-1.0,-1.0,0.22905027932960895,-1.0,2022-09-16,-1.0,-1.0,43.8330,-89.3518
SITE_03677,WI,53150-9443,4.51,-1.0,-1.0,-1.0,0.21025641025641026,-1.0,2022-10-03,-1.0,-1.0,43.0661,-90.2392
SITE_03678,WI,53211-2346,13.94,-1.0,-1.0,-1.0,0.22905027932960895,-1.0,2022-10-10,-1.0,-1.0,46.0088,-88.8157
SITE_03679,WI,53503-9533,10.35,-1.0,-1.0,-1.0,0.19306099608282037,-1.0,2022-10-21,-1.0,-1.0,44.4306,-90.8170
SITE_03680,WI,53543-9384,19.68,-1.0,-1.0,-1.0,0.21025641025641026,-1.0,2022-11-04,-1.0,-1.0,42.9541,-90.1147
SITE_03681,WI,53527-9676,4.8,-1.0,-1.0,-1.0,0.20833333333333334,-1.0,2022-12-05,-1.0,-1.0,44.0606,-91.1764
SITE_03682,WI,53528-9522,7.4,-1.0,-1.0,-1.0,0.21688159437280188,-1.0,2022-04-28,-1.0,-1.0,44.0508,-90.0877
SITE_03683,WI,53704-8924,7.25,-1.0,-1.0,-1.0,0.19306099608282037,-1.0,2022-06-30,-1.0,-1.0,45.2658,-90.2452
SITE_03684,WI,54021-7452,9.86,-1.0,-1.0,-1.0,0.21726190476190477,-1.0,2022-10-18,-1.0,-1.0,44.1087,-88.7695
SITE_03685,WI,53961-9732,7.2,-1.0,-1.0,-1.0,0.20930232558139536,-1.0,2022-11-03,-1.0,-1.0,44.8647,-90.3274
SITE_03686,WI,54623-8044,13.32,-1.0,-1.0,-1.0,0.18781725888324874,-1.0,2022-11-07,-1.0,-1.0,43.4178,-89.0061
SITE_03687,WI,53716-1546,7.11,-1.0,-1.0,-1.0,0.218232044198895,-1.0,2022-11-09,-1.0,-1.0,45.5786,-90.2259
SITE_03688,WI,53211-3759,6.72,-1.0,-1.0,-1.0,0.218232044198895,-1.0,2022-11-28,-1.0,-1.0,45.1540,-89.9402
SITE_03689,WI,53929-8910,9.79,-1.0,-1.0,-1.0,0.20182577492026743,-1.0,2022-12-02,-1.0,-1.0,45.0847,-89.9040
SITE_03690,WI,54115-8969,8.2,-1.0,-1.0,-1.0,0.22905027932960895,-1.0,2022-12-06,-1.0,-1.0,44.6123,-91.1394
SITE_03691,WI,54806-2680,8.2,-1.0,-1.0,-1.0,0.21025641025641026,-1.0,2022-12-13,-1.0,-1.0,44.7592,-89.6876
SITE_03692,WI,53536-9604,14.24,-1.0,-1.0,-1.0,0.20182577492026743,-1.0,2022-12-19,-1.0,-1.0,45.3598,-88.9701
SITE_03693,WI,54558-9749,69.42,-1.0,-1.0,-1.0,0.20697674418604653,-1.0,2022-12-21,-1.0,-1.0,44.2472,-90.1739
SITE_03694,WI,54529-9507,16.02,-1.0,-1.0,-1.0,0.20182577492026743,-1.0,2022-12-21,-1.0,-1.0,45.0514,-90.6243
SITE_03695,WI,53538-9058,8.14,-1.0,-1.0,-1.0,0.20903954802259886,-1.0,2022-12-29,-1.0,-1.0,45.9508,-90.4441
SITE_03696,WI,54703-0749,16.02,-1.0,-1.0,-1.0,0.2031963470319635,-1.0,2022-12-30,-1.0,-1.0,44.1190,-90.7910
SITE_03697,WI,53211-1740,12.15,-1.0,-1.0,-1.0,0.225752508361204,-1.0,2023-01-04,-1.0,-1.0,43.5263,-90.7762
SITE_03698,WI,54986-9780,11.84,-1.0,-1.0,-1.0,0.20903954802259886,-1.0,2023-01-10,-1.0,-1.0,43.5775,-90.4049
SITE_03699,WI,54904-6550,4.4,-1.0,-1.0,-1.0,0.20833333333333334,-1.0,2023-01-10,-1.0,-1.0,46.1471,-90.7012
SITE_03700,WI,53098-3412,8.8,-1.0,-1.0,-1.0,0.20833333333333334,-1.0,2023-01-11,-1.0,-1.0,45.9008,-90.3023
SITE_03701,WI,53718-9115,5.92,-1.0,-1.0,-1.0,0.20555555555555555,-1.0,2023-01-12,-1.0,-1.0,45.4256,-90.0501
SITE_03702,WI,53092-4800,8.8,-1.0,-1.0,-1.0,0.2061855670103093,-1.0,2023-01-18,-1.0,-1.0,46.0648,-89.3587
SITE_03703,WI,54013-4127,2.7,-1.0,-1.0,-1.0,0.20361990950226247,-1.0,2023-01-20,-1.0,-1.0,43.5030,-90.3463
SITE_03704,WI,53212-1950,6.75,-1.0,-1.0,-1.0,0.20930232558139536,-1.0,2023-01-30,-1.0,-1.0,43.5433,-90.0588
SITE_03705,WI,53209-3402,7.29,-1.0,-1.0,-1.0,0.225752508361204,-1.0,2023-02-02,-1.0,-1.0,46.1766,-90.5765
SITE_03706,WI,53402-1551,2.4,-1.0,-1.0,-1.0,0.20833333333333334,-1.0,2023-02-08,-1.0,-1.0,45.1348,-90.2538
SITE_03707,WI,53142-2456,10.23,-1.0,-1.0,-1.0,0.1987951807228916,-1.0,2023-02-09,-1.0,-1.0,45.1633,-89.4385
SITE_03708,WI,53718-3070,6.84,-1.0,-1.0,-1.0,0.21468926553672316,-1.0,2023-02-09,-1.0,-1.0,46.2616,-89.0573
SITE_03709,WI,53045-2925,246.6,-1.0,-1.0,-1.0,0.20930232558139536,-1.0,2023-02-13,-1.0,-1.0,44.9007,-90.1841
SITE_03710,WI,53546-1376,4.81,-1.0,-1.0,-1.0,0.2032967032967033,-1.0,2023-02-21,-1.0,-1.0,45.8968,-90.0821
SITE_03711,WI,53188-4602,12.4,-1.0,-1.0,-1.0,0.20833333333333334,-1.0,2023-03-07,-1.0,-1.0,44.2545,-89.6536
SITE_03712,WI,53590-1448,5.74,-1.0,-1.0,-1.0,0.211340206185567,-1.0,2023-03-09,-1.0,-1.0,-9999,-9999
SITE_03713,WI,53590-3313,8.2,-1.0,-1.0,-1.0,0.211340206185567,-1.0,2023-03-14,-1.0,-1.0,43.3369,-88.8554
SITE_03714,WI,53039-9782,15.02,-1.0,-1.0,-1.0,0.2081081081081081,-1.0,2023-03-21,-1.0,-1.0,45.6287,-88.6566
SITE_03715,WI,53051-4240,1.44,-1.0,-1.0,-1.0,0.1978021978021978,-1.0,2023-03-24,-1.0,-1.0,45.9219,-90.4800
SITE_03716,WI,53210-1022,11.2,-1.0,-1.0,-1.0,0.2229654403567447,-1.0,2023-03-24,-1.0,-1.0,45.4645,-88.8299
SITE_03717,WI,53144-7225,7.2,-1.0,-1.0,-1.0,0.2229654403567447,-1.0,2023-04-13,-1.0,-1.0,44.0239,-90.1637
SITE_03718,WI,53072-5142,5.92,-1.0,-1.0,-1.0,0.20903954802259886,-1.0,2023-04-13,-1.0,-1.0,44.8245,-90.3721
SITE_03719,WI,53172-2422,9.75,-1.0,-1.0,-1.0,0.20526315789473684,-1.0,2023-04-17,-1.0,-1.0,45.9594,-88.8295
SITE_03720,WI,54703-3333,6.6,-1.0,-1.0,-1.0,0.17010309278350516,-1.0,2023-05-02,-1.0,-1.0,44.0943,-89.0419
SITE_03721,WI,54130-8601,13.87,-1.0,-1.0,-1.0,0.21987951807228917,-1.0,2023-05-08,-1.0,-1.0,44.8022,-89.7220
SITE_03722,WI,54202-3404,217.08,-1.0,-1.0,-1.0,0.19424460431654678,-1.0,2023-05-09,-1.0,-1.0,44.0852,-90.5047
SITE_03723,WI,53597-9289,7.51,-1.0,-1.0,-1.0,0.22017837235228538,-1.0,2023-05-15,-1.0,-1.0,43.8304,-91.1439
SITE_03724,WI,53711-9320,4.92,-1.0,-1.0,-1.0,0.211340206185567,-1.0,2023-05-24,-1.0,-1.0,43.8508,-90.9072
SITE_03725,WI,53562,6.0,-1.0,-1.0,-1.0,0.20512820512820515,-1.0,2023-06-09,-1.0,-1.0,43.0886,-88.8940
SITE_03726,WI,54650,12.6,-1.0,-1.0,-1.0,0.20547945205479454,-1.0,2023-06-13,-1.0,-1.0,43.1404,-88.7624
SITE_03727,WI,54449,3.56,-1.0,-1.0,-1.0,0.2031963470319635,-1.0,2023-06-16,-1.0,-1.0,45.0208,-89.7447
SITE_03728,WI,53718,5.84,-1.0,-1.0,-1.0,0.21987951807228917,-1.0,2023-06-19,-1.0,-1.0,45.4155,-90.3210
SITE_03729,WI,53901-9734,9.36,-1.0,-1.0,-1.0,0.1978021978021978,-1.0,2023-06-22,-1.0,-1.0,44.8607,-89.9614
SITE_03730,WI,54022,6.4,-1.0,-1.0,-1.0,0.20833333333333334,-1.0,2023-07-07,-1.0,-1.0,44.3649,-91.0740
SITE_03731,WI,53534,9.84,-1.0,-1.0,-1.0,0.211340206185567,-1.0,2023-07-10,-1.0,-1.0,45.9642,-89.9281
SITE_03732,WI,53018,6.8,-1.0,-1.0,-1.0,0.20833333333333334,-1.0,2023-07-10,-1.0,-1.0,43.0640,-89.4237
SITE_03733,WI,53711,6.97,-1.0,-1.0,-1.0,0.211340206185567,-1.0,2023-07-14,-1.0,-1.0,44.4952,-89.5113
SITE_03734,WI,54751-2272,9.6,-1.0,-1.0,-1.0,0.2229654403567447,-1.0,2023-07-19,-1.0,-1.0,43.8862,-90.7681
SITE_03735,WI,54494-7709,17.1,-1.0,-1.0,-1.0,0.20547945205479454,-1.0,2023-07-21,-1.0,-1.0,45.9285,-90.4014
SITE_03736,WI,53960,23.54,-1.0,-1.0,-1.0,0.2123015873015873,-1.0,2023-07-22,-1.0,-1.0,44.3845,-88.9945
SITE_03737,WI,53711,9.36,-1.0,-1.0,-1.0,0.19402985074626866,-1.0,2023-08-01,-1.0,-1.0,44.4248,-90.5243
SITE_03738,WI,54481,8.1,-1.0,-1.0,-1.0,0.2109375,-1.0,2023-08-15,-1.0,-1.0,43.3151,-89.3401
SITE_03739,WI,54701,8.55,-1.0,-1.0,-1.0,0.20547945205479454,-1.0,2023-08-22,-1.0,-1.0,44.4532,-89.4767
SITE_03740,WI,53807,28.0,-1.0,-1.0,-1.0,0.21097046413502107,-1.0,2023-08-28,-1.0,-1.0,44.4343,-90.8709
SITE_03741,WI,53589-3037,5.18,-1.0,-1.0,-1.0,0.19473684210526318,-1.0,2023-08-30,-1.0,-1.0,44.2180,-89.8057
SITE_03742,WI,53575-3890,8.2,-1.0,-1.0,-1.0,0.211340206185567,-1.0,2023-09-11,-1.0,-1.0,44.4459,-91.1808
SITE_03743,WI,53705,48.4,-1.0,-1.0,-1.0,0.16937669376693767,-1.0,2023-09-11,-1.0,-1.0,44.6989,-90.1200
SITE_03744,WI,53901,11.96,-1.0,-1.0,-1.0,0.2119815668202765,-1.0,2023-09-13,-1.0,-1.0,44.0592,-88.9768
SITE_03745,WI,54171,8.61,-1.0,-1.0,-1.0,0.22905027932960895,-1.0,2023-09-22,-1.0,-1.0,-9999,-9999
SITE_03746,WI,54540,5.85,-1.0,-1.0,-1.0,0.20547945205479454,-1.0,2023-09-26,-1.0,-1.0,44.1469,-90.6587
SITE_03747,WI,53221,4.0,-1.0,-1.0,-1.0,0.2061855670103093,-1.0,2023-09-29,-1.0,-1.0,43.7174,-90.7308
SITE_03748,WI,53151,5.04,-1.0,-1.0,-1.0,0.22340425531914895,-1.0,2023-10-16,-1.0,-1.0,46.2030,-90.6273
SITE_03749,WI,53070,18.81,-1.0,-1.0,-1.0,0.20711297071129706,-1.0,2023-10-20,-1.0,-1.0,45.9684,-90.5334
SITE_03750,WI,53040,18.72,-1.0,-1.0,-1.0,0.21686746987951808,-1.0,2023-11-03,-1.0,-1.0,45.3674,-90.7725
SITE_03751,WI,53104-9664,7.79,-1.0,-1.0,-1.0,0.211340206185567,-1.0,2023-11-06,-1.0,-1.0,44.1982,-88.6903
SITE_03752,WI,53718,4.62,-1.0,-1.0,-1.0,0.2081081081081081,-1.0,2023-11-08,-1.0,-1.0,45.6836,-89.9554
SITE_03753,WI,53150-5217,2.86,-1.0,-1.0,-1.0,0.1678735266676782,-1.0,2023-11-02,-1.0,-1.0,43.3780,-90.8301
SITE_03754,WI,53217-2762,7.38,-1.0,-1.0,-1.0,0.22905027932960895,-1.0,2023-11-15,-1.0,-1.0,45.8611,-89.3274
SITE_03755,WI,53507-9324,11.0,-1.0,-1.0,-1.0,0.21097046413502107,-1.0,2023-12-18,-1.0,-1.0,44.7367,-90.3098
SITE_03756,WI,53220-1403,8.2,-1.0,-1.0,-1.0,0.211340206185567,-1.0,2023-12-21,-1.0,-1.0,44.3919,-90.3548
SITE_03757,WI,53597,17.6,-1.0,-1.0,-1.0,0.2054442732408834,-1.0,2024-01-03,-1.0,-1.0,43.6942,-89.1492
SITE_03758,WI,53718-3323,9.63,-1.0,-1.0,-1.0,0.2081081081081081,-1.0,2024-01-05,-1.0,-1.0,43.6987,-89.4254
SITE_03759,WI,53214-1103,3.95,-1.0,-1.0,-1.0,0.20789473684210527,-1.0,2024-01-09,-1.0,-1.0,45.3783,-89.1168
SITE_03760,WI,53704-2781,4.24,-1.0,-1.0,-1.0,0.2081081081081081,-1.0,2024-01-24,-1.0,-1.0,46.0673,-88.7720
SITE_03761,WI,54660,5.2,-1.0,-1.0,-1.0,0.20491803278688525,-1.0,2024-02-08,-1.0,-1.0,43.0737,-90.5831
SITE_03762,WI,54467-4703,4.5,-1.0,-1.0,-1.0,0.20547945205479454,-1.0,2024-02-13,-1.0,-1.0,46.0544,-88.7123
SITE_03763,WI,53593-8800,14.4,-1.0,-1.0,-1.0,0.20338983050847456,-1.0,2024-02-16,-1.0,-1.0,44.1957,-90.7041
SITE_03764,WI,53913-3099,23.4,-1.0,-1.0,-1.0,0.19402985074626866,-1.0,2024-03-01,-1.0,-1.0,45.8374,-90.9132
SITE_03765,WI,53566-9594,14.76,-1.0,-1.0,-1.0,0.20297029702970298,-1.0,2024-03-07,-1.0,-1.0,45.8980,-90.9697
SITE_03766,WI,54915-7300,7.46,-1.0,-1.0,-1.0,0.19398907103825136,-1.0,2024-03-26,-1.0,-1.0,43.3018,-90.3051
SITE_03767,WI,54241-9665,8.0,-1.0,-1.0,-1.0,0.2054442732408834,-1.0,2024-04-24,-1.0,-1.0,44.5345,-89.6572
SITE_03768,WI,54313-6980,5.1,-1.0,-1.0,-1.0,0.22368421052631582,-1.0,2024-04-24,-1.0,-1.0,44.9980,-91.0747
SITE_03769,WI,53538-1554,9.94,-1.0,-1.0,-1.0,0.19398907103825136,-1.0,2024-05-01,-1.0,-1.0,44.6863,-89.6458
SITE_03770,WI,53590-3068,4.24,-1.0,-1.0,-1.0,0.2081081081081081,-1.0,2024-05-13,-1.0,-1.0,45.6048,-89.4413
SITE_03771,WI,54981-8707,16.2,-1.0,-1.0,-1.0,0.2109375,-1.0,2024-05-23,-1.0,-1.0,45.8655,-90.1449
SITE_03772,WI,53215-4211,9.6,-1.0,-1.0,-1.0,0.20833333333333334,-1.0,2024-05-24,-1.0,-1.0,45.1902,-90.8820
SITE_03773,WI,53726-3931,7.56,-1.0,-1.0,-1.0,0.22340425531914895,-1.0,2024-06-03,-1.0,-1.0,43.1793,-89.3683
SITE_03774,WI,54703-8748,33.25,-1.0,-1.0,-1.0,0.21626984126984128,-1.0,2024-06-04,-1.0,-1.0,44.4770,-89.7814
SITE_03775,WI,53711-7204,16.0,-1.0,-1.0,-1.0,-1.0,-1.0,2024-06-05,-1.0,-1.0,-9999,-9999
SITE_03776,WI,53523-9315,4.95,-1.0,-1.0,-1.0,0.20547945205479454,-1.0,2024-06-10,-1.0,-1.0,45.8328,-89.2746
SITE_03777,WI,54944-8211,16.05,-1.0,-1.0,-1.0,0.214,-1.0,2024-06-17,-1.0,-1.0,43.3534,-91.1571
SITE_03778,WI,53593-7960,8.82,-1.0,-1.0,-1.0,0.20388349514563106,-1.0,2024-06-18,-1.0,-1.0,43.7122,-89.5082
SITE_03779,WI,54155-9093,11.07,-1.0,-1.0,-1.0,0.22905027932960895,-1.0,2024-06-21,-1.0,-1.0,46.0812,-88.9475
SITE_03780,WI,53021-9773,11.34,-1.0,-1.0,-1.0,0.22340425531914895,-1.0,2024-06-24,-1.0,-1.0,43.8967,-90.7688
SITE_03781,WI,53704-6498,7.81,-1.0,-1.0,-1.0,0.19398907103825136,-1.0,2024-07-01,-1.0,-1.0,45.7194,-88.7700
SITE_03782,WI,53226-1603,6.75,-1.0,-1.0,-1.0,0.19398907103825136,-1.0,2024-07-26,-1.0,-1.0,45.0330,-89.3670
SITE_03783,WI,54601-5027,4.44,-1.0,-1.0,-1.0,0.1978609625668449,-1.0,2024-07-29,-1.0,-1.0,45.1798,-90.3514
SITE_03784,WI,54944-9702,7.38,-1.0,-1.0,-1.0,0.20297029702970298,-1.0,2024-08-03,-1.0,-1.0,44.3904,-90.4942
SITE_03785,WI,54403-7031,4.97,-1.0,-1.0,-1.0,0.19398907103825136,-1.0,2024-08-14,-1.0,-1.0,45.7123,-90.6483
SITE_03786,WI,54923,20.5,-1.0,-1.0,-1.0,0.22905027932960895,-1.0,2024-08-21,-1.0,-1.0,45.9234,-90.0628
SITE_03787,WI,53150,-1.0,-1.0,-1.0,-1.0,-1.0,-1.0,2024-08-30,-1.0,-1.0,45.0522,-89.7214
SITE_03788,WI,54130-3593,5.53,-1.0,-1.0,-1.0,-1.0,-1.0,2024-09-13,-1.0,-1.0,44.1797,-90.9527
SITE_03789,WI,53590-1431,7.1,-1.0,-1.0,-1.0,0.19398907103825136,-1.0,2024-10-23,-1.0,-1.0,45.0599,-90.8629
SITE_03790,WI,54623-7724,110.36,-1.0,-1.0,-1.0,0.20179372197309417,-1.0,2024-10-30,-1.0,-1.0,43.7031,-88.6960
SITE_03791,WI,54481-3725,5.04,-1.0,-1.0,-1.0,0.22105263157894736,-1.0,2024-11-08,-1.0,-1.0,45.9873,-90.6264
SITE_03792,WI,53593-2146,9.2,-1.0,-1.0,-1.0,-1.0,-1.0,2024-11-14,-1.0,-1.0,43.4997,-90.0640
SITE_03793,NH,3820,5.06,242.0,32.0,22.0,0.14850350435986917,0.0,2011-11-10,0.0,0.0,42.9651,-71.5689
SITE_03794,NH,3773,23.04,150.0,15.0,96.0,0.14692378328741967,0.0,2012-07-12,0.0,0.0,43.0956,-71.9930
SITE_03795,NH,3878,61.38,180.0,28.0,198.0,0.16305079610866127,0.0,2016-09-09,0.0,1.0,44.1257,-71.9652
SITE_03796,NH,3782,14.25,195.0,45.0,57.0,0.15460395105857325,0.0,2015-09-24,0.0,0.0,44.0252,-71.5309
SITE_03797,NH,3224,11.4,180.0,35.0,40.0,0.1734209565534867,0.0,2016-06-14,0.0,1.0,43.4452,-71.7794
SITE_03798,NH,3285,40.56,180.0,35.0,156.0,0.1678735266676782,0.0,2016-02-08,0.0,1.0,43.8808,-71.1612
SITE_03799,NH,3862,25.2,170.0,26.0,80.0,0.17161573765347354,0.0,2016-10-03,0.0,0.0,44.2924,-71.3264
SITE_03800,NH,3584,95.76,180.0,35.0,336.0,-1.0,0.0,2016-12-14,0.0,1.0,43.9216,-71.9740
SITE_03801,NH,3251,40.81,180.0,24.0,154.0,0.16031244593235902,0.0,2017-01-27,0.0,0.0,43.4228,-71.9884
SITE_03802,NH,3836,16.53,-1.0,-1.0,57.0,-1.0,0.0,2017-05-12,0.0,0.0,43.4039,-71.1401
SITE_03803,NH,3264,17.1,-1.0,-1.0,60.0,-1.0,0.0,2017-06-16,0.0,0.0,44.4963,-71.6599
SITE_03804,NH,3264,1.8,-1.0,-1.0,6.0,0.1550820383983127,0.0,2018-05-23,0.0,0.0,44.0126,-71.3623
SITE_03805,NH,3885,38.4,-1.0,-1.0,128.0,0.18633540372670804,0.0,2018-07-16,0.0,0.0,44.4891,-71.6960
SITE_03806,NH,3038,86.4,-1.0,-1.0,240.0,-1.0,1.0,2018-05-25,0.0,1.0,44.4942,-71.6593
SITE_03807,NH,3458,12.87,-1.0,-1.0,33.0,0.18817162796442685,0.0,2019-03-14,0.0,0.0,43.6442,-72.0609
SITE_03808,NH,3258,53.82,-1.0,-1.0,138.0,-1.0,-1.0,2020-07-01,0.0,1.0,44.5000,-71.5811
SITE_03809,NH,3837,26.6,-1.0,-1.0,76.0,0.17138413746770634,-1.0,2020-02-21,0.0,1.0,44.3562,-71.3429
SITE_03810,NH,3801,102.7,-1.0,-1.0,260.0,0.20061728395061726,0.0,2020-06-19,0.0,1.0,43.4437,-71.7495
SITE_03811,NH,3846,13.325,-1.0,-1.0,41.0,0.19753086419753085,0.0,2021-03-02,0.0,0.0,44.2936,-71.7865
SITE_03812,NH,3086,45.36,-1.0,-1.0,112.0,0.17783505154639176,0.0,2021-04-28,0.0,1.0,43.2891,-71.5920
SITE_03813,NH,3820,190.0,-1.0,-1.0,500.0,0.19517205957883924,0.0,2023-02-27,0.0,0.0,44.2763,-71.9698
SITE_03814,NH,3045,95.28,-1.0,-1.0,180.0,0.2054442732408834,0.0,2024-09-13,0.0,0.0,44.4508,-71.8726
SITE_03815,NH,3801,222.0,-1.0,-1.0,-1.0,-1.0,-1.0,2016-11-30,-1.0,-1.0,43.1452,-71.8882
SITE_03816,NH,3049,13.34,-1.0,-1.0,-1.0,-1.0,-1.0,2017-12-26,-1.0,-1.0,43.9760,-71.8550
SITE_03817,NH,3257,9.440000000000001,-1.0,-1.0,-1.0,-1.0,-1.0,2019-09-30,-1.0,-1.0,43.6326,-71.8705
SITE_03818,NH,3076,10.95,-1.0,-1.0,-1.0,-1.0,-1.0,2017-12-28,-1.0,-1.0,44.4567,-71.9509
SITE_03819,NH,3042,7.6,-1.0,-1.0,-1.0,-1.0,-1.0,2020-11-09,-1.0,-1.0,43.1868,-71.7659
SITE_03820,NH,3446,14.79,-1.0,-1.0,-1.0,-1.0,-1.0,2017-12-06,-1.0,-1.0,43.5783,-71.9169
SITE_03821,NH,3782,2.3600000000000003,-1.0,-1.0,-1.0,-1.0,-1.0,2019-09-30,-1.0,-1.0,43.6890,-71.9928
SITE_03822,NH,3782,3.25,-1.0,-1.0,-1.0,-1.0,-1.0,2019-08-21,-1.0,-1.0,44.1406,-71.2907
SITE_03823,NH,3046,11.4,-1.0,-1.0,-1.0,-1.0,-1.0,2019-05-30,-1.0,-1.0,43.6688,-71.6700
SITE_03824,NH,3784,43.2,-1.0,-1.0,-1.0,-1.0,-1.0,2019-12-06,-1.0,-1.0,44.0284,-71.1127
SITE_03825,NH,3431,66.0,-1.0,-1.0,-1.0,-1.0,-1.0,2021-08-02,-1.0,-1.0,42.9539,-71.8780
SITE_03826,NH,3275,17.568,-1.0,-1.0,-1.0,-1.0,-1.0,2021-09-23,-1.0,-1.0,43.2964,-71.9602
SITE_03827,NH,3887,950.0,-1.0,-1.0,-1.0,-1.0,-1.0,2019-08-15,-1.0,-1.0,-9999,-9999
SITE_03828,NH,3227,2.9,-1.0,-1.0,-1.0,-1.0,-1.0,2021-05-07,-1.0,-1.0,44.0101,-71.4699
SITE_03829,NH,3110,8.784,-1.0,-1.0,-1.0,-1.0,-1.0,2021-10-01,-1.0,-1.0,43.1089,-71.7289
SITE_03830,NH,3046,6.0,-1.0,-1.0,-1.0,-1.0,-1.0,2016-09-12,-1.0,-1.0,43.9642,-71.5458
SITE_03831,NH,3588,8.35,-1.0,-1.0,-1.0,-1.0,-1.0,2016-10-04,-1.0,-1.0,-9999,-9999
SITE_03832,NH,3840,10.95,-1.0,-1.0,-1.0,-1.0,-1.0,2019-05-30,-1.0,-1.0,43.3854,-71.1034
SITE_03833,NH,3253,10.08,-1.0,-1.0,-1.0,-1.0,-1.0,2018-08-07,-1.0,-1.0,44.1576,-71.9067
SITE_03834,NH,3246,5.0,-1.0,-1.0,-1.0,-1.0,-1.0,2018-10-23,-1.0,-1.0,44.2158,-71.4287
SITE_03835,NH,3301,7.5,-1.0,-1.0,-1.0,-1.0,-1.0,2022-04-12,-1.0,-1.0,44.4778,-71.1436
SITE_03836,NH,345,15.2,-1.0,-1.0,-1.0,-1.0,-1.0,2022-04-20,-1.0,-1.0,43.2622,-71.6864
SITE_03837,NH,4901,6990.0,-1.0,-1.0,-1.0,-1.0,-1.0,2022-07-13,-1.0,-1.0,44.2582,-71.4583
SITE_03838,NH,3258,10.62,-1.0,-1.0,-1.0,-1.0,-1.0,2022-07-26,-1.0,-1.0,44.3006,-72.0364
SITE_03839,NH,3585,7.680000000000001,-1.0,-1.0,-1.0,-1.0,-1.0,2021-08-19,-1.0,-1.0,43.9391,-71.5530
SITE_03840,NH,3431,10.0,-1.0,-1.0,-1.0,-1.0,-1.0,2022-06-16,-1.0,-1.0,43.2156,-71.9263
SITE_03841,NH,3215,8.7,-1.0,-1.0,-1.0,-1.0,-1.0,2022-08-18,-1.0,-1.0,43.4954,-71.7508
SITE_03842,NH,3077,6.0,-1.0,-1.0,-1.0,-1.0,-1.0,2022-09-26,-1.0,-1.0,43.7328,-72.0396
SITE_03843,NH,3873,5.22,-1.0,-1.0,-1.0,-1.0,-1.0,2022-11-22,-1.0,-1.0,44.4637,-71.5031
SITE_03844,NH,3303,8.7,-1.0,-1.0,-1.0,-1.0,-1.0,2022-07-24,-1.0,-1.0,43.4459,-71.8752
SITE_03845,NH,3833,5.7,-1.0,-1.0,-1.0,-1.0,-1.0,2022-11-23,-1.0,-1.0,44.1523,-71.1607
SITE_03846,NH,3848,22.8,-1.0,-1.0,-1.0,-1.0,-1.0,2022-12-07,-1.0,-1.0,43.0224,-71.2707
SITE_03847,NH,3110,6.8999999999999995,-1.0,-1.0,-1.0,-1.0,-1.0,2022-11-07,-1.0,-1.0,43.7905,-71.2249
SITE_03848,NH,3045,10.0,-1.0,-1.0,-1.0,-1.0,-1.0,2022-09-27,-1.0,-1.0,43.0391,-71.7325
SITE_03849,NH,3448,6.8999999999999995,-1.0,-1.0,-1.0,-1.0,-1.0,2023-01-10,-1.0,-1.0,44.4597,-71.1947
SITE_03850,NH,3079,7.8,-1.0,-1.0,-1.0,-1.0,-1.0,2023-01-11,-1.0,-1.0,43.1270,-71.3307
SITE_03851,NH,3031,9.0,-1.0,-1.0,-1.0,-1.0,-1.0,2023-02-06,-1.0,-1.0,43.6236,-71.1138
SITE_03852,NH,3062,10.0,-1.0,-1.0,-1.0,-1.0,-1.0,2023-02-09,-1.0,-1.0,44.2227,-71.4440
SITE_03853,NH,3106,10.0,-1.0,-1.0,-1.0,-1.0,-1.0,2022-12-05,-1.0,-1.0,43.9491,-71.9877
SITE_03854,NH,3301,9.860000000000001,-1.0,-1.0,-1.0,-1.0,-1.0,2023-03-13,-1.0,-1.0,43.6839,-71.1996
SITE_03855,NH,3254,10.0,-1.0,-1.0,-1.0,-1.0,-1.0,2023-04-18,-1.0,-1.0,43.2536,-71.7071
SITE_03856,NH,3861,5.8,-1.0,-1.0,-1.0,-1.0,-1.0,2023-08-07,-1.0,-1.0,43.7493,-71.1859
SITE_03857,NH,3243,15.2,-1.0,-1.0,-1.0,-1.0,-1.0,2023-11-03,-1.0,-1.0,44.2584,-71.3498
SITE_03858,NH,3768,10.0,-1.0,-1.0,-1.0,-1.0,-1.0,2023-10-30,-1.0,-1.0,43.2239,-71.7083
SITE_03859,NH,3809,15.6,-1.0,-1.0,-1.0,-1.0,-1.0,2024-09-11,-1.0,-1.0,43.2494,-71.3399
SITE_03860,NH,3109,120.0,-1.0,-1.0,-1.0,-1.0,-1.0,2024-08-07,-1.0,-1.0,43.9997,-71.1246
SITE_03861,NH,3227,5.8,-1.0,-1.0,-1.0,-1.0,-1.0,2024-11-07,-1.0,-1.0,44.4809,-71.5382
SITE_03862,NH,3266,5.8500000000000005,-1.0,-1.0,-1.0,-1.0,-1.0,2024-11-21,-1.0,-1.0,43.5874,-72.0020
SITE_03863,NH,3076,8.7,-1.0,-1.0,-1.0,-1.0,-1.0,2023-01-30,-1.0,-1.0,43.9600,-71.5534
SITE_03864,NH,3055,100.0,-1.0,-1.0,-1.0,-1.0,-1.0,2024-10-21,-1.0,-1.0,44.0203,-71.7372
SITE_03865,NH,3086,7.08,-1.0,-1.0,-1.0,-1.0,-1.0,2023-01-13,-1.0,-1.0,43.1096,-71.2007
SITE_03866,NH,3451,8.120000000000001,-1.0,-1.0,-1.0,-1.0,-1.0,2023-07-21,-1.0,-1.0,43.6887,-71.1838
SITE_03867,NH,3216,2.04,-1.0,-1.0,-1.0,0.13067373842192243,-1.0,2010-02-03,0.0,-1.0,43.6381,-71.1289
SITE_03868,NH,3045,1.88,-1.0,-1.0,-1.0,0.1441576286990234,-1.0,2010-03-26,0.0,-1.0,44.4218,-71.5920
SITE_03869,NH,3580,2.3,-1.0,-1.0,-1.0,0.14172056155848253,-1.0,2010-03-17,0.0,-1.0,44.3896,-71.5061
SITE_03870,NH,3583,2.1,-1.0,-1.0,-1.0,-1.0,-1.0,2010-08-25,0.0,-1.0,43.0922,-71.8552
SITE_03871,NH,3753,4.8,-1.0,-1.0,-1.0,0.14119956086936572,-1.0,2010-09-28,0.0,-1.0,43.0946,-71.6569
SITE_03872,NH,3450,2.1,-1.0,-1.0,-1.0,0.1262272595581084,-1.0,2010-12-15,0.0,-1.0,43.1709,-71.4923
SITE_03873,NH,3755,2.76,-1.0,-1.0,-1.0,0.14137490165224234,-1.0,2010-10-20,0.0,-1.0,43.3535,-71.8678
SITE_03874,NH,3894,3.136,-1.0,-1.0,-1.0,0.14243057781033333,-1.0,2010-09-28,0.0,-1.0,43.5374,-71.5933
SITE_03875,NH,3264,2.115,-1.0,-1.0,-1.0,0.14137490165224234,-1.0,2011-05-25,0.0,-1.0,43.2947,-71.2903
SITE_03876,NH,3087,1.8,-1.0,-1.0,-1.0,-1.0,-1.0,2011-01-26,0.0,-1.0,43.2261,-71.6507
SITE_03877,NH,3243,4.6,-1.0,-1.0,-1.0,-1.0,-1.0,2011-09-20,0.0,-1.0,43.4323,-72.0251
SITE_03878,NH,3884,4.6,-1.0,-1.0,-1.0,-1.0,-1.0,2011-08-09,0.0,-1.0,44.4541,-71.5591
SITE_03879,NH,3253,1.35,-1.0,-1.0,-1.0,-1.0,-1.0,2011-08-09,0.0,-1.0,44.2289,-71.9205
SITE_03880,NH,3840,4.6,-1.0,-1.0,-1.0,0.14850350435986917,-1.0,2012-01-04,0.0,-1.0,42.9334,-72.0961
SITE_03881,NH,3446,4.18,-1.0,-1.0,-1.0,0.14882817395663617,-1.0,2011-11-22,0.0,-1.0,44.1912,-71.1553
SITE_03882,NH,-1,3.76,-1.0,-1.0,-1.0,-1.0,-1.0,2012-02-22,0.0,-1.0,43.6553,-71.1436
SITE_03883,NH,3253,4.725,-1.0,-1.0,-1.0,0.14175710770138017,-1.0,2011-12-22,0.0,-1.0,44.4041,-71.8507
SITE_03884,NH,3303,4.7,-1.0,-1.0,-1.0,0.1517318414111707,-1.0,2012-04-04,0.0,-1.0,42.9660,-71.2694
SITE_03885,NH,3303,2.88,-1.0,-1.0,-1.0,0.15496017846247218,-1.0,2012-05-15,0.0,-1.0,43.9692,-71.7844
SITE_03886,NH,3282,4.95,-1.0,-1.0,-1.0,0.13760205485735252,-1.0,2012-05-01,0.0,-1.0,43.5348,-71.5272
SITE_03887,NH,3450,4.935,-1.0,-1.0,-1.0,-1.0,-1.0,2012-08-30,0.0,-1.0,44.2300,-71.6780
SITE_03888,NH,3844,4.8,-1.0,-1.0,-1.0,0.15496017846247218,-1.0,2013-03-06,0.0,-1.0,43.5644,-71.3510
SITE_03889,NH,3884,4.8,-1.0,-1.0,-1.0,0.14343729548979353,-1.0,2013-01-02,0.0,-1.0,42.9490,-71.1250
SITE_03890,NH,3281,4.75,-1.0,-1.0,-1.0,0.15448835977501452,-1.0,2013-01-30,0.0,-1.0,43.6178,-71.9371
SITE_03891,NH,3766,1.05,-1.0,-1.0,-1.0,0.13707858127584907,-1.0,2013-01-02,0.0,-1.0,42.9195,-71.1912
SITE_03892,NH,3216,4.75,-1.0,-1.0,-1.0,0.16141685256507524,0.0,2013-05-24,0.0,0.0,42.9947,-71.3937
SITE_03893,NH,3846,4.77,-1.0,-1.0,-1.0,-1.0,0.0,2013-07-16,0.0,0.0,42.9772,-71.8031
SITE_03894,NH,3894,5.4,-1.0,-1.0,-1.0,-1.0,0.0,2014-10-21,0.0,1.0,-9999,-9999
SITE_03895,NH,3576,4.9,-1.0,-1.0,-1.0,0.15059500393391032,0.0,2013-09-11,0.0,0.0,43.6889,-71.5414
SITE_03896,NH,3782,5.0,-1.0,-1.0,-1.0,0.16141685256507524,0.0,2013-08-20,0.0,1.0,43.0130,-71.7614
SITE_03897,NH,3278,5.0,-1.0,-1.0,-1.0,0.15366837136113295,0.0,2013-11-25,0.0,0.0,43.4828,-71.2830
SITE_03898,NH,3470,5.0,-1.0,-1.0,-1.0,0.15366837136113295,0.0,2014-01-17,0.0,1.0,43.7915,-72.0218
SITE_03899,NH,3870,5.4,-1.0,-1.0,-1.0,-1.0,0.0,2015-02-04,0.0,0.0,43.6194,-71.7729
SITE_03900,NH,3846,7.02,-1.0,-1.0,-1.0,0.1649599654852995,0.0,2014-05-19,0.0,0.0,44.3720,-71.5873
SITE_03901,NH,3872,8.06,-1.0,-1.0,-1.0,0.1678735266676782,0.0,2014-06-16,0.0,0.0,44.0698,-71.5581
SITE_03902,NH,3741,4.4,-1.0,-1.0,-1.0,0.1640150893882237,0.0,2014-07-17,0.0,1.0,43.9911,-71.2920
SITE_03903,NH,3608,6.0,-1.0,-1.0,-1.0,0.1292350319985939,0.0,2014-06-11,0.0,1.0,44.2478,-71.8449
SITE_03904,NH,3224,3.0,-1.0,-1.0,-1.0,0.16141685256507524,0.0,2014-07-23,0.0,1.0,43.2807,-71.8150
SITE_03905,NH,3216,8.64,-1.0,-1.0,-1.0,-1.0,0.0,2014-10-10,0.0,0.0,44.0669,-72.0230
SITE_03906,NH,3768,8.8,-1.0,-1.0,-1.0,-1.0,0.0,2014-12-22,0.0,1.0,43.1220,-72.0983
SITE_03907,NH,3054,9.54,-1.0,-1.0,-1.0,-1.0,0.0,2014-09-02,0.0,0.0,43.7976,-72.0733
SITE_03908,NH,3770,8.4,-1.0,-1.0,-1.0,-1.0,0.0,2014-10-21,0.0,1.0,43.5380,-71.2667
SITE_03909,NH,3781,4.5,180.0,-1.0,-1.0,0.15335917946704616,0.0,2014-12-18,0.0,1.0,44.0114,-71.5430
SITE_03910,NH,3229,7.28,170.0,30.0,-1.0,0.15900681894627403,0.0,2014-12-18,0.0,0.0,43.7970,-71.6742
SITE_03911,NH,3770,5.0,105.0,30.0,-1.0,0.1614168525650752,0.0,2014-12-29,0.0,0.0,44.0813,-71.9836
SITE_03912,NH,3458,4.7,205.4,40.0,-1.0,0.1517318414111707,0.0,2015-01-23,0.0,0.0,43.9738,-71.7758
SITE_03913,NH,3226,9.805,119.0,12.0,-1.0,-1.0,0.0,2014-12-10,0.0,0.0,43.3537,-71.9982
SITE_03914,NH,3846,8.1,180.0,28.0,-1.0,-1.0,0.0,2014-12-10,0.0,0.0,43.8777,-71.8280
SITE_03915,NH,3768,4.95,204.0,29.0,-1.0,-1.0,0.0,2015-02-13,0.0,0.0,43.3573,-71.1209
SITE_03916,NH,3801,5.1,215.0,37.0,-1.0,0.1567417387883556,0.0,2015-05-21,0.0,0.0,43.8661,-71.4142
SITE_03917,NH,3858,6.885,221.0,19.0,-1.0,-1.0,0.0,2015-07-01,0.0,0.0,44.1861,-71.4674
SITE_03918,NH,3870,7.56,170.0,-1.0,-1.0,-1.0,0.0,2015-07-01,0.0,0.0,43.7154,-71.6840
SITE_03919,NH,3884,9.9,225.0,34.0,-1.0,0.18896447467876037,0.0,2015-06-12,0.0,0.0,43.2318,-71.2879
SITE_03920,NH,3750,9.8,190.0,18.0,-1.0,-1.0,0.0,2015-11-20,0.0,0.0,42.9386,-71.8876
SITE_03921,NH,3755,5.7,215.0,45.0,-1.0,-1.0,0.0,2015-09-28,0.0,0.0,43.7111,-71.8030
SITE_03922,NH,3249,6.5,155.0,44.0,-1.0,0.16137801932067306,0.0,2015-08-11,0.0,0.0,43.5447,-71.8540
SITE_03923,NH,3801,4.2,215.0,40.0,-1.0,0.18896447467876037,0.0,2015-11-03,0.0,0.0,43.2064,-71.9408
SITE_03924,NH,3227,8.8,180.0,40.0,-1.0,-1.0,0.0,2015-06-12,0.0,0.0,42.9853,-71.2987
SITE_03925,NH,3222,9.52,180.0,38.0,-1.0,-1.0,0.0,2015-09-22,0.0,1.0,42.9448,-71.9339
SITE_03926,NH,3276,6.75,164.0,30.0,-1.0,-1.0,0.0,2015-05-20,0.0,0.0,43.7246,-71.3830
SITE_03927,NH,3266,7.84,180.0,35.0,-1.0,-1.0,0.0,2015-10-05,0.0,1.0,44.0710,-71.1752
SITE_03928,NH,3777,3.42,180.0,41.5,-1.0,-1.0,0.0,2015-08-11,0.0,1.0,43.2661,-71.5875
SITE_03929,NH,3833,3.06,195.0,26.0,-1.0,0.16696064835730362,0.0,2015-08-21,0.0,0.0,43.6843,-71.2149
SITE_03930,NH,3770,6.72,200.0,27.0,-1.0,0.16666666666666669,0.0,2015-08-07,0.0,0.0,44.0646,-71.5655
SITE_03931,NH,3256,7.02,161.0,43.0,-1.0,-1.0,0.0,2015-06-05,0.0,0.0,43.5995,-71.2744
SITE_03932,NH,3801,7.695,180.0,40.0,-1.0,-1.0,0.0,2015-06-22,0.0,0.0,44.4237,-71.5322
SITE_03933,NH,3885,9.72,180.0,35.0,-1.0,-1.0,0.0,2015-08-21,0.0,1.0,43.0378,-72.0718
SITE_03934,NH,3244,7.02,207.0,45.0,-1.0,-1.0,0.0,2015-07-01,0.0,0.0,43.4811,-71.3993
SITE_03935,NH,3079,5.04,-1.0,-1.0,-1.0,0.16699718192255505,0.0,2015-11-09,0.0,0.0,43.8878,-71.8150
SITE_03936,NH,3110,9.88,180.0,30.0,-1.0,-1.0,0.0,2015-12-18,0.0,0.0,43.4653,-71.1803
SITE_03937,NH,3837,6.84,180.0,35.0,-1.0,-1.0,0.0,2016-01-21,0.0,1.0,44.2234,-71.7231
SITE_03938,NH,3047,6.48,-1.0,43.0,-1.0,-1.0,1.0,2015-09-16,0.0,1.0,43.8647,-71.8595
SITE_03939,NH,3773,9.975,180.0,35.0,-1.0,-1.0,0.0,2015-11-23,0.0,1.0,43.9061,-71.9014
SITE_03940,NH,3809,9.72,180.0,35.0,-1.0,-1.0,0.0,2015-12-17,0.0,1.0,43.7439,-72.0645
SITE_03941,NH,3034,9.99,190.0,39.0,-1.0,-1.0,0.0,2015-12-18,0.0,0.0,43.0981,-71.4476
SITE_03942,NH,3087,4.86,200.0,32.0,-1.0,-1.0,0.0,2015-12-18,0.0,0.0,43.8967,-71.2853
SITE_03943,NH,3817,6.84,165.0,40.0,-1.0,-1.0,0.0,2015-12-17,0.0,0.0,44.3171,-71.6818
SITE_03944,NH,3748,7.41,170.0,34.0,-1.0,-1.0,0.0,2016-11-21,0.0,0.0,44.3116,-71.4470
SITE_03945,NH,3045,9.88,200.0,27.0,-1.0,-1.0,0.0,2016-05-02,0.0,0.0,43.6772,-71.4842
SITE_03946,NH,3872,7.32,180.0,-1.0,-1.0,-1.0,1.0,2016-05-04,0.0,1.0,43.5540,-71.2667
SITE_03947,NH,3303,8.1,165.0,35.0,-1.0,-1.0,0.0,2015-12-17,0.0,0.0,44.1126,-72.0800
SITE_03948,NH,3220,5.94,160.0,30.0,-1.0,-1.0,0.0,2016-01-21,0.0,0.0,43.0864,-71.4035
SITE_03949,NH,3304,5.75,179.0,36.0,-1.0,-1.0,0.0,2016-04-19,0.0,0.0,44.0827,-71.3102
SITE_03950,NH,3055,9.88,235.0,30.0,-1.0,0.1572876828015598,0.0,2016-07-27,0.0,0.0,43.1202,-71.2022
SITE_03951,NH,3229,7.245,215.0,35.0,-1.0,0.1984126984126984,0.0,2016-05-02,0.0,0.0,44.4305,-71.5541
SITE_03952,NH,3581,6.27,220.0,4.0,-1.0,-1.0,0.0,2016-10-03,0.0,0.0,44.0187,-71.7336
SITE_03953,NH,3046,8.829,226.0,27.0,-1.0,0.20061349693251534,0.0,2016-06-24,0.0,0.0,43.3450,-71.4087
SITE_03954,NH,3458,8.505,173.0,37.0,-1.0,0.1984126984126984,0.0,2016-09-01,0.0,0.0,44.2854,-71.1444
SITE_03955,NH,3781,4.56,170.0,20.0,-1.0,-1.0,0.0,2016-09-26,0.0,0.0,44.1419,-71.3701
SITE_03956,NH,3745,5.13,180.0,35.0,-1.0,-1.0,0.0,2017-02-15,0.0,1.0,44.3312,-71.9561
SITE_03957,NH,3224,5.775,248.0,43.0,-1.0,-1.0,0.0,2016-07-29,0.0,0.0,43.3034,-71.3958
SITE_03958,NH,3276,4.41,200.0,18.0,-1.0,0.1984126984126984,0.0,2016-09-14,0.0,0.0,43.1347,-71.3844
SITE_03959,NH,3303,4.4,147.0,43.0,-1.0,-1.0,0.0,2016-06-24,0.0,0.0,44.1510,-71.8755
SITE_03960,NH,3086,6.4,190.0,40.0,-1.0,0.16831049920894064,0.0,2016-07-21,0.0,0.0,43.5167,-71.8186
SITE_03961,NH,3224,6.05,180.0,35.0,-1.0,0.16467065868263472,0.0,2016-11-01,0.0,1.0,42.9856,-71.4373
SITE_03962,NH,3448,3.42,180.0,45.0,-1.0,-1.0,0.0,2016-09-19,0.0,0.0,42.9893,-71.8048
SITE_03963,NH,3608,4.845,190.0,22.0,-1.0,-1.0,0.0,2016-09-14,0.0,0.0,43.4892,-72.0445
SITE_03964,NH,3825,6.2,180.0,25.0,-1.0,0.16639084184806466,0.0,2016-08-25,0.0,0.0,43.8780,-71.1968
SITE_03965,NH,3225,7.41,182.6,28.0,-1.0,0.15192059616840264,0.0,2017-03-10,0.0,0.0,43.5810,-71.1429
SITE_03966,NH,3278,9.6,186.0,45.0,-1.0,0.19631901840490798,0.0,2016-09-21,0.0,0.0,43.7155,-71.9485
SITE_03967,NH,3290,6.48,180.0,43.1,-1.0,-1.0,0.0,2016-09-21,0.0,1.0,43.1556,-71.5456
SITE_03968,NH,3824,9.9,168.0,22.0,-1.0,0.16467065868263472,0.0,2017-01-25,0.0,0.0,42.9134,-71.8249
SITE_03969,NH,3053,6.0,180.0,-1.0,-1.0,0.1550820383983127,0.0,2016-12-06,0.0,1.0,43.0258,-71.1115
SITE_03970,NH,3862,9.9,195.0,35.0,-1.0,0.16467065868263472,0.0,2017-02-03,0.0,1.0,43.7196,-71.2751
SITE_03971,NH,3779,5.775,230.0,30.0,-1.0,0.16467065868263472,0.0,2017-03-01,0.0,0.0,44.0623,-71.5845
SITE_03972,NH,3057,11.895,177.0,40.0,-1.0,-1.0,0.0,2017-11-14,0.0,0.0,43.0482,-72.0806
SITE_03973,NH,3588,7.56,164.0,35.0,-1.0,-1.0,0.0,2017-03-09,0.0,1.0,44.4841,-72.0415
SITE_03974,NH,3820,6.2,192.0,33.0,-1.0,-1.0,0.0,2017-01-10,0.0,0.0,43.0839,-71.7316
SITE_03975,NH,3848,7.98,220.0,15.0,-1.0,0.17951625094482235,0.0,2017-01-25,0.0,0.0,43.4275,-71.4300
SITE_03976,NH,3037,9.45,210.0,40.0,-1.0,-1.0,0.0,2017-04-21,0.0,0.0,43.3969,-71.5252
SITE_03977,NH,3259,6.72,178.0,45.0,-1.0,-1.0,0.0,2017-02-15,0.0,0.0,44.3497,-72.0819
SITE_03978,NH,3106,7.56,172.0,35.0,-1.0,-1.0,0.0,2017-10-03,0.0,0.0,43.6853,-71.4667
SITE_03979,NH,3043,5.4,180.0,40.0,-1.0,0.1550820383983127,0.0,2017-02-16,0.0,0.0,44.2043,-71.3050
SITE_03980,NH,3053,9.3,118.0,37.0,-1.0,-1.0,0.0,2017-04-14,0.0,0.0,44.0975,-71.3358
SITE_03981,NH,3062,5.67,172.0,30.0,-1.0,-1.0,0.0,2017-05-19,0.0,0.0,43.1807,-72.0841
SITE_03982,NH,3082,9.75,159.0,32.0,-1.0,-1.0,0.0,2017-06-20,0.0,0.0,42.9137,-71.4131
SITE_03983,NH,3833,9.0,149.0,30.0,-1.0,0.18633540372670804,0.0,2017-06-20,0.0,0.0,43.2124,-72.0305
SITE_03984,NH,3431,6.24,202.0,39.0,-1.0,0.16394683078164807,0.0,2017-04-14,0.0,0.0,44.1819,-71.2447
SITE_03985,NH,3269,5.4,160.0,20.0,-1.0,0.18633540372670804,0.0,2017-12-28,0.0,0.0,44.2626,-71.6794
SITE_03986,NH,3234,7.2,190.0,23.0,-1.0,0.18633540372670804,0.0,2017-05-31,0.0,0.0,43.2740,-71.1691
SITE_03987,NH,3269,7.2,195.0,35.0,-1.0,-1.0,0.0,2017-06-14,0.0,1.0,44.2936,-71.5929
SITE_03988,NH,3057,6.3,188.0,45.0,-1.0,0.17964071856287428,-1.0,2017-07-27,0.0,-1.0,43.9512,-71.9129
SITE_03989,NH,3055,7.2,182.0,45.0,-1.0,0.15461112210567982,0.0,2017-06-27,0.0,0.0,44.3290,-71.3454
SITE_03990,NH,3867,7.84,232.0,31.0,-1.0,0.1445213504487904,0.0,2017-06-08,0.0,0.0,44.3901,-71.3595
SITE_03991,NH,3855,7.28,180.0,35.0,-1.0,0.1445213504487904,0.0,2017-06-15,0.0,1.0,43.2412,-71.4392
SITE_03992,NH,3275,9.6,61.0,22.0,-1.0,0.18633540372670804,0.0,2017-11-09,0.0,0.0,43.3044,-71.2102
SITE_03993,NH,3874,5.4,158.0,38.0,-1.0,-1.0,0.0,2017-08-02,0.0,0.0,43.8358,-71.2293
SITE_03994,NH,3768,7.2,180.0,35.0,-1.0,0.17892555205988042,0.0,2017-12-01,0.0,1.0,44.4438,-71.9700
SITE_03995,NH,3307,5.4,188.0,27.0,-1.0,0.15779109300838187,0.0,2017-06-01,0.0,0.0,43.3547,-71.6267
SITE_03996,NH,3602,5.9,215.0,42.0,-1.0,0.17664670658682635,0.0,2017-09-25,0.0,0.0,43.2996,-72.0767
SITE_03997,NH,3861,12.6,162.0,25.0,-1.0,0.18633540372670804,0.0,2020-01-21,0.0,0.0,43.2706,-71.6671
SITE_03998,NH,3574,6.27,180.0,25.0,-1.0,0.15192059616840264,0.0,2017-10-30,0.0,0.0,44.3663,-71.2298
SITE_03999,NH,3038,6.6,180.0,35.0,-1.0,0.18633540372670804,0.0,2017-10-02,0.0,1.0,43.4280,-71.6255
SITE_04000,NH,3857,6.9,146.0,33.0,-1.0,0.18633540372670804,0.0,2017-10-04,0.0,0.0,43.9770,-71.7596
SITE_04001,NH,3037,11.2,165.0,35.0,-1.0,0.1445213504487904,0.0,2017-11-09,0.0,1.0,44.3071,-72.0078
SITE_04002,NH,3110,7.8,35.0,-1.0,-1.0,0.18633540372670804,0.0,2018-01-11,0.0,1.0,44.3255,-71.4539
SITE_04003,NH,3450,4.8,235.0,55.0,-1.0,0.18633540372670804,0.0,2017-12-01,0.0,0.0,42.9541,-71.9563
SITE_04004,NH,3307,9.0,152.0,37.0,-1.0,0.18633540372670804,0.0,2017-12-14,0.0,0.0,43.1336,-71.3895
SITE_04005,NH,3234,9.3,214.0,43.0,-1.0,0.18633540372670804,0.0,2017-12-18,0.0,0.0,43.2010,-71.2111
SITE_04006,NH,3885,7.2,180.0,38.0,-1.0,0.18633540372670804,0.0,2020-01-10,0.0,1.0,43.4428,-71.3843
SITE_04007,NH,3052,5.44,165.0,38.0,-1.0,0.18086453246518358,0.0,2017-10-20,0.0,0.0,43.5201,-71.4875
SITE_04008,NH,3855,8.775,191.0,45.0,-1.0,-1.0,0.0,2017-11-01,0.0,0.0,43.1035,-71.9693
SITE_04009,NH,3257,9.75,128.0,15.0,-1.0,-1.0,0.0,2017-11-09,0.0,0.0,43.1455,-71.3962
SITE_04010,NH,3275,9.45,83.0,18.0,-1.0,-1.0,0.0,2018-02-08,0.0,0.0,43.1540,-71.8479
SITE_04011,NH,3038,7.2,180.0,35.0,-1.0,0.18633540372670804,0.0,2017-08-02,0.0,1.0,43.4194,-72.0386
SITE_04012,NH,3264,5.4,190.0,45.0,-1.0,-1.0,0.0,2018-03-19,0.0,0.0,44.0577,-72.0043
SITE_04013,NH,3229,10.2,-1.0,-1.0,-1.0,0.1550820383983127,0.0,2018-03-14,0.0,0.0,44.4910,-72.0583
SITE_04014,NH,3104,4.55,-1.0,-1.0,-1.0,-1.0,0.0,2018-03-01,0.0,0.0,43.3380,-72.0941
SITE_04015,NH,3839,6.65,211.0,29.0,-1.0,-1.0,0.0,2018-03-29,0.0,0.0,44.2318,-71.4619
SITE_04016,NH,3804,6.6,-1.0,-1.0,-1.0,-1.0,0.0,2018-03-14,0.0,0.0,44.1120,-71.6353
SITE_04017,NH,3086,8.25,-1.0,-1.0,-1.0,-1.0,0.0,2018-03-09,0.0,0.0,43.9312,-72.0871
SITE_04018,NH,3801,9.0,-1.0,-1.0,-1.0,-1.0,0.0,2018-03-07,0.0,0.0,44.4441,-72.0346
SITE_04019,NH,3809,6.3,-1.0,-1.0,-1.0,-1.0,0.0,2018-03-07,0.0,0.0,43.5836,-71.2572
SITE_04020,NH,3801,6.205,90.0,33.0,-1.0,-1.0,0.0,2019-04-09,0.0,0.0,44.4450,-71.6144
SITE_04021,NH,3801,15.075,180.0,40.0,-1.0,-1.0,0.0,2018-03-19,0.0,0.0,44.4410,-71.1714
SITE_04022,NH,3032,10.2,239.0,30.0,-1.0,-1.0,0.0,2018-11-21,0.0,0.0,44.2856,-71.9557
SITE_04023,NH,3246,15.555,-1.0,-1.0,-1.0,-1.0,0.0,2018-03-22,0.0,0.0,44.1598,-71.4388
SITE_04024,NH,3104,6.6,146.0,36.0,-1.0,-1.0,0.0,2018-08-23,0.0,0.0,43.4884,-71.3175
SITE_04025,NH,3588,5.4,-1.0,-1.0,-1.0,-1.0,0.0,2018-03-26,0.0,1.0,44.0912,-71.6745
SITE_04026,NH,3773,9.6,-1.0,-1.0,-1.0,-1.0,1.0,2018-04-03,0.0,1.0,44.2413,-71.1991
SITE_04027,NH,3076,9.57,-1.0,-1.0,-1.0,-1.0,0.0,2018-04-03,0.0,0.0,43.5474,-72.0401
SITE_04028,NH,3052,6.0,-1.0,-1.0,-1.0,-1.0,1.0,2018-04-16,0.0,1.0,43.0043,-72.0507
SITE_04029,NH,3768,5.6,-1.0,-1.0,-1.0,-1.0,1.0,2018-04-16,0.0,1.0,42.9258,-71.3242
SITE_04030,NH,3823,8.235,187.0,39.0,-1.0,-1.0,0.0,2018-05-08,0.0,0.0,44.3228,-72.0763
SITE_04031,NH,3857,8.125,-1.0,-1.0,-1.0,-1.0,0.0,2018-09-04,0.0,0.0,43.7843,-71.1674
SITE_04032,NH,3819,5.985,-1.0,-1.0,-1.0,-1.0,0.0,2018-09-10,0.0,0.0,43.3127,-71.7427
SITE_04033,NH,3842,5.51,220.0,40.0,-1.0,-1.0,0.0,2021-03-04,0.0,0.0,43.0190,-71.6723
SITE_04034,NH,3582,7.2,-1.0,-1.0,-1.0,-1.0,1.0,2018-08-30,0.0,1.0,42.9929,-71.3113
SITE_04035,NH,3878,6.6,-1.0,-1.0,-1.0,-1.0,0.0,2018-09-04,0.0,0.0,44.0021,-71.7388
SITE_04036,NH,3841,10.88,-1.0,-1.0,-1.0,-1.0,0.0,2018-09-04,0.0,0.0,43.4362,-71.4164
SITE_04037,NH,3819,6.4,-1.0,-1.0,-1.0,-1.0,0.0,2018-10-10,0.0,0.0,43.6625,-72.0047
SITE_04038,NH,3820,7.68,176.0,22.0,-1.0,-1.0,0.0,2018-12-27,0.0,0.0,43.3555,-71.9575
SITE_04039,NH,3872,7.92,-1.0,-1.0,-1.0,-1.0,1.0,2018-11-07,0.0,1.0,43.0071,-71.1583
SITE_04040,NH,3753,10.56,170.0,30.0,-1.0,-1.0,0.0,2019-03-18,0.0,0.0,43.9274,-72.0362
SITE_04041,NH,3801,5.44,156.0,27.0,-1.0,-1.0,0.0,2021-03-19,0.0,0.0,43.5800,-72.0858
SITE_04042,NH,3580,12.06,169.0,40.0,-1.0,-1.0,0.0,2018-12-27,0.0,0.0,43.6865,-71.7838
SITE_04043,NH,3857,4.575,-1.0,-1.0,-1.0,-1.0,0.0,2018-11-19,0.0,0.0,43.4018,-71.9916
SITE_04044,NH,3871,19.2,220.0,28.0,-1.0,-1.0,0.0,2019-03-29,0.0,0.0,44.2803,-71.6507
SITE_04045,NH,3220,14.16,230.0,38.0,-1.0,-1.0,0.0,2018-12-27,0.0,0.0,43.0749,-71.4174
SITE_04046,NH,3103,5.12,175.0,30.0,-1.0,-1.0,0.0,2018-12-27,0.0,0.0,43.8163,-71.1304
SITE_04047,NH,3241,13.2,180.0,40.0,-1.0,-1.0,0.0,2020-01-29,0.0,0.0,43.1314,-72.0721
SITE_04048,NH,3048,10.24,150.0,35.0,-1.0,-1.0,0.0,2019-08-05,0.0,1.0,44.0860,-71.1202
SITE_04049,NH,3824,7.475,182.0,29.0,-1.0,-1.0,0.0,2019-07-19,0.0,0.0,42.9718,-71.1678
SITE_04050,NH,3071,12.35,166.0,16.0,-1.0,-1.0,0.0,2019-05-28,0.0,0.0,44.4862,-71.8234
SITE_04051,NH,3290,9.6,180.0,42.0,-1.0,-1.0,0.0,2019-03-01,0.0,0.0,43.3967,-72.0295
SITE_04052,NH,3813,21.76,150.0,40.0,-1.0,-1.0,0.0,2019-05-28,0.0,0.0,44.2172,-71.6459
SITE_04053,NH,3032,15.6,165.0,-1.0,-1.0,-1.0,1.0,2019-08-16,0.0,1.0,44.2840,-71.2933
SITE_04054,NH,3869,7.04,228.0,45.0,-1.0,-1.0,0.0,2019-04-09,0.0,0.0,43.5473,-72.0374
SITE_04055,NH,3261,14.72,170.0,30.0,-1.0,-1.0,0.0,2019-08-08,0.0,0.0,43.2504,-71.1876
SITE_04056,NH,3033,14.72,135.0,43.0,-1.0,-1.0,0.0,2019-06-19,0.0,0.0,44.2366,-71.8335
SITE_04057,NH,3861,13.76,192.0,37.0,-1.0,-1.0,0.0,2020-07-23,0.0,0.0,43.1856,-71.8905
SITE_04058,NH,3301,14.08,180.0,45.0,-1.0,-1.0,0.0,2020-01-10,0.0,0.0,43.6975,-71.5104
SITE_04059,NH,3824,9.6,165.0,37.0,-1.0,-1.0,0.0,2019-11-19,0.0,0.0,42.9240,-71.3546
SITE_04060,NH,3254,9.045,144.0,44.0,-1.0,-1.0,0.0,2020-12-17,0.0,0.0,43.5912,-71.9192
SITE_04061,NH,3741,5.84,-1.0,-1.0,-1.0,-1.0,1.0,2019-10-11,0.0,1.0,42.9439,-71.8511
SITE_04062,NH,3307,7.56,180.0,35.0,-1.0,-1.0,0.0,2019-09-10,0.0,1.0,43.2640,-71.9990
SITE_04063,NH,3224,10.71,240.0,33.0,-1.0,-1.0,0.0,2019-09-10,0.0,0.0,43.0648,-71.5236
SITE_04064,NH,3221,9.75,165.0,24.0,-1.0,-1.0,0.0,2020-01-10,0.0,0.0,43.5681,-71.3538
SITE_04065,NH,3053,7.41,-1.0,-1.0,-1.0,-1.0,0.0,2019-07-11,0.0,0.0,43.0334,-71.9954
SITE_04066,NH,3224,8.505,270.0,40.0,-1.0,-1.0,0.0,2019-12-17,0.0,0.0,43.9007,-71.2529
SITE_04067,NH,3840,10.88,233.0,27.0,-1.0,-1.0,0.0,2019-12-31,0.0,0.0,43.9276,-71.3023
SITE_04068,NH,3046,5.84,180.0,35.0,-1.0,0.21813444253203293,1.0,2020-02-24,0.0,1.0,44.1345,-71.4170
SITE_04069,NH,3079,13.44,221.0,34.0,-1.0,-1.0,0.0,2020-03-17,0.0,0.0,42.9458,-71.3205
SITE_04070,NH,3282,5.85,135.0,40.0,-1.0,-1.0,0.0,2019-12-23,0.0,0.0,43.5668,-71.3315
SITE_04071,NH,3750,5.84,-1.0,-1.0,-1.0,-1.0,1.0,2020-01-07,0.0,1.0,43.5957,-71.4220
SITE_04072,NH,3766,5.92,-1.0,-1.0,-1.0,-1.0,1.0,2020-01-02,0.0,1.0,43.3977,-71.7287
SITE_04073,NH,3110,11.34,168.0,39.0,-1.0,-1.0,0.0,2020-01-13,0.0,0.0,42.9494,-71.5256
SITE_04074,NH,3049,5.85,145.0,35.0,-1.0,-1.0,0.0,2020-12-28,0.0,0.0,44.3669,-72.0783
SITE_04075,NH,3755,5.92,-1.0,-1.0,-1.0,-1.0,1.0,2020-01-22,0.0,1.0,43.0678,-71.1455
SITE_04076,NH,3257,8.125,124.0,32.0,-1.0,-1.0,0.0,2020-04-24,0.0,0.0,43.9267,-71.4976
SITE_04077,NH,3049,16.92,173.0,44.0,-1.0,-1.0,0.0,2020-04-24,0.0,0.0,43.4871,-71.9333
SITE_04078,NH,3229,9.425,225.0,25.0,-1.0,-1.0,0.0,2020-04-24,0.0,0.0,44.0501,-71.7022
SITE_04079,NH,3278,7.44,197.0,25.0,-1.0,-1.0,0.0,2020-01-13,0.0,0.0,44.4109,-71.3745
SITE_04080,NH,3820,8.64,-1.0,-1.0,-1.0,-1.0,1.0,2020-04-30,0.0,1.0,42.9641,-71.5689
SITE_04081,NH,3774,4.96,-1.0,-1.0,-1.0,-1.0,1.0,2020-02-14,0.0,1.0,43.7478,-72.0539
SITE_04082,NH,3458,4.55,-1.0,-1.0,-1.0,-1.0,0.0,2019-12-31,0.0,0.0,43.7379,-71.7512
SITE_04083,NH,3748,13.02,-1.0,-1.0,-1.0,-1.0,0.0,2019-12-31,0.0,0.0,43.7165,-71.4189
SITE_04084,NH,3082,9.75,180.0,45.0,-1.0,-1.0,0.0,2021-03-12,0.0,0.0,43.0608,-71.7614
SITE_04085,NH,3044,10.54,-1.0,-1.0,-1.0,-1.0,0.0,2020-02-05,0.0,0.0,44.1201,-71.3847
SITE_04086,NH,3104,8.64,175.0,30.0,-1.0,-1.0,0.0,2020-04-08,0.0,0.0,43.5984,-71.4356
SITE_04087,NH,3835,9.3,-1.0,-1.0,-1.0,-1.0,0.0,2020-02-24,0.0,0.0,44.1321,-71.8635
SITE_04088,NH,3820,14.08,180.0,20.0,-1.0,-1.0,0.0,2020-06-04,0.0,0.0,44.2837,-71.9191
SITE_04089,NH,3601,6.03,180.0,45.0,-1.0,-1.0,0.0,2020-03-17,0.0,0.0,43.8184,-71.7197
SITE_04090,NH,3261,5.12,185.0,26.0,-1.0,-1.0,0.0,2020-12-11,0.0,0.0,43.4527,-71.3747
SITE_04091,NH,3225,9.6,-1.0,-1.0,-1.0,-1.0,0.0,2020-04-30,0.0,0.0,43.4240,-71.7339
SITE_04092,NH,3278,7.8,180.0,45.0,-1.0,-1.0,0.0,2020-12-17,0.0,0.0,44.0058,-71.2862
SITE_04093,NH,3086,10.0,165.0,42.0,-1.0,-1.0,0.0,2020-12-14,0.0,0.0,44.0193,-72.0875
SITE_04094,NH,3825,10.89,195.0,26.0,-1.0,-1.0,0.0,2020-12-11,0.0,0.0,43.1132,-71.1320
SITE_04095,NH,3451,10.27,96.0,21.0,-1.0,-1.0,0.0,2020-12-11,0.0,0.0,43.2294,-71.9778
SITE_04096,NH,3087,7.455,180.0,33.0,-1.0,-1.0,0.0,2021-02-05,0.0,0.0,44.0318,-71.6493
SITE_04097,NH,3752,11.2,88.0,43.0,-1.0,-1.0,0.0,2021-03-01,0.0,0.0,43.2818,-71.8044
SITE_04098,NH,3748,9.1,160.0,33.0,-1.0,-1.0,0.0,2021-04-15,0.0,0.0,43.9811,-71.3367
SITE_04099,NH,3781,5.12,180.0,35.0,-1.0,-1.0,1.0,2021-03-26,0.0,1.0,44.2928,-71.2250
SITE_04100,NH,3823,12.0,180.0,43.0,-1.0,-1.0,0.0,2021-03-12,0.0,0.0,44.1933,-71.8131
SITE_04101,NH,3275,10.2,179.0,43.0,-1.0,-1.0,0.0,2021-05-27,0.0,1.0,44.1684,-71.2229
SITE_04102,NH,3755,5.12,180.0,35.0,-1.0,-1.0,1.0,2021-04-22,0.0,1.0,44.3004,-71.7947
SITE_04103,NH,3801,7.48,-1.0,-1.0,-1.0,-1.0,0.0,2021-03-04,0.0,0.0,44.4703,-71.6261
SITE_04104,NH,3884,7.2,-1.0,-1.0,-1.0,-1.0,0.0,2021-05-27,0.0,0.0,43.9898,-71.4814
SITE_04105,NH,3858,16.0,180.0,42.0,-1.0,-1.0,0.0,2021-02-05,0.0,1.0,43.0153,-71.9185
SITE_04106,NH,3104,11.2,-1.0,-1.0,-1.0,-1.0,0.0,2021-03-04,0.0,0.0,42.9605,-71.7387
SITE_04107,NH,3110,13.6,195.0,43.0,-1.0,-1.0,0.0,2021-10-15,0.0,0.0,43.6596,-71.5751
SITE_04108,NH,3777,12.54,190.0,43.0,-1.0,-1.0,0.0,2021-06-17,0.0,0.0,43.7367,-71.7525
SITE_04109,NH,3051,10.68,137.0,22.0,-1.0,-1.0,0.0,2021-11-16,0.0,0.0,43.3525,-71.7149
SITE_04110,NH,3280,7.98,-1.0,-1.0,-1.0,-1.0,0.0,2021-11-09,0.0,0.0,43.1579,-71.5350
SITE_04111,NH,3261,11.94,-1.0,-1.0,-1.0,-1.0,0.0,2021-11-18,0.0,0.0,43.2562,-71.2852
SITE_04112,NH,3037,11.57,-1.0,-1.0,-1.0,-1.0,0.0,2021-12-28,0.0,1.0,43.1276,-71.2153
SITE_04113,NH,3042,14.56,-1.0,-1.0,-1.0,-1.0,0.0,2022-01-20,0.0,1.0,43.6383,-71.8307
SITE_04114,NH,3743,7.260000000000001,-1.0,-1.0,-1.0,-1.0,0.0,2022-02-10,0.0,0.0,43.7143,-71.8899
SITE_04115,NH,3216,13.600000000000001,180.0,43.0,-1.0,-1.0,0.0,2023-10-09,0.0,1.0,43.9289,-71.7217
SITE_04116,NH,3818,8.9,180.0,35.0,-1.0,-1.0,0.0,2022-01-28,0.0,0.0,44.4595,-71.4733
SITE_04117,NH,3062,8.14,-1.0,-1.0,-1.0,-1.0,0.0,2022-02-16,0.0,0.0,43.5402,-71.8945
SITE_04118,NH,3249,9.36,105.0,23.0,-1.0,-1.0,0.0,2022-04-19,0.0,0.0,44.4676,-71.7762
SITE_04119,NH,3602,12.04,-1.0,-1.0,-1.0,-1.0,0.0,2022-03-09,0.0,1.0,44.1529,-71.2990
SITE_04120,NH,3254,17.0,180.0,35.0,-1.0,-1.0,0.0,2022-03-17,0.0,1.0,43.4738,-71.3341
SITE_04121,NH,3225,11.18,180.0,36.0,-1.0,-1.0,0.0,2022-04-12,0.0,0.0,43.0261,-71.8160
SITE_04122,NH,3864,8.549999999999999,178.0,40.0,-1.0,-1.0,0.0,2022-11-30,0.0,1.0,44.0598,-71.5447
SITE_04123,NH,3284,5.16,181.0,35.0,-1.0,-1.0,0.0,2022-09-13,0.0,1.0,44.2905,-71.5681
SITE_04124,NH,3755,13.975,-1.0,-1.0,-1.0,-1.0,0.0,2023-08-17,0.0,0.0,43.4805,-71.6924
SITE_04125,NH,3755,5.76,-1.0,-1.0,-1.0,-1.0,1.0,2022-09-13,0.0,1.0,43.2583,-71.1001
SITE_04126,NH,3032,29.37,-1.0,-1.0,-1.0,-1.0,0.0,2022-08-16,0.0,1.0,43.2240,-71.5971
SITE_04127,NH,3031,16.2,-1.0,-1.0,-1.0,-1.0,0.0,2022-06-09,0.0,0.0,43.8735,-71.7562
SITE_04128,NH,3842,8.0,-1.0,-1.0,-1.0,-1.0,0.0,2022-06-09,0.0,0.0,43.8726,-71.1073
SITE_04129,NH,3241,9.719999999999999,195.0,35.0,-1.0,-1.0,0.0,2022-09-13,0.0,1.0,-9999,-9999
SITE_04130,NH,3234,10.44,-1.0,-1.0,-1.0,-1.0,0.0,2023-01-17,0.0,0.0,42.9175,-71.8676
SITE_04131,NH,3087,9.49,-1.0,-1.0,-1.0,-1.0,-1.0,2023-01-17,0.0,-1.0,44.0473,-71.9457
SITE_04132,NH,3753,6.4,-1.0,-1.0,-1.0,-1.0,1.0,2022-08-16,0.0,1.0,-9999,-9999
SITE_04133,NH,3285,12.4,220.0,20.0,-1.0,-1.0,0.0,2022-12-15,0.0,0.0,43.6045,-71.5758
SITE_04134,NH,3878,6.4,160.0,34.0,-1.0,-1.0,0.0,2023-01-30,0.0,0.0,44.0640,-72.0127
SITE_04135,NH,3249,18.72,-1.0,-1.0,-1.0,-1.0,0.0,2023-08-10,0.0,0.0,43.5154,-72.0807
SITE_04136,NH,3825,15.91,-1.0,-1.0,-1.0,-1.0,0.0,2023-02-03,0.0,0.0,43.8540,-71.9898
SITE_04137,NH,3063,8.455,-1.0,-1.0,-1.0,-1.0,0.0,2023-02-14,0.0,0.0,43.7657,-71.7289
SITE_04138,NH,3110,17.2,-1.0,-1.0,-1.0,-1.0,0.0,2023-04-19,0.0,0.0,44.0261,-71.9507
SITE_04139,NH,3748,9.36,-1.0,-1.0,-1.0,-1.0,0.0,2023-11-09,0.0,1.0,43.3689,-71.6288
SITE_04140,NH,3087,9.43,-1.0,-1.0,-1.0,-1.0,0.0,2023-04-21,0.0,0.0,43.6640,-71.1941
SITE_04141,NH,3278,9.6,-1.0,-1.0,-1.0,-1.0,0.0,2023-04-21,0.0,0.0,42.9007,-71.2207
SITE_04142,NH,3229,8.8,-1.0,-1.0,-1.0,-1.0,0.0,2023-07-20,0.0,0.0,42.9717,-71.3816
SITE_04143,NH,3820,6.4,-1.0,-1.0,-1.0,-1.0,0.0,2023-06-07,0.0,0.0,43.9083,-71.4813
SITE_04144,NH,3285,4.2,-1.0,-1.0,-1.0,-1.0,0.0,2024-10-02,0.0,0.0,43.5155,-71.6202
SITE_04145,NY,12303,3.0,-1.0,-1.0,10.0,0.17964071856287428,-1.0,2017-12-13,0.0,-1.0,41.5450,-76.8761
SITE_04146,NY,10473,10.8,-1.0,-1.0,27.0,0.20202020202020202,-1.0,2023-04-14,0.0,-1.0,42.5932,-76.7640
SITE_04147,NY,12186,6.38,-1.0,-1.0,22.0,-1.0,-1.0,2017-01-27,0.0,-1.0,41.9519,-74.7155
SITE_04148,NY,10465,3.7,-1.0,-1.0,10.0,0.1989247311827957,-1.0,2023-10-09,0.0,-1.0,44.2553,-75.5318
SITE_04149,NY,12045,7.29,-1.0,-1.0,18.0,0.225752508361204,-1.0,2022-11-17,0.0,-1.0,41.7544,-74.1695
SITE_04150,NY,11598,8.28,-1.0,-1.0,-1.0,-1.0,-1.0,2009-03-27,0.0,-1.0,41.6521,-76.0970
SITE_04151,NY,11758,4.51,-1.0,-1.0,-1.0,-1.0,-1.0,2004-10-05,0.0,-1.0,42.4518,-74.3906
SITE_04152,NY,10472,4.51,-1.0,-1.0,11.0,0.21465968586387435,-1.0,2024-06-25,0.0,-1.0,-9999,-9999
SITE_04153,NY,12120,7.2,-1.0,-1.0,30.0,0.14692378328741967,-1.0,2012-11-16,1.0,-1.0,44.0374,-76.7968
SITE_04154,NY,14536,13.68,-1.0,-1.0,48.0,0.174128745295469,-1.0,2018-08-23,0.0,-1.0,42.2493,-76.5228
SITE_04155,NY,12203,10.8,-1.0,-1.0,27.0,0.20833333333333334,-1.0,2023-02-15,0.0,-1.0,44.3880,-76.7392
SITE_04156,NY,10465,5.23,-1.0,-1.0,16.0,0.2004904966278357,-1.0,2019-01-09,0.0,-1.0,43.2228,-73.5354
SITE_04157,NY,11964,9.66,-1.0,-1.0,-1.0,-1.0,-1.0,2009-11-18,0.0,-1.0,44.3682,-75.9583
SITE_04158,NY,12159,5.61,-1.0,-1.0,33.0,-1.0,-1.0,2006-01-20,-1.0,-1.0,42.8255,-76.9846
SITE_04159,NY,12054,4.59,-1.0,-1.0,27.0,0.13316205038225343,-1.0,2008-05-30,-1.0,-1.0,42.6311,-73.3323
SITE_04160,NY,11952,7.84,-1.0,-1.0,32.0,-1.0,-1.0,2013-09-16,0.0,-1.0,43.3814,-73.4472
SITE_04161,NY,10454,7.83,-1.0,-1.0,27.0,0.17901234567901234,-1.0,2019-02-21,1.0,-1.0,44.2619,-73.4678
SITE_04162,NY,10469,2.8,-1.0,-1.0,7.0,0.213903743315508,-1.0,2020-03-27,0.0,-1.0,43.0553,-76.3086
SITE_04163,NY,12529,17.85,-1.0,-1.0,42.0,0.2135678391959799,-1.0,2021-11-30,0.0,-1.0,43.9096,-74.1103
SITE_04164,NY,13045,9.0,-1.0,-1.0,24.0,0.1953125,-1.0,2019-10-11,0.0,-1.0,43.3745,-73.5283
SITE_04165,NY,10469,3.6,-1.0,-1.0,12.0,0.1869158878504673,-1.0,2019-04-04,1.0,-1.0,41.8308,-73.6731
SITE_04166,NY,13865,3.27,-1.0,-1.0,10.0,0.2005256593124239,-1.0,2013-07-03,0.0,-1.0,41.4788,-74.1171
SITE_04167,NY,12534,4.16,-1.0,-1.0,16.0,0.1598151062155783,-1.0,2016-10-07,1.0,-1.0,42.5490,-75.6865
SITE_04168,NY,10466,8.5,-1.0,-1.0,25.0,0.19607843137254904,-1.0,2022-01-28,0.0,-1.0,43.1262,-75.2182
SITE_04169,NY,14701,6.38,-1.0,-1.0,22.0,0.17296136699121775,-1.0,2018-10-29,0.0,-1.0,41.5750,-74.5679
SITE_04170,NY,12029,3.83,-1.0,-1.0,15.0,0.15705838876570585,-1.0,2012-06-19,0.0,-1.0,42.5042,-77.0662
SITE_04171,NY,12502,9.09,-1.0,-1.0,23.0,0.20680628272251309,-1.0,2023-06-30,0.0,-1.0,43.3336,-76.1029
SITE_04172,NY,14062,16.07,-1.0,-1.0,51.0,0.1984126984126984,-1.0,2016-08-12,0.0,-1.0,43.6950,-75.0258
SITE_04173,NY,10469,5.4,-1.0,-1.0,15.0,0.22072348252605764,-1.0,2019-07-08,1.0,-1.0,42.0911,-74.9943
SITE_04174,NY,10461,3.6,-1.0,-1.0,12.0,0.18507277061340519,-1.0,2018-09-12,0.0,-1.0,43.6363,-74.7333
SITE_04175,NY,10470,2.77,-1.0,-1.0,7.0,-1.0,-1.0,2022-09-06,0.0,-1.0,42.1085,-75.9961
SITE_04176,NY,12423,7.85,-1.0,-1.0,24.0,0.20061349693251534,-1.0,2015-10-30,0.0,-1.0,42.0664,-74.9944
SITE_04177,NY,12485,3.92,-1.0,-1.0,12.0,0.2004904966278357,-1.0,2018-06-11,0.0,-1.0,42.4735,-77.6573
SITE_04178,NY,14218,9.8,-1.0,-1.0,20.0,0.21519543258673693,-1.0,2023-10-02,0.0,-1.0,-9999,-9999
SITE_04179,NY,12993,9.9,-1.0,-1.0,36.0,0.1687265623466122,-1.0,2017-07-06,0.0,-1.0,42.2987,-74.0854
SITE_04180,NY,14043,6.3,-1.0,-1.0,30.0,0.16879916275615275,-1.0,2009-07-30,-1.0,-1.0,41.6939,-76.5877
SITE_04181,NY,14206,5.23,-1.0,-1.0,16.0,0.20061349693251534,-1.0,2018-11-27,0.0,-1.0,43.5161,-75.8970
SITE_04182,NY,14072,15.84,-1.0,-1.0,44.0,0.21301775147928995,-1.0,2022-02-09,0.0,-1.0,43.1565,-73.8890
SITE_04183,NY,14085,13.75,-1.0,-1.0,50.0,0.173217435122197,-1.0,2016-01-13,1.0,-1.0,42.0961,-74.1769
SITE_04184,NY,13601,6.07,-1.0,-1.0,15.0,0.225752508361204,-1.0,2024-06-03,0.0,-1.0,42.7769,-75.2411
SITE_04185,NY,14150,2.24,-1.0,-1.0,8.0,-1.0,-1.0,2016-03-01,0.0,-1.0,42.5787,-75.9206
SITE_04186,NY,14036,7.77,-1.0,-1.0,21.0,0.20903954802259886,-1.0,2022-10-05,0.0,-1.0,41.9870,-75.5334
SITE_04187,NY,13601,12.52,-1.0,-1.0,44.0,-1.0,-1.0,2016-11-15,0.0,-1.0,41.4011,-76.3693
SITE_04188,NY,12572,6.48,-1.0,-1.0,18.0,0.2208588957055215,-1.0,2018-10-05,0.0,-1.0,42.6475,-75.3911
SITE_04189,NY,11212,4.65,-1.0,-1.0,15.0,0.18902439024390244,-1.0,2020-03-03,0.0,-1.0,41.5822,-74.4491
SITE_04190,NY,11204,4.41,-1.0,-1.0,14.0,0.19444444444444442,-1.0,2020-03-24,1.0,-1.0,42.4796,-77.3191
SITE_04191,NY,11236,4.68,-1.0,-1.0,13.0,0.22072348252605764,-1.0,2018-12-21,0.0,-1.0,41.9263,-73.6491
SITE_04192,NY,11229,4.8,-1.0,-1.0,12.0,0.20833333333333334,-1.0,2023-04-13,0.0,-1.0,41.8210,-76.0281
SITE_04193,NY,11221,2.49,-1.0,-1.0,6.0,0.22192513368983954,-1.0,2024-11-04,0.0,-1.0,42.9600,-73.6456
SITE_04194,NY,11203,3.15,-1.0,-1.0,10.0,0.1984126984126984,-1.0,2017-06-07,0.0,-1.0,42.5637,-77.1877
SITE_04195,NY,11208,8.83,-1.0,-1.0,27.0,0.20061349693251534,-1.0,2019-10-02,1.0,-1.0,43.1847,-75.0901
SITE_04196,NY,11236,5.61,-1.0,-1.0,17.0,0.20015721439385117,-1.0,2018-02-23,1.0,-1.0,42.0127,-77.3241
SITE_04197,NY,11207,7.93,-1.0,-1.0,26.0,0.19303797468354428,-1.0,2020-03-10,1.0,-1.0,42.2925,-75.3201
SITE_04198,NY,11229,2.61,-1.0,-1.0,9.0,0.17901234567901234,-1.0,2019-07-24,1.0,-1.0,42.7178,-77.2263
SITE_04199,NY,11233,5.12,-1.0,-1.0,16.0,0.19888129272840274,-1.0,2022-03-22,0.0,-1.0,43.7089,-77.0526
SITE_04200,NY,11222,6.12,-1.0,-1.0,17.0,0.2151462994836489,-1.0,2019-02-07,0.0,-1.0,44.0102,-76.5930
SITE_04201,NY,11216,6.32,-1.0,-1.0,16.0,0.218232044198895,-1.0,2022-10-28,0.0,-1.0,42.6857,-77.1205
SITE_04202,NY,11231,4.02,-1.0,-1.0,12.0,0.20318989946042468,-1.0,2018-01-22,0.0,-1.0,42.4686,-76.5150
SITE_04203,NY,11223,10.01,-1.0,-1.0,23.0,0.23262032085561496,-1.0,2023-09-28,0.0,-1.0,43.5850,-76.1812
SITE_04204,NY,11208,4.0,-1.0,-1.0,10.0,0.2229654403567447,-1.0,2023-01-24,0.0,-1.0,42.5447,-74.8099
SITE_04205,NY,11203,2.94,-1.0,-1.0,9.0,0.20061349693251534,-1.0,2022-06-15,0.0,-1.0,42.3515,-76.6860
SITE_04206,NY,14617,7.03,-1.0,-1.0,19.0,0.20903954802259886,-1.0,2022-11-23,0.0,-1.0,43.7649,-74.0829
SITE_04207,NY,11050,-1.0,-1.0,-1.0,-1.0,-1.0,-1.0,2024-03-06,0.0,-1.0,43.4686,-73.7708
SITE_04208,NY,11756,8.06,-1.0,-1.0,31.0,0.16390827944848646,-1.0,2015-07-10,0.0,-1.0,41.8725,-75.0850
SITE_04209,NY,11552,8.82,-1.0,-1.0,36.0,-1.0,-1.0,2014-01-31,1.0,-1.0,42.6196,-77.1105
SITE_04210,NY,11756,5.89,-1.0,-1.0,19.0,0.1928033356220955,-1.0,2020-07-09,0.0,-1.0,41.8801,-76.3888
SITE_04211,NY,11575,6.27,-1.0,-1.0,22.0,0.17951625094482235,-1.0,2016-08-23,1.0,-1.0,41.5917,-74.1959
SITE_04212,NY,13339,8.32,-1.0,-1.0,32.0,0.15916743189470464,-1.0,2016-11-21,1.0,-1.0,43.2014,-73.3895
SITE_04213,NY,14420,3.2,-1.0,-1.0,8.0,0.20833333333333334,-1.0,2023-07-11,0.0,-1.0,43.5161,-74.6377
SITE_04214,NY,11554,11.77,-1.0,-1.0,36.0,0.2005256593124239,-1.0,2015-01-20,0.0,-1.0,43.4942,-76.5528
SITE_04215,NY,11566,9.75,-1.0,-1.0,39.0,0.16141685256507524,-1.0,2014-12-19,1.0,-1.0,42.5587,-75.8167
SITE_04216,NY,11580,6.1,-1.0,-1.0,20.0,0.18827160493827158,-1.0,2020-03-27,0.0,-1.0,43.1202,-77.1594
SITE_04217,NY,14526,18.0,-1.0,-1.0,40.0,0.20833333333333331,-1.0,2022-09-21,0.0,-1.0,41.7366,-77.6602
SITE_04218,NY,14437,17.6,-1.0,-1.0,44.0,-1.0,-1.0,2024-05-06,0.0,-1.0,41.7870,-76.2077
SITE_04219,NY,11003,6.5,-1.0,-1.0,25.0,0.16065696339801835,-1.0,2015-08-11,1.0,-1.0,44.3454,-77.5610
SITE_04220,NY,13037,7.29,-1.0,-1.0,18.0,0.225752508361204,-1.0,2023-09-28,0.0,-1.0,41.5231,-76.6014
SITE_04221,NY,11598,8.4,-1.0,-1.0,28.0,0.18507277061340519,-1.0,2018-08-16,0.0,-1.0,42.6938,-73.7409
SITE_04222,NY,14586,11.1,-1.0,-1.0,37.0,0.17892555205988042,-1.0,2018-12-14,0.0,-1.0,43.3490,-74.0282
SITE_04223,NY,11756,4.85,-1.0,-1.0,19.0,-1.0,-1.0,2015-04-07,1.0,-1.0,42.4340,-75.9105
SITE_04224,NY,11040,3.9,-1.0,-1.0,15.0,0.15884652981427178,-1.0,2016-08-29,1.0,-1.0,43.8559,-77.6956
SITE_04225,NY,11566,8.64,-1.0,-1.0,24.0,0.19889502762430938,-1.0,2020-02-14,0.0,-1.0,42.0849,-76.2823
SITE_04226,NY,11003,4.68,-1.0,-1.0,11.0,0.22368421052631582,-1.0,2024-12-03,0.0,-1.0,43.0694,-77.5823
SITE_04227,NY,11566,9.72,-1.0,-1.0,36.0,0.1649640744904443,-1.0,2015-05-20,0.0,-1.0,41.9384,-76.4017
SITE_04228,NY,11021,10.05,-1.0,-1.0,30.0,-1.0,-1.0,2013-11-26,0.0,-1.0,41.7887,-75.2829
SITE_04229,NY,14467,5.23,-1.0,-1.0,16.0,0.2005256593124239,-1.0,2012-12-31,0.0,-1.0,41.7034,-75.5677
SITE_04230,NY,14623,5.04,-1.0,-1.0,14.0,0.2207621937384483,-1.0,2018-10-23,0.0,-1.0,42.4582,-77.6403
SITE_04231,NY,11040,7.8,-1.0,-1.0,30.0,0.16065696339801835,-1.0,2016-05-18,1.0,-1.0,43.0062,-74.1592
SITE_04232,NY,11709,5.55,-1.0,-1.0,30.0,-1.0,-1.0,2011-03-21,0.0,-1.0,41.8039,-76.0483
SITE_04233,NY,10940,10.14,-1.0,-1.0,26.0,0.20418848167539266,-1.0,2024-01-16,1.0,-1.0,43.9561,-75.5535
SITE_04234,NY,11803,8.0,-1.0,-1.0,32.0,0.16141685256507524,-1.0,2015-01-07,1.0,-1.0,43.2912,-74.9639
SITE_04235,NY,11758,7.32,-1.0,-1.0,19.0,0.19346733668341706,-1.0,2020-11-13,0.0,-1.0,41.7353,-74.1607
SITE_04236,NY,11732,9.88,-1.0,-1.0,38.0,0.16065696339801835,-1.0,2016-03-29,0.0,-1.0,42.2314,-73.8242
SITE_04237,NY,10940,10.78,-1.0,-1.0,28.0,0.20263157894736844,-1.0,2023-04-24,0.0,-1.0,43.4941,-75.8406
SITE_04238,NY,12589,7.8,-1.0,-1.0,30.0,0.16065696339801835,-1.0,2016-08-02,1.0,-1.0,42.9950,-76.3302
SITE_04239,NY,13440,14.63,-1.0,-1.0,45.0,0.19411444987964904,-1.0,2018-06-28,1.0,-1.0,43.9686,-75.0464
SITE_04240,NY,11801,8.48,-1.0,-1.0,32.0,0.17110186371897973,-1.0,2016-11-23,1.0,-1.0,43.8034,-74.1512
SITE_04241,NY,11561,-1.0,-1.0,-1.0,35.0,0.22192513368983954,-1.0,2023-09-08,0.0,-1.0,42.4706,-77.2996
SITE_04242,NY,11566,11.77,-1.0,-1.0,36.0,-1.0,-1.0,2013-08-22,1.0,-1.0,41.6033,-73.9366
SITE_04243,NY,14424,12.75,-1.0,-1.0,50.0,0.1607561971514002,-1.0,2015-04-17,0.0,-1.0,44.0669,-76.8960
SITE_04244,NY,11803,9.77,-1.0,-1.0,23.0,0.22368421052631582,-1.0,2024-07-15,0.0,-1.0,43.4442,-76.1946
SITE_04245,NY,11758,8.64,-1.0,-1.0,36.0,-1.0,-1.0,2011-10-13,0.0,-1.0,42.9481,-76.1875
SITE_04246,NY,12771,3.19,-1.0,-1.0,11.0,0.17901234567901234,-1.0,2019-02-15,1.0,-1.0,41.6269,-77.5305
SITE_04247,NY,11803,10.8,-1.0,-1.0,27.0,0.20833333333333334,-1.0,2022-03-23,0.0,-1.0,43.3674,-76.1621
SITE_04248,NY,14564,11.12,-1.0,-1.0,34.0,0.20061349693251534,-1.0,2015-11-30,0.0,-1.0,43.7082,-74.1979
SITE_04249,NY,12550,10.5,-1.0,-1.0,25.0,0.22340425531914895,-1.0,2023-07-19,0.0,-1.0,42.5149,-74.1799
SITE_04250,NY,14094,10.23,-1.0,-1.0,31.0,0.20625,-1.0,2020-09-24,0.0,-1.0,41.6499,-75.0965
SITE_04251,NY,10930,6.61,-1.0,-1.0,21.0,0.196875,-1.0,2018-06-07,0.0,-1.0,43.1298,-74.4617
SITE_04252,NY,10950,6.24,-1.0,-1.0,24.0,0.16065696339801835,-1.0,2016-09-16,1.0,-1.0,44.0867,-76.9247
SITE_04253,NY,12553,12.75,-1.0,-1.0,51.0,0.16141685256507524,-1.0,2014-10-09,1.0,-1.0,41.5673,-76.4394
SITE_04254,NY,10940,3.57,-1.0,-1.0,14.0,0.15756740640959493,-1.0,2016-04-04,1.0,-1.0,41.9255,-76.5715
SITE_04255,NY,10917,4.8,-1.0,-1.0,16.0,0.18633540372670804,-1.0,2017-07-07,1.0,-1.0,42.5225,-73.6471
SITE_04256,NY,12549,15.98,-1.0,-1.0,47.0,0.20858895705521474,-1.0,2022-08-23,1.0,-1.0,42.0786,-73.4906
SITE_04257,NY,10987,12.4,-1.0,-1.0,31.0,0.20833333333333334,-1.0,2022-10-07,0.0,-1.0,43.2800,-77.4797
SITE_04258,NY,12553,8.68,-1.0,-1.0,28.0,0.19135802469135801,-1.0,2020-10-29,1.0,-1.0,42.7131,-74.9388
SITE_04259,NY,10990,1.53,-1.0,-1.0,6.0,0.16464518961637672,-1.0,2015-02-09,1.0,-1.0,41.9075,-77.4383
SITE_04260,NY,12553,12.6,-1.0,-1.0,30.0,0.22340425531914895,-1.0,2023-11-10,0.0,-1.0,42.0750,-75.6455
SITE_04261,NY,10918,21.6,-1.0,-1.0,72.0,0.18896447467876037,-1.0,2016-07-12,0.0,-1.0,42.0030,-76.2173
SITE_04262,NY,10930,6.93,-1.0,-1.0,22.0,0.19444444444444442,-1.0,2019-04-17,0.0,-1.0,42.6253,-77.3434
SITE_04263,NY,13126,4.83,-1.0,-1.0,14.0,0.17301905717151453,-1.0,2018-04-03,0.0,-1.0,41.8850,-76.1793
SITE_04264,NY,10918,10.08,-1.0,-1.0,28.0,0.2208588957055215,-1.0,2019-08-30,1.0,-1.0,41.5544,-73.9488
SITE_04265,NY,10918,2.45,-1.0,-1.0,10.0,0.15138829243274807,-1.0,2013-09-03,1.0,-1.0,43.0190,-77.6426
SITE_04266,NY,10924,7.19,-1.0,-1.0,22.0,0.2005256593124239,-1.0,2015-10-13,1.0,-1.0,44.0327,-76.8514
SITE_04267,NY,12553,6.46,-1.0,-1.0,19.0,0.20858895705521474,-1.0,2022-07-27,1.0,-1.0,43.7951,-77.3475
SITE_04268,NY,10940,9.62,-1.0,-1.0,26.0,0.1989247311827957,-1.0,2023-05-15,1.0,-1.0,43.5446,-74.7211
SITE_04269,NY,12566,18.1,-1.0,-1.0,71.0,0.15951068377538644,-1.0,2017-05-17,1.0,-1.0,44.1776,-75.0263
SITE_04270,NY,10990,8.26,-1.0,-1.0,28.0,0.15203427007058515,-1.0,2014-09-04,0.0,-1.0,43.2902,-77.6617
SITE_04271,NY,10990,6.12,-1.0,-1.0,24.0,0.16464518961637672,-1.0,2015-10-20,1.0,-1.0,43.1618,-77.2472
SITE_04272,NY,11419,6.48,-1.0,-1.0,18.0,0.19889502762430938,-1.0,2020-10-14,0.0,-1.0,41.9434,-76.8286
SITE_04273,NY,11427,7.3,-1.0,-1.0,20.0,0.21987951807228917,-1.0,2023-08-16,1.0,-1.0,44.0154,-76.0906
SITE_04274,NY,11434,5.98,-1.0,-1.0,23.0,0.15568862275449102,-1.0,2017-04-11,1.0,-1.0,44.2788,-75.0841
SITE_04275,NY,11412,7.83,-1.0,-1.0,18.0,0.23262032085561496,-1.0,2022-09-15,0.0,-1.0,44.1743,-75.0140
SITE_04276,NY,11433,3.35,-1.0,-1.0,10.0,0.20318989946042468,-1.0,2019-06-28,1.0,-1.0,43.4514,-76.8109
SITE_04277,NY,11416,4.2,-1.0,-1.0,12.0,0.21228795466014516,-1.0,2020-11-06,1.0,-1.0,42.0000,-74.5658
SITE_04278,NY,11413,3.2,-1.0,-1.0,8.0,0.20833333333333334,-1.0,2024-11-19,1.0,-1.0,43.3362,-74.0144
SITE_04279,NY,11432,4.02,-1.0,-1.0,12.0,0.20318989946042468,-1.0,2019-10-30,0.0,-1.0,43.9139,-76.1013
SITE_04280,NY,11412,3.5,-1.0,-1.0,10.0,0.21228795466014516,-1.0,2021-03-25,0.0,-1.0,43.2242,-77.6151
SITE_04281,NY,10541,22.72,-1.0,-1.0,59.0,0.20263157894736844,-1.0,2023-04-19,0.0,-1.0,44.0575,-73.5018
SITE_04282,NY,11434,9.6,-1.0,-1.0,24.0,0.20833333333333334,-1.0,2022-09-15,1.0,-1.0,44.3321,-77.1913
SITE_04283,NY,11414,6.16,-1.0,-1.0,22.0,0.1696954270112696,-1.0,2017-02-28,1.0,-1.0,44.1256,-75.4641
SITE_04284,NY,11434,3.46,-1.0,-1.0,11.0,0.19444444444444442,-1.0,2020-03-18,0.0,-1.0,43.8182,-75.7820
SITE_04285,NY,11105,6.03,-1.0,-1.0,18.0,0.20318989946042468,-1.0,2019-06-26,0.0,-1.0,43.7998,-76.8045
SITE_04286,NY,11416,2.68,-1.0,-1.0,8.0,0.2047677261613692,-1.0,2021-03-18,1.0,-1.0,42.0903,-77.2656
SITE_04287,NY,11434,10.64,-1.0,-1.0,28.0,0.2087912087912088,-1.0,2021-06-14,0.0,-1.0,42.8946,-75.3417
SITE_04288,NY,11369,4.58,-1.0,-1.0,14.0,0.20061349693251534,-1.0,2020-09-04,0.0,-1.0,43.7380,-73.7801
SITE_04289,NY,11436,4.4,-1.0,-1.0,11.0,0.20833333333333334,-1.0,2023-10-16,0.0,-1.0,41.5207,-74.7423
SITE_04290,NY,11413,2.96,-1.0,-1.0,8.0,0.1989247311827957,-1.0,2023-10-09,1.0,-1.0,42.7936,-74.4212
SITE_04291,NY,11413,3.15,-1.0,-1.0,10.0,0.1984126984126984,-1.0,2016-11-30,1.0,-1.0,42.0449,-76.8196
SITE_04292,NY,11428,4.16,-1.0,-1.0,16.0,0.16065696339801835,-1.0,2016-07-26,1.0,-1.0,42.2599,-77.5776
SITE_04293,NY,11413,6.65,-1.0,-1.0,19.0,0.21228795466014516,-1.0,2020-08-31,0.0,-1.0,42.5825,-77.2621
SITE_04294,NY,11420,5.26,-1.0,-1.0,13.0,0.225752508361204,-1.0,2023-01-19,1.0,-1.0,42.3777,-73.7682
SITE_04295,NY,11420,7.85,-1.0,-1.0,24.0,0.2005256593124239,-1.0,2017-07-03,1.0,-1.0,41.7701,-73.4282
SITE_04296,NY,11436,4.32,-1.0,-1.0,12.0,0.2208588957055215,-1.0,2022-07-06,0.0,-1.0,41.6340,-73.3728
SITE_04297,NY,11356,4.42,-1.0,-1.0,13.0,0.19653179190751444,-1.0,2022-06-02,1.0,-1.0,-9999,-9999
SITE_04298,NY,11436,4.0,-1.0,-1.0,10.0,0.213903743315508,-1.0,2024-06-10,0.0,-1.0,43.4003,-76.3547
SITE_04299,NY,11414,8.4,-1.0,-1.0,28.0,0.18896447467876037,-1.0,2015-01-27,0.0,-1.0,43.3629,-77.0308
SITE_04300,NY,11428,3.9,-1.0,-1.0,10.0,-1.0,-1.0,2022-08-01,1.0,-1.0,41.4233,-75.5796
SITE_04301,NY,11375,9.16,-1.0,-1.0,28.0,0.2005256593124239,-1.0,2015-08-27,0.0,-1.0,43.8367,-73.8174
SITE_04302,NY,11422,7.6,-1.0,-1.0,19.0,0.20833333333333334,-1.0,2023-03-22,1.0,-1.0,-9999,-9999
SITE_04303,NY,11367,13.44,-1.0,-1.0,32.0,0.22340425531914895,-1.0,2024-05-29,0.0,-1.0,41.4556,-75.1153
SITE_04304,NY,11355,4.74,-1.0,-1.0,12.0,0.20680628272251309,-1.0,2024-04-03,1.0,-1.0,41.6294,-77.5441
SITE_04305,NY,10310,7.59,-1.0,-1.0,22.0,0.2115637689993463,-1.0,2017-08-17,1.0,-1.0,43.6863,-75.3374
SITE_04306,NY,10314,6.4,-1.0,-1.0,16.0,0.20833333333333334,-1.0,2022-11-03,0.0,-1.0,43.5629,-76.2634
SITE_04307,NY,10310,3.96,-1.0,-1.0,13.0,0.19211388259007306,-1.0,2017-07-31,1.0,-1.0,42.0774,-75.0495
SITE_04308,NY,12061,6.0,-1.0,-1.0,24.0,0.16141685256507524,-1.0,2014-01-21,0.0,-1.0,42.0638,-76.7016
SITE_04309,NY,12033,7.02,-1.0,-1.0,27.0,0.1626383442415705,-1.0,2016-02-08,1.0,-1.0,42.6993,-74.9169
SITE_04310,NY,10305,5.04,-1.0,-1.0,14.0,0.2208588957055215,-1.0,2019-11-05,0.0,-1.0,43.0753,-74.8363
SITE_04311,NY,10306,7.4,-1.0,-1.0,20.0,0.20407262779358878,-1.0,2021-12-30,0.0,-1.0,42.5623,-76.6169
SITE_04312,NY,10308,6.6,-1.0,-1.0,20.0,0.20015721439385117,-1.0,2018-05-08,1.0,-1.0,43.8024,-76.2250
SITE_04313,NY,10310,5.99,-1.0,-1.0,21.0,0.17592592592592593,-1.0,2018-03-05,1.0,-1.0,43.5112,-74.1161
SITE_04314,NY,12144,6.36,-1.0,-1.0,24.0,0.16576600470775454,-1.0,2015-10-30,1.0,-1.0,42.1689,-75.3578
SITE_04315,NY,12138,5.72,-1.0,-1.0,22.0,0.1598151062155783,-1.0,2016-08-08,1.0,-1.0,44.1880,-74.6563
SITE_04316,NY,10305,7.84,-1.0,-1.0,28.0,0.17179431802564152,-1.0,2018-05-31,1.0,-1.0,42.3587,-76.3013
SITE_04317,NY,10305,5.8,-1.0,-1.0,19.0,0.18792359827479976,-1.0,2020-08-12,0.0,-1.0,43.2050,-73.5090
SITE_04318,NY,11362,8.93,-1.0,-1.0,21.0,0.22727272727272727,-1.0,2022-11-08,0.0,-1.0,44.2379,-77.2520
SITE_04319,NY,10301,6.55,-1.0,-1.0,19.0,0.20925526959357169,-1.0,2021-01-19,0.0,-1.0,43.3200,-73.6356
SITE_04320,NY,10312,4.25,-1.0,-1.0,13.0,0.2005256593124239,-1.0,2014-06-26,1.0,-1.0,42.4771,-77.3556
SITE_04321,NY,10980,8.18,-1.0,-1.0,25.0,0.2005256593124239,-1.0,2016-12-19,1.0,-1.0,42.2606,-74.3343
SITE_04322,NY,10302,7.29,-1.0,-1.0,18.0,0.2109375,-1.0,2024-03-15,0.0,-1.0,42.7854,-76.1213
SITE_04323,NY,10956,5.61,-1.0,-1.0,22.0,0.1607940071127702,-1.0,2015-05-04,1.0,-1.0,42.3266,-77.2660
SITE_04324,NY,10307,16.66,-1.0,-1.0,68.0,0.19693235654884486,-1.0,2012-12-31,-1.0,-1.0,43.1268,-73.6740
SITE_04325,NY,10923,5.1,-1.0,-1.0,15.0,0.19607843137254904,-1.0,2021-09-09,1.0,-1.0,44.3362,-76.0321
SITE_04326,NY,10314,4.25,-1.0,-1.0,13.0,0.2005256593124239,-1.0,2015-08-20,1.0,-1.0,42.0171,-75.1642
SITE_04327,NY,10980,8.27,-1.0,-1.0,19.0,0.23262032085561496,-1.0,2022-09-07,0.0,-1.0,44.1210,-75.2386
SITE_04328,NY,10314,13.44,-1.0,-1.0,42.0,0.20156210632401106,-1.0,2017-11-27,1.0,-1.0,44.1016,-77.6981
SITE_04329,NY,10994,8.84,-1.0,-1.0,34.0,0.1572876828015598,-1.0,2015-08-24,1.0,-1.0,43.2962,-74.0926
SITE_04330,NY,10309,3.92,-1.0,-1.0,12.0,0.2005256593124239,-1.0,2015-09-23,1.0,-1.0,43.9628,-75.3678
SITE_04331,NY,10303,8.84,-1.0,-1.0,26.0,0.19607843137254904,-1.0,2021-08-13,1.0,-1.0,41.8527,-76.8856
SITE_04332,NY,10980,8.58,-1.0,-1.0,33.0,0.1588542939537612,-1.0,2016-05-06,1.0,-1.0,43.3383,-74.2688
SITE_04333,NY,10303,6.21,-1.0,-1.0,19.0,0.2005256593124239,-1.0,2015-09-18,1.0,-1.0,43.5042,-74.9205
SITE_04334,NY,10314,6.82,-1.0,-1.0,21.0,0.19938650306748468,-1.0,2022-08-22,1.0,-1.0,43.2733,-77.2604
SITE_04335,NY,10314,6.03,-1.0,-1.0,18.0,0.20318989946042468,-1.0,2020-10-02,0.0,-1.0,41.4437,-73.8003
SITE_04336,NY,10980,9.7,-1.0,-1.0,39.0,0.16464518961637672,-1.0,2015-02-03,1.0,-1.0,41.4937,-74.0391
SITE_04337,NY,10303,3.16,-1.0,-1.0,8.0,-1.0,-1.0,2022-12-20,0.0,-1.0,42.5557,-74.7921
SITE_04338,NY,10309,8.18,-1.0,-1.0,25.0,0.2005256593124239,-1.0,2014-10-14,1.0,-1.0,44.2729,-74.5983
SITE_04339,NY,10312,9.66,-1.0,-1.0,28.0,0.2115637689993463,-1.0,2017-11-29,1.0,-1.0,42.2685,-75.7971
SITE_04340,NY,10312,9.36,-1.0,-1.0,36.0,0.1588271227855834,-1.0,2017-01-24,1.0,-1.0,42.4499,-76.4426
SITE_04341,NY,10309,9.0,-1.0,-1.0,25.0,0.2208588957055215,-1.0,2019-09-20,0.0,-1.0,43.7059,-76.2855
SITE_04342,NY,10989,2.28,-1.0,-1.0,8.0,-1.0,-1.0,2017-01-10,0.0,-1.0,43.4279,-76.7541
SITE_04343,NY,10312,5.47,-1.0,-1.0,15.0,0.20054945054945053,-1.0,2023-02-01,0.0,-1.0,43.5714,-77.6820
SITE_04344,NY,10994,29.58,-1.0,-1.0,102.0,0.18261964735516373,-1.0,2018-11-02,1.0,-1.0,43.2817,-74.3182
SITE_04345,NY,10923,13.14,-1.0,-1.0,36.0,0.21987951807228917,-1.0,2023-07-07,1.0,-1.0,41.8026,-76.0162
SITE_04346,NY,10303,4.34,-1.0,-1.0,14.0,0.1928033356220955,-1.0,2020-10-14,0.0,-1.0,41.4929,-76.2448
SITE_04347,NY,10983,7.56,-1.0,-1.0,24.0,0.19444444444444442,-1.0,2020-02-04,1.0,-1.0,42.9315,-73.9227
SITE_04348,NY,12308,4.25,-1.0,-1.0,17.0,0.15304560759106214,-1.0,2014-10-20,1.0,-1.0,42.3869,-76.0634
SITE_04349,NY,12831,8.25,-1.0,-1.0,30.0,-1.0,-1.0,2015-08-10,0.0,-1.0,43.3492,-77.0610
SITE_04350,NY,12020,10.13,-1.0,-1.0,25.0,0.225752508361204,-1.0,2024-03-18,0.0,-1.0,43.2113,-77.2868
SITE_04351,NY,12020,7.2,-1.0,-1.0,18.0,0.20833333333333334,-1.0,2023-06-15,0.0,-1.0,43.9783,-75.6401
SITE_04352,NY,12304,5.52,-1.0,-1.0,24.0,0.18487527349483396,-1.0,2009-05-22,-1.0,-1.0,41.8946,-77.3761
SITE_04353,NY,10976,4.94,-1.0,-1.0,19.0,0.16065696339801835,-1.0,2017-06-26,1.0,-1.0,44.3011,-77.1358
SITE_04354,NY,12148,4.86,-1.0,-1.0,12.0,0.225752508361204,-1.0,2023-12-20,0.0,-1.0,42.1386,-73.6864
SITE_04355,NY,12306,6.5,-1.0,-1.0,25.0,0.16065696339801835,-1.0,2016-02-19,1.0,-1.0,43.7002,-75.1458
SITE_04356,NY,10994,3.19,-1.0,-1.0,11.0,0.17365269461077845,-1.0,2018-06-12,1.0,-1.0,42.9037,-77.0790
SITE_04357,NY,11743,6.12,-1.0,-1.0,18.0,0.20622258452699818,-1.0,2021-07-29,0.0,-1.0,42.8807,-76.5531
SITE_04358,NY,12020,4.8,-1.0,-1.0,20.0,0.19291332886417456,-1.0,2012-09-12,-1.0,-1.0,42.7912,-74.8188
SITE_04359,NY,10965,8.97,-1.0,-1.0,26.0,-1.0,-1.0,2017-05-10,0.0,-1.0,44.1426,-74.6323
SITE_04360,NY,12148,3.12,-1.0,-1.0,12.0,0.1598151062155783,-1.0,2016-04-28,1.0,-1.0,43.4669,-76.7596
SITE_04361,NY,10913,8.93,-1.0,-1.0,35.0,0.15756740640959493,-1.0,2015-04-24,1.0,-1.0,41.6391,-76.1400
SITE_04362,NY,11746,7.14,-1.0,-1.0,28.0,-1.0,-1.0,2015-05-26,1.0,-1.0,44.1767,-75.6695
SITE_04363,NY,11731,5.0,-1.0,-1.0,20.0,-1.0,-1.0,2014-10-07,1.0,-1.0,43.1618,-73.4876
SITE_04364,NY,13146,12.32,-1.0,-1.0,44.0,0.1763668430335097,-1.0,2017-05-02,0.0,-1.0,43.1408,-73.3234
SITE_04365,NY,12053,11.2,-1.0,-1.0,28.0,0.20833333333333334,-1.0,2022-10-03,0.0,-1.0,42.9147,-73.4412
SITE_04366,NY,13646,4.56,-1.0,-1.0,24.0,0.13073514435912256,-1.0,2009-06-30,-1.0,-1.0,43.6274,-76.3724
SITE_04367,NY,12118,8.74,-1.0,-1.0,19.0,0.22772277227722773,-1.0,2024-12-13,0.0,-1.0,43.3435,-74.4147
SITE_04368,NY,12835,8.4,-1.0,-1.0,20.0,0.22340425531914895,-1.0,2024-07-26,0.0,-1.0,43.8689,-75.2215
SITE_04369,NY,12148,12.25,-1.0,-1.0,50.0,0.14998469543924092,-1.0,2013-12-18,1.0,-1.0,42.9404,-75.3761
SITE_04370,NY,11730,7.2,-1.0,-1.0,20.0,0.19032513877874704,-1.0,2020-02-21,0.0,-1.0,41.4656,-74.0702
SITE_04371,NY,11787,10.29,-1.0,-1.0,42.0,-1.0,-1.0,2014-08-04,1.0,-1.0,41.9774,-73.5906
SITE_04372,NY,11722,8.16,-1.0,-1.0,32.0,0.15756740640959493,-1.0,2016-10-25,1.0,-1.0,41.4928,-75.9570
SITE_04373,NY,11789,6.93,-1.0,-1.0,18.0,0.19543147208121828,-1.0,2024-02-14,0.0,-1.0,42.3247,-76.4870
SITE_04374,NY,11751,8.51,-1.0,-1.0,23.0,0.19576719576719578,-1.0,2020-01-08,0.0,-1.0,44.3105,-76.4863
SITE_04375,NY,11704,9.16,-1.0,-1.0,28.0,0.2005256593124239,-1.0,2016-08-01,0.0,-1.0,41.8974,-74.7829
SITE_04376,NY,11798,4.91,-1.0,-1.0,15.0,0.2005256593124239,-1.0,2016-10-24,0.0,-1.0,43.6049,-74.0009
SITE_04377,NY,11722,3.12,-1.0,-1.0,12.0,0.1626383442415705,-1.0,2016-03-28,1.0,-1.0,43.1393,-76.5533
SITE_04378,NY,11727,7.56,-1.0,-1.0,28.0,0.16449172058339728,-1.0,2016-04-07,0.0,-1.0,43.9197,-74.9340
SITE_04379,NY,11706,4.25,-1.0,-1.0,17.0,0.16141685256507524,-1.0,2016-10-16,1.0,-1.0,43.2066,-73.7168
SITE_04380,NY,11757,7.19,-1.0,-1.0,22.0,-1.0,-1.0,2013-10-15,1.0,-1.0,44.1981,-75.3114
SITE_04381,NY,11754,3.57,-1.0,-1.0,14.0,-1.0,-1.0,2014-05-30,1.0,-1.0,41.8331,-74.2955
SITE_04382,NY,11702,9.68,-1.0,-1.0,-1.0,-1.0,-1.0,2010-11-16,0.0,-1.0,43.3375,-74.5679
SITE_04383,NY,11702,6.89,-1.0,-1.0,26.0,-1.0,-1.0,2014-09-30,0.0,-1.0,-9999,-9999
SITE_04384,NY,11757,56.46,-1.0,-1.0,23.0,-1.0,-1.0,2014-05-29,1.0,-1.0,43.5059,-75.2359
SITE_04385,NY,11716,6.63,-1.0,-1.0,26.0,0.15756740640959493,-1.0,2016-10-25,1.0,-1.0,42.1279,-77.5170
SITE_04386,NY,11757,6.72,-1.0,-1.0,28.0,-1.0,-1.0,2013-08-22,1.0,-1.0,43.7022,-77.4965
SITE_04387,NY,11716,5.98,-1.0,-1.0,23.0,0.16065696339801835,-1.0,2015-09-10,1.0,-1.0,43.5862,-77.1782
SITE_04388,NY,11729,3.5,-1.0,-1.0,14.0,-1.0,-1.0,2014-07-28,1.0,-1.0,42.3540,-73.7682
SITE_04389,NY,11706,8.25,-1.0,-1.0,33.0,-1.0,-1.0,2014-12-05,1.0,-1.0,43.2845,-74.8180
SITE_04390,NY,11725,5.88,-1.0,-1.0,24.0,-1.0,-1.0,2014-07-30,1.0,-1.0,43.4915,-75.3994
SITE_04391,NY,11746,7.56,-1.0,-1.0,18.0,0.22340425531914895,-1.0,2023-10-25,0.0,-1.0,42.2903,-74.3781
SITE_04392,NY,11722,3.32,-1.0,-1.0,13.0,-1.0,-1.0,2015-04-02,1.0,-1.0,43.9347,-74.0751
SITE_04393,NY,11746,5.64,-1.0,-1.0,23.0,-1.0,-1.0,2013-12-30,1.0,-1.0,42.9207,-76.4407
SITE_04394,NY,11754,10.46,-1.0,-1.0,32.0,0.20061349693251534,-1.0,2015-12-11,0.0,-1.0,43.0480,-73.3974
SITE_04395,NY,11954,3.92,-1.0,-1.0,12.0,-1.0,-1.0,2012-12-20,0.0,-1.0,44.0114,-74.0499
SITE_04396,NY,14886,6.24,-1.0,-1.0,24.0,-1.0,-1.0,2016-05-02,0.0,-1.0,44.1269,-75.3856
SITE_04397,NY,12758,8.0,-1.0,-1.0,20.0,0.20833333333333334,-1.0,2022-12-29,0.0,-1.0,43.5831,-73.5543
SITE_04398,NY,11772,6.36,-1.0,-1.0,24.0,-1.0,-1.0,2013-10-11,0.0,-1.0,41.7099,-77.1153
SITE_04399,NY,12495,11.4,-1.0,-1.0,30.0,0.20994475138121546,-1.0,2021-10-20,0.0,-1.0,43.8516,-73.7936
SITE_04400,NY,11959,3.5,-1.0,-1.0,10.0,0.2147239263803681,-1.0,2020-06-23,0.0,-1.0,42.3093,-73.9146
SITE_04401,NY,11741,9.8,-1.0,-1.0,35.0,0.17179431802564152,-1.0,2018-04-18,0.0,-1.0,41.6318,-76.1751
SITE_04402,NY,11763,10.46,-1.0,-1.0,32.0,0.20061349693251534,-1.0,2015-10-21,0.0,-1.0,42.2451,-76.3162
SITE_04403,NY,11949,6.36,-1.0,-1.0,24.0,0.17110186371897973,-1.0,2016-07-07,1.0,-1.0,43.0624,-77.1345
SITE_04404,NY,13732,6.12,-1.0,-1.0,24.0,0.15756740640959493,-1.0,2014-12-29,0.0,-1.0,41.4075,-75.5569
SITE_04405,NY,11940,6.24,-1.0,-1.0,26.0,-1.0,-1.0,2011-12-13,0.0,-1.0,42.8834,-73.7095
SITE_04406,NY,11755,5.25,-1.0,-1.0,21.0,-1.0,-1.0,2014-09-21,1.0,-1.0,44.2033,-76.2006
SITE_04407,NY,11779,7.0,-1.0,-1.0,28.0,0.16141685256507524,-1.0,2015-01-06,1.0,-1.0,42.9172,-74.3132
SITE_04408,NY,11786,-1.0,-1.0,-1.0,-1.0,-1.0,-1.0,2021-10-19,0.0,-1.0,43.5559,-75.6054
SITE_04409,NY,12770,10.08,-1.0,-1.0,48.0,0.1469797755828798,-1.0,2016-07-05,0.0,-1.0,44.1748,-74.9298
SITE_04410,NY,11772,4.08,-1.0,-1.0,16.0,-1.0,-1.0,2015-04-02,1.0,-1.0,43.8879,-75.8023
SITE_04411,NY,10580,8.1,-1.0,-1.0,20.0,0.2109375,-1.0,2023-09-11,1.0,-1.0,44.3902,-77.5682
SITE_04412,NY,10707,6.97,-1.0,-1.0,17.0,0.21465968586387435,-1.0,2024-12-16,1.0,-1.0,42.6365,-75.2514
SITE_04413,NY,10710,4.0,-1.0,-1.0,16.0,0.15366837136113295,-1.0,2014-11-25,1.0,-1.0,43.4819,-74.2408
SITE_04414,NY,12446,14.5,-1.0,-1.0,58.0,0.15460395105857325,-1.0,2015-01-13,1.0,-1.0,42.2835,-75.0172
SITE_04415,NY,12885,8.1,-1.0,-1.0,20.0,0.225752508361204,-1.0,2024-06-21,0.0,-1.0,44.3871,-73.9568
SITE_04416,NY,14590,6.5,-1.0,-1.0,25.0,-1.0,-1.0,2016-02-23,0.0,-1.0,44.2416,-74.6049
SITE_04417,NY,12446,8.22,-1.0,-1.0,31.0,0.1637465203864418,-1.0,2017-01-11,1.0,-1.0,44.3886,-75.2406
SITE_04418,NY,10705,8.4,-1.0,-1.0,21.0,0.20833333333333334,-1.0,2023-10-30,0.0,-1.0,44.0038,-75.1520
SITE_04419,NY,12561,5.6,-1.0,-1.0,20.0,0.16766467065868265,-1.0,2017-04-26,1.0,-1.0,43.1633,-74.1398
SITE_04420,NY,12804,5.6,-1.0,-1.0,20.0,0.17179431802564152,-1.0,2017-11-13,0.0,-1.0,42.1193,-75.9103
SITE_04421,NY,12561,4.81,-1.0,-1.0,26.0,0.1449116430630405,-1.0,2011-07-11,-1.0,-1.0,44.0224,-76.0763
SITE_04422,NY,12566,19.24,-1.0,-1.0,52.0,0.20903954802259886,-1.0,2022-05-13,0.0,-1.0,41.6211,-76.6139
SITE_04423,NY,12561,8.58,-1.0,-1.0,22.0,0.20418848167539266,-1.0,2023-12-04,1.0,-1.0,44.3736,-73.3351
SITE_04424,NY,12561,17.52,-1.0,-1.0,48.0,0.21987951807228917,-1.0,2023-05-22,0.0,-1.0,43.9211,-75.1229
SITE_04425,NY,12528,4.72,-1.0,-1.0,15.0,0.1984126984126984,-1.0,2017-04-11,0.0,-1.0,44.1200,-76.7116
SITE_04426,NY,10704,12.25,-1.0,-1.0,35.0,0.21228795466014516,-1.0,2021-01-12,1.0,-1.0,43.2817,-74.0878
SITE_04427,NY,10704,9.28,-1.0,-1.0,32.0,0.17901234567901234,-1.0,2018-11-09,0.0,-1.0,42.3618,-73.4737
SITE_04428,NY,10701,6.72,-1.0,-1.0,28.0,0.14692378328741967,-1.0,2012-10-18,1.0,-1.0,43.3206,-77.2451
SITE_04429,NY,10801,4.45,-1.0,-1.0,11.0,0.2109375,-1.0,2024-03-06,1.0,-1.0,42.0222,-75.2488
SITE_04430,NY,12561,5.46,-1.0,-1.0,21.0,0.1598151062155783,-1.0,2017-02-13,1.0,-1.0,42.6921,-76.3855
SITE_04431,NY,10566,3.83,-1.0,-1.0,15.0,0.15756740640959493,-1.0,2014-11-20,1.0,-1.0,44.2649,-75.2593
SITE_04432,NY,10522,4.44,-1.0,-1.0,12.0,0.20407262779358878,-1.0,2022-05-19,0.0,-1.0,41.6078,-76.6752
SITE_04433,NY,10510,7.56,-1.0,-1.0,24.0,0.19444444444444442,-1.0,2019-07-16,0.0,-1.0,42.7183,-76.9748
SITE_04434,NY,10598,9.13,-1.0,-1.0,25.0,0.21987951807228917,-1.0,2022-12-08,0.0,-1.0,42.2629,-75.6343
SITE_04435,NY,10567,9.0,-1.0,-1.0,36.0,0.1544778494211715,-1.0,2014-08-20,1.0,-1.0,43.0287,-74.9117
SITE_04436,NY,10566,7.91,-1.0,-1.0,31.0,0.15756740640959493,-1.0,2016-07-26,1.0,-1.0,42.8647,-76.5851
SITE_04437,NY,10603,10.14,-1.0,-1.0,39.0,0.16065696339801835,-1.0,2017-02-13,1.0,-1.0,43.9460,-76.0354
SITE_04438,NY,10566,6.07,-1.0,-1.0,15.0,0.2109375,-1.0,2023-07-06,1.0,-1.0,44.1321,-77.2102
SITE_04439,NY,10607,11.89,-1.0,-1.0,41.0,0.17901234567901234,-1.0,2019-04-11,1.0,-1.0,42.5258,-75.2359
SITE_04440,NY,10522,9.86,-1.0,-1.0,44.0,0.13740982480247338,-1.0,2010-03-25,-1.0,-1.0,43.6457,-74.7695
SITE_04441,NY,10566,8.25,-1.0,-1.0,30.0,0.1732996312814027,-1.0,2016-06-28,1.0,-1.0,43.8754,-75.4638
SITE_04442,NY,10523,7.0,-1.0,-1.0,20.0,0.21228795466014516,-1.0,2021-04-05,1.0,-1.0,41.8278,-74.8649
SITE_04443,NY,10510,10.08,-1.0,-1.0,24.0,0.22340425531914895,-1.0,2024-02-05,0.0,-1.0,41.8972,-76.4140
SITE_04444,NY,10573,10.4,-1.0,-1.0,26.0,0.20833333333333334,-1.0,2022-12-20,0.0,-1.0,43.2859,-76.6117
SITE_04445,NY,10598,10.2,-1.0,-1.0,30.0,0.17883442036608457,-1.0,2016-12-08,0.0,-1.0,41.8401,-74.2234
SITE_04446,NY,10514,8.74,-1.0,-1.0,33.0,0.16125106486552268,-1.0,2015-01-09,0.0,-1.0,41.5926,-76.3176
SITE_04447,NY,12981,11.8,-1.0,-1.0,40.0,0.17664670658682635,-1.0,2017-10-27,0.0,-1.0,43.8462,-75.1324
SITE_04448,NY,12209,3.8,-1.0,-1.0,10.0,0.19587628865979384,-1.0,2020-08-28,0.0,-1.0,42.2669,-75.4158
SITE_04449,NY,12458,377.52,-1.0,-1.0,1452.0,0.17023438656038803,-1.0,2017-02-08,1.0,-1.0,41.6299,-73.3693
SITE_04450,NY,14047,325.74,-1.0,-1.0,732.0,0.2109004739336493,-1.0,2024-11-22,0.0,-1.0,41.7783,-77.5129
SITE_04451,NY,11764,280.73,-1.0,-1.0,838.0,0.20318989946042468,-1.0,2018-08-28,0.0,-1.0,43.5863,-77.5996
SITE_04452,NY,10471,53.94,-1.0,-1.0,174.0,0.19526329050138572,-1.0,2019-06-28,0.0,-1.0,43.9786,-73.9912
SITE_04453,NY,13619,3.84,-1.0,-1.0,16.0,0.14722481228836432,-1.0,2010-11-02,-1.0,-1.0,43.9053,-75.6434
SITE_04454,NY,10510,120.12,-1.0,-1.0,462.0,0.15568862275449102,-1.0,2015-09-23,0.0,-1.0,43.7409,-75.2018
SITE_04455,NY,11901,71.61,-1.0,-1.0,231.0,0.1613952882988416,-1.0,2016-08-23,0.0,-1.0,43.1745,-73.3258
SITE_04456,NY,12828,89.42,-1.0,-1.0,263.0,0.17580144777662876,-1.0,2019-10-02,1.0,-1.0,42.2726,-74.2112
SITE_04457,NY,14216,25.2,-1.0,-1.0,105.0,0.1522298823453297,-1.0,2012-12-31,-1.0,-1.0,42.3249,-75.9849
SITE_04458,NY,12534,31.2,-1.0,-1.0,130.0,-1.0,-1.0,2012-11-28,-1.0,-1.0,43.2488,-75.4929
SITE_04459,NY,10030,13.75,-1.0,-1.0,25.0,0.2131782945736434,-1.0,2024-02-22,0.0,-1.0,43.5875,-77.6705
SITE_04460,NY,11232,30.7,-1.0,-1.0,89.0,0.2115637689993463,-1.0,2017-12-07,0.0,-1.0,42.6824,-75.1633
SITE_04461,NY,11518,4.81,-1.0,-1.0,13.0,0.22112258558041692,-1.0,2020-01-24,0.0,-1.0,42.4284,-75.9969
SITE_04462,NY,10990,18.33,-1.0,-1.0,78.0,0.1452091784559012,-1.0,2011-03-10,-1.0,-1.0,41.7812,-76.2773
SITE_04463,NY,11946,2.94,-1.0,-1.0,9.0,0.2005256593124239,-1.0,2017-07-26,0.0,-1.0,44.3883,-76.0703
SITE_04464,NY,13078,2468.67,-1.0,-1.0,-1.0,-1.0,-1.0,2018-06-19,1.0,-1.0,41.7633,-74.2624
SITE_04465,NY,10998,2795.31,-1.0,-1.0,8874.0,0.16250549423337646,-1.0,2019-02-21,1.0,-1.0,43.5911,-75.3106
SITE_04466,NY,14450,8.62,-1.0,-1.0,28.0,0.18887432130956133,-1.0,2012-08-15,-1.0,-1.0,41.8703,-76.6675
SITE_04467,NY,14218,103.33,-1.0,-1.0,249.0,0.1912442396313364,-1.0,2023-01-23,0.0,-1.0,42.7463,-75.3711
SITE_04468,NY,10926,81.18,-1.0,-1.0,246.0,0.17010309278350516,-1.0,2019-12-31,0.0,-1.0,41.4559,-73.9419
SITE_04469,NY,11003,12.3,-1.0,-1.0,30.0,0.21354166666666669,-1.0,2024-12-19,1.0,-1.0,42.1255,-75.9318
SITE_04470,NY,11003,9.72,-1.0,-1.0,24.0,0.2109375,-1.0,2024-05-10,0.0,-1.0,43.9815,-76.4702
SITE_04471,NY,12306,8.8,-1.0,-1.0,22.0,0.20833333333333334,-1.0,2022-08-15,0.0,-1.0,43.1442,-73.5260
SITE_04472,NY,11434,7.65,-1.0,-1.0,18.0,0.2125,-1.0,2024-11-08,1.0,-1.0,44.3615,-74.2988
SITE_04473,NY,11784,6.84,-1.0,-1.0,18.0,0.2087912087912088,-1.0,2021-08-17,0.0,-1.0,42.9736,-73.9520
SITE_04474,NY,13146,8.06,-1.0,-1.0,26.0,0.1600922131147541,-1.0,2017-03-13,0.0,-1.0,44.1572,-75.8824
SITE_04475,NY,12572,12.55,-1.0,-1.0,31.0,0.2109375,-1.0,2023-12-12,0.0,-1.0,42.9422,-76.8778
SITE_04476,TX,78750,3.01,-1.0,-1.0,-1.0,-1.0,-1.0,2011-05-23,0.0,-1.0,32.0685,-96.5077
SITE_04477,TX,78759,5.6,-1.0,-1.0,-1.0,-1.0,-1.0,2009-12-01,0.0,-1.0,33.5079,-101.7363
SITE_04478,TX,78734,7.5,-1.0,-1.0,-1.0,-1.0,-1.0,2012-10-19,0.0,-1.0,29.2595,-101.4719
SITE_04479,TX,78723,3.96,-1.0,-1.0,-1.0,-1.0,-1.0,2011-10-06,0.0,-1.0,31.0741,-101.2094
SITE_04480,TX,78747,7.0,-1.0,-1.0,-1.0,-1.0,-1.0,2015-02-12,0.0,-1.0,29.3988,-96.9371
SITE_04481,TX,78745,4.25,-1.0,-1.0,-1.0,-1.0,-1.0,2014-04-24,0.0,-1.0,34.4535,-102.1133
SITE_04482,TX,78723,3.0,208.0,18.0,10.0,0.17964071856287428,-1.0,2017-09-14,0.0,-1.0,31.2625,-101.0539
SITE_04483,TX,78748,12.6,196.0,35.0,-1.0,-1.0,-1.0,2017-05-01,0.0,-1.0,33.7534,-96.3746
SITE_04484,TX,78703,16.2,120.0,23.0,19.0,0.19889502762430938,-1.0,2020-09-16,0.0,-1.0,28.1523,-98.7825
SITE_04485,TX,78721,6.56,206.0,14.0,10.0,0.2192513368983957,-1.0,2021-06-17,0.0,-1.0,29.6690,-100.5863
SITE_04486,TX,78732,14.875,175.0,33.0,29.0,0.22727272727272727,-1.0,2022-09-27,0.0,-1.0,31.1878,-99.7208
SITE_04487,TX,78723,7.14,178.0,15.0,17.0,0.22340425531914895,-1.0,2024-11-13,0.0,-1.0,31.5416,-96.5506
SITE_04488,TX,78744,4.98,201.0,26.0,9.0,0.22192513368983954,-1.0,2020-09-01,0.0,-1.0,32.6595,-96.7070
SITE_04489,TX,78723,5.232,-1.0,-1.0,-1.0,-1.0,-1.0,2019-09-13,0.0,-1.0,29.9137,-95.9068
SITE_04490,TX,78758,6.72,100.0,20.0,21.0,0.17022761560050984,-1.0,2020-12-03,0.0,-1.0,33.5943,-98.5213
SITE_04491,TX,78733,7.15,-1.0,-1.0,-1.0,-1.0,-1.0,2019-01-18,0.0,-1.0,29.2492,-102.6213
SITE_04492,TX,78744,6.97,175.0,25.0,12.0,0.21465968586387435,-1.0,2024-06-03,0.0,-1.0,33.9993,-99.4175
SITE_04493,TX,78744,143.88,209.0,10.0,436.0,0.20245398773006135,-1.0,2022-08-05,0.0,-1.0,30.4120,-102.6134
SITE_04494,DE,19904,8.064,-1.0,-1.0,-1.0,-1.0,-1.0,2011-10-19,-1.0,-1.0,39.3982,-75.5715
SITE_04495,DE,19901,2.431,-1.0,-1.0,-1.0,-1.0,-1.0,2007-11-15,-1.0,-1.0,39.4765,-75.3602
SITE_04496,DE,19901,4.549,-1.0,-1.0,-1.0,-1.0,-1.0,2009-02-11,-1.0,-1.0,38.7830,-75.4913
SITE_04497,DE,19904,6.105,-1.0,-1.0,-1.0,-1.0,-1.0,2012-03-06,-1.0,-1.0,38.6963,-75.6748
SITE_04498,DE,19958,1.8,-1.0,-1.0,-1.0,-1.0,-1.0,2010-04-26,-1.0,-1.0,39.2505,-75.6591
SITE_04499,DE,19958,6.88,-1.0,-1.0,-1.0,-1.0,-1.0,2009-10-06,-1.0,-1.0,38.8926,-75.3911
SITE_04500,DE,19966,4.32,-1.0,-1.0,-1.0,-1.0,-1.0,2010-06-02,-1.0,-1.0,38.8826,-75.4205
SITE_04501,DE,19968,13.11,-1.0,-1.0,-1.0,-1.0,-1.0,2010-10-06,-1.0,-1.0,38.9694,-75.4914
SITE_04502,DE,19943,7.775,-1.0,-1.0,-1.0,-1.0,-1.0,2011-05-03,-1.0,-1.0,38.8120,-75.6349
SITE_04503,DE,19966,5.18,-1.0,-1.0,-1.0,-1.0,-1.0,2011-04-19,-1.0,-1.0,39.1459,-75.6477
SITE_04504,DE,19958,7.05,-1.0,-1.0,-1.0,-1.0,-1.0,2011-06-28,-1.0,-1.0,39.2426,-75.3777
SITE_04505,DE,19958,5.28,-1.0,-1.0,-1.0,-1.0,-1.0,2011-11-30,-1.0,-1.0,39.2848,-75.5389
SITE_04506,DE,19960,4.07,-1.0,-1.0,-1.0,-1.0,-1.0,2012-03-20,-1.0,-1.0,38.8114,-75.5456
SITE_04507,DE,19966,7.4,-1.0,-1.0,-1.0,-1.0,-1.0,2012-03-31,-1.0,-1.0,38.7973,-75.4143
SITE_04508,DE,19966,6.11,-1.0,-1.0,-1.0,-1.0,-1.0,2012-05-13,-1.0,-1.0,39.3111,-75.3578
SITE_04509,DE,19952,4.8,-1.0,-1.0,-1.0,-1.0,-1.0,2014-07-29,-1.0,-1.0,39.1192,-75.4597
SITE_04510,DE,19975,7.0,-1.0,-1.0,-1.0,-1.0,-1.0,2013-08-30,-1.0,-1.0,38.5584,-75.5644
SITE_04511,DE,19958,5.5,-1.0,-1.0,-1.0,-1.0,-1.0,2013-09-25,-1.0,-1.0,39.1739,-75.3767
SITE_04512,DE,19958,5.72,-1.0,-1.0,-1.0,-1.0,-1.0,2014-09-10,-1.0,-1.0,38.9898,-75.3775
SITE_04513,DE,19958,5.5,-1.0,-1.0,-1.0,-1.0,-1.0,2015-02-09,-1.0,-1.0,39.0483,-75.6285
SITE_04514,DE,19971,7.5,-1.0,-1.0,-1.0,-1.0,-1.0,2015-04-27,-1.0,-1.0,39.2758,-75.5322
SITE_04515,DE,19804,39.2,-1.0,-1.0,-1.0,-1.0,-1.0,2007-09-07,-1.0,-1.0,39.2267,-75.4914
SITE_04516,DE,19971,57.0,-1.0,-1.0,-1.0,-1.0,-1.0,2010-06-20,-1.0,-1.0,38.7578,-75.3106
SITE_04517,DE,19971,9.36,-1.0,-1.0,-1.0,-1.0,-1.0,2009-09-15,-1.0,-1.0,38.8975,-75.3282
SITE_04518,DE,19804,39.48,-1.0,-1.0,-1.0,-1.0,-1.0,2011-03-30,-1.0,-1.0,38.7992,-75.3832
SITE_04519,DE,19702,28.2,-1.0,-1.0,-1.0,-1.0,-1.0,2012-01-05,-1.0,-1.0,39.4472,-75.6166
SITE_04520,DE,19952,81.42,-1.0,-1.0,-1.0,-1.0,-1.0,2012-01-17,-1.0,-1.0,39.0503,-75.4635
SITE_04521,DE,19947,12.22,-1.0,-1.0,-1.0,-1.0,-1.0,2013-08-28,-1.0,-1.0,39.1172,-75.6613
SITE_04522,DE,19947,49.98,-1.0,-1.0,-1.0,-1.0,-1.0,2014-12-17,-1.0,-1.0,38.9671,-75.5533
SITE_04523,DE,19709,49.98,-1.0,-1.0,-1.0,-1.0,-1.0,2015-04-30,-1.0,-1.0,38.7278,-75.5923
SITE_04524,DE,19709,7.8,-1.0,-1.0,-1.0,-1.0,-1.0,2009-06-12,-1.0,-1.0,38.7950,-75.3486
SITE_04525,DE,19971,6.8,-1.0,-1.0,-1.0,-1.0,-1.0,2009-04-15,-1.0,-1.0,39.1006,-75.4215
SITE_04526,DE,19939,4.0,-1.0,-1.0,-1.0,-1.0,-1.0,2009-06-12,-1.0,-1.0,39.4783,-75.6714
SITE_04527,DE,19953,3.8,-1.0,-1.0,-1.0,-1.0,-1.0,2009-02-11,-1.0,-1.0,38.8095,-75.6983
SITE_04528,DE,19930,3.2,-1.0,-1.0,-1.0,-1.0,-1.0,2009-06-12,-1.0,-1.0,39.0555,-75.4469
SITE_04529,DE,19971,2.0,-1.0,-1.0,-1.0,-1.0,-1.0,2009-08-07,-1.0,-1.0,39.0844,-75.4467
SITE_04530,DE,19803,5.04,-1.0,-1.0,-1.0,-1.0,-1.0,2010-05-02,-1.0,-1.0,39.3856,-75.4623
SITE_04531,DE,19808,5.6,-1.0,-1.0,-1.0,-1.0,-1.0,2010-11-08,-1.0,-1.0,38.5400,-75.5379
SITE_04532,DE,19702,7.2,-1.0,-1.0,-1.0,-1.0,-1.0,2010-01-27,-1.0,-1.0,38.7195,-75.4310
SITE_04533,DE,19958,7.56,-1.0,-1.0,-1.0,-1.0,-1.0,2010-06-02,-1.0,-1.0,39.4925,-75.4696
SITE_04534,DE,19802,3.85,-1.0,-1.0,-1.0,-1.0,-1.0,2010-06-02,-1.0,-1.0,38.5980,-75.4126
SITE_04535,DE,19975,5.184,-1.0,-1.0,-1.0,-1.0,-1.0,2010-11-08,-1.0,-1.0,39.3812,-75.3015
SITE_04536,DE,19963,6.75,-1.0,-1.0,-1.0,-1.0,-1.0,2011-12-07,-1.0,-1.0,38.8030,-75.5244
SITE_04537,DE,19804,1.38,-1.0,-1.0,-1.0,-1.0,-1.0,2011-06-09,-1.0,-1.0,38.5598,-75.6047
SITE_04538,DE,19930,5.06,-1.0,-1.0,-1.0,-1.0,-1.0,2011-09-23,-1.0,-1.0,39.0453,-75.4187
SITE_04539,DE,19808,2.96,-1.0,-1.0,-1.0,-1.0,-1.0,2011-06-21,-1.0,-1.0,39.4212,-75.3461
SITE_04540,DE,19709,8.6,-1.0,-1.0,-1.0,-1.0,-1.0,2011-11-09,-1.0,-1.0,39.2859,-75.5751
SITE_04541,DE,19734,10.78,-1.0,-1.0,-1.0,-1.0,-1.0,2013-08-28,-1.0,-1.0,39.4163,-75.5692
SITE_04542,DE,19702,6.11,-1.0,-1.0,-1.0,-1.0,-1.0,2012-06-06,-1.0,-1.0,39.0100,-75.5266
SITE_04543,DE,19804,4.56,-1.0,-1.0,-1.0,-1.0,-1.0,2012-06-06,1.0,-1.0,39.1135,-75.4955
SITE_04544,DE,19971,4.42,-1.0,-1.0,-1.0,-1.0,-1.0,2014-03-19,-1.0,-1.0,39.3749,-75.5791
SITE_04545,DE,19968,6.86,-1.0,-1.0,-1.0,-1.0,-1.0,2012-10-02,-1.0,-1.0,38.8639,-75.3746
SITE_04546,DE,19958,5.28,-1.0,-1.0,-1.0,-1.0,-1.0,2012-11-15,-1.0,-1.0,39.3285,-75.3813
SITE_04547,DE,19810,4.32,-1.0,-1.0,-1.0,-1.0,-1.0,2012-12-21,-1.0,-1.0,38.8446,-75.4496
SITE_04548,DE,19709,-1.0,-1.0,-1.0,-1.0,-1.0,-1.0,2014-03-19,-1.0,-1.0,38.5431,-75.4659
SITE_04549,DE,19806,2.6,-1.0,-1.0,-1.0,-1.0,-1.0,2013-09-27,1.0,-1.0,38.5269,-75.3835
SITE_04550,DE,19904,7.5,-1.0,-1.0,-1.0,-1.0,-1.0,2013-08-28,-1.0,-1.0,39.3616,-75.5482
SITE_04551,DE,19702,6.615,-1.0,-1.0,-1.0,-1.0,-1.0,2013-12-10,1.0,-1.0,39.0517,-75.4787
SITE_04552,DE,19805,4.0,-1.0,-1.0,-1.0,-1.0,-1.0,2015-07-23,-1.0,-1.0,38.8041,-75.5343
SITE_04553,DE,19951,9.36,-1.0,-1.0,-1.0,-1.0,-1.0,2014-05-23,-1.0,-1.0,38.7040,-75.4492
SITE_04554,DE,19702,7.28,-1.0,-1.0,-1.0,-1.0,-1.0,2014-03-19,1.0,-1.0,38.7978,-75.6090
SITE_04555,DE,19958,5.5,-1.0,-1.0,-1.0,-1.0,-1.0,2014-04-21,-1.0,-1.0,38.7420,-75.6515
SITE_04556,DE,19709,7.8,-1.0,-1.0,-1.0,-1.0,-1.0,2014-05-23,-1.0,-1.0,38.9448,-75.4753
SITE_04557,DE,19971,5.0,-1.0,-1.0,-1.0,-1.0,-1.0,2014-08-25,-1.0,-1.0,39.2478,-75.6580
SITE_04558,DE,19734,10.36,-1.0,-1.0,-1.0,-1.0,-1.0,2014-10-27,-1.0,-1.0,39.3152,-75.6956
SITE_04559,DE,19720,6.0,-1.0,-1.0,-1.0,-1.0,-1.0,2015-03-31,1.0,-1.0,39.1038,-75.5954
SITE_04560,DE,19977,10.0,-1.0,-1.0,-1.0,-1.0,-1.0,2015-10-07,-1.0,-1.0,38.6147,-75.4494
SITE_04561,DE,19709,7.95,-1.0,-1.0,-1.0,-1.0,-1.0,2015-07-24,-1.0,-1.0,39.0723,-75.5462
SITE_04562,DE,19709,6.48,-1.0,-1.0,-1.0,-1.0,-1.0,2015-03-27,-1.0,-1.0,38.6975,-75.4424
SITE_04563,DE,19711,8.1,-1.0,-1.0,-1.0,-1.0,-1.0,2015-10-22,-1.0,-1.0,39.2890,-75.4482
SITE_04564,DE,19720,5.88,-1.0,-1.0,-1.0,-1.0,-1.0,2015-06-30,1.0,-1.0,39.0726,-75.6141
SITE_04565,DE,19901,17.25,-1.0,-1.0,-1.0,-1.0,-1.0,2015-10-07,1.0,-1.0,38.5535,-75.3734
SITE_04566,DE,19701,7.5,-1.0,-1.0,-1.0,-1.0,-1.0,2015-05-29,-1.0,-1.0,38.9713,-75.4189
SITE_04567,DE,19720,6.86,-1.0,-1.0,-1.0,-1.0,0.0,2015-07-22,1.0,0.0,38.7832,-75.4369
SITE_04568,DE,19939,21.42,-1.0,-1.0,-1.0,-1.0,0.0,2015-06-08,1.0,0.0,38.6260,-75.5739
SITE_04569,DE,19706,6.25,-1.0,-1.0,-1.0,-1.0,0.0,2016-08-18,1.0,0.0,38.6513,-75.3999
SITE_04570,DE,19901,6.0,-1.0,-1.0,-1.0,-1.0,0.0,2016-08-04,0.0,0.0,39.4054,-75.4654
SITE_04571,DE,19709,15.0,-1.0,-1.0,-1.0,-1.0,0.0,2016-03-21,1.0,0.0,39.1404,-75.4566
SITE_04572,DE,19968,9.9,-1.0,-1.0,-1.0,-1.0,0.0,2016-01-27,0.0,0.0,39.1950,-75.6014
SITE_04573,DE,19930,3.5,-1.0,-1.0,-1.0,-1.0,0.0,2016-05-11,1.0,0.0,39.3152,-75.6678
SITE_04574,DE,19701,4.59,-1.0,-1.0,-1.0,-1.0,0.0,2016-06-22,1.0,0.0,38.9947,-75.6847
SITE_04575,DE,19706,4.0,-1.0,-1.0,-1.0,-1.0,0.0,2016-03-24,1.0,0.0,39.4544,-75.6807
SITE_04576,DE,19709,6.9,-1.0,-1.0,-1.0,-1.0,0.0,2015-07-27,0.0,0.0,38.8884,-75.5341
SITE_04577,DE,19709,12.48,-1.0,-1.0,-1.0,-1.0,0.0,2017-02-13,1.0,0.0,39.2573,-75.5337
SITE_04578,DE,19702,6.12,-1.0,-1.0,-1.0,-1.0,0.0,2016-05-17,1.0,0.0,39.4537,-75.6468
SITE_04579,DE,19966,5.1,-1.0,-1.0,-1.0,-1.0,0.0,2016-06-22,1.0,0.0,39.4859,-75.5436
SITE_04580,DE,19734,9.0,-1.0,-1.0,-1.0,-1.0,0.0,2015-10-30,1.0,0.0,38.9649,-75.5712
SITE_04581,DE,19971,4.0,-1.0,-1.0,-1.0,-1.0,0.0,2016-03-22,0.0,0.0,38.9187,-75.3755
SITE_04582,DE,19945,7.5,-1.0,-1.0,-1.0,-1.0,0.0,2016-03-10,1.0,0.0,39.4670,-75.5201
SITE_04583,DE,19958,8.25,-1.0,-1.0,-1.0,-1.0,0.0,2016-03-22,1.0,0.0,39.0939,-75.6863
SITE_04584,DE,19966,8.16,-1.0,-1.0,-1.0,-1.0,0.0,2016-05-03,1.0,0.0,39.0206,-75.4694
SITE_04585,DE,19709,9.0,-1.0,-1.0,-1.0,-1.0,0.0,2016-05-04,1.0,0.0,39.0804,-75.3549
SITE_04586,DE,19973,10.75,-1.0,-1.0,-1.0,-1.0,0.0,2016-08-02,1.0,0.0,39.3094,-75.4109
SITE_04587,DE,19709,9.945,-1.0,-1.0,-1.0,-1.0,0.0,2016-04-08,1.0,0.0,39.1826,-75.5743
SITE_04588,DE,19901,4.4,-1.0,-1.0,-1.0,-1.0,0.0,2016-03-10,0.0,0.0,39.1277,-75.4803
SITE_04589,DE,19966,10.5,-1.0,-1.0,-1.0,-1.0,0.0,2016-05-06,1.0,0.0,39.0938,-75.5425
SITE_04590,DE,19720,3.57,-1.0,-1.0,-1.0,-1.0,0.0,2016-05-23,1.0,0.0,39.2337,-75.4004
SITE_04591,DE,19810,5.0,-1.0,-1.0,-1.0,-1.0,0.0,2016-01-18,1.0,0.0,39.4529,-75.4498
SITE_04592,DE,19968,5.0,-1.0,-1.0,-1.0,-1.0,0.0,2016-03-30,1.0,0.0,39.1634,-75.5822
SITE_04593,DE,19701,4.0,-1.0,-1.0,-1.0,-1.0,0.0,2016-02-12,1.0,0.0,39.2005,-75.4223
SITE_04594,DE,19964,9.0,-1.0,-1.0,-1.0,-1.0,0.0,2016-02-17,1.0,0.0,39.4439,-75.5752
SITE_04595,DE,19970,8.75,-1.0,-1.0,-1.0,-1.0,0.0,2016-03-11,1.0,0.0,38.6425,-75.3530
SITE_04596,DE,19971,2.85,-1.0,-1.0,-1.0,-1.0,0.0,2016-07-13,0.0,0.0,39.1974,-75.3878
SITE_04597,DE,19707,8.1,-1.0,-1.0,-1.0,-1.0,0.0,2016-04-12,0.0,0.0,38.8248,-75.6799
SITE_04598,DE,19701,9.0,-1.0,-1.0,-1.0,-1.0,0.0,2016-05-02,1.0,0.0,39.1684,-75.4951
SITE_04599,DE,19958,11.0,-1.0,-1.0,-1.0,-1.0,0.0,2016-03-30,1.0,0.0,38.9335,-75.3534
SITE_04600,DE,19702,7.0,-1.0,-1.0,-1.0,-1.0,0.0,2016-05-13,1.0,0.0,39.4444,-75.6801
SITE_04601,DE,19713,7.25,-1.0,-1.0,-1.0,-1.0,0.0,2016-05-23,1.0,0.0,38.5279,-75.4890
SITE_04602,DE,19713,5.865,-1.0,-1.0,-1.0,-1.0,0.0,2016-05-26,1.0,0.0,39.1556,-75.5411
SITE_04603,DE,19709,4.5,-1.0,-1.0,-1.0,-1.0,0.0,2016-06-16,1.0,0.0,38.9288,-75.6732
SITE_04604,DE,19951,11.75,-1.0,-1.0,-1.0,-1.0,0.0,2016-07-06,1.0,0.0,39.4127,-75.3357
SITE_04605,DE,19966,7.0,-1.0,-1.0,-1.0,-1.0,0.0,2016-07-25,1.0,0.0,38.8871,-75.5758
SITE_04606,DE,19966,10.2,-1.0,-1.0,-1.0,-1.0,0.0,2016-08-02,1.0,0.0,38.8604,-75.5663
SITE_04607,DE,19958,3.5,-1.0,-1.0,-1.0,-1.0,0.0,2016-04-08,0.0,0.0,38.6160,-75.5127
SITE_04608,DE,19977,8.96,-1.0,-1.0,-1.0,-1.0,0.0,2017-01-09,0.0,0.0,38.6716,-75.4251
SITE_04609,DE,19971,5.13,-1.0,-1.0,-1.0,-1.0,0.0,2016-12-29,0.0,0.0,38.6496,-75.5674
SITE_04610,DE,19734,8.32,-1.0,-1.0,-1.0,-1.0,0.0,2016-05-24,1.0,0.0,39.3642,-75.6370
SITE_04611,DE,19977,9.36,-1.0,-1.0,-1.0,-1.0,0.0,2016-05-20,1.0,0.0,39.3479,-75.4422
SITE_04612,DE,19952,3.9,-1.0,-1.0,-1.0,-1.0,0.0,2016-08-09,1.0,0.0,38.5839,-75.5318
SITE_04613,DE,19702,13.25,-1.0,-1.0,-1.0,-1.0,0.0,2016-06-01,1.0,0.0,38.9732,-75.4750
SITE_04614,DE,19958,6.76,-1.0,-1.0,-1.0,-1.0,0.0,2016-08-03,0.0,0.0,38.9256,-75.3591
SITE_04615,DE,19901,5.72,-1.0,-1.0,-1.0,-1.0,0.0,2016-06-14,1.0,0.0,39.0526,-75.5857
SITE_04616,DE,19701,7.02,-1.0,-1.0,-1.0,-1.0,0.0,2016-06-15,1.0,0.0,39.4887,-75.4002
SITE_04617,DE,19702,4.68,-1.0,-1.0,-1.0,-1.0,0.0,2016-05-31,1.0,0.0,38.6724,-75.3556
SITE_04618,DE,19713,7.155,-1.0,-1.0,-1.0,-1.0,0.0,2016-07-18,1.0,0.0,39.4848,-75.5630
SITE_04619,DE,19720,9.54,-1.0,-1.0,-1.0,-1.0,0.0,2016-07-20,1.0,0.0,39.3446,-75.5782
SITE_04620,DE,19808,10.865,-1.0,-1.0,-1.0,-1.0,0.0,2016-08-04,1.0,0.0,39.0375,-75.4148
SITE_04621,DE,19973,8.215,-1.0,-1.0,-1.0,-1.0,0.0,2016-08-05,1.0,0.0,38.5102,-75.6897
SITE_04622,DE,19702,7.56,-1.0,-1.0,-1.0,-1.0,0.0,2017-02-09,0.0,0.0,39.0422,-75.6282
SITE_04623,DE,19734,7.8,-1.0,-1.0,-1.0,-1.0,0.0,2016-10-24,0.0,1.0,39.1700,-75.3761
SITE_04624,DE,19934,6.76,-1.0,-1.0,-1.0,-1.0,0.0,2016-10-20,1.0,0.0,39.0008,-75.4111
SITE_04625,DE,19971,10.92,-1.0,-1.0,-1.0,-1.0,0.0,2016-10-27,0.0,0.0,38.6459,-75.4185
SITE_04626,DE,19955,14.025,-1.0,-1.0,-1.0,-1.0,0.0,2016-10-25,0.0,0.0,39.0260,-75.5725
SITE_04627,DE,19973,8.32,-1.0,-1.0,-1.0,-1.0,0.0,2016-10-26,1.0,0.0,39.2404,-75.5462
SITE_04628,DE,19950,11.44,-1.0,-1.0,-1.0,-1.0,0.0,2016-10-27,1.0,0.0,38.6576,-75.3811
SITE_04629,DE,19971,8.84,-1.0,-1.0,-1.0,-1.0,0.0,2016-10-28,1.0,0.0,38.9742,-75.3008
SITE_04630,DE,19955,13.52,-1.0,-1.0,-1.0,-1.0,0.0,2016-10-31,1.0,0.0,39.2085,-75.4301
SITE_04631,DE,19956,8.06,-1.0,-1.0,-1.0,-1.0,0.0,2016-11-07,1.0,0.0,-9999,-9999
SITE_04632,DE,19709,8.84,-1.0,-1.0,-1.0,-1.0,0.0,2016-11-21,1.0,0.0,39.2007,-75.4651
SITE_04633,DE,19810,8.58,-1.0,-1.0,-1.0,-1.0,0.0,2016-11-21,1.0,0.0,38.6800,-75.6255
SITE_04634,DE,19720,3.12,-1.0,-1.0,-1.0,-1.0,0.0,2016-11-21,1.0,0.0,39.1620,-75.6198
SITE_04635,DE,19701,3.12,-1.0,-1.0,-1.0,-1.0,0.0,2016-12-19,1.0,0.0,38.6774,-75.6527
SITE_04636,DE,19720,5.2,-1.0,-1.0,-1.0,-1.0,0.0,2016-12-19,1.0,0.0,38.9375,-75.5770
SITE_04637,DE,19720,11.4,-1.0,-1.0,-1.0,-1.0,0.0,2017-02-10,0.0,0.0,39.1492,-75.3289
SITE_04638,DE,19701,6.76,-1.0,-1.0,-1.0,-1.0,0.0,2016-12-28,1.0,0.0,39.0100,-75.3049
SITE_04639,DE,19966,5.46,-1.0,-1.0,-1.0,-1.0,0.0,2017-01-13,1.0,0.0,39.3308,-75.4719
SITE_04640,DE,19904,9.88,-1.0,-1.0,-1.0,-1.0,0.0,2017-01-18,0.0,0.0,39.3519,-75.3352
SITE_04641,DE,19701,5.2,-1.0,-1.0,-1.0,-1.0,0.0,2017-01-19,1.0,0.0,39.4779,-75.3307
SITE_04642,DE,19713,13.44,-1.0,-1.0,-1.0,-1.0,0.0,2016-12-29,0.0,0.0,38.9942,-75.3788
SITE_04643,DE,19709,5.61,-1.0,-1.0,-1.0,-1.0,0.0,2017-01-20,0.0,0.0,39.1171,-75.4099
SITE_04644,DE,19701,5.98,-1.0,-1.0,-1.0,-1.0,0.0,2017-02-22,1.0,0.0,38.6511,-75.5568
SITE_04645,DE,19720,2.86,-1.0,-1.0,-1.0,-1.0,0.0,2017-02-23,1.0,0.0,39.4499,-75.6965
SITE_04646,DE,19709,9.1,-1.0,-1.0,-1.0,-1.0,0.0,2017-01-06,1.0,0.0,38.8631,-75.3495
SITE_04647,DE,19707,3.38,-1.0,-1.0,-1.0,-1.0,0.0,2017-01-06,1.0,0.0,38.7642,-75.3764
SITE_04648,DE,19734,10.66,-1.0,-1.0,-1.0,-1.0,0.0,2017-02-01,1.0,0.0,38.8802,-75.5815
SITE_04649,DE,19702,14.56,-1.0,-1.0,-1.0,-1.0,0.0,2017-04-26,0.0,0.0,38.7086,-75.3302
SITE_04650,DE,19951,7.83,-1.0,-1.0,-1.0,-1.0,0.0,2017-06-14,0.0,0.0,39.3363,-75.3727
SITE_04651,DE,19702,7.56,-1.0,-1.0,-1.0,-1.0,0.0,2017-06-28,0.0,0.0,39.1555,-75.4059
SITE_04652,DE,19966,8.58,-1.0,-1.0,-1.0,-1.0,0.0,2017-07-12,1.0,0.0,38.6885,-75.3763
SITE_04653,DE,19810,9.9,-1.0,-1.0,-1.0,-1.0,0.0,2017-07-19,0.0,0.0,38.6276,-75.4991
SITE_04654,DE,19701,9.1,-1.0,-1.0,-1.0,-1.0,0.0,2017-07-31,1.0,0.0,38.8002,-75.5510
SITE_04655,DE,19709,18.48,-1.0,-1.0,-1.0,-1.0,0.0,2017-08-03,1.0,0.0,39.4222,-75.6886
SITE_04656,DE,19720,2.86,-1.0,-1.0,-1.0,-1.0,0.0,2017-08-08,0.0,0.0,38.5420,-75.6172
SITE_04657,DE,19701,4.2,-1.0,-1.0,-1.0,-1.0,0.0,2017-08-11,1.0,0.0,38.6657,-75.3348
SITE_04658,DE,19936,3.64,-1.0,-1.0,-1.0,-1.0,0.0,2017-08-15,1.0,0.0,39.1003,-75.6575
SITE_04659,DE,19713,6.44,-1.0,-1.0,-1.0,-1.0,0.0,2017-08-15,1.0,0.0,39.0876,-75.5993
SITE_04660,DE,19945,9.8,-1.0,-1.0,-1.0,-1.0,0.0,2018-02-07,0.0,0.0,38.6117,-75.6863
SITE_04661,DE,19808,4.56,-1.0,-1.0,-1.0,-1.0,0.0,2018-03-26,0.0,0.0,39.0006,-75.5082
SITE_04662,DE,19810,6.27,-1.0,-1.0,-1.0,-1.0,0.0,2018-05-17,0.0,0.0,39.4998,-75.6154
SITE_04663,DE,19713,9.3,-1.0,-1.0,-1.0,-1.0,0.0,2018-09-18,0.0,0.0,38.6365,-75.5909
SITE_04664,DE,19702,6.9,-1.0,-1.0,-1.0,-1.0,0.0,2018-10-08,0.0,0.0,39.0567,-75.5993
SITE_04665,DE,19958,8.1,-1.0,-1.0,-1.0,-1.0,0.0,2018-11-13,0.0,0.0,-9999,-9999
SITE_04666,DE,19947,14.88,-1.0,-1.0,-1.0,-1.0,0.0,2019-02-19,0.0,0.0,39.2086,-75.5359
SITE_04667,DE,19707,12.35,-1.0,-1.0,-1.0,-1.0,0.0,2019-02-28,0.0,0.0,38.8305,-75.4324
SITE_04668,DE,19971,12.4,-1.0,-1.0,-1.0,-1.0,0.0,2019-11-06,0.0,0.0,38.9882,-75.5067
SITE_04669,DE,19970,6.9,-1.0,-1.0,-1.0,-1.0,0.0,2020-02-21,0.0,0.0,39.1851,-75.6785
SITE_04670,DE,19946,4.8,-1.0,-1.0,-1.0,-1.0,0.0,2020-03-02,0.0,0.0,39.1603,-75.5698
SITE_04671,DE,19971,5.1,-1.0,-1.0,-1.0,-1.0,0.0,2020-05-19,0.0,0.0,38.7528,-75.5195
SITE_04672,DE,19943,7.26,-1.0,-1.0,-1.0,-1.0,0.0,2020-06-24,0.0,0.0,38.9849,-75.3444
SITE_04673,DE,19946,9.45,-1.0,-1.0,-1.0,-1.0,0.0,2020-07-23,0.0,0.0,39.0837,-75.4328
SITE_04674,DE,19803,6.4,-1.0,-1.0,-1.0,-1.0,0.0,2020-08-18,0.0,0.0,39.2599,-75.5369
SITE_04675,DE,19971,14.08,-1.0,-1.0,-1.0,-1.0,0.0,2020-10-05,0.0,0.0,39.3863,-75.3846
SITE_04676,DE,19944,8.7,-1.0,-1.0,-1.0,-1.0,0.0,2020-10-15,0.0,0.0,39.2179,-75.5799
SITE_04677,DE,19970,11.56,-1.0,-1.0,-1.0,-1.0,0.0,2020-11-19,0.0,0.0,38.8048,-75.3362
SITE_04678,DE,19970,5.27,-1.0,-1.0,-1.0,-1.0,0.0,2021-01-30,0.0,0.0,38.7015,-75.6010
SITE_04679,DE,19940,10.24,-1.0,-1.0,-1.0,-1.0,0.0,2021-03-08,0.0,0.0,38.9424,-75.6003
SITE_04680,DE,19734,15.68,-1.0,-1.0,-1.0,-1.0,0.0,2021-04-21,0.0,0.0,39.4411,-75.6083
SITE_04681,DE,19734,4.48,-1.0,-1.0,-1.0,-1.0,0.0,2021-04-21,0.0,0.0,39.2061,-75.5623
SITE_04682,DE,19709,6.08,-1.0,-1.0,-1.0,-1.0,0.0,2021-04-21,0.0,0.0,38.7144,-75.6611
SITE_04683,DE,19709,5.61,-1.0,-1.0,-1.0,-1.0,0.0,2021-04-26,0.0,0.0,39.3724,-75.6313
SITE_04684,DE,19709,13.6,-1.0,-1.0,-1.0,-1.0,0.0,2021-05-28,0.0,0.0,38.5258,-75.6486
SITE_04685,DE,19709,13.3,-1.0,-1.0,-1.0,-1.0,0.0,2021-06-17,0.0,0.0,38.8276,-75.3130
SITE_04686,DE,19803,5.6,-1.0,-1.0,-1.0,-1.0,0.0,2021-06-25,0.0,0.0,39.2135,-75.3058
SITE_04687,DE,19971,7.26,-1.0,-1.0,-1.0,-1.0,0.0,2021-07-08,0.0,0.0,39.0928,-75.3953
SITE_04688,DE,19709,12.07,-1.0,-1.0,-1.0,-1.0,0.0,2021-07-23,0.0,0.0,39.3428,-75.5669
SITE_04689,DE,19701,9.25,-1.0,-1.0,-1.0,-1.0,0.0,2021-07-29,0.0,0.0,39.0774,-75.5452
SITE_04690,DE,19734,22.05,-1.0,-1.0,-1.0,-1.0,0.0,2021-08-09,0.0,1.0,39.0522,-75.4992
SITE_04691,DE,19808,6.65,-1.0,-1.0,-1.0,-1.0,0.0,2021-08-09,0.0,0.0,39.3500,-75.3142
SITE_04692,DE,19803,34.675,-1.0,-1.0,-1.0,-1.0,0.0,2021-08-11,0.0,0.0,38.6540,-75.3696
SITE_04693,DE,19709,14.52,-1.0,-1.0,-1.0,-1.0,0.0,2021-09-02,0.0,0.0,39.4396,-75.4809
SITE_04694,DE,19703,9.75,-1.0,-1.0,-1.0,-1.0,0.0,2021-09-07,0.0,0.0,39.2953,-75.5313
SITE_04695,DE,19734,8.16,-1.0,-1.0,-1.0,-1.0,0.0,2021-09-07,0.0,0.0,39.3465,-75.6341
SITE_04696,DE,19701,12.21,-1.0,-1.0,-1.0,-1.0,0.0,2021-09-09,0.0,0.0,38.6315,-75.6822
SITE_04697,DE,19809,5.36,-1.0,-1.0,-1.0,-1.0,0.0,2021-09-10,0.0,0.0,38.7496,-75.4762
SITE_04698,DE,19966,8.16,-1.0,-1.0,-1.0,-1.0,0.0,2021-09-13,0.0,0.0,38.6924,-75.3859
SITE_04699,DE,19901,4.29,-1.0,-1.0,-1.0,-1.0,0.0,2021-09-15,0.0,0.0,38.8711,-75.3193
SITE_04700,DE,19711,7.4,-1.0,-1.0,-1.0,-1.0,0.0,2021-10-07,0.0,0.0,39.1809,-75.4170
SITE_04701,DE,19711,9.86,-1.0,-1.0,-1.0,-1.0,0.0,2021-10-18,0.0,0.0,39.3204,-75.5151
SITE_04702,DE,19946,2.97,-1.0,-1.0,-1.0,-1.0,0.0,2021-10-20,0.0,0.0,38.5199,-75.3438
SITE_04703,DE,19702,5.92,-1.0,-1.0,-1.0,-1.0,0.0,2021-11-11,0.0,0.0,38.7277,-75.3955
SITE_04704,DE,19720,10.2,-1.0,-1.0,-1.0,-1.0,0.0,2021-11-15,0.0,0.0,39.1283,-75.5322
SITE_04705,DE,19808,14.6,-1.0,-1.0,-1.0,-1.0,0.0,2021-11-15,0.0,0.0,38.6168,-75.4201
SITE_04706,DE,19940,12.24,-1.0,-1.0,-1.0,-1.0,0.0,2022-01-10,0.0,0.0,39.1290,-75.6990
SITE_04707,DE,19933,12.35,-1.0,-1.0,-1.0,-1.0,0.0,2022-01-15,0.0,0.0,39.2813,-75.5179
SITE_04708,DE,19802,6.66,-1.0,-1.0,-1.0,-1.0,0.0,2022-01-19,0.0,0.0,38.9725,-75.4410
SITE_04709,DE,19946,13.2,-1.0,-1.0,-1.0,-1.0,0.0,2022-01-20,0.0,0.0,39.3834,-75.6717
SITE_04710,DE,19970,12.4,-1.0,-1.0,-1.0,-1.0,0.0,2022-02-03,0.0,0.0,38.9110,-75.4011
SITE_04711,DE,19977,6.3,-1.0,-1.0,-1.0,-1.0,0.0,2022-02-11,0.0,0.0,39.2140,-75.4968
SITE_04712,DE,19707,8.32,-1.0,-1.0,-1.0,-1.0,0.0,2022-02-18,0.0,0.0,38.6663,-75.4262
SITE_04713,DE,19709,8.64,-1.0,-1.0,-1.0,-1.0,0.0,2022-02-25,0.0,1.0,38.6772,-75.3928
SITE_04714,DE,19711,4.44,-1.0,-1.0,-1.0,-1.0,0.0,2022-03-17,0.0,0.0,39.0511,-75.5236
SITE_04715,DE,19701,11.52,-1.0,-1.0,-1.0,-1.0,0.0,2022-05-06,0.0,0.0,39.4145,-75.3680
SITE_04716,DE,19702,2.45,-1.0,-1.0,-1.0,-1.0,0.0,2022-05-13,0.0,0.0,38.6792,-75.5515
SITE_04717,DE,19711,7.2,-1.0,-1.0,-1.0,-1.0,0.0,2022-05-16,0.0,0.0,39.3022,-75.4878
SITE_04718,DE,19709,9.36,-1.0,-1.0,-1.0,-1.0,0.0,2022-05-31,0.0,0.0,38.7075,-75.5415
SITE_04719,DE,19701,10.56,-1.0,-1.0,-1.0,-1.0,0.0,2022-07-12,0.0,0.0,39.4914,-75.6869
SITE_04720,DE,19943,9.6,-1.0,-1.0,-1.0,-1.0,0.0,2022-07-12,0.0,0.0,39.4789,-75.3563
SITE_04721,DE,19970,8.4,-1.0,-1.0,-1.0,-1.0,0.0,2022-08-05,0.0,0.0,38.9520,-75.3108
SITE_04722,DE,19810,5.92,-1.0,-1.0,-1.0,-1.0,0.0,2022-08-15,0.0,0.0,38.7157,-75.4939
SITE_04723,DE,19709,10.0,-1.0,-1.0,-1.0,-1.0,0.0,2022-08-23,0.0,0.0,39.1445,-75.3977
SITE_04724,DE,19734,8.58,-1.0,-1.0,-1.0,-1.0,0.0,2022-09-06,0.0,0.0,39.3344,-75.5215
SITE_04725,DE,19701,6.205,-1.0,-1.0,-1.0,-1.0,0.0,2022-09-08,0.0,0.0,39.1447,-75.4435
SITE_04726,DE,19709,20.0,-1.0,-1.0,-1.0,-1.0,0.0,2022-09-12,0.0,1.0,38.5359,-75.3334
SITE_04727,DE,19810,6.075,-1.0,-1.0,-1.0,-1.0,0.0,2022-09-19,0.0,0.0,39.3825,-75.3572
SITE_04728,DE,19707,21.06,-1.0,-1.0,-1.0,-1.0,0.0,2022-09-20,0.0,0.0,39.1172,-75.6100
SITE_04729,DE,19720,16.17,-1.0,-1.0,-1.0,-1.0,0.0,2022-09-23,0.0,0.0,38.8395,-75.4274
SITE_04730,DE,19702,13.6,-1.0,-1.0,-1.0,-1.0,0.0,2022-09-30,0.0,0.0,39.1875,-75.4673
SITE_04731,DE,19701,10.8,-1.0,-1.0,-1.0,-1.0,0.0,2022-10-10,0.0,0.0,38.6000,-75.4334
SITE_04732,DE,19803,8.51,-1.0,-1.0,-1.0,-1.0,0.0,2022-10-26,0.0,0.0,38.7306,-75.3747
SITE_04733,DE,19720,7.77,-1.0,-1.0,-1.0,-1.0,0.0,2022-10-31,0.0,0.0,39.4545,-75.5233
SITE_04734,DE,19720,9.315,-1.0,-1.0,-1.0,-1.0,0.0,2022-11-07,0.0,0.0,39.1896,-75.4354
SITE_04735,DE,19947,10.0,-1.0,-1.0,-1.0,-1.0,0.0,2022-11-08,0.0,0.0,38.9422,-75.3575
SITE_04736,DE,19702,5.18,-1.0,-1.0,-1.0,-1.0,0.0,2022-11-18,0.0,0.0,39.1311,-75.3093
SITE_04737,DE,19701,7.77,-1.0,-1.0,-1.0,-1.0,0.0,2022-11-21,0.0,0.0,39.4543,-75.4798
SITE_04738,DE,19713,5.2,-1.0,-1.0,-1.0,-1.0,0.0,2022-11-29,0.0,0.0,39.3035,-75.5175
SITE_04739,DE,19720,9.6,-1.0,-1.0,-1.0,-1.0,0.0,2022-12-02,0.0,0.0,39.2973,-75.5082
SITE_04740,DE,19711,11.4,-1.0,-1.0,-1.0,-1.0,0.0,2022-12-06,0.0,0.0,39.1645,-75.5397
SITE_04741,DE,19971,13.87,-1.0,-1.0,-1.0,-1.0,0.0,2022-12-15,0.0,0.0,39.1335,-75.3365
SITE_04742,DE,19720,4.0,-1.0,-1.0,-1.0,-1.0,0.0,2022-12-21,0.0,0.0,39.1420,-75.4779
SITE_04743,DE,19808,7.92,-1.0,-1.0,-1.0,-1.0,0.0,2022-12-28,0.0,0.0,38.9963,-75.3151
SITE_04744,DE,19720,10.22,-1.0,-1.0,-1.0,-1.0,0.0,2023-01-11,0.0,0.0,38.6880,-75.4673
SITE_04745,DE,19950,11.745,-1.0,-1.0,-1.0,-1.0,0.0,2023-01-13,0.0,0.0,38.9081,-75.6596
SITE_04746,DE,19971,14.175,-1.0,-1.0,-1.0,-1.0,0.0,2023-01-16,0.0,0.0,39.4581,-75.3895
SITE_04747,DE,19803,11.06,-1.0,-1.0,-1.0,-1.0,0.0,2023-01-17,0.0,0.0,39.0112,-75.4754
SITE_04748,DE,19702,3.65,-1.0,-1.0,-1.0,-1.0,0.0,2023-02-02,0.0,0.0,39.0385,-75.5321
SITE_04749,DE,19701,5.4,-1.0,-1.0,-1.0,-1.0,0.0,2023-02-13,0.0,0.0,38.6202,-75.6116
SITE_04750,DE,19956,10.22,-1.0,-1.0,-1.0,-1.0,0.0,2023-03-03,0.0,0.0,39.0027,-75.5243
SITE_04751,DE,19930,6.213,-1.0,-1.0,-1.0,-1.0,0.0,2023-03-06,0.0,0.0,38.6070,-75.5633
SITE_04752,DE,19971,8.76,-1.0,-1.0,-1.0,-1.0,0.0,2023-03-16,0.0,0.0,39.1812,-75.4958
SITE_04753,DE,19711,7.38,-1.0,-1.0,-1.0,-1.0,0.0,2023-03-27,0.0,0.0,38.9918,-75.3971
SITE_04754,DE,19977,28.8,-1.0,-1.0,-1.0,-1.0,0.0,2023-03-27,0.0,0.0,39.2794,-75.5735
SITE_04755,DE,19930,7.92,-1.0,-1.0,-1.0,-1.0,0.0,2023-03-30,0.0,0.0,38.8607,-75.5663
SITE_04756,DE,19934,9.085,-1.0,-1.0,-1.0,-1.0,0.0,2023-04-20,0.0,0.0,38.7502,-75.3269
SITE_04757,DE,19971,30.34,-1.0,-1.0,-1.0,-1.0,0.0,2023-04-21,0.0,0.0,39.3482,-75.6984
SITE_04758,DE,19971,11.16,-1.0,-1.0,-1.0,-1.0,0.0,2023-04-25,0.0,0.0,39.4311,-75.5865
SITE_04759,DE,19709,7.665,-1.0,-1.0,-1.0,-1.0,0.0,2023-05-10,0.0,0.0,38.9249,-75.5789
SITE_04760,DE,19734,7.2,-1.0,-1.0,-1.0,-1.0,0.0,2023-05-15,0.0,0.0,39.2279,-75.3470
SITE_04761,DE,19803,6.48,-1.0,-1.0,-1.0,-1.0,0.0,2023-06-02,0.0,0.0,39.0656,-75.4133
SITE_04762,DE,19701,7.6,-1.0,-1.0,-1.0,-1.0,0.0,2023-06-22,0.0,0.0,38.7368,-75.5803
SITE_04763,DE,19810,8.51,-1.0,-1.0,-1.0,-1.0,0.0,2023-06-27,0.0,0.0,39.4963,-75.3231
SITE_04764,DE,19955,17.04,-1.0,-1.0,-1.0,-1.0,0.0,2023-06-28,0.0,1.0,38.6836,-75.4353
SITE_04765,DE,19701,8.1,-1.0,-1.0,-1.0,-1.0,0.0,2023-07-03,0.0,0.0,39.2596,-75.4722
SITE_04766,DE,19734,12.0,-1.0,-1.0,-1.0,-1.0,0.0,2023-07-05,0.0,0.0,38.9980,-75.5057
SITE_04767,DE,19709,9.6,-1.0,-1.0,-1.0,-1.0,0.0,2023-07-05,0.0,0.0,38.9486,-75.5242
SITE_04768,DE,19709,10.8,-1.0,-1.0,-1.0,-1.0,0.0,2023-07-05,0.0,0.0,39.2299,-75.6547
SITE_04769,DE,19804,9.48,-1.0,-1.0,-1.0,-1.0,0.0,2023-07-05,0.0,0.0,38.6296,-75.3743
SITE_04770,DE,19709,12.775,-1.0,-1.0,-1.0,-1.0,0.0,2023-07-06,0.0,0.0,38.9513,-75.3611
SITE_04771,DE,19934,9.875,-1.0,-1.0,-1.0,-1.0,0.0,2023-07-06,0.0,0.0,39.3383,-75.6082
SITE_04772,DE,19701,8.03,-1.0,-1.0,-1.0,-1.0,0.0,2023-07-07,0.0,0.0,39.3452,-75.6260
SITE_04773,DE,19953,22.265,-1.0,-1.0,-1.0,-1.0,0.0,2023-07-07,0.0,0.0,38.7659,-75.3479
SITE_04774,DE,19702,9.125,-1.0,-1.0,-1.0,-1.0,0.0,2023-07-07,0.0,0.0,38.5347,-75.3604
SITE_04775,DE,19702,11.2,-1.0,-1.0,-1.0,-1.0,0.0,2023-07-07,0.0,0.0,39.1011,-75.3930
SITE_04776,DE,19711,9.6,-1.0,-1.0,-1.0,-1.0,0.0,2023-07-23,0.0,0.0,39.0734,-75.6302
SITE_04777,DE,19702,6.0,-1.0,-1.0,-1.0,-1.0,0.0,2023-07-24,0.0,0.0,39.4687,-75.5036
SITE_04778,DE,19702,8.8,-1.0,-1.0,-1.0,-1.0,0.0,2023-08-15,0.0,0.0,39.2962,-75.5972
SITE_04779,DE,19720,5.7,-1.0,-1.0,-1.0,-1.0,0.0,2023-08-23,0.0,0.0,38.8169,-75.3900
SITE_04780,DE,19709,16.8,-1.0,-1.0,-1.0,-1.0,0.0,2023-08-25,0.0,0.0,38.7187,-75.5314
SITE_04781,DE,19720,8.395,-1.0,-1.0,-1.0,-1.0,0.0,2023-09-19,0.0,0.0,39.4865,-75.6274
SITE_04782,DE,19952,9.855,-1.0,-1.0,-1.0,-1.0,0.0,2023-10-04,0.0,0.0,39.2688,-75.6896
SITE_04783,DE,19971,2.96,-1.0,-1.0,-1.0,-1.0,0.0,2023-11-14,0.0,0.0,38.7727,-75.6561
SITE_04784,DE,19709,6.0,-1.0,-1.0,-1.0,-1.0,0.0,2023-11-17,0.0,0.0,39.4053,-75.4365
SITE_04785,DE,19709,12.4,-1.0,-1.0,-1.0,-1.0,0.0,2023-11-21,0.0,0.0,39.0263,-75.5649
SITE_04786,DE,19970,8.03,-1.0,-1.0,-1.0,-1.0,0.0,2023-12-05,0.0,0.0,39.4752,-75.3403
SITE_04787,DE,19971,10.66,-1.0,-1.0,-1.0,-1.0,0.0,2024-04-18,0.0,0.0,38.7067,-75.5837
SITE_04788,DE,19701,7.6,-1.0,-1.0,-1.0,-1.0,0.0,2024-04-15,0.0,0.0,39.2760,-75.6801
SITE_04789,DE,19709,12.512,-1.0,-1.0,-1.0,-1.0,0.0,2024-01-09,0.0,0.0,39.2937,-75.5052
SITE_04790,DE,19805,18.565,-1.0,-1.0,-1.0,-1.0,0.0,2024-10-30,0.0,0.0,38.8031,-75.3541
SITE_04791,DE,19706,13.23,-1.0,-1.0,-1.0,-1.0,0.0,2024-01-24,0.0,0.0,39.4629,-75.6388
SITE_04792,DE,19702,4.0,-1.0,-1.0,-1.0,-1.0,0.0,2024-01-12,0.0,0.0,39.1923,-75.6296
SITE_04793,DE,19702,16.33,-1.0,-1.0,-1.0,-1.0,0.0,2024-01-31,0.0,0.0,39.3200,-75.3372
SITE_04794,DE,19713,9.49,-1.0,-1.0,-1.0,-1.0,0.0,2024-01-25,0.0,0.0,38.5490,-75.3342
SITE_04795,DE,19711,9.72,-1.0,-1.0,-1.0,-1.0,0.0,2024-02-19,0.0,0.0,39.3100,-75.4541
SITE_04796,DE,19709,10.8,-1.0,-1.0,-1.0,-1.0,0.0,2024-01-24,0.0,0.0,38.7496,-75.5309
SITE_04797,DE,19702,4.86,-1.0,-1.0,-1.0,-1.0,0.0,2024-02-15,0.0,0.0,38.5706,-75.5122
SITE_04798,DE,19958,16.4,-1.0,-1.0,-1.0,-1.0,0.0,2024-08-08,0.0,0.0,38.5980,-75.3634
SITE_04799,DE,19975,12.325,-1.0,-1.0,-1.0,-1.0,0.0,2024-04-29,0.0,0.0,38.9642,-75.3753
SITE_04800,DE,19971,11.2,-1.0,-1.0,-1.0,-1.0,0.0,2024-06-25,0.0,0.0,39.2402,-75.4714
SITE_04801,DE,19970,6.56,-1.0,-1.0,-1.0,-1.0,0.0,2024-06-12,0.0,0.0,39.3308,-75.6609
SITE_04802,DE,19802,16.8,-1.0,-1.0,-1.0,-1.0,0.0,2024-03-25,0.0,0.0,38.7249,-75.3326
SITE_04803,DE,19731,6.375,-1.0,-1.0,-1.0,-1.0,0.0,2024-06-17,0.0,0.0,38.9858,-75.5226
SITE_04804,DE,19707,6.0,-1.0,-1.0,-1.0,-1.0,0.0,2024-04-02,0.0,0.0,39.2644,-75.4562
SITE_04805,DE,19713,11.05,-1.0,-1.0,-1.0,-1.0,0.0,2024-04-08,0.0,0.0,38.9300,-75.4009
SITE_04806,DE,19702,9.315,-1.0,-1.0,-1.0,-1.0,0.0,2024-04-09,0.0,0.0,38.8408,-75.3982
SITE_04807,DE,19734,12.75,-1.0,-1.0,-1.0,-1.0,0.0,2024-05-10,0.0,0.0,39.1068,-75.4892
SITE_04808,DE,19803,8.505,-1.0,-1.0,-1.0,-1.0,0.0,2024-04-29,0.0,0.0,39.0813,-75.5336
SITE_04809,DE,19701,4.26,-1.0,-1.0,-1.0,-1.0,0.0,2024-11-04,0.0,0.0,38.9139,-75.4476
SITE_04810,DE,19940,17.22,-1.0,-1.0,-1.0,-1.0,0.0,2024-10-16,0.0,0.0,38.9956,-75.5031
SITE_04811,DE,19709,10.2,-1.0,-1.0,-1.0,-1.0,0.0,2024-08-26,0.0,0.0,38.7831,-75.5633
SITE_04812,DE,19971,40.59,-1.0,-1.0,-1.0,-1.0,0.0,2024-06-18,0.0,0.0,38.9753,-75.3834
SITE_04813,DE,19971,7.38,-1.0,-1.0,-1.0,-1.0,0.0,2024-08-08,0.0,0.0,39.1382,-75.3766
SITE_04814,DE,19720,21.6,-1.0,-1.0,-1.0,-1.0,0.0,2024-07-08,0.0,0.0,39.2566,-75.3902
SITE_04815,DE,19720,6.39,-1.0,-1.0,-1.0,-1.0,0.0,2024-11-22,0.0,0.0,39.0415,-75.3534
SITE_04816,DE,19804,8.165,-1.0,-1.0,-1.0,-1.0,0.0,2024-06-28,0.0,0.0,38.6921,-75.3942
SITE_04817,DE,19709,9.84,-1.0,-1.0,-1.0,-1.0,0.0,2024-11-05,0.0,0.0,-9999,-9999
SITE_04818,DE,19734,8.925,-1.0,-1.0,-1.0,-1.0,0.0,2024-08-07,0.0,0.0,39.2604,-75.5654
SITE_04819,DE,19720,5.95,-1.0,-1.0,-1.0,-1.0,0.0,2024-11-25,0.0,0.0,38.9743,-75.3967
SITE_04820,DE,19720,6.4,-1.0,-1.0,-1.0,-1.0,0.0,2024-11-14,0.0,0.0,39.1508,-75.6805
SITE_04821,DE,19802,45.9,-1.0,-1.0,-1.0,-1.0,0.0,2024-09-24,0.0,0.0,38.9793,-75.5951
SITE_04822,DE,19971,10.65,-1.0,-1.0,-1.0,-1.0,0.0,2024-10-23,0.0,1.0,39.2533,-75.5181
SITE_04823,DE,19808,15.58,-1.0,-1.0,-1.0,-1.0,0.0,2024-12-04,0.0,0.0,39.2441,-75.3466
SITE_04824,DE,19711,7.65,-1.0,-1.0,-1.0,-1.0,0.0,2024-12-31,0.0,0.0,38.8528,-75.3736
SITE_04825,VT,05673,17.804605263157896,-1.0,-1.0,-1.0,-1.0,-1.0,2009-01-22,-1.0,-1.0,43.3097,-72.9462
SITE_04826,VT,05346,45.94736842105263,-1.0,-1.0,-1.0,-1.0,-1.0,2010-04-05,-1.0,-1.0,44.4208,-72.7991
SITE_04827,VT,05356,14.404499999999999,-1.0,-1.0,-1.0,-1.0,-1.0,2010-08-27,-1.0,-1.0,-9999,-9999
SITE_04828,VT,05487,7.531900000000001,-1.0,-1.0,-1.0,-1.0,-1.0,2012-09-06,-1.0,-1.0,43.8142,-72.6225
SITE_04829,VT,05344,4.349100000000001,-1.0,-1.0,-1.0,-1.0,-1.0,2013-04-05,-1.0,-1.0,44.1199,-72.5015
SITE_04830,VT,05472,6.976000000000001,-1.0,-1.0,-1.0,-1.0,-1.0,2013-04-11,-1.0,-1.0,43.8952,-72.8587
SITE_04831,VT,05730,8.284,-1.0,-1.0,-1.0,-1.0,-1.0,2014-02-20,-1.0,-1.0,43.3214,-72.6906
SITE_04832,VT,05701,68.05953947368421,-1.0,-1.0,-1.0,-1.0,-1.0,2014-05-20,-1.0,-1.0,44.0569,-72.9642
SITE_04833,VT,05456,217.08,-1.0,-1.0,-1.0,-1.0,-1.0,2014-12-30,-1.0,-1.0,44.6528,-73.0832
SITE_04834,VT,05083,4.142,-1.0,-1.0,-1.0,-1.0,-1.0,2015-03-18,-1.0,-1.0,44.0526,-72.8450
SITE_04835,VT,05468,19.332355263157893,-1.0,-1.0,28.0,-1.0,0.0,2015-05-28,0.0,0.0,43.4315,-72.7760
SITE_04836,VT,05088,5.45,-1.0,-1.0,-1.0,-1.0,-1.0,2015-09-24,-1.0,-1.0,43.8443,-72.9097
SITE_04837,VT,05055,5.45,-1.0,-1.0,-1.0,-1.0,-1.0,2015-10-21,-1.0,-1.0,44.4714,-73.0566
SITE_04838,VT,05819,5.45,-1.0,-1.0,-1.0,-1.0,-1.0,2015-10-22,-1.0,-1.0,44.0004,-72.8140
SITE_04839,VT,05602,8.284,-1.0,-1.0,-1.0,-1.0,-1.0,2015-11-12,-1.0,-1.0,44.0137,-72.9172
SITE_04840,VT,05301,17.230263157894736,-1.0,-1.0,-1.0,-1.0,-1.0,2015-12-08,-1.0,-1.0,43.8544,-72.7288
SITE_04841,VT,05478,5.45,-1.0,-1.0,-1.0,-1.0,-1.0,2016-02-26,-1.0,-1.0,43.3122,-72.6375
SITE_04842,VT,05676,3.2700000000000005,-1.0,-1.0,-1.0,-1.0,-1.0,2016-03-01,-1.0,-1.0,43.6529,-73.0768
SITE_04843,VT,05468,3.9240000000000004,-1.0,-1.0,-1.0,-1.0,-1.0,2016-03-18,-1.0,-1.0,44.1928,-72.9056
SITE_04844,VT,01742,723.6,-1.0,-1.0,-1.0,-1.0,-1.0,2016-03-20,-1.0,-1.0,44.0614,-72.5139
SITE_04845,VT,05403,8.284,-1.0,-1.0,-1.0,-1.0,-1.0,2016-03-29,-1.0,-1.0,43.5543,-72.5597
SITE_04846,VT,05828,9.2868,-1.0,-1.0,-1.0,-1.0,-1.0,2016-04-07,-1.0,-1.0,43.8044,-72.8719
SITE_04847,VT,05443,4.142,-1.0,-1.0,-1.0,-1.0,-1.0,2016-06-08,-1.0,-1.0,43.3194,-72.3108
SITE_04848,VT,05602,3.2700000000000005,-1.0,-1.0,-1.0,-1.0,-1.0,2016-06-29,-1.0,-1.0,44.3697,-73.0804
SITE_04849,VT,05443,3.2700000000000005,-1.0,-1.0,-1.0,-1.0,-1.0,2016-07-21,-1.0,-1.0,44.6830,-72.3631
SITE_04850,VT,05201,5.45,-1.0,-1.0,-1.0,-1.0,-1.0,2016-07-25,-1.0,-1.0,44.1140,-72.9788
SITE_04851,VT,05701,3.2700000000000005,-1.0,-1.0,-1.0,-1.0,-1.0,2016-07-29,-1.0,-1.0,43.5282,-73.0211
SITE_04852,VT,05346,7.630000000000001,-1.0,-1.0,-1.0,-1.0,-1.0,2016-08-03,-1.0,-1.0,44.3050,-72.4970
SITE_04853,VT,05045,11.486842105263158,-1.0,-1.0,-1.0,-1.0,-1.0,2016-09-12,-1.0,-1.0,43.7757,-72.4430
SITE_04854,VT,05065,11.486842105263158,-1.0,-1.0,-1.0,-1.0,-1.0,2016-09-30,-1.0,-1.0,44.6007,-72.8611
SITE_04855,VT,05444,8.284,-1.0,-1.0,-1.0,-1.0,-1.0,2016-10-13,-1.0,-1.0,43.8856,-73.0633
SITE_04856,VT,05262,6.540000000000001,-1.0,-1.0,-1.0,-1.0,-1.0,2016-11-29,-1.0,-1.0,44.0625,-72.4624
SITE_04857,VT,05461,17.230263157894736,-1.0,-1.0,-1.0,-1.0,-1.0,2016-12-09,-1.0,-1.0,44.5999,-72.6678
SITE_04858,VT,05495,4.578,-1.0,-1.0,-1.0,-1.0,-1.0,2016-12-09,-1.0,-1.0,44.3394,-72.5858
SITE_04859,VT,05478,5.45,-1.0,-1.0,-1.0,-1.0,-1.0,2016-12-14,-1.0,-1.0,44.1282,-72.9531
SITE_04860,VT,05489,5.45,-1.0,-1.0,-1.0,-1.0,-1.0,2016-12-21,-1.0,-1.0,43.4422,-72.4751
SITE_04861,VT,05452,8.502,-1.0,-1.0,-1.0,-1.0,-1.0,2017-01-13,-1.0,-1.0,43.9716,-72.4636
SITE_04862,VT,05482,13.095,-1.0,-1.0,-1.0,-1.0,-1.0,2017-02-15,-1.0,-1.0,44.0744,-72.8099
SITE_04863,VT,05733,8.72,-1.0,-1.0,-1.0,-1.0,-1.0,2017-03-20,-1.0,-1.0,43.7594,-72.7607
SITE_04864,VT,05446,6.540000000000001,-1.0,-1.0,-1.0,-1.0,-1.0,2017-04-25,-1.0,-1.0,43.3123,-73.0126
SITE_04865,VT,05404,8.284,-1.0,-1.0,-1.0,-1.0,-1.0,2017-05-31,-1.0,-1.0,44.0426,-72.8211
SITE_04866,VT,05091,6.540000000000001,-1.0,-1.0,-1.0,-1.0,-1.0,2017-06-06,-1.0,-1.0,44.1380,-73.0136
SITE_04867,VT,05489,8.284,-1.0,-1.0,-1.0,-1.0,-1.0,2017-06-19,-1.0,-1.0,43.6212,-72.9461
SITE_04868,VT,05734,10.082500000000001,-1.0,-1.0,-1.0,-1.0,-1.0,2017-08-02,-1.0,-1.0,44.5489,-72.8630
SITE_04869,VT,05735,6.540000000000001,-1.0,-1.0,-1.0,-1.0,-1.0,2017-08-25,-1.0,-1.0,44.2558,-72.3368
SITE_04870,VT,05682,8.284,-1.0,-1.0,-1.0,-1.0,-1.0,2017-09-01,-1.0,-1.0,44.1464,-72.7178
SITE_04871,VT,05465,6.540000000000001,-1.0,-1.0,-1.0,-1.0,-1.0,2017-09-13,-1.0,-1.0,44.2551,-72.6267
SITE_04872,VT,05478,3.9,-1.0,-1.0,13.0,0.17964071856287428,0.0,2017-09-29,1.0,0.0,44.1462,-72.5236
SITE_04873,VT,05491,5.4,-1.0,-1.0,18.0,0.17964071856287428,0.0,2017-10-16,0.0,0.0,43.3949,-72.6406
SITE_04874,VT,05753,11.486842105263158,-1.0,-1.0,-1.0,-1.0,-1.0,2017-10-18,-1.0,-1.0,-9999,-9999
SITE_04875,VT,05042,7.15,-1.0,-1.0,22.0,-1.0,0.0,2017-11-20,0.0,0.0,44.2659,-72.3271
SITE_04876,VT,05454,8.284,-1.0,-1.0,-1.0,-1.0,-1.0,2017-12-01,-1.0,-1.0,43.4659,-72.8925
SITE_04877,VT,05301,17.230263157894736,-1.0,-1.0,-1.0,-1.0,-1.0,2017-12-13,-1.0,-1.0,44.3917,-72.5277
SITE_04878,VT,05445,6.0,-1.0,-1.0,20.0,-1.0,0.0,2017-12-28,0.0,0.0,44.4270,-72.5667
SITE_04879,VT,05602,7.8,-1.0,-1.0,26.0,0.17964071856287428,0.0,2018-01-16,1.0,0.0,44.6151,-72.6817
SITE_04880,VT,05070,5.89,-1.0,-1.0,18.0,0.2005256593124239,0.0,2018-02-02,0.0,0.0,43.5272,-72.5717
SITE_04881,VT,05340,11.6,-1.0,-1.0,-1.0,-1.0,-1.0,2018-02-09,-1.0,-1.0,43.3100,-72.5092
SITE_04882,VT,05751,6.5131578947368425,-1.0,-1.0,-1.0,-1.0,-1.0,2018-02-26,0.0,-1.0,43.6254,-72.5045
SITE_04883,VT,05482,9.6,-1.0,-1.0,30.0,0.19623306110084296,0.0,2018-02-26,0.0,0.0,43.8347,-72.5775
SITE_04884,VT,05495,10.15,-1.0,-1.0,35.0,0.1883415294371316,0.0,2018-03-05,0.0,0.0,44.2515,-72.9138
SITE_04885,VT,05753,4.125,-1.0,-1.0,-1.0,-1.0,-1.0,2018-03-29,0.0,-1.0,44.3560,-72.8914
SITE_04886,VT,05032,5.427631578947368,-1.0,-1.0,-1.0,-1.0,-1.0,2018-04-16,0.0,-1.0,44.0726,-72.8169
SITE_04887,VT,05257,4.64,-1.0,-1.0,16.0,0.17901234567901234,0.0,2018-04-25,0.0,0.0,44.0329,-72.5437
SITE_04888,VT,05482,8.55,-1.0,-1.0,30.0,0.17592592592592593,0.0,2018-05-25,1.0,0.0,44.5338,-73.0410
SITE_04889,VT,05445,7.68,-1.0,-1.0,24.0,0.19623306110084296,0.0,2018-06-06,0.0,1.0,43.4390,-73.0059
SITE_04890,VT,05035,4.8,-1.0,-1.0,16.0,0.18507277061340519,1.0,2018-06-13,0.0,1.0,43.8763,-73.0981
SITE_04891,VT,05101,3.58,-1.0,-1.0,11.0,-1.0,0.0,2018-06-15,0.0,0.0,43.8033,-73.0495
SITE_04892,VT,05477,13.68,-1.0,-1.0,38.0,-1.0,0.0,2018-06-15,0.0,0.0,43.6982,-72.5133
SITE_04893,VT,05033,4.8,-1.0,-1.0,16.0,0.18507277061340519,1.0,2018-06-26,0.0,1.0,44.5627,-72.6365
SITE_04894,VT,05089,8.88,-1.0,-1.0,24.0,0.18790214868646243,0.0,2018-07-02,0.0,1.0,44.1244,-72.4143
SITE_04895,VT,05778,6.48,-1.0,-1.0,18.0,-1.0,0.0,2018-07-18,0.0,1.0,43.7129,-72.5820
SITE_04896,VT,05819,6.54,-1.0,-1.0,20.0,0.2005256593124239,0.0,2018-07-24,0.0,0.0,44.3995,-72.6593
SITE_04897,VT,05753,15.775999999999998,-1.0,-1.0,-1.0,-1.0,-1.0,2018-08-02,-1.0,-1.0,44.1813,-72.7645
SITE_04898,VT,05495,382.06080000000003,-1.0,-1.0,-1.0,-1.0,-1.0,2018-08-16,-1.0,-1.0,43.4700,-72.4851
SITE_04899,VT,05452,14.6,-1.0,-1.0,40.0,-1.0,0.0,2018-08-28,0.0,1.0,43.9632,-72.9574
SITE_04900,VT,05733,4.83,-1.0,-1.0,14.0,0.17780279042153177,0.0,2018-08-31,0.0,1.0,44.3008,-72.7593
SITE_04901,VT,05047,11.6,-1.0,-1.0,-1.0,-1.0,-1.0,2018-09-25,-1.0,-1.0,43.7843,-72.4397
SITE_04902,VT,05045,5.49,-1.0,-1.0,18.0,0.18263473053892215,0.0,2018-09-28,0.0,0.0,44.0137,-72.8857
SITE_04903,VT,05156,9.0,-1.0,-1.0,30.0,0.18518518518518517,0.0,2018-10-01,0.0,1.0,43.7615,-72.9306
SITE_04904,VT,05448,6.48,-1.0,-1.0,18.0,-1.0,0.0,2018-11-15,0.0,0.0,43.9399,-72.6214
SITE_04905,VT,05641,8.5,-1.0,-1.0,26.0,0.2005256593124239,0.0,2018-11-20,0.0,0.0,-9999,-9999
SITE_04906,VT,05641,10.54,-1.0,-1.0,34.0,0.18977655341291705,0.0,2018-12-03,0.0,0.0,44.5459,-72.7478
SITE_04907,VT,05478,8.99,-1.0,-1.0,31.0,0.17901234567901234,0.0,2018-12-17,1.0,0.0,43.9552,-73.0509
SITE_04908,VT,05731,8.41,-1.0,-1.0,29.0,0.17901234567901234,0.0,2019-01-18,1.0,0.0,44.1782,-72.7593
SITE_04909,VT,05675,8.41,-1.0,-1.0,29.0,0.17901234567901234,0.0,2019-04-04,1.0,0.0,44.0298,-72.7173
SITE_04910,VT,05482,7.92,-1.0,-1.0,24.0,-1.0,0.0,2019-04-19,0.0,1.0,44.4386,-72.9540
SITE_04911,VT,05451,6.0,-1.0,-1.0,20.0,0.18518518518518517,0.0,2019-04-23,0.0,0.0,44.5506,-72.6527
SITE_04912,VT,05158,5.506666666666666,-1.0,-1.0,-1.0,-1.0,-1.0,2019-05-05,-1.0,-1.0,43.6788,-72.8187
SITE_04913,VT,05765,7.08,-1.0,-1.0,24.0,0.18099758506272948,0.0,2019-05-10,0.0,1.0,44.1202,-72.9682
SITE_04914,VT,05143,11.666666666666668,-1.0,-1.0,-1.0,-1.0,-1.0,2019-06-24,-1.0,-1.0,43.7453,-72.4315
SITE_04915,VT,05462,9.38,-1.0,-1.0,28.0,-1.0,0.0,2019-06-25,0.0,0.0,43.6560,-72.4883
SITE_04916,VT,05676,7.04,-1.0,-1.0,21.0,-1.0,0.0,2019-06-28,0.0,0.0,44.5254,-72.6699
SITE_04917,VT,05445,15.36,-1.0,-1.0,48.0,0.19623306110084296,1.0,2019-07-11,0.0,1.0,43.8918,-72.6293
SITE_04918,VT,05033,11.666666666666668,-1.0,-1.0,-1.0,-1.0,-1.0,2019-07-15,-1.0,-1.0,44.1828,-72.3279
SITE_04919,VT,05673,3.96,-1.0,-1.0,12.0,-1.0,0.0,2019-07-24,0.0,0.0,44.4381,-72.9332
SITE_04920,VT,05677,8.04,-1.0,-1.0,24.0,-1.0,0.0,2019-07-26,0.0,0.0,44.5260,-73.0524
SITE_04921,VT,05468,10.38,-1.0,-1.0,31.0,-1.0,0.0,2019-08-05,0.0,0.0,43.4050,-72.4448
SITE_04922,VT,05359,11.666666666666668,-1.0,-1.0,-1.0,-1.0,-1.0,2019-08-23,-1.0,-1.0,44.2459,-73.0034
SITE_04923,VT,05602,6.03,-1.0,-1.0,18.0,-1.0,0.0,2019-10-04,0.0,0.0,44.2539,-72.9423
SITE_04924,VT,05037,6.6,-1.0,-1.0,20.0,0.20245398773006135,0.0,2019-10-21,0.0,0.0,44.6450,-72.3094
SITE_04925,VT,05495,10.5,-1.0,-1.0,30.0,-1.0,0.0,2019-10-24,0.0,0.0,43.5547,-72.8855
SITE_04926,VT,05089,3.35,-1.0,-1.0,10.0,-1.0,0.0,2019-11-13,0.0,0.0,43.3295,-72.7702
SITE_04927,VT,05359,5.506666666666666,-1.0,-1.0,-1.0,-1.0,-1.0,2019-11-14,-1.0,-1.0,43.3038,-72.6997
SITE_04928,VT,05759,667.0333333333334,-1.0,-1.0,-1.0,-1.0,-1.0,2019-12-20,-1.0,-1.0,44.3541,-73.0335
SITE_04929,VT,05156,667.0333333333334,-1.0,-1.0,-1.0,-1.0,-1.0,2019-12-26,-1.0,-1.0,43.7236,-72.8630
SITE_04930,VT,05048,7.83,-1.0,-1.0,27.0,0.17901234567901234,0.0,2019-12-27,1.0,0.0,43.9729,-72.5911
SITE_04931,VT,05730,7.2,-1.0,-1.0,20.0,-1.0,0.0,2020-01-15,0.0,0.0,43.8947,-73.0094
SITE_04932,VT,05701,6.6,-1.0,-1.0,20.0,-1.0,0.0,2020-02-04,0.0,0.0,44.1076,-72.4907
SITE_04933,VT,05753,5.6,-1.0,-1.0,16.0,-1.0,0.0,2020-02-17,0.0,0.0,43.7511,-73.0264
SITE_04934,VT,05059,12.0,-1.0,-1.0,32.0,0.22411072862880094,1.0,2020-06-16,0.0,1.0,44.2130,-72.5020
SITE_04935,VT,05733,16.8,-1.0,-1.0,42.0,-1.0,0.0,2020-06-25,0.0,1.0,43.8584,-72.6134
SITE_04936,VT,05048,5.842105263157896,-1.0,-1.0,-1.0,-1.0,-1.0,2020-07-20,-1.0,-1.0,43.6860,-72.5044
SITE_04937,VT,05059,11.966842105263158,-1.0,-1.0,-1.0,-1.0,-1.0,2020-07-22,-1.0,-1.0,43.7524,-72.8299
SITE_04938,VT,05043,6.0,-1.0,-1.0,16.0,0.22411072862880094,1.0,2020-07-24,0.0,1.0,44.2225,-72.9376
SITE_04939,VT,05067,12.0,-1.0,-1.0,32.0,0.22411072862880094,1.0,2020-08-13,0.0,1.0,43.6334,-72.8719
SITE_04940,VT,05403,9.59,-1.0,-1.0,27.0,-1.0,0.0,2020-09-25,0.0,0.0,43.5581,-72.3157
SITE_04941,VT,05770,12.6,-1.0,-1.0,36.0,-1.0,0.0,2020-10-05,0.0,1.0,44.5054,-72.9493
SITE_04942,VT,05441,8.88,-1.0,-1.0,7.0,0.19607843137254904,0.0,2020-10-08,0.0,0.0,44.2750,-72.8463
SITE_04943,VT,05763,16.514242105263158,-1.0,-1.0,72.0,0.19623306110084296,1.0,2020-12-18,1.0,1.0,44.1256,-72.9275
SITE_04944,VT,05060,224.7,-1.0,-1.0,642.0,-1.0,0.0,2020-12-21,0.0,0.0,44.6557,-72.8766
SITE_04945,VT,05465,9.2,-1.0,-1.0,25.0,-1.0,0.0,2021-01-11,0.0,0.0,43.3524,-72.5030
SITE_04946,VT,05055,7.295999999999999,-1.0,-1.0,38.0,0.21726190476190477,0.0,2021-02-19,0.0,0.0,44.2851,-72.8202
SITE_04947,VT,05641,12.53719008264463,-1.0,-1.0,-1.0,-1.0,-1.0,2021-02-19,-1.0,-1.0,43.6138,-72.8913
SITE_04948,VT,05482,12.54,-1.0,-1.0,38.0,0.20015721439385117,0.0,2021-02-26,1.0,0.0,44.6680,-72.5324
SITE_04949,VT,05819,5.12,-1.0,-1.0,16.0,0.19258545979778527,1.0,2021-03-24,0.0,1.0,44.4961,-72.8083
SITE_04950,VT,05089,20.16,-1.0,-1.0,56.0,-1.0,0.0,2021-04-22,0.0,0.0,43.5330,-72.7852
SITE_04951,VT,05445,8.1,-1.0,-1.0,20.0,-1.0,0.0,2021-04-30,0.0,1.0,43.4727,-72.7925
SITE_04952,VT,05602,9.72,-1.0,-1.0,24.0,-1.0,0.0,2021-06-03,0.0,1.0,44.5629,-72.6319
SITE_04953,VT,05340,8.84,-1.0,-1.0,26.0,0.19607843137254904,0.0,2021-06-15,0.0,0.0,43.8436,-73.0762
SITE_04954,VT,05753,10.88,-1.0,-1.0,32.0,0.20858895705521474,0.0,2021-06-21,1.0,0.0,43.6268,-73.0578
SITE_04955,VT,05059,5.94,-1.0,-1.0,16.0,-1.0,0.0,2021-06-30,0.0,0.0,44.3495,-73.0617
SITE_04956,VT,05473,8.16,-1.0,-1.0,24.0,0.19075144508670522,0.0,2021-07-28,0.0,0.0,43.3796,-72.6145
SITE_04957,VT,05602,8.39,-1.0,-1.0,23.0,0.21726190476190477,0.0,2021-08-09,0.0,0.0,44.6965,-72.3021
SITE_04958,VT,05769,20.4,-1.0,-1.0,48.0,-1.0,0.0,2021-08-20,0.0,1.0,44.3392,-73.0382
SITE_04959,VT,05759,13.2,-1.0,-1.0,30.0,-1.0,0.0,2021-09-03,0.0,1.0,43.9608,-73.0195
SITE_04960,VT,05828,7.92,-1.0,-1.0,24.0,0.1987951807228916,0.0,2021-11-04,1.0,0.0,44.0403,-72.8748
SITE_04961,VT,05446,13.94,-1.0,-1.0,41.0,0.20858895705521474,0.0,2021-11-05,1.0,0.0,43.3937,-72.4416
SITE_04962,VT,05403,26.52,-1.0,-1.0,78.0,0.19653179190751444,0.0,2021-11-17,0.0,0.0,44.6699,-72.5042
SITE_04963,VT,05301,12.32,-1.0,-1.0,32.0,-1.0,0.0,2021-12-10,0.0,1.0,44.5136,-72.4555
SITE_04964,VT,05465,6.4,-1.0,-1.0,16.0,0.22099447513812154,1.0,2021-12-14,-1.0,1.0,43.5076,-72.8374
SITE_04965,VT,05465,8.19,-1.0,-1.0,26.0,0.19408502772643255,0.0,2021-12-20,1.0,0.0,44.2665,-72.6053
SITE_04966,VT,05262,7.5,-1.0,-1.0,20.0,0.22189349112426035,0.0,2021-12-28,0.0,1.0,44.4014,-72.8386
SITE_04967,VT,05070,6.46,-1.0,-1.0,19.0,0.19653179190751444,0.0,2022-01-11,0.0,0.0,43.6445,-72.9012
SITE_04968,VT,05733,9.79,-1.0,-1.0,22.0,0.2014218009478673,0.0,2022-01-12,-1.0,1.0,44.4120,-72.3630
SITE_04969,VT,05250,8.52,-1.0,-1.0,24.0,0.20056497175141244,0.0,2022-02-07,1.0,0.0,43.6426,-72.7272
SITE_04970,VT,05344,12.620000000000001,-1.0,-1.0,-1.0,-1.0,-1.0,2022-02-21,-1.0,-1.0,43.6233,-72.7659
SITE_04971,VT,05155,12.620000000000001,-1.0,-1.0,-1.0,-1.0,-1.0,2022-02-28,-1.0,-1.0,43.7174,-72.9242
SITE_04972,VT,05148,5.32,-1.0,-1.0,14.0,-1.0,0.0,2022-03-09,0.0,0.0,-9999,-9999
SITE_04973,VT,05641,4.97,-1.0,-1.0,14.0,0.20056497175141244,0.0,2022-04-04,-1.0,0.0,43.7764,-73.0822
SITE_04974,VT,05819,3.55,-1.0,-1.0,10.0,0.20056497175141244,0.0,2022-04-07,-1.0,0.0,43.6881,-72.3243
SITE_04975,VT,05451,12.16,-1.0,-1.0,32.0,-1.0,0.0,2022-04-26,-1.0,0.0,43.9305,-72.4092
SITE_04976,VT,05262,4.05,-1.0,-1.0,10.0,-1.0,0.0,2022-04-28,-1.0,0.0,43.5805,-72.3086
SITE_04977,VT,05456,17.04,-1.0,-1.0,48.0,0.20056497175141244,0.0,2022-05-17,1.0,1.0,43.8576,-72.4134
SITE_04978,VT,05482,9.59,-1.0,-1.0,27.0,0.20056497175141244,0.0,2022-07-12,-1.0,0.0,43.3720,-73.0536
SITE_04979,VT,05495,11.01,-1.0,-1.0,31.0,0.20056497175141244,0.0,2022-07-14,-1.0,0.0,44.6107,-72.7992
SITE_04980,VT,05055,6.4,-1.0,-1.0,16.0,0.22099447513812154,1.0,2022-07-19,-1.0,1.0,43.5202,-72.9259
SITE_04981,VT,05858,8.1,-1.0,-1.0,20.0,-1.0,0.0,2022-07-27,0.0,0.0,44.6826,-72.9249
SITE_04982,VT,05143,6.25,-1.0,-1.0,21.0,0.17972350230414746,0.0,2022-08-22,-1.0,0.0,44.0836,-72.9128
SITE_04983,VT,05446,4.08,-1.0,-1.0,12.0,0.20858895705521474,0.0,2022-09-02,-1.0,0.0,44.4166,-72.9586
SITE_04984,VT,05701,7.1,-1.0,-1.0,20.0,0.20056497175141244,0.0,2022-09-30,-1.0,0.0,43.4372,-72.4671
SITE_04985,VT,05048,19.68,-1.0,-1.0,48.0,-1.0,0.0,2022-10-25,-1.0,1.0,43.5511,-72.9080
SITE_04986,VT,05641,8.5,-1.0,-1.0,25.0,0.20858895705521474,0.0,2022-10-26,0.0,0.0,44.0836,-72.5009
SITE_04987,VT,05753,7.83,-1.0,-1.0,18.0,-1.0,0.0,2023-01-30,-1.0,0.0,44.5948,-72.3117
SITE_04988,VT,05701,6.66,-1.0,-1.0,18.0,-1.0,0.0,2023-02-21,-1.0,0.0,43.8671,-72.4325
SITE_04989,VT,05403,5.46,-1.0,-1.0,14.0,0.20418848167539266,0.0,2023-03-20,1.0,0.0,43.7523,-72.6097
SITE_04990,VT,05478,10.53,-1.0,-1.0,27.0,0.20418848167539266,0.0,2023-03-30,1.0,0.0,43.5881,-72.4884
SITE_04991,VT,05101,12.48,-1.0,-1.0,32.0,0.20103092783505155,1.0,2023-05-04,-1.0,1.0,44.0942,-72.6754
SITE_04992,VT,05074,10.44,-1.0,-1.0,24.0,0.19954128440366972,0.0,2023-05-26,0.0,1.0,43.9181,-73.0986
SITE_04993,VT,05761,16.2,-1.0,-1.0,45.0,0.2208588957055215,0.0,2023-06-02,0.0,0.0,43.9362,-72.5210
SITE_04994,VT,05151,8.0,-1.0,-1.0,20.0,0.20833333333333334,0.0,2023-06-02,0.0,0.0,44.0486,-72.8506
SITE_04995,VT,05340,7.2,-1.0,-1.0,20.0,0.20338983050847456,0.0,2023-06-08,0.0,1.0,44.4535,-73.0659
SITE_04996,VT,05676,7.02,-1.0,-1.0,18.0,0.20418848167539266,0.0,2023-06-09,0.0,0.0,43.6929,-72.3372
SITE_04997,VT,05451,12.8,-1.0,-1.0,32.0,-1.0,0.0,2023-06-19,0.0,0.0,43.5090,-72.3808
SITE_04998,VT,05641,8.63,-1.0,-1.0,23.0,0.20161290322580644,0.0,2023-07-06,-1.0,0.0,44.2549,-72.8422
SITE_04999,VT,05750,6.08,-1.0,-1.0,16.0,0.20958810422044255,1.0,2023-07-31,-1.0,1.0,43.9687,-72.9186
SITE_05000,VT,05770,10.5,-1.0,-1.0,22.0,-1.0,0.0,2023-08-18,0.0,1.0,44.6082,-72.9484
SITE_05001,VT,05733,12.0,-1.0,-1.0,24.0,-1.0,0.0,2023-08-25,-1.0,1.0,43.7853,-72.6202
SITE_05002,VT,05403,20.388552631578946,-1.0,-1.0,61.0,-1.0,0.0,2023-08-30,0.0,0.0,44.3187,-72.4263
SITE_05003,VT,05143,13.44,-1.0,-1.0,28.0,-1.0,0.0,2023-08-31,0.0,1.0,44.0544,-72.5334
SITE_05004,VT,05753,19.78,-1.0,-1.0,46.0,-1.0,0.0,2023-09-13,-1.0,1.0,44.3849,-72.7968
SITE_05005,VT,05472,12.585526315789473,-1.0,-1.0,32.0,0.21396396396396394,0.0,2023-09-13,0.0,1.0,44.4466,-73.0230
SITE_05006,VT,05068,6.24,-1.0,-1.0,16.0,0.20103092783505155,1.0,2023-09-22,0.0,1.0,43.6371,-72.5989
SITE_05007,VT,05360,11.115,-1.0,-1.0,-1.0,-1.0,-1.0,2023-11-01,-1.0,-1.0,44.1362,-72.5506
SITE_05008,VT,05701,6.08,-1.0,-1.0,15.0,0.2109375,0.0,2023-11-08,1.0,0.0,44.1816,-73.0251
SITE_05009,VT,05403,7.29,-1.0,-1.0,18.0,0.2109375,0.0,2023-11-17,1.0,0.0,44.0483,-72.6989
SITE_05010,VT,05773,719.75,-1.0,-1.0,-1.0,-1.0,-1.0,2023-11-30,-1.0,-1.0,44.5577,-72.8820
SITE_05011,VT,05156,13.77,-1.0,-1.0,34.0,-1.0,0.0,2023-12-28,-1.0,0.0,44.0062,-72.9814
SITE_05012,VT,05701,4.05,-1.0,-1.0,10.0,0.2109375,0.0,2024-01-09,-1.0,0.0,43.9054,-72.3750
SITE_05013,VT,05482,15.73,-1.0,-1.0,37.0,-1.0,0.0,2024-01-12,0.0,0.0,43.4368,-72.3745
SITE_05014,VT,05767,63.1,-1.0,-1.0,154.0,0.19158878504672897,0.0,2024-01-25,-1.0,0.0,43.6978,-72.6240
SITE_05015,VT,05056,12.746666666666668,-1.0,-1.0,-1.0,-1.0,-1.0,2024-02-06,-1.0,-1.0,44.3208,-72.9423
SITE_05016,VT,05735,7.79,-1.0,-1.0,19.0,-1.0,0.0,2024-02-08,-1.0,0.0,43.6789,-72.7454
SITE_05017,VT,05036,12.746666666666668,-1.0,-1.0,-1.0,-1.0,-1.0,2024-02-14,-1.0,-1.0,44.4314,-72.8864
SITE_05018,VT,05060,12.96,-1.0,-1.0,32.0,0.2109375,0.0,2024-03-01,0.0,0.0,44.2842,-72.5194
SITE_05019,VT,05154,12.746666666666668,-1.0,-1.0,-1.0,-1.0,-1.0,2024-03-18,-1.0,-1.0,43.9813,-72.6552
SITE_05020,VT,05701,6.0,-1.0,-1.0,15.0,0.20833333333333334,0.0,2024-03-22,1.0,0.0,44.3070,-72.6664
SITE_05021,VT,05641,12.746666666666668,-1.0,-1.0,-1.0,-1.0,-1.0,2024-03-27,-1.0,-1.0,43.8310,-72.7663
SITE_05022,VT,05253,25.493333333333336,-1.0,-1.0,-1.0,-1.0,-1.0,2024-04-24,-1.0,-1.0,43.7888,-73.0718
SITE_05023,VT,05059,12.746666666666668,-1.0,-1.0,-1.0,-1.0,-1.0,2024-04-30,-1.0,-1.0,44.3189,-72.4477
SITE_05024,VT,05053,6.0,-1.0,-1.0,15.0,0.20512820512820515,0.0,2024-05-13,0.0,0.0,43.5881,-72.5606
SITE_05025,VT,05701,7.38,-1.0,-1.0,18.0,-1.0,0.0,2024-05-17,0.0,0.0,43.8945,-72.3313
SITE_05026,VT,05059,14.99,-1.0,-1.0,37.0,0.2109375,0.0,2024-05-23,-1.0,0.0,44.2126,-72.7555
SITE_05027,VT,05143,12.0,-1.0,-1.0,30.0,0.20833333333333334,0.0,2024-06-04,1.0,0.0,43.4654,-72.4639
SITE_05028,VT,05758,12.746666666666668,-1.0,-1.0,-1.0,-1.0,-1.0,2024-06-27,-1.0,-1.0,44.1458,-72.8398
SITE_05029,VT,05495,9.9,-1.0,-1.0,18.0,0.21484375,1.0,2024-07-12,0.0,1.0,43.8603,-72.6418
SITE_05030,VT,05143,13.6,-1.0,-1.0,32.0,-1.0,0.0,2024-09-04,0.0,1.0,44.1288,-72.3052
SITE_05031,VT,05059,12.746666666666668,-1.0,-1.0,-1.0,-1.0,-1.0,2024-09-06,-1.0,-1.0,44.1016,-73.0744
SITE_05032,VT,05301,13.8,-1.0,-1.0,30.0,-1.0,0.0,2024-09-09,-1.0,0.0,44.1457,-72.8518
SITE_05033,VT,05403,6.4,-1.0,-1.0,16.0,0.20833333333333334,0.0,2024-09-10,1.0,0.0,43.6161,-73.0479
SITE_05034,VT,05072,6.4,-1.0,-1.0,16.0,0.20725388601036268,1.0,2024-09-10,0.0,1.0,44.4090,-72.4207
SITE_05035,VT,05753,10.2,-1.0,-1.0,24.0,-1.0,0.0,2024-10-02,0.0,0.0,44.1401,-73.0547
SITE_05036,VT,05031,11.64,-1.0,-1.0,24.0,0.21171171171171171,0.0,2024-10-29,0.0,1.0,44.2999,-72.4899
SITE_05037,VT,05731,29.062400000000004,-1.0,-1.0,-1.0,-1.0,0.0,2024-12-05,-1.0,0.0,44.5857,-72.9839
SITE_05038,VT,05084,17.63,-1.0,-1.0,43.0,0.21465968586387435,0.0,2024-12-31,1.0,0.0,44.2669,-72.5996
SITE_05039,WA,98108,12.4,-1.0,-1.0,-1.0,0.1901840490797546,0.0,2019-06-06,0.0,-1.0,46.6266,-119.9783
SITE_05040,WA,98290,4.8,-1.0,-1.0,-1.0,0.19108280254777069,0.0,2019-06-03,0.0,-1.0,47.6163,-121.1682
SITE_05041,WA,98133,8.88,-1.0,-1.0,-1.0,0.19473684210526318,0.0,2019-06-03,0.0,-1.0,46.8645,-120.0530
SITE_05042,WA,98532,6.3,-1.0,-1.0,-1.0,0.19108280254777069,0.0,2019-05-28,0.0,-1.0,47.4309,-119.7536
SITE_05043,WA,98366,4.8,-1.0,-1.0,-1.0,0.19108280254777069,0.0,2019-05-20,0.0,-1.0,46.2750,-119.5156
SITE_05044,WA,98072,5.89,-1.0,-1.0,-1.0,0.18977655341291705,0.0,2019-04-26,0.0,-1.0,46.2353,-122.5829
SITE_05045,WA,98248,8.68,-1.0,-1.0,-1.0,0.1901840490797546,0.0,2019-04-22,0.0,-1.0,46.5105,-120.0999
SITE_05046,WA,98112,7.2,-1.0,-1.0,-1.0,0.19108280254777069,0.0,2019-04-22,0.0,-1.0,46.4749,-119.4714
SITE_05047,WA,98058,4.8,-1.0,-1.0,-1.0,0.19108280254777069,0.0,2019-04-18,0.0,-1.0,47.1251,-122.2510
SITE_05048,WA,99301,6.0,-1.0,-1.0,-1.0,0.19108280254777069,0.0,2019-04-17,0.0,-1.0,48.5090,-122.4838
SITE_05049,WA,99203,7.2,-1.0,-1.0,-1.0,0.19108280254777069,0.0,2019-04-04,0.0,-1.0,46.5126,-120.8767
SITE_05050,WA,98466,9.0,-1.0,-1.0,-1.0,0.19108280254777069,0.0,2019-04-01,0.0,-1.0,48.1138,-119.5018
SITE_05051,WA,98221,3.15,-1.0,-1.0,-1.0,0.17945957032251447,0.0,2019-03-28,0.0,-1.0,46.5447,-122.3953
SITE_05052,WA,98248,9.0,-1.0,-1.0,-1.0,0.19108280254777069,0.0,2019-03-20,0.0,-1.0,47.3396,-120.7072
SITE_05053,WA,98382,14.57,-1.0,-1.0,-1.0,0.1901840490797546,0.0,2019-03-15,0.0,-1.0,46.4821,-122.0885
SITE_05054,WA,98042,9.36,-1.0,-1.0,-1.0,0.2207621937384483,0.0,2019-03-14,0.0,-1.0,48.4334,-120.3955
SITE_05055,WA,98236,7.44,-1.0,-1.0,-1.0,0.1901840490797546,0.0,2019-03-04,0.0,-1.0,47.1257,-120.8934
SITE_05056,WA,98247,11.78,-1.0,-1.0,-1.0,0.18977655341291705,0.0,2019-03-04,0.0,-1.0,48.1468,-119.1480
SITE_05057,WA,98029,9.6,-1.0,-1.0,-1.0,0.19108280254777069,0.0,2019-03-01,0.0,-1.0,48.2909,-119.7273
SITE_05058,WA,98116,7.7,-1.0,-1.0,-1.0,0.19743589743589743,0.0,2019-02-13,0.0,-1.0,47.3920,-118.3488
SITE_05059,WA,98292,12.0,-1.0,-1.0,-1.0,0.19108280254777069,0.0,2019-01-31,-1.0,-1.0,47.7696,-120.7942
SITE_05060,WA,98056,11.52,-1.0,-1.0,-1.0,0.17048999356933056,0.0,2019-01-31,-1.0,-1.0,46.2621,-118.7376
SITE_05061,WA,98122,8.06,-1.0,-1.0,-1.0,0.1901840490797546,0.0,2019-01-31,-1.0,-1.0,48.5770,-118.3707
SITE_05062,WA,98445,10.62,-1.0,-1.0,-1.0,0.1759434595255491,0.0,2019-01-30,-1.0,-1.0,48.0306,-119.5104
SITE_05063,WA,98856,5.68,-1.0,-1.0,-1.0,-1.0,0.0,2019-01-30,-1.0,-1.0,48.4989,-122.0208
SITE_05064,WA,98506,4.2,-1.0,-1.0,-1.0,0.19108280254777069,0.0,2019-01-30,-1.0,-1.0,47.4037,-121.4514
SITE_05065,WA,98632,9.3,-1.0,-1.0,-1.0,0.17892555205988042,0.0,2019-01-29,-1.0,-1.0,46.7435,-121.7036
SITE_05066,WA,99021,12.0,-1.0,-1.0,-1.0,0.17892555205988042,0.0,2019-01-28,-1.0,-1.0,46.4098,-121.7686
SITE_05067,WA,98516,12.0,-1.0,-1.0,-1.0,0.17892555205988042,0.0,2019-01-28,-1.0,-1.0,47.8081,-118.3918
SITE_05068,WA,98374,5.7,-1.0,-1.0,-1.0,0.17892555205988042,0.0,2019-01-28,-1.0,-1.0,47.3771,-118.7886
SITE_05069,WA,98199,3.6,-1.0,-1.0,-1.0,0.19108280254777069,0.0,2019-01-28,-1.0,-1.0,47.0754,-122.0139
SITE_05070,WA,98926,7.2,-1.0,-1.0,-1.0,0.19108280254777069,0.0,2019-01-22,-1.0,-1.0,46.3002,-120.4654
SITE_05071,WA,98225,6.0,-1.0,-1.0,-1.0,0.19108280254777069,0.0,2019-01-22,-1.0,-1.0,47.1122,-118.4019
SITE_05072,WA,98038,9.49,-1.0,-1.0,-1.0,-1.0,0.0,2019-01-18,-1.0,-1.0,47.6524,-119.8326
SITE_05073,WA,98502,8.4,-1.0,-1.0,-1.0,0.17892555205988042,0.0,2019-01-18,-1.0,-1.0,46.2642,-122.5167
SITE_05074,WA,98903,20.65,-1.0,-1.0,-1.0,0.1759434595255491,0.0,2019-01-17,-1.0,-1.0,47.5028,-120.9298
SITE_05075,WA,98501,6.0,-1.0,-1.0,-1.0,0.19108280254777069,0.0,2019-01-17,-1.0,-1.0,46.3216,-122.4690
SITE_05076,WA,99336,12.0,-1.0,-1.0,-1.0,0.19108280254777069,0.0,2019-01-15,-1.0,-1.0,46.4437,-120.2279
SITE_05077,WA,98262,5.4,-1.0,-1.0,-1.0,0.19108280254777069,0.0,2019-01-15,-1.0,-1.0,46.4961,-118.8491
SITE_05078,WA,98178,3.465,-1.0,-1.0,-1.0,0.19743589743589743,0.0,2019-01-15,-1.0,-1.0,47.6981,-122.4791
SITE_05079,WA,98686,10.37,-1.0,-1.0,-1.0,0.18190764459421177,0.0,2019-01-14,-1.0,-1.0,47.0271,-122.2895
SITE_05080,WA,98198,9.455,-1.0,-1.0,-1.0,0.18747541306058224,0.0,2019-01-11,-1.0,-1.0,46.2698,-119.8817
SITE_05081,WA,99338,6.0,-1.0,-1.0,-1.0,0.17892555205988042,0.0,2019-01-02,-1.0,-1.0,47.4523,-119.7269
SITE_05082,WA,98290,5.9,-1.0,-1.0,-1.0,0.1759434595255491,0.0,2019-01-02,-1.0,-1.0,48.5386,-119.3082
SITE_05083,WA,98029,11.9,-1.0,-1.0,-1.0,0.20917001338688088,0.0,2018-12-27,-1.0,-1.0,46.3621,-122.3832
SITE_05084,WA,98177,7.5,-1.0,-1.0,-1.0,0.19108280254777069,0.0,2018-12-27,-1.0,-1.0,48.2614,-120.2252
SITE_05085,WA,98273,6.3,-1.0,-1.0,-1.0,0.19108280254777069,0.0,2018-12-27,-1.0,-1.0,47.9776,-122.0051
SITE_05086,WA,98611,5.1,-1.0,-1.0,-1.0,0.19108280254777069,0.0,2018-12-26,-1.0,-1.0,48.1267,-121.7649
SITE_05087,WA,98177,9.0,-1.0,-1.0,-1.0,0.19108280254777069,0.0,2018-12-24,-1.0,-1.0,48.5132,-121.7406
SITE_05088,WA,98926,11.8,-1.0,-1.0,-1.0,0.1759434595255491,0.0,2018-12-21,-1.0,-1.0,46.4680,-121.2670
SITE_05089,WA,99338,12.0,-1.0,-1.0,-1.0,0.17892555205988042,0.0,2018-12-19,-1.0,-1.0,47.9284,-118.4050
SITE_05090,WA,98055,10.8,-1.0,-1.0,-1.0,0.17892555205988042,0.0,2018-12-19,-1.0,-1.0,47.6276,-118.3911
SITE_05091,WA,98208,9.455,-1.0,-1.0,-1.0,0.18190764459421177,0.0,2018-12-18,-1.0,-1.0,46.7305,-120.2058
SITE_05092,WA,99212,7.8,-1.0,-1.0,-1.0,0.17892555205988042,0.0,2018-12-18,-1.0,-1.0,46.8387,-121.2769
SITE_05093,WA,98136,12.0,-1.0,-1.0,-1.0,0.17892555205988042,0.0,2018-12-13,-1.0,-1.0,48.0524,-121.3427
SITE_05094,WA,98072,11.895,-1.0,-1.0,-1.0,0.18190764459421177,0.0,2018-12-13,-1.0,-1.0,47.7757,-122.1384
SITE_05095,WA,98225,9.0,-1.0,-1.0,-1.0,0.17892555205988042,0.0,2018-12-12,-1.0,-1.0,47.3707,-122.2504
SITE_05096,WA,98033,11.88,-1.0,-1.0,-1.0,0.2151462994836489,0.0,2018-12-11,-1.0,-1.0,47.3370,-120.1881
SITE_05097,WA,99003,10.8,-1.0,-1.0,-1.0,0.17892555205988042,0.0,2018-12-10,-1.0,-1.0,47.5831,-119.4948
SITE_05098,WA,98671,10.2,-1.0,-1.0,-1.0,0.17892555205988042,0.0,2018-12-10,-1.0,-1.0,47.5920,-119.2574
SITE_05099,WA,98611,12.0,-1.0,-1.0,-1.0,0.17892555205988042,0.0,2018-12-06,-1.0,-1.0,47.4989,-122.1041
SITE_05100,WA,98273,5.49,-1.0,-1.0,-1.0,0.18190764459421177,0.0,2018-12-06,-1.0,-1.0,47.2600,-118.9131
SITE_05101,WA,98405,6.0,-1.0,-1.0,-1.0,0.19108280254777069,0.0,2018-12-05,-1.0,-1.0,47.9490,-118.8932
SITE_05102,WA,98108,6.9,-1.0,-1.0,-1.0,0.19108280254777069,0.0,2018-12-04,-1.0,-1.0,46.5138,-118.5608
SITE_05103,WA,98684,9.15,-1.0,-1.0,-1.0,0.18190764459421177,0.0,2018-11-30,-1.0,-1.0,46.9841,-119.9595
SITE_05104,WA,98034,7.2,-1.0,-1.0,-1.0,0.19108280254777069,0.0,2018-11-30,-1.0,-1.0,47.5017,-120.0593
SITE_05105,WA,98531,10.8,-1.0,-1.0,-1.0,0.17892555205988042,0.0,2018-11-29,-1.0,-1.0,46.5223,-118.5577
SITE_05106,WA,98117,9.15,-1.0,-1.0,-1.0,0.18190764459421177,0.0,2018-11-28,-1.0,-1.0,46.7953,-119.8108
SITE_05107,WA,98512,10.5,-1.0,-1.0,-1.0,0.19108280254777069,0.0,2018-11-27,-1.0,-1.0,47.5790,-118.8732
SITE_05108,WA,98248,11.895,-1.0,-1.0,-1.0,0.18190764459421177,0.0,2018-11-26,-1.0,-1.0,46.6148,-122.2164
SITE_05109,WA,98107,11.68,-1.0,-1.0,-1.0,-1.0,0.0,2018-11-26,-1.0,-1.0,46.4901,-120.2800
SITE_05110,WA,98258,7.848,-1.0,-1.0,-1.0,0.2005256593124239,0.0,2018-11-21,-1.0,-1.0,47.5736,-119.9219
SITE_05111,WA,98001,11.7,-1.0,-1.0,-1.0,0.18507277061340519,0.0,2018-11-20,-1.0,-1.0,48.5638,-119.3610
SITE_05112,WA,99185,10.5,-1.0,-1.0,-1.0,0.17892555205988042,0.0,2018-11-20,-1.0,-1.0,48.1082,-118.7731
SITE_05113,WA,99202,8.4,-1.0,-1.0,-1.0,0.17892555205988042,0.0,2018-11-20,-1.0,-1.0,46.6150,-120.0642
SITE_05114,WA,98295,11.7,-1.0,-1.0,-1.0,0.17892555205988042,0.0,2018-11-19,-1.0,-1.0,47.4423,-120.4927
SITE_05115,WA,99208,10.2,-1.0,-1.0,-1.0,0.18313766091695804,0.0,2018-11-19,-1.0,-1.0,46.6204,-121.0715
SITE_05116,WA,98444,7.2,-1.0,-1.0,-1.0,0.17892555205988042,0.0,2018-11-15,-1.0,-1.0,47.6575,-118.3246
SITE_05117,WA,98155,4.68,-1.0,-1.0,-1.0,-1.0,0.0,2018-11-15,-1.0,-1.0,46.5646,-121.7465
SITE_05118,WA,98003,1.2,-1.0,-1.0,-1.0,0.17892555205988042,0.0,2018-11-15,-1.0,-1.0,47.2265,-122.2277
SITE_05119,WA,98642,12.0,-1.0,-1.0,-1.0,0.17892555205988042,0.0,2018-11-14,-1.0,-1.0,47.7554,-118.2554
SITE_05120,WA,99218,9.0,-1.0,-1.0,-1.0,0.17892555205988042,0.0,2018-11-14,-1.0,-1.0,46.8333,-121.9311
SITE_05121,WA,98662,10.5,-1.0,-1.0,-1.0,0.17892555205988042,0.0,2018-11-09,-1.0,-1.0,-9999,-9999
SITE_05122,WA,98117,7.015,-1.0,-1.0,-1.0,0.18190764459421177,0.0,2018-11-08,-1.0,-1.0,46.5457,-120.8752
SITE_05123,WA,98092,12.0,-1.0,-1.0,-1.0,0.17892555205988042,0.0,2018-11-07,-1.0,-1.0,47.5621,-119.9653
SITE_05124,WA,98387,6.0,-1.0,-1.0,-1.0,0.17892555205988042,0.0,2018-11-06,-1.0,-1.0,48.1247,-118.4951
SITE_05125,WA,98371,4.2,-1.0,-1.0,-1.0,0.17892555205988042,0.0,2018-11-06,-1.0,-1.0,47.5013,-120.5078
SITE_05126,WA,98311,11.8,-1.0,-1.0,-1.0,0.1759434595255491,0.0,2018-11-05,-1.0,-1.0,46.9480,-121.7139
SITE_05127,WA,99301,9.6,-1.0,-1.0,-1.0,0.17892555205988042,0.0,2018-11-02,-1.0,-1.0,48.3102,-118.7810
SITE_05128,WA,98922,84.315,-1.0,-1.0,-1.0,0.17892555205988042,0.0,2018-10-31,-1.0,-1.0,47.1264,-119.4334
SITE_05129,WA,98199,11.68,-1.0,-1.0,-1.0,-1.0,0.0,2018-10-31,-1.0,-1.0,48.2712,-118.7938
SITE_05130,WA,98360,8.64,-1.0,-1.0,-1.0,-1.0,0.0,2018-10-31,-1.0,-1.0,48.4144,-119.4708
SITE_05131,WA,98506,4.88,-1.0,-1.0,-1.0,0.18190764459421177,0.0,2018-10-31,-1.0,-1.0,48.0449,-119.8828
SITE_05132,WA,98862,4.64,-1.0,-1.0,-1.0,0.17901234567901234,0.0,2018-10-30,-1.0,-1.0,46.7556,-119.5907
SITE_05133,WA,99337,9.6,-1.0,-1.0,-1.0,0.17892555205988042,0.0,2018-10-29,-1.0,-1.0,47.8148,-119.1969
SITE_05134,WA,98247,8.85,-1.0,-1.0,-1.0,0.1759434595255491,0.0,2018-10-25,-1.0,-1.0,47.6115,-121.1630
SITE_05135,WA,99301,7.8,-1.0,-1.0,-1.0,0.17892555205988042,0.0,2018-10-25,-1.0,-1.0,46.4090,-119.2063
SITE_05136,WA,98501,5.31,-1.0,-1.0,-1.0,0.1759434595255491,0.0,2018-10-24,-1.0,-1.0,47.1204,-121.9048
SITE_05137,WA,98105,8.1,-1.0,-1.0,-1.0,0.17892555205988042,0.0,2018-10-22,-1.0,-1.0,-9999,-9999
SITE_05138,WA,99350,7.2,-1.0,-1.0,-1.0,0.17892555205988042,0.0,2018-10-22,-1.0,-1.0,46.4581,-119.8207
SITE_05139,WA,98584,10.62,-1.0,-1.0,-1.0,0.1759434595255491,0.0,2018-10-18,-1.0,-1.0,47.5094,-122.3547
SITE_05140,WA,99336,4.2,-1.0,-1.0,-1.0,0.17892555205988042,0.0,2018-10-17,-1.0,-1.0,47.9948,-121.2909
SITE_05141,WA,99337,12.0,-1.0,-1.0,-1.0,0.1904761904761905,0.0,2018-10-16,-1.0,-1.0,46.5911,-120.7362
SITE_05142,WA,98337,4.38,-1.0,-1.0,-1.0,-1.0,0.0,2018-10-15,-1.0,-1.0,48.5985,-118.3576
SITE_05143,WA,98466,8.235,-1.0,-1.0,-1.0,0.18190764459421177,0.0,2018-10-12,-1.0,-1.0,48.3907,-118.8358
SITE_05144,WA,98607,5.9,-1.0,-1.0,-1.0,0.1759434595255491,0.0,2018-10-12,-1.0,-1.0,47.6905,-119.0363
SITE_05145,WA,98926,11.8,-1.0,-1.0,-1.0,0.1759434595255491,0.0,2018-10-11,-1.0,-1.0,48.5146,-121.6095
SITE_05146,WA,98133,10.08,-1.0,-1.0,-1.0,0.2151462994836489,0.0,2018-10-10,-1.0,-1.0,48.1803,-119.4531
SITE_05147,WA,98340,6.785,-1.0,-1.0,-1.0,0.1759434595255491,0.0,2018-10-09,-1.0,-1.0,48.3494,-119.4776
SITE_05148,WA,99354,7.375,-1.0,-1.0,-1.0,0.1759434595255491,0.0,2018-10-05,-1.0,-1.0,48.3403,-120.5259
SITE_05149,WA,98253,10.5,-1.0,-1.0,-1.0,0.17892555205988042,0.0,2018-10-03,-1.0,-1.0,46.9918,-120.5190
SITE_05150,WA,98629,9.6,-1.0,-1.0,-1.0,0.17892555205988042,0.0,2018-10-03,-1.0,-1.0,46.9277,-118.6494
SITE_05151,WA,98502,8.26,-1.0,-1.0,-1.0,0.1759434595255491,0.0,2018-10-03,-1.0,-1.0,47.9358,-120.4500
SITE_05152,WA,98166,11.68,-1.0,-1.0,-1.0,-1.0,0.0,2018-10-02,-1.0,-1.0,46.7139,-119.3297
SITE_05153,WA,98408,12.0,-1.0,-1.0,-1.0,0.17892555205988042,0.0,2018-09-28,-1.0,-1.0,47.2491,-120.0690
SITE_05154,WA,99166,10.325,-1.0,-1.0,-1.0,0.1759434595255491,0.0,2018-09-26,-1.0,-1.0,47.9171,-120.6030
SITE_05155,WA,98040,4.35,-1.0,-1.0,-1.0,0.17296136699121775,0.0,2018-09-26,-1.0,-1.0,47.6060,-120.9444
SITE_05156,WA,98110,4.32,-1.0,-1.0,-1.0,0.2207621937384483,0.0,2018-09-26,-1.0,-1.0,46.2086,-121.7257
SITE_05157,WA,99301,11.4,-1.0,-1.0,-1.0,0.19051973784484072,0.0,2018-09-24,-1.0,-1.0,46.2050,-121.6063
SITE_05158,WA,98589,5.9,-1.0,-1.0,-1.0,0.1759434595255491,0.0,2018-09-24,-1.0,-1.0,48.5395,-120.4764
SITE_05159,WA,99338,12.0,-1.0,-1.0,-1.0,0.17892555205988042,0.0,2018-09-21,-1.0,-1.0,48.5525,-118.6365
SITE_05160,WA,99336,6.0,-1.0,-1.0,-1.0,0.17892555205988042,0.0,2018-09-21,-1.0,-1.0,46.3925,-119.7771
SITE_05161,WA,98674,12.0,-1.0,-1.0,-1.0,0.17892555205988042,0.0,2018-09-18,-1.0,-1.0,47.3643,-120.3964
SITE_05162,WA,98579,10.325,-1.0,-1.0,-1.0,0.1759434595255491,0.0,2018-09-14,-1.0,-1.0,47.4765,-122.3610
SITE_05163,WA,98611,10.325,-1.0,-1.0,-1.0,0.1759434595255491,0.0,2018-09-14,-1.0,-1.0,47.6902,-120.7522
SITE_05164,WA,98625,7.8,-1.0,-1.0,-1.0,0.17892555205988042,0.0,2018-09-13,-1.0,-1.0,47.6609,-119.7984
SITE_05165,WA,99352,9.9,-1.0,-1.0,-1.0,0.17892555205988042,0.0,2018-09-12,-1.0,-1.0,47.1316,-120.6105
SITE_05166,WA,98372,8.1,-1.0,-1.0,-1.0,0.17892555205988042,0.0,2018-09-11,-1.0,-1.0,48.2305,-119.6859
SITE_05167,WA,98232,3.0,-1.0,-1.0,-1.0,0.17892555205988042,0.0,2018-09-10,-1.0,-1.0,47.5108,-121.1091
SITE_05168,WA,98258,12.0,-1.0,-1.0,-1.0,0.17892555205988042,0.0,2018-09-07,-1.0,-1.0,48.2644,-121.1607
SITE_05169,WA,99337,12.0,-1.0,-1.0,-1.0,0.17892555205988042,0.0,2018-09-07,-1.0,-1.0,48.5194,-121.3051
SITE_05170,WA,99004,12.0,-1.0,-1.0,-1.0,0.17892555205988042,0.0,2018-09-06,-1.0,-1.0,48.1990,-118.5927
SITE_05171,WA,98513,12.0,-1.0,-1.0,-1.0,0.17892555205988042,0.0,2018-09-06,-1.0,-1.0,46.3362,-121.2538
SITE_05172,WA,99301,10.03,-1.0,-1.0,-1.0,0.1759434595255491,0.0,2018-09-06,-1.0,-1.0,48.2617,-119.3633
SITE_05173,WA,98937,9.9,-1.0,-1.0,-1.0,0.17892555205988042,0.0,2018-09-06,-1.0,-1.0,46.9390,-122.5116
SITE_05174,WA,98108,45.44,-1.0,-1.0,-1.0,0.18148541981923028,0.0,2018-09-05,-1.0,-1.0,46.3130,-119.0585
SITE_05175,WA,98168,9.185,-1.0,-1.0,-1.0,0.17007223431624777,0.0,2018-09-04,-1.0,-1.0,48.0221,-119.9127
SITE_05176,WA,98074,8.125,-1.0,-1.0,-1.0,0.19411444987964904,0.0,2018-08-30,-1.0,-1.0,46.4620,-120.5700
SITE_05177,WA,98223,10.03,-1.0,-1.0,-1.0,0.1759434595255491,0.0,2018-08-29,-1.0,-1.0,46.5160,-118.7907
SITE_05178,WA,98404,4.8,-1.0,-1.0,-1.0,0.17892555205988042,0.0,2018-08-22,-1.0,-1.0,47.3646,-121.9352
SITE_05179,WA,99362,6.0,-1.0,-1.0,-1.0,0.17892555205988042,0.0,2018-08-20,-1.0,-1.0,48.2877,-118.4099
SITE_05180,WA,98033,5.2,-1.0,-1.0,-1.0,0.19411444987964904,0.0,2018-08-20,-1.0,-1.0,48.3517,-121.0752
SITE_05181,WA,98325,9.0,-1.0,-1.0,-1.0,0.17892555205988042,0.0,2018-08-13,-1.0,-1.0,48.1927,-122.3260
SITE_05182,WA,98604,6.0,-1.0,-1.0,-1.0,0.17892555205988042,0.0,2018-08-13,-1.0,-1.0,48.2787,-119.6023
SITE_05183,WA,98006,6.0,-1.0,-1.0,-1.0,0.17892555205988042,0.0,2018-08-10,-1.0,-1.0,46.2794,-122.4755
SITE_05184,WA,98236,18.585,-1.0,-1.0,-1.0,0.1759434595255491,0.0,2018-08-09,-1.0,-1.0,47.4496,-121.4226
SITE_05185,WA,98051,11.8,-1.0,-1.0,-1.0,0.1759434595255491,0.0,2018-08-08,-1.0,-1.0,47.9534,-118.4623
SITE_05186,WA,98042,5.8,-1.0,-1.0,-1.0,0.17296136699121775,0.0,2018-07-31,-1.0,-1.0,47.8115,-118.5956
SITE_05187,WA,98310,4.2,-1.0,-1.0,-1.0,0.17892555205988042,0.0,2018-07-31,-1.0,-1.0,47.1345,-118.2978
SITE_05188,WA,98407,3.0,-1.0,-1.0,-1.0,0.17892555205988042,0.0,2018-07-27,-1.0,-1.0,47.9781,-121.3047
SITE_05189,WA,98221,10.5,-1.0,-1.0,-1.0,0.17892555205988042,0.0,2018-07-26,-1.0,-1.0,48.5851,-119.0597
SITE_05190,WA,98942,27.14,-1.0,-1.0,-1.0,0.1759434595255491,0.0,2018-07-19,-1.0,-1.0,48.1409,-119.2542
SITE_05191,WA,99353,9.15,-1.0,-1.0,-1.0,0.18263473053892215,0.0,2018-07-12,-1.0,-1.0,46.8024,-119.9925
SITE_05192,WA,99224,8.85,-1.0,-1.0,-1.0,0.1759434595255491,0.0,2018-07-09,-1.0,-1.0,46.6574,-121.7217
SITE_05193,WA,98221,9.6,-1.0,-1.0,-1.0,0.17892555205988042,0.0,2018-07-06,-1.0,-1.0,46.8819,-118.6197
SITE_05194,WA,98092,9.6,-1.0,-1.0,-1.0,0.17892555205988042,0.0,2018-07-05,-1.0,-1.0,46.9949,-120.9031
SITE_05195,WA,98362,4.02,-1.0,-1.0,-1.0,0.20552147239263807,0.0,2018-07-02,-1.0,-1.0,47.6924,-121.5750
SITE_05196,WA,98903,63.72,-1.0,-1.0,-1.0,0.1759434595255491,0.0,2018-06-29,-1.0,-1.0,47.3173,-120.7825
SITE_05197,WA,98944,12.0,-1.0,-1.0,-1.0,0.17892555205988042,0.0,2018-06-29,-1.0,-1.0,47.7090,-121.5925
SITE_05198,WA,98333,9.6,-1.0,-1.0,-1.0,0.17892555205988042,0.0,2018-06-29,-1.0,-1.0,47.5754,-120.9288
SITE_05199,WA,98953,8.54,-1.0,-1.0,-1.0,0.18263473053892215,0.0,2018-06-29,-1.0,-1.0,46.8679,-122.5425
SITE_05200,WA,98117,7.56,-1.0,-1.0,-1.0,0.2207621937384483,0.0,2018-06-29,-1.0,-1.0,46.9518,-122.4042
SITE_05201,WA,98682,6.1,-1.0,-1.0,-1.0,0.1859756097560976,0.0,2018-06-29,-1.0,-1.0,46.4851,-118.6242
SITE_05202,WA,98029,7.8,-1.0,-1.0,-1.0,0.17892555205988042,0.0,2018-06-28,-1.0,-1.0,48.4520,-118.8518
SITE_05203,WA,98105,11.4,-1.0,-1.0,-1.0,0.18633540372670804,0.0,2018-06-27,-1.0,-1.0,48.1399,-118.2604
SITE_05204,WA,98366,10.325,-1.0,-1.0,-1.0,0.1759434595255491,0.0,2018-06-27,-1.0,-1.0,47.7575,-120.1787
SITE_05205,WA,98115,10.464,-1.0,-1.0,-1.0,0.2005256593124239,0.0,2018-06-26,-1.0,-1.0,46.5255,-119.2435
SITE_05206,WA,98926,10.2,-1.0,-1.0,-1.0,0.17892555205988042,0.0,2018-06-26,-1.0,-1.0,46.2197,-120.7672
SITE_05207,WA,98360,4.2,-1.0,-1.0,-1.0,0.17892555205988042,0.0,2018-06-26,-1.0,-1.0,48.4277,-119.7847
SITE_05208,WA,99337,12.0,-1.0,-1.0,-1.0,0.18719312027844354,0.0,2018-06-22,-1.0,-1.0,48.1950,-121.4660
SITE_05209,WA,98273,10.62,-1.0,-1.0,-1.0,0.1759434595255491,0.0,2018-06-22,-1.0,-1.0,46.4138,-120.0266
SITE_05210,WA,99204,5.4,-1.0,-1.0,-1.0,0.17892555205988042,0.0,2018-06-19,-1.0,-1.0,-9999,-9999
SITE_05211,WA,99301,7.8,-1.0,-1.0,-1.0,0.17892555205988042,0.0,2018-06-18,-1.0,-1.0,48.5605,-121.0577
SITE_05212,WA,98682,12.0,-1.0,-1.0,-1.0,0.17892555205988042,0.0,2018-06-15,-1.0,-1.0,46.9457,-119.2692
SITE_05213,WA,98203,9.0,-1.0,-1.0,-1.0,0.17892555205988042,0.0,2018-06-15,-1.0,-1.0,48.5741,-119.3105
SITE_05214,WA,99362,5.49,-1.0,-1.0,-1.0,0.18190764459421177,0.0,2018-06-14,-1.0,-1.0,47.9912,-121.4064
SITE_05215,WA,99207,6.195,-1.0,-1.0,-1.0,0.1759434595255491,0.0,2018-06-13,-1.0,-1.0,47.3973,-121.3898
SITE_05216,WA,99207,5.31,-1.0,-1.0,-1.0,0.1759434595255491,0.0,2018-06-13,-1.0,-1.0,47.6345,-120.4328
SITE_05217,WA,99353,12.0,-1.0,-1.0,-1.0,0.17892555205988042,0.0,2018-06-11,-1.0,-1.0,47.4904,-121.1991
SITE_05218,WA,98391,11.4,-1.0,-1.0,-1.0,0.17892555205988042,0.0,2018-06-11,-1.0,-1.0,47.3761,-118.4667
SITE_05219,WA,98115,6.1,-1.0,-1.0,-1.0,0.18190764459421177,0.0,2018-06-08,-1.0,-1.0,47.3626,-120.6487
SITE_05220,WA,98226,9.6,-1.0,-1.0,-1.0,0.17892555205988042,0.0,2018-06-06,-1.0,-1.0,46.3274,-120.6786
SITE_05221,WA,98626,6.3,-1.0,-1.0,-1.0,0.17892555205988042,0.0,2018-06-06,-1.0,-1.0,48.4680,-120.3136
SITE_05222,WA,98368,5.7,-1.0,-1.0,-1.0,0.17892555205988042,0.0,2018-06-04,-1.0,-1.0,47.5218,-118.2009
SITE_05223,WA,99026,11.895,-1.0,-1.0,-1.0,0.18263473053892215,0.0,2018-05-30,-1.0,-1.0,46.5468,-121.3801
SITE_05224,WA,99170,11.8,-1.0,-1.0,-1.0,0.1759434595255491,0.0,2018-05-30,-1.0,-1.0,46.8224,-122.0758
SITE_05225,WA,98273,12.0,-1.0,-1.0,-1.0,0.17892555205988042,0.0,2018-05-29,-1.0,-1.0,48.5118,-120.1215
SITE_05226,WA,98671,8.1,-1.0,-1.0,-1.0,0.17892555205988042,0.0,2018-05-29,-1.0,-1.0,48.2977,-121.7311
SITE_05227,WA,99352,12.0,-1.0,-1.0,-1.0,0.17892555205988042,0.0,2018-05-24,-1.0,-1.0,47.5123,-120.6994
SITE_05228,WA,98606,8.85,-1.0,-1.0,-1.0,0.1759434595255491,0.0,2018-05-24,-1.0,-1.0,46.4290,-119.4511
SITE_05229,WA,99223,3.835,-1.0,-1.0,-1.0,0.1759434595255491,0.0,2018-05-23,-1.0,-1.0,48.1773,-119.2166
SITE_05230,WA,98926,7.67,-1.0,-1.0,-1.0,0.1759434595255491,0.0,2018-05-22,-1.0,-1.0,46.4534,-121.9687
SITE_05231,WA,98284,9.9,-1.0,-1.0,-1.0,0.19108280254777069,0.0,2018-05-21,-1.0,-1.0,48.2330,-119.9007
SITE_05232,WA,99336,9.44,-1.0,-1.0,-1.0,0.1759434595255491,0.0,2018-05-21,-1.0,-1.0,46.4370,-119.4027
SITE_05233,WA,98221,504.0,-1.0,-1.0,-1.0,0.2,0.0,2018-05-18,-1.0,-1.0,48.2327,-121.0291
SITE_05234,WA,98926,22.125,-1.0,-1.0,-1.0,0.1759434595255491,0.0,2018-05-18,-1.0,-1.0,47.3920,-121.4819
SITE_05235,WA,98926,11.21,-1.0,-1.0,-1.0,0.1759434595255491,0.0,2018-05-18,-1.0,-1.0,46.3620,-121.4747
SITE_05236,WA,99224,5.4,-1.0,-1.0,-1.0,0.17892555205988042,0.0,2018-05-17,-1.0,-1.0,48.3075,-120.9046
SITE_05237,WA,99301,12.0,-1.0,-1.0,-1.0,0.17892555205988042,0.0,2018-05-16,-1.0,-1.0,47.1311,-122.0581
SITE_05238,WA,99354,11.285,-1.0,-1.0,-1.0,0.18263473053892215,0.0,2018-05-16,-1.0,-1.0,47.3674,-121.2370
SITE_05239,WA,99205,9.735,-1.0,-1.0,-1.0,0.1759434595255491,0.0,2018-05-16,-1.0,-1.0,48.1163,-121.5707
SITE_05240,WA,98926,9.0,-1.0,-1.0,-1.0,0.17892555205988042,0.0,2018-05-15,-1.0,-1.0,48.4034,-119.2709
SITE_05241,WA,98382,8.04,-1.0,-1.0,-1.0,0.20318989946042468,0.0,2018-05-15,-1.0,-1.0,47.2677,-122.4585
SITE_05242,WA,98642,11.21,-1.0,-1.0,-1.0,0.1759434595255491,0.0,2018-05-14,-1.0,-1.0,47.6980,-119.8249
SITE_05243,WA,98019,8.7,-1.0,-1.0,-1.0,0.17892555205988042,0.0,2018-05-11,-1.0,-1.0,47.2612,-119.2747
SITE_05244,WA,98225,6.1,-1.0,-1.0,-1.0,0.18190764459421177,0.0,2018-05-11,-1.0,-1.0,48.0529,-119.8534
SITE_05245,WA,99203,3.54,-1.0,-1.0,-1.0,0.1759434595255491,0.0,2018-05-11,-1.0,-1.0,47.1497,-121.6694
SITE_05246,WA,99350,12.0,-1.0,-1.0,-1.0,0.18313766091695804,1.0,2018-05-10,-1.0,1.0,46.6906,-119.6123
SITE_05247,WA,99301,12.0,-1.0,-1.0,-1.0,0.17892555205988042,0.0,2018-05-09,-1.0,-1.0,46.7533,-119.3172
SITE_05248,WA,98038,9.0,-1.0,-1.0,-1.0,0.17892555205988042,0.0,2018-05-09,-1.0,-1.0,48.4512,-121.1136
SITE_05249,WA,98225,3.6,-1.0,-1.0,-1.0,0.17892555205988042,0.0,2018-05-09,-1.0,-1.0,46.2029,-120.0954
SITE_05250,WA,98023,11.55,-1.0,-1.0,-1.0,0.20015721439385117,0.0,2018-05-04,-1.0,-1.0,47.6312,-118.7730
SITE_05251,WA,98229,9.3,-1.0,-1.0,-1.0,0.17892555205988042,0.0,2018-05-04,-1.0,-1.0,46.4255,-120.4141
SITE_05252,WA,99301,5.31,-1.0,-1.0,-1.0,0.1759434595255491,0.0,2018-05-04,-1.0,-1.0,46.7265,-121.1849
SITE_05253,WA,98368,11.725,-1.0,-1.0,-1.0,0.2053954629061925,0.0,2018-05-03,-1.0,-1.0,48.2586,-122.1898
SITE_05254,WA,98034,6.9,-1.0,-1.0,-1.0,0.17892555205988042,0.0,2018-05-03,-1.0,-1.0,48.3442,-118.2114
SITE_05255,WA,98922,18.0,-1.0,-1.0,-1.0,0.17892555205988042,0.0,2018-05-01,-1.0,-1.0,48.4825,-122.0839
SITE_05256,WA,98370,5.9,-1.0,-1.0,-1.0,0.1759434595255491,0.0,2018-04-30,-1.0,-1.0,47.1764,-121.7449
SITE_05257,WA,98840,10.325,-1.0,-1.0,-1.0,0.1759434595255491,0.0,2018-04-27,-1.0,-1.0,47.4380,-120.2591
SITE_05258,WA,98635,9.0,-1.0,-1.0,-1.0,0.17892555205988042,0.0,2018-04-26,-1.0,-1.0,47.7643,-119.5289
SITE_05259,WA,99224,12.0,-1.0,-1.0,-1.0,0.17892555205988042,0.0,2018-04-25,-1.0,-1.0,46.6320,-121.2529
SITE_05260,WA,98335,11.725,-1.0,-1.0,-1.0,0.20318989946042468,0.0,2018-04-19,-1.0,-1.0,47.1304,-120.2615
SITE_05261,WA,99338,6.0,-1.0,-1.0,-1.0,0.17892555205988042,0.0,2018-04-19,-1.0,-1.0,48.2396,-119.0709
SITE_05262,WA,99022,10.8,-1.0,-1.0,-1.0,0.17892555205988042,0.0,2018-04-18,-1.0,-1.0,46.2668,-121.3662
SITE_05263,WA,99338,12.0,-1.0,-1.0,-1.0,0.17892555205988042,0.0,2018-04-16,-1.0,-1.0,48.4874,-118.7184
SITE_05264,WA,98926,5.9,-1.0,-1.0,-1.0,0.1759434595255491,0.0,2018-04-13,-1.0,-1.0,46.6660,-121.9857
SITE_05265,WA,98368,12.0,-1.0,-1.0,-1.0,0.17892555205988042,0.0,2018-04-12,-1.0,-1.0,48.1910,-122.5027
SITE_05266,WA,99337,11.895,-1.0,-1.0,-1.0,0.18263473053892215,0.0,2018-04-10,-1.0,-1.0,47.3550,-121.3324
SITE_05267,WA,99350,19.5,-1.0,-1.0,-1.0,0.17964071856287428,0.0,2018-04-09,-1.0,-1.0,48.4010,-121.6826
SITE_05268,WA,98264,9.9,-1.0,-1.0,-1.0,0.17892555205988042,0.0,2018-04-06,-1.0,-1.0,47.5731,-121.9465
SITE_05269,WA,99212,5.1,-1.0,-1.0,-1.0,0.17892555205988042,0.0,2018-04-04,-1.0,-1.0,46.2331,-122.3431
SITE_05270,WA,98226,12.0,-1.0,-1.0,-1.0,0.17892555205988042,0.0,2018-04-03,-1.0,-1.0,47.2672,-120.3381
SITE_05271,WA,98406,3.54,-1.0,-1.0,-1.0,0.1759434595255491,0.0,2018-04-03,-1.0,-1.0,48.5270,-119.7018
SITE_05272,WA,98208,9.145,-1.0,-1.0,-1.0,0.1759434595255491,0.0,2018-03-30,-1.0,-1.0,47.9867,-120.6927
SITE_05273,WA,98926,9.0,-1.0,-1.0,-1.0,0.17892555205988042,0.0,2018-03-30,-1.0,-1.0,48.3449,-120.0730
SITE_05274,WA,98642,12.0,-1.0,-1.0,-1.0,0.17892555205988042,0.0,2018-03-29,-1.0,-1.0,48.3861,-121.5389
SITE_05275,WA,98110,9.0,-1.0,-1.0,-1.0,0.17892555205988042,0.0,2018-03-28,-1.0,-1.0,46.9228,-121.6110
SITE_05276,WA,98926,9.0,-1.0,-1.0,-1.0,0.17892555205988042,0.0,2018-03-26,-1.0,-1.0,46.3649,-121.4966
SITE_05277,WA,99147,11.8,-1.0,-1.0,-1.0,0.1759434595255491,0.0,2018-03-20,-1.0,-1.0,48.2969,-121.4265
SITE_05278,WA,99354,5.7,-1.0,-1.0,-1.0,0.18518518518518517,0.0,2018-03-20,-1.0,-1.0,46.3668,-121.0644
SITE_05279,WA,99223,6.0,-1.0,-1.0,-1.0,0.18714909544603867,0.0,2018-03-19,-1.0,-1.0,47.1528,-121.9071
SITE_05280,WA,98177,6.6,-1.0,-1.0,-1.0,0.17892555205988042,0.0,2018-03-16,-1.0,-1.0,47.9045,-118.8810
SITE_05281,WA,98122,4.2,-1.0,-1.0,-1.0,0.17892555205988042,0.0,2018-03-14,-1.0,-1.0,47.4017,-118.7793
SITE_05282,WA,98942,33.925,-1.0,-1.0,-1.0,0.1759434595255491,0.0,2018-03-09,-1.0,-1.0,46.4395,-120.7635
SITE_05283,WA,98349,7.8,-1.0,-1.0,-1.0,0.17892555205988042,0.0,2018-03-09,-1.0,-1.0,47.2472,-120.5774
SITE_05284,WA,98366,7.2,-1.0,-1.0,-1.0,0.17892555205988042,0.0,2018-03-09,-1.0,-1.0,46.4999,-121.0861
SITE_05285,WA,98502,9.0,-1.0,-1.0,-1.0,0.17892555205988042,0.0,2018-03-07,-1.0,-1.0,48.4670,-118.2317
SITE_05286,WA,98292,11.8,-1.0,-1.0,-1.0,0.1819882244365151,0.0,2018-03-05,-1.0,-1.0,47.6974,-118.6845
SITE_05287,WA,98155,10.62,-1.0,-1.0,-1.0,0.1759434595255491,0.0,2018-03-05,-1.0,-1.0,48.4773,-119.9116
SITE_05288,WA,98685,9.0,-1.0,-1.0,-1.0,0.17892555205988042,0.0,2018-02-27,-1.0,-1.0,48.0570,-121.3334
SITE_05289,WA,98862,8.4,-1.0,-1.0,-1.0,0.1696954270112696,1.0,2018-02-27,-1.0,1.0,48.5285,-122.3790
SITE_05290,WA,98908,11.8,-1.0,-1.0,-1.0,0.1759434595255491,0.0,2018-02-26,-1.0,-1.0,47.0159,-118.3762
SITE_05291,WA,98260,10.2,-1.0,-1.0,-1.0,0.17892555205988042,0.0,2018-02-23,-1.0,-1.0,46.7482,-121.1769
SITE_05292,WA,98662,4.2,-1.0,-1.0,-1.0,0.17892555205988042,0.0,2018-02-14,-1.0,-1.0,46.9373,-121.4139
SITE_05293,WA,98226,9.0,-1.0,-1.0,-1.0,0.17892555205988042,0.0,2018-02-09,-1.0,-1.0,47.6956,-121.4100
SITE_05294,WA,98908,11.505,-1.0,-1.0,-1.0,0.1759434595255491,0.0,2018-02-02,-1.0,-1.0,47.5209,-121.5527
SITE_05295,WA,98261,15.0,-1.0,-1.0,-1.0,0.17892555205988042,0.0,2018-02-01,-1.0,-1.0,48.3887,-122.2291
SITE_05296,WA,98250,7.125,-1.0,-1.0,-1.0,0.17592592592592593,0.0,2018-01-31,-1.0,-1.0,48.0082,-119.4869
SITE_05297,WA,99354,4.8,-1.0,-1.0,-1.0,0.17892555205988042,0.0,2018-01-25,-1.0,-1.0,47.8188,-122.1350
SITE_05298,WA,99353,4.8,-1.0,-1.0,-1.0,0.17892555205988042,0.0,2018-01-25,-1.0,-1.0,48.4754,-118.4471
SITE_05299,WA,98250,9.405,-1.0,-1.0,-1.0,0.17592592592592593,0.0,2018-01-24,-1.0,-1.0,46.8057,-122.3218
SITE_05300,WA,98443,10.08,-1.0,-1.0,-1.0,0.2207621937384483,0.0,2018-01-16,-1.0,-1.0,47.7808,-122.3205
SITE_05301,WA,98580,9.6,-1.0,-1.0,-1.0,0.1839080459770115,0.0,2018-01-16,-1.0,-1.0,48.4038,-118.2401
SITE_05302,WA,98363,1.77,-1.0,-1.0,-1.0,0.1759434595255491,0.0,2018-01-16,-1.0,-1.0,46.4365,-118.2499
SITE_05303,WA,98037,9.6,-1.0,-1.0,-1.0,0.17892555205988042,0.0,2018-01-10,-1.0,-1.0,47.4035,-120.0690
SITE_05304,WA,98155,6.867,-1.0,-1.0,-1.0,0.2005256593124239,0.0,2018-01-09,-1.0,-1.0,46.4870,-121.3743
SITE_05305,WA,98052,9.0,-1.0,-1.0,-1.0,0.17892555205988042,0.0,2017-12-29,-1.0,-1.0,47.7182,-120.8366
SITE_05306,WA,98908,5.04,-1.0,-1.0,-1.0,0.16699718192255505,0.0,2017-12-22,-1.0,-1.0,46.3695,-121.0801
SITE_05307,WA,98901,26.55,-1.0,-1.0,-1.0,0.1759434595255491,0.0,2017-12-20,-1.0,-1.0,47.8556,-120.4871
SITE_05308,WA,98342,8.04,-1.0,-1.0,-1.0,0.20543148583994497,0.0,2017-12-20,-1.0,-1.0,46.3831,-118.4191
SITE_05309,WA,98466,4.2,-1.0,-1.0,-1.0,0.18313766091695804,0.0,2017-12-19,-1.0,-1.0,47.3881,-120.0516
SITE_05310,WA,98226,9.6,-1.0,-1.0,-1.0,0.17892555205988042,0.0,2017-12-15,-1.0,-1.0,48.0379,-120.1193
SITE_05311,WA,98208,12.0,-1.0,-1.0,-1.0,0.17892555205988042,0.0,2017-12-14,-1.0,-1.0,47.7858,-119.2964
SITE_05312,WA,98249,9.6,-1.0,-1.0,-1.0,0.17892555205988042,0.0,2017-12-14,-1.0,-1.0,47.4069,-118.5562
SITE_05313,WA,98922,11.21,-1.0,-1.0,-1.0,0.1759434595255491,0.0,2017-12-13,-1.0,-1.0,47.4028,-118.5211
SITE_05314,WA,98499,8.85,-1.0,-1.0,-1.0,0.1759434595255491,0.0,2017-12-13,-1.0,-1.0,46.7626,-120.5747
SITE_05315,WA,99016,7.965,-1.0,-1.0,-1.0,0.1759434595255491,0.0,2017-12-13,-1.0,-1.0,47.8749,-122.1678
SITE_05316,WA,98070,9.6,-1.0,-1.0,-1.0,0.17892555205988042,0.0,2017-12-12,-1.0,-1.0,47.6597,-121.2668
SITE_05317,WA,98168,6.0,-1.0,-1.0,-1.0,0.17892555205988042,0.0,2017-12-12,-1.0,-1.0,47.3711,-118.3058
SITE_05318,WA,98368,8.99,-1.0,-1.0,-1.0,-1.0,0.0,2017-12-11,-1.0,-1.0,48.1196,-118.4839
SITE_05319,WA,98112,4.06,-1.0,-1.0,-1.0,-1.0,0.0,2017-12-11,-1.0,-1.0,48.5357,-118.8607
SITE_05320,WA,99021,9.6,-1.0,-1.0,-1.0,0.17892555205988042,0.0,2017-12-08,-1.0,-1.0,47.4705,-118.6233
SITE_05321,WA,98321,6.84,-1.0,-1.0,-1.0,0.17398077787111016,0.0,2017-12-01,-1.0,-1.0,47.7017,-118.4872
SITE_05322,WA,98368,3.685,-1.0,-1.0,-1.0,0.20543148583994497,0.0,2017-12-01,-1.0,-1.0,48.4756,-119.5945
SITE_05323,WA,98117,5.4,-1.0,-1.0,-1.0,0.18518518518518517,0.0,2017-11-29,-1.0,-1.0,46.7236,-118.9359
SITE_05324,WA,98116,4.425,-1.0,-1.0,-1.0,0.1759434595255491,0.0,2017-11-28,-1.0,-1.0,47.0658,-120.0212
SITE_05325,WA,98290,8.1,-1.0,-1.0,-1.0,0.17892555205988042,0.0,2017-11-27,-1.0,-1.0,47.0275,-118.7033
SITE_05326,WA,98273,9.9,-1.0,-1.0,-1.0,0.17892555205988042,0.0,2017-11-16,-1.0,-1.0,47.2386,-118.4917
SITE_05327,WA,98579,12.0,-1.0,-1.0,-1.0,0.17892555205988042,0.0,2017-11-08,-1.0,-1.0,46.9696,-121.7298
SITE_05328,WA,98177,8.52,-1.0,-1.0,-1.0,0.18148541981923028,0.0,2017-10-26,-1.0,-1.0,48.5647,-120.8451
SITE_05329,WA,98243,11.772,-1.0,-1.0,-1.0,0.2004904966278357,0.0,2017-10-24,-1.0,-1.0,46.4531,-122.4997
SITE_05330,WA,98012,6.9,-1.0,-1.0,-1.0,0.17892555205988042,0.0,2017-10-24,-1.0,-1.0,47.1441,-120.8067
SITE_05331,WA,98036,9.0,-1.0,-1.0,-1.0,0.17892555205988042,0.0,2017-10-20,-1.0,-1.0,47.2213,-118.2094
SITE_05332,WA,98661,8.12,-1.0,-1.0,-1.0,-1.0,0.0,2017-10-13,-1.0,-1.0,47.3640,-118.6442
SITE_05333,WA,98382,7.705,-1.0,-1.0,-1.0,0.20543148583994497,0.0,2017-10-13,-1.0,-1.0,48.5748,-120.1672
SITE_05334,WA,98277,16.5,-1.0,-1.0,-1.0,0.17892555205988042,0.0,2017-10-12,-1.0,-1.0,47.6448,-121.4583
SITE_05335,WA,98225,9.9,-1.0,-1.0,-1.0,0.17892555205988042,0.0,2017-10-12,-1.0,-1.0,46.6562,-119.4936
SITE_05336,WA,98108,6.3,-1.0,-1.0,-1.0,0.17892555205988042,0.0,2017-10-10,-1.0,-1.0,48.3277,-118.9796
SITE_05337,WA,98903,4.88,-1.0,-1.0,-1.0,0.18190764459421177,1.0,2017-10-05,-1.0,1.0,46.3388,-119.7709
SITE_05338,WA,98107,9.76,-1.0,-1.0,-1.0,0.18263473053892215,0.0,2017-10-04,-1.0,-1.0,46.3046,-120.3532
SITE_05339,WA,98105,2.32,-1.0,-1.0,-1.0,-1.0,0.0,2017-10-04,-1.0,-1.0,47.3793,-121.3022
SITE_05340,WA,98092,8.4,-1.0,-1.0,-1.0,0.17892555205988042,0.0,2017-10-03,-1.0,-1.0,47.9676,-121.6363
SITE_05341,WA,98368,9.715,-1.0,-1.0,-1.0,0.20543148583994497,0.0,2017-10-02,-1.0,-1.0,46.7223,-120.0604
SITE_05342,WA,98020,4.8,-1.0,-1.0,-1.0,0.17892555205988042,0.0,2017-09-27,-1.0,-1.0,48.3511,-121.9616
SITE_05343,WA,98407,9.0,-1.0,-1.0,-1.0,0.18313766091695804,0.0,2017-09-25,-1.0,-1.0,48.0041,-121.8936
SITE_05344,WA,98604,3.84,-1.0,-1.0,-1.0,0.19409184426070417,0.0,2017-09-25,-1.0,-1.0,47.8813,-119.9962
SITE_05345,WA,98105,4.8,-1.0,-1.0,-1.0,0.17892555205988042,0.0,2017-09-21,-1.0,-1.0,48.1880,-119.5169
SITE_05346,WA,98021,8.58,-1.0,-1.0,-1.0,0.20015721439385117,0.0,2017-09-13,-1.0,-1.0,47.4622,-122.4390
SITE_05347,WA,98036,9.9,-1.0,-1.0,-1.0,0.20015721439385117,0.0,2017-09-12,-1.0,-1.0,47.3227,-118.2453
SITE_05348,WA,98110,45.0,-1.0,-1.0,-1.0,0.18313766091695804,0.0,2017-09-08,-1.0,-1.0,46.7121,-121.9527
SITE_05349,WA,98115,6.0,-1.0,-1.0,-1.0,0.17892555205988042,0.0,2017-09-05,-1.0,-1.0,46.2822,-119.8041
SITE_05350,WA,98112,8.28,-1.0,-1.0,-1.0,0.2207621937384483,0.0,2017-08-31,-1.0,-1.0,46.3361,-122.1965
SITE_05351,WA,98366,6.3,-1.0,-1.0,-1.0,0.17892555205988042,0.0,2017-08-30,-1.0,-1.0,47.4656,-121.3684
SITE_05352,WA,98042,6.96,-1.0,-1.0,-1.0,0.17296136699121775,0.0,2017-08-28,-1.0,-1.0,47.7218,-121.8425
SITE_05353,WA,98513,5.9,-1.0,-1.0,-1.0,0.1759434595255491,0.0,2017-08-24,-1.0,-1.0,47.9550,-120.8423
SITE_05354,WA,98368,9.715,-1.0,-1.0,-1.0,0.20543148583994497,0.0,2017-08-15,-1.0,-1.0,47.6962,-119.0793
SITE_05355,WA,98117,8.25,-1.0,-1.0,-1.0,0.20015721439385117,0.0,2017-08-14,-1.0,-1.0,46.4373,-121.5469
SITE_05356,WA,98019,8.265,-1.0,-1.0,-1.0,-1.0,0.0,2017-08-11,-1.0,-1.0,46.2505,-121.9266
SITE_05357,WA,98092,7.7,-1.0,-1.0,-1.0,0.16965003972895476,0.0,2017-08-03,-1.0,-1.0,48.2754,-120.5428
SITE_05358,WA,98037,3.27,-1.0,-1.0,-1.0,0.2004904966278357,0.0,2017-07-31,-1.0,-1.0,47.7545,-121.3415
SITE_05359,WA,98275,8.7,-1.0,-1.0,-1.0,0.17296136699121775,0.0,2017-07-25,-1.0,-1.0,46.5226,-120.1133
SITE_05360,WA,99201,2.4,-1.0,-1.0,-1.0,0.18313766091695804,0.0,2017-07-24,-1.0,-1.0,47.5139,-119.3393
SITE_05361,WA,99126,4.56,-1.0,-1.0,-1.0,0.1699792744568864,0.0,2017-07-20,-1.0,-1.0,46.2280,-120.1321
SITE_05362,WA,98296,8.4,-1.0,-1.0,-1.0,0.17892555205988042,0.0,2017-07-10,-1.0,-1.0,47.4841,-119.6129
SITE_05363,WA,98661,11.48,-1.0,-1.0,-1.0,0.16766467065868265,0.0,2017-06-26,-1.0,-1.0,47.9475,-121.8661
SITE_05364,WA,99362,8.26,-1.0,-1.0,-1.0,0.1800853665683421,0.0,2017-04-13,-1.0,-1.0,48.5949,-119.2954
SITE_05365,WA,98908,6.96,-1.0,-1.0,-1.0,0.17296136699121775,0.0,2017-04-13,-1.0,-1.0,47.0340,-121.6067
SITE_05366,WA,98422,9.0,-1.0,-1.0,-1.0,0.17892555205988042,0.0,2017-04-11,-1.0,-1.0,48.1114,-120.4817
SITE_05367,WA,99223,4.48,-1.0,-1.0,-1.0,0.16699718192255505,0.0,2017-02-06,-1.0,-1.0,47.3372,-118.5063
SITE_05368,WA,98644,11.31,-1.0,-1.0,-1.0,0.17296136699121775,0.0,2016-04-08,-1.0,-1.0,46.9835,-122.2302
SITE_05369,WA,98029,5.28,-1.0,-1.0,-1.0,0.14909240001490923,0.0,2011-08-11,-1.0,-1.0,47.2521,-118.7214
SITE_05370,DC,20032,3.9,160.0,30.0,-1.0,-1.0,-1.0,2019-11-01,1.0,-1.0,38.9202,-77.0188
SITE_05371,DC,20011,4.8,260.0,5.0,-1.0,-1.0,-1.0,2019-09-26,0.0,-1.0,38.9053,-77.0216
SITE_05372,DC,20009,70.2,178.0,15.0,-1.0,-1.0,-1.0,2019-09-23,0.0,-1.0,38.8896,-77.0565
SITE_05373,DC,20011,7.15,180.0,21.0,-1.0,-1.0,-1.0,2019-09-06,1.0,-1.0,38.8898,-77.0177
SITE_05374,DC,20008,15.925000000000002,180.0,21.0,-1.0,-1.0,-1.0,2019-09-02,0.0,-1.0,38.8919,-77.0057
SITE_05375,DC,20017,4.225,177.0,16.0,-1.0,-1.0,-1.0,2019-07-15,0.0,-1.0,38.8877,-77.0491
SITE_05376,DC,20011,7.15,180.0,22.0,-1.0,-1.0,-1.0,2019-06-24,1.0,-1.0,38.9163,-77.0450
SITE_05377,DC,20011,10.4,179.0,18.0,-1.0,-1.0,-1.0,2019-06-20,1.0,-1.0,38.9165,-77.0391
SITE_05378,DC,20001,3.6,180.0,5.0,-1.0,-1.0,-1.0,2019-06-05,0.0,-1.0,38.9112,-77.0185
SITE_05379,DC,20020,6.825,180.0,17.0,-1.0,-1.0,-1.0,2019-04-12,1.0,-1.0,38.8944,-77.0462
SITE_05380,DC,20002,4.5,0.0,7.0,-1.0,-1.0,-1.0,2019-03-29,1.0,-1.0,38.9267,-77.0399
SITE_05381,DC,20018,3.85,180.0,45.0,-1.0,-1.0,-1.0,2019-03-20,0.0,-1.0,38.9091,-77.0570
SITE_05382,DC,20002,7.705,180.0,5.0,-1.0,-1.0,-1.0,2019-02-26,0.0,-1.0,38.9118,-77.0394
SITE_05383,DC,20017,3.9,93.0,19.0,-1.0,-1.0,-1.0,2019-01-20,1.0,-1.0,38.9098,-77.0165
SITE_05384,DC,20017,3.575,163.0,26.57,-1.0,-1.0,-1.0,2019-01-02,1.0,-1.0,38.9137,-77.0479
SITE_05385,DC,20003,103.49,180.0,5.0,-1.0,-1.0,-1.0,2018-12-21,1.0,-1.0,38.8842,-77.0316
SITE_05386,DC,20019,12.35,180.0,17.0,-1.0,-1.0,-1.0,2018-11-29,0.0,-1.0,38.8974,-77.0493
SITE_05387,DC,20002,68.4,180.0,10.0,-1.0,-1.0,-1.0,2018-11-18,1.0,-1.0,38.8787,-77.0522
SITE_05388,DC,20001,5.175,80.0,4.0,-1.0,-1.0,-1.0,2018-10-30,0.0,-1.0,38.9243,-77.0276
SITE_05389,DC,20019,6.825,180.0,20.0,-1.0,-1.0,-1.0,2018-10-06,0.0,-1.0,38.9004,-77.0100
SITE_05390,DC,20019,52.93,180.0,27.0,-1.0,-1.0,-1.0,2018-09-28,1.0,-1.0,38.9106,-77.0123
SITE_05391,DC,20017,6.3,180.0,26.0,-1.0,-1.0,-1.0,2018-09-20,0.0,-1.0,38.8906,-77.0539
SITE_05392,DC,20011,3.675,51.0,5.0,-1.0,-1.0,-1.0,2018-07-18,1.0,-1.0,38.9132,-77.0349
SITE_05393,DC,20012,4.88,180.0,20.0,-1.0,-1.0,-1.0,2018-03-08,0.0,-1.0,38.8791,-77.0316
SITE_05394,DC,20010,6.51,153.0,20.0,-1.0,-1.0,-1.0,2018-01-08,0.0,-1.0,38.8838,-77.0544
SITE_05395,DC,20009,23.46,180.0,10.0,-1.0,-1.0,-1.0,2017-10-12,0.0,-1.0,38.8902,-77.0549
SITE_05396,DC,20003,6.1000000000000005,180.0,20.0,-1.0,-1.0,-1.0,2017-10-10,1.0,-1.0,-9999,-9999
SITE_05397,DC,20010,8.1,180.0,10.0,-1.0,-1.0,-1.0,2017-10-05,0.0,-1.0,38.8895,-77.0501
SITE_05398,DC,20015,6.36,180.0,20.0,-1.0,-1.0,-1.0,2017-08-21,0.0,-1.0,38.8968,-77.0488
SITE_05399,DC,20015,6.0,133.0,40.0,-1.0,-1.0,-1.0,2017-06-21,0.0,-1.0,38.8904,-77.0426
SITE_05400,DC,20019,6.44,90.0,19.0,-1.0,-1.0,-1.0,2017-06-14,1.0,-1.0,38.9231,-77.0096
SITE_05401,DC,20003,4.485,160.0,18.0,-1.0,-1.0,-1.0,2017-06-14,0.0,-1.0,38.8771,-77.0251
SITE_05402,DC,20003,6.54,270.0,5.0,-1.0,-1.0,-1.0,2017-05-18,0.0,-1.0,38.9260,-77.0004
SITE_05403,DC,20019,6.890000000000001,180.0,26.0,-1.0,-1.0,-1.0,2017-03-22,0.0,-1.0,38.9064,-77.0112
SITE_05404,DC,20009,8.19,100.0,5.0,-1.0,-1.0,-1.0,2016-12-28,0.0,-1.0,38.9027,-77.0213
SITE_05405,DC,20003,4.32,145.0,5.0,-1.0,-1.0,-1.0,2016-10-07,0.0,-1.0,38.9017,-77.0193
SITE_05406,DC,20019,5.720000000000001,90.0,25.0,-1.0,-1.0,-1.0,2016-08-17,1.0,-1.0,38.9019,-77.0123
SITE_05407,DC,20024,315.37,180.0,5.0,-1.0,-1.0,-1.0,2016-08-08,0.0,-1.0,38.8969,-77.0597
SITE_05408,DC,20019,289.96,200.0,25.0,-1.0,-1.0,-1.0,2016-07-29,1.0,-1.0,38.9062,-77.0426
SITE_05409,DC,20002,4.68,180.0,30.0,-1.0,-1.0,-1.0,2016-07-05,0.0,-1.0,38.8920,-77.0088
SITE_05410,DC,20015,30.16,155.0,10.0,-1.0,-1.0,-1.0,2016-05-26,0.0,-1.0,38.9177,-77.0498
SITE_05411,DC,20009,28.049999999999997,180.0,30.0,-1.0,-1.0,-1.0,2016-04-05,0.0,-1.0,38.9093,-77.0279
SITE_05412,DC,20009,51.48,90.0,18.0,-1.0,-1.0,-1.0,2016-02-25,0.0,-1.0,38.9103,-77.0002
SITE_05413,DC,20020,4.159999999999999,359.0,28.0,-1.0,-1.0,-1.0,2016-02-22,1.0,-1.0,38.9094,-77.0197
SITE_05414,DC,20016,3.27,180.0,20.0,-1.0,-1.0,-1.0,2015-11-18,0.0,-1.0,38.9170,-77.0393
SITE_05415,DC,20016,3.9240000000000004,180.0,25.0,-1.0,-1.0,-1.0,2015-10-27,0.0,-1.0,38.9225,-77.0390
SITE_05416,DC,20019,2.915,265.0,17.0,-1.0,-1.0,-1.0,2015-10-08,1.0,-1.0,38.9219,-77.0133
SITE_05417,DC,20019,4.08,180.0,25.0,-1.0,-1.0,-1.0,2015-09-16,0.0,-1.0,38.8720,-77.0108
SITE_05418,DC,20032,4.0,180.0,25.0,-1.0,-1.0,-1.0,2015-06-17,0.0,-1.0,38.9239,-77.0099
SITE_05419,DC,20002,5.2,180.0,25.0,-1.0,-1.0,-1.0,2015-05-13,0.0,-1.0,38.9048,-77.0553
SITE_05420,DC,20018,5.98,180.0,25.0,-1.0,-1.0,-1.0,2015-05-12,0.0,-1.0,38.9299,-77.0125
SITE_05421,DC,20019,4.0,180.0,25.0,-1.0,-1.0,-1.0,2015-04-21,0.0,-1.0,38.8995,-77.0382
SITE_05422,DC,20019,2.2950000000000004,138.0,25.0,-1.0,-1.0,-1.0,2015-03-06,1.0,-1.0,38.8808,-77.0058
SITE_05423,DC,20012,8.67,45.0,15.0,-1.0,-1.0,-1.0,2015-02-27,1.0,-1.0,38.8715,-77.0504
SITE_05424,DC,20002,5.231999999999999,180.0,20.0,-1.0,-1.0,-1.0,2015-02-14,0.0,-1.0,38.9241,-77.0194
SITE_05425,DC,20002,5.2,180.0,25.0,-1.0,-1.0,-1.0,2015-01-10,0.0,-1.0,38.8863,-77.0106
SITE_05426,DC,20007,2.5,180.0,15.0,-1.0,-1.0,-1.0,2014-04-03,0.0,-1.0,38.8936,-77.0020
SITE_05427,DC,20009,8.835,180.0,30.0,-1.0,-1.0,-1.0,2014-01-16,0.0,-1.0,38.9125,-77.0539
SITE_05428,DC,20009,1.96,183.0,13.0,-1.0,-1.0,-1.0,2013-11-08,1.0,-1.0,38.8712,-77.0500
SITE_05429,DC,20001,9.5,180.0,20.0,-1.0,-1.0,-1.0,2013-10-02,0.0,-1.0,38.9038,-77.0442
SITE_05430,DC,20010,3.6,173.0,8.0,-1.0,-1.0,-1.0,2013-06-05,1.0,-1.0,38.9286,-77.0569
SITE_05431,DC,20008,5.125,270.0,10.0,-1.0,-1.0,-1.0,2013-05-30,0.0,-1.0,38.8967,-77.0371
SITE_05432,DC,20009,3.0,180.0,25.0,-1.0,-1.0,-1.0,2013-03-08,0.0,-1.0,38.8886,-77.0186
SITE_05433,DC,20010,8.085,180.0,25.0,-1.0,-1.0,-1.0,2013-01-20,0.0,-1.0,38.9080,-77.0200
SITE_05434,DC,20020,5.760000000000001,270.0,30.0,-1.0,-1.0,-1.0,2012-12-18,1.0,-1.0,38.8762,-77.0070
SITE_05435,DC,20020,4.14,180.0,25.0,-1.0,-1.0,-1.0,2012-10-19,0.0,-1.0,38.9166,-77.0355
SITE_05436,DC,20020,3.995,180.0,20.0,-1.0,-1.0,-1.0,2012-09-26,0.0,-1.0,38.8995,-77.0260
SITE_05437,DC,20007,5.5,180.0,30.0,-1.0,-1.0,-1.0,2012-08-01,0.0,-1.0,38.8943,-77.0505
SITE_05438,DC,20010,3.525,190.0,5.0,-1.0,-1.0,-1.0,2012-05-10,0.0,-1.0,38.8818,-77.0567
SITE_05439,DC,20017,35.765,180.0,15.0,-1.0,-1.0,-1.0,2011-12-07,0.0,-1.0,38.9098,-77.0274
SITE_05440,DC,20016,4.14,185.0,15.0,-1.0,-1.0,-1.0,2011-06-24,0.0,-1.0,38.8783,-77.0375
SITE_05441,DC,20016,4.14,179.3,10.0,-1.0,-1.0,-1.0,2011-02-04,0.0,-1.0,38.8754,-77.0207
SITE_05442,DC,20002,6.8999999999999995,180.0,25.0,-1.0,-1.0,-1.0,2010-12-01,0.0,-1.0,38.9225,-77.0055
SITE_05443,DC,20015,11.285,135.0,2.0,-1.0,-1.0,-1.0,2010-11-30,0.0,-1.0,38.9277,-77.0236
SITE_05444,DC,20003,4.5,180.0,25.0,-1.0,-1.0,-1.0,2010-09-13,0.0,-1.0,38.9161,-77.0012
SITE_05445,DC,20003,4.37,180.0,25.0,-1.0,-1.0,-1.0,2010-07-30,0.0,-1.0,38.8978,-77.0472
SITE_05446,DC,20064,122.0,-1.0,-1.0,-1.0,-1.0,-1.0,2009-12-28,1.0,-1.0,38.9141,-77.0134
SITE_05447,DC,20003,3.78,-1.0,-1.0,-1.0,-1.0,-1.0,2009-09-04,0.0,-1.0,38.8972,-77.0120
SITE_05448,DC,20011,4.42,180.0,25.0,13.0,-1.0,-1.0,2020-06-02,1.0,-1.0,38.8950,-77.0274
SITE_05449,DC,20011,5.1000000000000005,180.0,25.0,15.0,-1.0,-1.0,2020-06-02,1.0,-1.0,38.8888,-77.0190
SITE_05450,DC,20019,14.805,180.0,30.0,47.0,-1.0,-1.0,2020-06-01,1.0,-1.0,38.8810,-77.0532
SITE_05451,DC,20011,4.590000000000001,211.0,25.0,18.0,-1.0,-1.0,2016-03-03,0.0,-1.0,38.8990,-77.0537
SITE_05452,DC,20032,7.680000000000001,180.0,18.0,24.0,0.19631901840490798,-1.0,2020-06-03,1.0,-1.0,38.8979,-77.0112
SITE_05453,DC,20015,7.26,180.0,25.0,22.0,0.20245398773006135,-1.0,2020-06-23,0.0,-1.0,38.8927,-77.0279
SITE_05454,DC,20912,12.71,10.0,33.0,41.0,-1.0,-1.0,2020-03-06,0.0,-1.0,38.8890,-77.0168
SITE_05455,DC,20816,9.6,267.0,27.0,19.0,-1.0,-1.0,2020-05-26,0.0,-1.0,38.9162,-77.0362
SITE_05456,DC,20001,15.84,180.0,25.0,48.0,0.20245398773006135,-1.0,2020-07-21,0.0,-1.0,38.9015,-77.0019
SITE_05457,DC,20016,7.56,271.0,23.0,12.0,0.19444444444444442,-1.0,2019-11-29,0.0,-1.0,38.9199,-77.0223
SITE_05458,DC,20019,5.760000000000001,204.0,24.0,9.0,-1.0,-1.0,2023-12-11,1.0,-1.0,-9999,-9999
SITE_05459,DC,20032,5.819999999999999,135.0,30.0,8.0,0.21846846846846846,-1.0,2023-09-12,1.0,-1.0,38.8886,-77.0380
SITE_05460,DC,20012,15.17,197.0,39.0,12.0,0.20918367346938777,-1.0,2023-08-08,1.0,-1.0,38.9193,-77.0439
SITE_05461,DC,20002,8.55,180.0,12.0,19.0,0.20179372197309417,-1.0,2023-03-01,1.0,-1.0,38.9030,-77.0558
SITE_05462,DC,20019,12.014999999999999,248.0,23.0,5.0,0.20227272727272724,-1.0,2023-11-22,1.0,-1.0,38.8712,-77.0071
SITE_05463,DC,20032,7.2,136.0,2.0,15.0,0.2162162162162162,-1.0,2023-09-22,1.0,-1.0,38.8970,-77.0194
SITE_05464,DC,20745,6.84,39.0,20.0,8.0,0.2054054054054054,-1.0,2023-10-13,0.0,-1.0,38.8826,-77.0458
SITE_05465,DC,20019,5.8500000000000005,180.0,25.0,18.0,0.1986552567237164,-1.0,2020-08-14,1.0,-1.0,38.8914,-77.0313
SITE_05466,DC,20032,12.024999999999999,180.0,30.0,37.0,-1.0,-1.0,2020-08-11,1.0,-1.0,38.8918,-77.0404
SITE_05467,DC,20016,7.82,180.0,30.0,23.0,0.17435897435897438,-1.0,2020-01-24,1.0,-1.0,38.8911,-77.0318
SITE_05468,DC,20019,5.12,180.0,35.0,16.0,-1.0,-1.0,2020-08-27,1.0,-1.0,38.8848,-77.0517
SITE_05469,DC,20017,4.9399999999999995,180.0,30.0,13.0,-1.0,-1.0,2020-09-01,1.0,-1.0,38.9046,-77.0054
SITE_05470,DC,20011,4.8,180.0,30.0,15.0,0.1640783309952171,-1.0,2020-08-06,0.0,-1.0,38.9218,-77.0279
SITE_05471,DC,20011,5.7,180.0,30.0,15.0,-1.0,-1.0,2020-09-21,1.0,-1.0,38.9066,-77.0243
SITE_05472,DC,20016,4.725,90.0,23.0,5.0,0.19444444444444442,-1.0,2020-09-24,0.0,-1.0,38.9267,-77.0033
SITE_05473,DC,20009,4.930000000000001,180.0,0.0,17.0,0.17901234567901234,-1.0,2019-02-27,0.0,-1.0,38.9272,-77.0515
SITE_05474,DC,20032,4.9399999999999995,332.0,26.75,13.0,-1.0,-1.0,2020-10-08,1.0,-1.0,38.8972,-77.0517
SITE_05475,DC,20018,4.455,131.0,5.0,11.0,0.20129224652087477,-1.0,2020-10-11,1.0,-1.0,38.8865,-77.0576
SITE_05476,DC,20011,16.0,0.0,1.0,34.0,-1.0,-1.0,2023-12-27,0.0,-1.0,38.8874,-77.0100
SITE_05477,DC,20018,4.0,180.0,3.0,8.0,-1.0,-1.0,2023-11-10,0.0,-1.0,38.9174,-77.0509
SITE_05478,DC,20015,10.8,270.0,30.0,8.0,0.20572916666666669,-1.0,2023-03-13,0.0,-1.0,38.8803,-77.0387
SITE_05479,DC,20912,13.6,260.0,17.0,3.0,-1.0,-1.0,2023-12-01,1.0,-1.0,38.8821,-77.0490
SITE_05480,DC,20018,7.119999999999999,218.0,29.0,6.0,0.20227272727272724,-1.0,2023-10-26,0.0,-1.0,38.9009,-77.0419
SITE_05481,DC,20002,6.074999999999999,0.0,0.0,15.0,0.211340206185567,-1.0,2023-09-21,1.0,-1.0,38.9281,-77.0017
SITE_05482,DC,20032,7.15,180.0,30.0,22.0,-1.0,-1.0,2020-10-05,1.0,-1.0,38.9267,-77.0462
SITE_05483,DC,20003,6.0,195.0,12.0,16.0,0.19329896907216496,-1.0,2020-06-23,0.0,-1.0,38.8766,-77.0330
SITE_05484,DC,20003,11.549999999999999,180.0,25.0,35.0,0.20245398773006135,-1.0,2020-10-06,0.0,-1.0,38.9142,-77.0511
SITE_05485,DC,20018,248.745,140.0,5.0,241.0,0.2115637689993463,-1.0,2020-10-27,1.0,-1.0,38.9117,-77.0260
SITE_05486,DC,20007,30.96,268.0,5.0,86.0,0.2151462994836489,-1.0,2020-05-05,0.0,-1.0,38.9231,-77.0076
SITE_05487,DC,20019,4.2,13.0,19.0,15.0,0.1712538226299694,-1.0,2020-09-30,1.0,-1.0,38.8861,-77.0392
SITE_05488,DC,20019,5.8500000000000005,180.0,20.0,18.0,-1.0,-1.0,2020-11-04,1.0,-1.0,38.9141,-77.0415
SITE_05489,DC,20002,11.375,0.0,0.0,25.0,-1.0,-1.0,2024-01-22,1.0,-1.0,38.8724,-77.0333
SITE_05490,DC,20008,8.58,184.0,30.0,18.0,0.203125,-1.0,2024-03-12,0.0,-1.0,38.9233,-77.0221
SITE_05491,DC,20011,7.119999999999999,71.0,17.0,16.0,0.20227272727272724,-1.0,2023-07-25,1.0,-1.0,38.9230,-77.0539
SITE_05492,DC,20020,6.720000000000001,1.0,30.0,6.0,0.2162162162162162,-1.0,2023-12-15,1.0,-1.0,38.8941,-77.0407
SITE_05493,DC,20019,9.2,355.0,0.0,23.0,-1.0,-1.0,2023-12-21,1.0,-1.0,38.9245,-77.0315
SITE_05494,DC,20743,6.720000000000001,200.0,28.0,12.0,0.22340425531914895,-1.0,2024-03-04,0.0,-1.0,38.9287,-77.0251
SITE_05495,DC,20011,12.905,180.0,7.0,29.0,-1.0,-1.0,2024-04-04,1.0,-1.0,38.8740,-77.0216
SITE_05496,DC,20912,10.22,270.0,14.0,12.0,0.21084337349397592,-1.0,2023-01-23,0.0,-1.0,38.9146,-77.0057
SITE_05497,DC,20017,7.6,180.0,5.0,19.0,-1.0,-1.0,2024-02-12,1.0,-1.0,38.9291,-77.0455
SITE_05498,DC,20002,9.6,336.0,0.0,1.0,-1.0,-1.0,2024-02-12,1.0,-1.0,38.8814,-77.0544
SITE_05499,DC,20001,4.45,260.0,5.0,10.0,0.20227272727272724,-1.0,2022-08-10,1.0,-1.0,38.9188,-77.0123
SITE_05500,DC,20018,11.455,176.0,7.0,10.0,-1.0,-1.0,2023-11-22,1.0,-1.0,38.9162,-77.0291
SITE_05501,DC,20001,10.4,180.0,5.0,26.0,0.2061855670103093,-1.0,2024-02-15,1.0,-1.0,38.9241,-77.0394
SITE_05502,DC,20002,9.24,180.0,25.0,28.0,0.20245398773006135,-1.0,2020-11-10,0.0,-1.0,38.8778,-77.0409
SITE_05503,DC,20011,7.029999999999999,172.0,3.0,19.0,0.22112258558041692,-1.0,2020-11-24,0.0,-1.0,38.8779,-77.0218
SITE_05504,DC,20032,263.72,180.0,5.0,694.0,0.19387755102040816,-1.0,2020-12-03,1.0,-1.0,38.8954,-77.0462
SITE_05505,DC,20001,8.0,173.0,0.0,20.0,0.20376974019358124,-1.0,2020-12-01,0.0,-1.0,38.9158,-77.0579
SITE_05506,DC,20011,4.4799999999999995,178.0,5.0,14.0,0.1640783309952171,-1.0,2020-12-12,0.0,-1.0,38.8807,-77.0450
SITE_05507,DC,20019,7.680000000000001,180.0,30.0,24.0,-1.0,-1.0,2020-12-17,1.0,-1.0,38.9038,-77.0229
SITE_05508,DC,20743,11.700000000000001,135.0,20.0,36.0,0.19444444444444442,-1.0,2020-12-14,0.0,-1.0,38.9190,-77.0022
SITE_05509,DC,20783,45.0,226.0,5.0,125.0,0.2207621937384483,-1.0,2020-12-23,1.0,-1.0,38.8910,-77.0344
SITE_05510,DC,20002,11.6,90.0,9.0,29.0,0.2128205128205128,-1.0,2024-04-09,0.0,-1.0,38.9115,-77.0251
SITE_05511,DC,20018,12.0,90.0,15.0,12.0,-1.0,-1.0,2023-10-16,1.0,-1.0,38.8860,-77.0388
SITE_05512,DC,20020,7.680000000000001,271.0,7.0,16.0,0.2162162162162162,-1.0,2024-02-02,1.0,-1.0,38.8991,-77.0395
SITE_05513,DC,20912,6.204999999999999,211.0,23.0,10.0,-1.0,-1.0,2024-01-25,0.0,-1.0,38.8994,-77.0491
SITE_05514,DC,20002,5.67,208.0,2.0,14.0,0.20572916666666669,-1.0,2023-02-02,0.0,-1.0,38.9022,-77.0260
SITE_05515,DC,20020,7.8,180.0,30.0,24.0,-1.0,-1.0,2020-12-07,1.0,-1.0,38.9263,-77.0395
SITE_05516,DC,20002,6.289999999999999,180.0,3.0,17.0,0.21893491124260356,-1.0,2020-05-31,0.0,-1.0,38.9259,-77.0426
SITE_05517,DC,20018,4.875,194.0,20.0,15.0,-1.0,-1.0,2020-12-29,0.0,-1.0,38.9081,-77.0450
SITE_05518,DC,20010,6.119999999999999,180.0,30.0,18.0,0.17435897435897438,-1.0,2020-11-10,1.0,-1.0,38.9264,-77.0227
SITE_05519,DC,20019,4.455,181.0,5.0,11.0,0.2039365289096395,-1.0,2021-01-25,1.0,-1.0,38.9157,-77.0578
SITE_05520,DC,20011,4.9399999999999995,265.0,15.0,13.0,-1.0,-1.0,2020-12-26,0.0,-1.0,38.9120,-77.0135
SITE_05521,DC,20019,20.0,187.0,14.0,26.0,0.20512820512820515,-1.0,2024-06-04,0.0,-1.0,38.8968,-77.0432
SITE_05522,DC,20743,17.6,225.0,20.0,21.0,-1.0,-1.0,2024-05-16,1.0,-1.0,38.9127,-77.0452
SITE_05523,DC,20019,15.6,90.0,3.0,19.0,-1.0,-1.0,2023-12-08,1.0,-1.0,38.9007,-77.0385
SITE_05524,DC,20002,5.44,110.0,15.0,16.0,-1.0,-1.0,2019-12-28,0.0,-1.0,38.9179,-77.0499
SITE_05525,DC,20002,7.475,180.0,5.0,23.0,0.203125,-1.0,2020-02-03,0.0,-1.0,38.9288,-77.0377
SITE_05526,DC,20003,7.56,180.0,5.0,24.0,0.1932515337423313,-1.0,2019-12-12,0.0,-1.0,38.9157,-77.0505
SITE_05527,DC,20019,8.19,99.0,25.0,10.0,0.1932515337423313,-1.0,2019-08-31,0.0,-1.0,38.9088,-77.0508
SITE_05528,DC,20002,5.58,180.0,15.0,18.0,0.1901840490797546,-1.0,2019-06-04,0.0,-1.0,38.9198,-77.0105
SITE_05529,DC,20002,8.25,180.0,8.0,25.0,0.20245398773006135,-1.0,2020-06-08,0.0,-1.0,38.9104,-77.0465
SITE_05530,DC,20016,6.825,144.0,20.0,9.0,0.203125,-1.0,2020-05-26,0.0,-1.0,38.9160,-77.0229
SITE_05531,DC,20743,18.360000000000003,163.0,21.0,51.0,0.20338983050847456,-1.0,2021-04-09,1.0,-1.0,38.9056,-77.0225
SITE_05532,DC,20019,5.525,271.0,2.0,17.0,-1.0,-1.0,2021-03-25,1.0,-1.0,38.9234,-77.0324
SITE_05533,DC,20011,4.859999999999999,309.0,0.0,4.0,0.2039365289096395,-1.0,2021-03-01,1.0,-1.0,38.8862,-77.0311
SITE_05534,DC,20743,13.6,23.0,8.0,13.0,-1.0,-1.0,2024-04-22,1.0,-1.0,38.8894,-77.0526
SITE_05535,DC,20001,14.4,180.0,6.0,12.0,-1.0,-1.0,2024-03-21,1.0,-1.0,38.9005,-77.0531
SITE_05536,DC,20019,16.400000000000002,90.0,25.0,7.0,-1.0,-1.0,2024-04-25,1.0,-1.0,38.9014,-77.0405
SITE_05537,DC,20011,5.6,177.0,10.0,14.0,-1.0,-1.0,2023-09-08,0.0,-1.0,38.9054,-77.0487
SITE_05538,DC,20019,11.07,209.0,37.0,17.0,0.21243523316062177,-1.0,2024-01-12,1.0,-1.0,38.9140,-77.0435
SITE_05539,DC,20017,9.6,270.0,10.0,24.0,-1.0,-1.0,2024-01-12,1.0,-1.0,38.9135,-77.0381
SITE_05540,DC,20019,7.0,26.0,20.0,20.0,0.19337016574585636,-1.0,2022-04-11,1.0,-1.0,38.8799,-77.0462
SITE_05541,DC,20019,7.4,185.0,17.0,15.0,0.21893491124260356,-1.0,2021-05-12,0.0,-1.0,38.9183,-77.0564
SITE_05542,DC,20012,34.92,208.0,10.0,48.0,0.2207621937384483,-1.0,2021-04-15,0.0,-1.0,38.9060,-77.0448
SITE_05543,DC,20002,3.7,210.0,4.0,10.0,-1.0,-1.0,2020-11-13,0.0,-1.0,38.8757,-77.0043
SITE_05544,DC,20020,7.2,270.0,21.0,6.0,0.2061855670103093,-1.0,2024-08-02,1.0,-1.0,38.9238,-77.0367
SITE_05545,DC,20012,7.6499999999999995,0.0,5.0,8.0,0.22368421052631582,-1.0,2024-09-09,0.0,-1.0,38.8816,-77.0408
SITE_05546,DC,20019,6.4,106.0,3.0,16.0,-1.0,-1.0,2024-01-26,1.0,-1.0,38.9134,-77.0318
SITE_05547,DC,20745,26.73,320.0,22.0,40.0,0.20121951219512196,-1.0,2024-03-21,0.0,-1.0,38.8788,-77.0405
SITE_05548,DC,20743,14.0,20.0,23.0,12.0,-1.0,-1.0,2024-08-29,1.0,-1.0,38.9056,-77.0140
SITE_05549,DC,20011,9.6,88.0,0.0,24.0,-1.0,-1.0,2023-12-04,1.0,-1.0,38.8715,-77.0033
SITE_05550,DC,20020,6.0,89.0,4.0,15.0,0.2061855670103093,-1.0,2024-07-26,1.0,-1.0,38.8921,-77.0403
SITE_05551,DC,20008,6.46,180.0,8.0,17.0,-1.0,-1.0,2021-05-20,1.0,-1.0,38.9139,-77.0317
SITE_05552,DC,20002,8.28,180.0,3.0,17.0,0.19889502762430938,-1.0,2021-07-23,0.0,-1.0,38.8807,-77.0409
SITE_05553,DC,20001,4.56,260.0,5.0,12.0,-1.0,-1.0,2021-05-27,0.0,-1.0,38.8854,-77.0288
SITE_05554,DC,20019,7.92,180.0,4.0,24.0,0.1987951807228916,-1.0,2021-07-28,0.0,-1.0,38.8876,-77.0197
SITE_05555,DC,20002,9.57,270.0,3.0,29.0,0.17007223431624777,-1.0,2021-09-07,0.0,-1.0,38.8951,-77.0558
SITE_05556,DC,20019,5.6,180.0,18.0,14.0,0.20833333333333334,-1.0,2024-10-16,1.0,-1.0,38.9275,-77.0556
SITE_05557,DC,20019,9.24,10.0,3.0,14.0,0.21649484536082475,-1.0,2024-10-03,1.0,-1.0,38.9206,-77.0264
SITE_05558,DC,20012,4.4,180.0,10.0,11.0,-1.0,-1.0,2023-10-09,0.0,-1.0,38.9128,-77.0285
SITE_05559,DC,20009,5.2,180.0,4.0,13.0,0.20833333333333334,-1.0,2024-10-12,0.0,-1.0,38.8990,-77.0143
SITE_05560,DC,20016,19.355,190.0,34.0,14.0,-1.0,-1.0,2024-06-24,0.0,-1.0,38.8751,-77.0069
SITE_05561,DC,20019,9.2,134.0,18.0,12.0,0.20833333333333334,-1.0,2024-11-11,1.0,-1.0,38.8794,-77.0481
SITE_05562,DC,20019,5.6,234.0,12.0,14.0,0.20833333333333334,-1.0,2024-08-29,1.0,-1.0,38.9298,-77.0208
SITE_05563,DC,20016,9.315,90.0,32.0,8.0,0.2076923076923077,-1.0,2024-11-07,0.0,-1.0,38.8917,-77.0321
SITE_05564,DC,20020,6.4,271.0,1.0,16.0,-1.0,-1.0,2024-09-24,1.0,-1.0,38.8962,-77.0483
SITE_05565,DC,20011,4.92,335.0,3.0,12.0,0.211340206185567,-1.0,2024-10-17,1.0,-1.0,38.8738,-77.0556
SITE_05566,DC,20019,6.15,185.0,4.0,15.0,0.211340206185567,-1.0,2024-10-17,1.0,-1.0,38.9174,-77.0478
SITE_05567,DC,20815,5.95,170.0,25.0,10.0,0.1977401129943503,-1.0,2021-08-02,0.0,-1.0,38.9075,-77.0078
SITE_05568,DC,20816,18.360000000000003,235.0,0.0,12.0,0.19653179190751444,-1.0,2021-09-15,0.0,-1.0,38.9065,-77.0582
SITE_05569,DC,20002,8.1,180.0,5.0,27.0,-1.0,-1.0,2021-08-13,1.0,-1.0,38.8886,-77.0465
SITE_05570,DC,20019,14.175,179.0,18.0,25.0,0.19577377252952144,-1.0,2020-12-01,0.0,-1.0,38.9137,-77.0182
SITE_05571,DC,20003,3.6,270.0,5.0,10.0,-1.0,-1.0,2021-09-15,0.0,-1.0,38.9028,-77.0420
SITE_05572,DC,20011,10.229999999999999,88.0,5.0,16.0,0.1987951807228916,-1.0,2021-10-19,1.0,-1.0,38.9290,-77.0117
SITE_05573,DC,20020,6.119999999999999,185.0,4.0,17.0,0.18487858719646796,-1.0,2021-08-20,0.0,-1.0,38.8984,-77.0554
SITE_05574,DC,20032,4.81,60.0,27.0,13.0,0.21893491124260356,-1.0,2021-04-21,0.0,-1.0,38.9079,-77.0003
SITE_05575,DC,20007,9.62,240.0,3.0,13.0,0.22485207100591717,-1.0,2021-11-24,0.0,-1.0,38.9001,-77.0181
SITE_05576,DC,20020,8.455,180.0,28.0,19.0,0.20227272727272724,-1.0,2021-10-15,1.0,-1.0,38.8903,-77.0476
SITE_05577,DC,20020,15.049999999999999,270.0,20.0,21.0,0.18487858719646796,-1.0,2021-08-13,1.0,-1.0,38.9180,-77.0151
SITE_05578,DC,20002,7.92,134.0,5.0,22.0,0.20338983050847456,-1.0,2021-05-01,0.0,-1.0,38.8762,-77.0188
SITE_05579,DC,20010,92.52000000000001,207.0,5.0,60.0,0.2207621937384483,-1.0,2021-08-16,1.0,-1.0,38.8703,-77.0368
SITE_05580,DC,20020,6.119999999999999,172.0,34.0,10.0,0.19607843137254904,-1.0,2021-09-15,0.0,-1.0,38.8853,-77.0598
SITE_05581,DC,20743,10.5,240.0,20.0,15.0,0.18487858719646796,-1.0,2021-06-18,1.0,-1.0,38.8832,-77.0289
SITE_05582,DC,20003,6.4,180.0,4.0,16.0,0.2128205128205128,-1.0,2024-10-10,0.0,-1.0,38.9006,-77.0446
SITE_05583,DC,20011,6.15,268.0,5.0,13.0,0.211340206185567,-1.0,2024-12-13,1.0,-1.0,38.8837,-77.0474
SITE_05584,DC,20020,9.43,3.0,3.0,23.0,0.211340206185567,-1.0,2024-12-11,1.0,-1.0,38.9080,-77.0055
SITE_05585,DC,20010,6.8,165.0,6.0,17.0,-1.0,-1.0,2024-10-04,1.0,-1.0,38.8991,-77.0227
SITE_05586,DC,20032,9.43,270.0,14.0,13.0,0.211340206185567,-1.0,2024-11-21,1.0,-1.0,38.9263,-77.0528
SITE_05587,DC,20019,4.1000000000000005,180.0,45.0,10.0,0.211340206185567,-1.0,2024-12-30,1.0,-1.0,38.9140,-77.0223
SITE_05588,DC,20020,4.005,180.0,10.0,9.0,0.20506912442396313,-1.0,2024-11-20,1.0,-1.0,38.9277,-77.0288
SITE_05589,DC,20010,8.74,200.0,8.0,23.0,-1.0,-1.0,2021-10-26,0.0,-1.0,38.8721,-77.0151
SITE_05590,DC,20018,10.56,180.0,34.0,11.0,0.20496894409937885,-1.0,2021-10-22,0.0,-1.0,38.9136,-77.0268
SITE_05591,DC,20011,9.36,179.0,4.0,22.0,0.20338983050847456,-1.0,2021-11-08,0.0,-1.0,38.9114,-77.0106
SITE_05592,DC,20032,4.9399999999999995,285.0,20.0,13.0,-1.0,-1.0,2021-08-31,1.0,-1.0,38.8956,-77.0013
SITE_05593,DC,20018,10.36,270.0,40.0,13.0,0.21688159437280188,-1.0,2021-11-29,0.0,-1.0,38.8930,-77.0232
SITE_05594,DC,20002,2.5,270.0,4.0,10.0,-1.0,-1.0,2021-06-30,1.0,-1.0,38.8871,-77.0550
SITE_05595,DC,20001,46.440000000000005,270.0,10.0,44.0,0.18487858719646796,-1.0,2021-05-20,1.0,-1.0,38.9066,-77.0425
SITE_05596,DC,20018,8.505,181.0,19.5,12.0,0.2039365289096395,-1.0,2021-05-06,1.0,-1.0,38.8955,-77.0342
SITE_05597,DC,20019,10.08,190.0,20.0,28.0,0.20224719101123595,-1.0,2022-01-10,0.0,-1.0,38.9019,-77.0276
SITE_05598,DC,20017,3.33,265.0,15.0,2.0,0.20903954802259886,-1.0,2022-01-12,0.0,-1.0,38.8903,-77.0456
SITE_05599,DC,20032,3.04,180.0,40.0,8.0,-1.0,-1.0,2021-10-13,0.0,-1.0,38.9146,-77.0267
SITE_05600,DC,20015,11.22,180.0,5.0,25.0,0.20245398773006135,-1.0,2021-02-01,0.0,-1.0,38.8870,-77.0230
SITE_05601,DC,20001,12.409999999999998,181.0,1.0,11.0,0.21726190476190477,-1.0,2021-12-15,0.0,-1.0,38.8990,-77.0149
SITE_05602,DC,20016,9.48,144.0,10.0,12.0,0.20256410256410257,-1.0,2022-02-22,0.0,-1.0,38.9139,-77.0319
SITE_05603,DC,20002,9.135000000000002,180.0,5.0,22.0,0.1932515337423313,-1.0,2020-03-26,0.0,-1.0,38.8724,-77.0104
SITE_05604,DC,20012,29.23,135.0,18.0,33.0,-1.0,-1.0,2022-01-05,1.0,-1.0,38.9020,-77.0509
SITE_05605,DC,20011,12.905,165.0,20.0,17.0,0.20227272727272724,-1.0,2022-01-03,0.0,-1.0,38.9028,-77.0536
SITE_05606,DC,20743,7.8,202.0,20.0,14.0,-1.0,-1.0,2019-07-08,0.0,-1.0,38.8731,-77.0483
SITE_05607,DC,20010,8.91,206.0,5.0,27.0,0.20245398773006135,-1.0,2020-10-19,0.0,-1.0,38.8752,-77.0572
SITE_05608,DC,20018,7.15,180.0,8.0,22.0,0.203125,-1.0,2020-08-12,0.0,-1.0,38.8840,-77.0502
SITE_05609,DC,20019,9.860000000000001,270.0,23.0,15.0,0.19607843137254904,-1.0,2022-03-14,1.0,-1.0,38.8949,-77.0597
SITE_05610,DC,20011,9.0,0.0,34.0,4.0,0.2207621937384483,-1.0,2022-03-26,0.0,-1.0,38.9078,-77.0414
SITE_05611,DC,20783,16.424999999999997,224.0,35.0,24.0,0.2062146892655367,-1.0,2022-03-04,0.0,-1.0,38.9082,-77.0290
SITE_05612,DC,20019,3.6,291.0,28.0,7.0,0.20512820512820515,-1.0,2021-10-15,1.0,-1.0,38.9266,-77.0328
SITE_05613,DC,20003,10.95,180.0,3.0,19.0,0.20277777777777778,-1.0,2022-04-13,0.0,-1.0,38.9021,-77.0025
SITE_05614,DC,20011,8.139999999999999,110.0,9.0,22.0,-1.0,-1.0,2022-01-25,1.0,-1.0,38.9063,-77.0514
SITE_05615,DC,20002,7.56,200.0,5.0,21.0,0.2208588957055215,-1.0,2022-05-18,0.0,-1.0,38.9145,-77.0089
SITE_05616,DC,20011,8.28,179.0,10.0,23.0,-1.0,-1.0,2022-05-18,0.0,-1.0,38.9166,-77.0094
SITE_05617,DC,20011,5.34,330.0,19.0,12.0,-1.0,-1.0,2022-03-27,1.0,-1.0,-9999,-9999
SITE_05618,DC,20019,3.6,37.0,30.0,2.0,0.20512820512820515,-1.0,2021-10-04,1.0,-1.0,38.8969,-77.0242
SITE_05619,DC,20745,10.8,135.0,26.0,12.0,0.20408163265306123,-1.0,2022-05-31,1.0,-1.0,38.8845,-77.0159
SITE_05620,DC,20009,8.88,180.0,0.0,24.0,-1.0,-1.0,2022-05-26,0.0,-1.0,38.8982,-77.0543
SITE_05621,DC,20003,6.289999999999999,180.0,4.0,8.0,-1.0,-1.0,2022-06-15,1.0,-1.0,38.9121,-77.0583
SITE_05622,DC,20011,8.91,182.0,1.8,7.0,0.18925233644859812,-1.0,2022-01-07,1.0,-1.0,38.9160,-77.0347
SITE_05623,DC,20011,4.859999999999999,0.0,4.0,12.0,0.225752508361204,-1.0,2022-07-01,0.0,-1.0,38.9091,-77.0048
SITE_05624,DC,20743,8.64,160.6,20.0,12.0,0.20224719101123595,-1.0,2022-02-03,0.0,-1.0,38.8894,-77.0351
SITE_05625,DC,20746,5.84,266.0,26.0,8.0,0.2062146892655367,-1.0,2022-04-03,0.0,-1.0,38.9211,-77.0404
SITE_05626,DC,20011,9.25,220.0,9.0,25.0,0.20903954802259886,-1.0,2022-08-08,0.0,-1.0,38.9031,-77.0138
SITE_05627,DC,20032,9.48,218.0,10.0,24.0,0.1989010590600188,-1.0,2022-08-24,1.0,-1.0,38.8773,-77.0030
SITE_05628,DC,20032,13.350000000000001,155.0,31.0,15.0,0.1986301369863014,-1.0,2022-07-12,1.0,-1.0,38.8945,-77.0253
SITE_05629,DC,20745,12.0,204.0,17.0,30.0,0.20408163265306123,-1.0,2022-09-13,1.0,-1.0,38.8714,-77.0498
SITE_05630,DC,20002,9.62,285.0,0.0,26.0,-1.0,-1.0,2022-09-27,0.0,-1.0,38.8942,-77.0200
SITE_05631,DC,20015,6.57,123.0,34.0,14.0,0.17837339769725039,-1.0,2022-07-06,0.0,-1.0,38.8701,-77.0280
SITE_05632,DC,20020,8.69,0.0,10.0,22.0,0.20256410256410257,-1.0,2022-10-23,1.0,-1.0,38.9062,-77.0413
SITE_05633,DC,20008,14.6,180.0,11.0,4.0,-1.0,-1.0,2022-11-01,0.0,-1.0,38.8777,-77.0411
SITE_05634,DC,20032,17.63,180.0,23.0,23.0,0.21808510638297873,-1.0,2022-11-15,1.0,-1.0,38.8966,-77.0459
SITE_05635,DC,20002,9.66,180.0,4.12,23.0,-1.0,-1.0,2022-05-04,0.0,-1.0,38.9296,-77.0108
SITE_05636,DC,20011,11.1,0.0,3.0,30.0,-1.0,-1.0,2022-10-03,0.0,-1.0,38.8924,-77.0326
SITE_05637,DC,20002,8.645,181.0,1.0,19.0,-1.0,-1.0,2022-11-03,0.0,-1.0,38.9066,-77.0148
SITE_05638,DC,20011,5.2,300.0,8.0,13.0,0.2229654403567447,-1.0,2022-04-27,0.0,-1.0,38.8918,-77.0093
SITE_05639,DC,20019,5.6,307.0,0.0,14.0,0.2061855670103093,-1.0,2022-08-16,1.0,-1.0,38.8767,-77.0350
SITE_05640,DC,20036,522.34,180.0,3.0,138.0,0.20398009950248758,-1.0,2023-01-11,0.0,-1.0,38.9079,-77.0182
SITE_05641,DC,20003,7.6499999999999995,0.0,5.0,17.0,-1.0,-1.0,2022-12-30,0.0,-1.0,38.8806,-77.0294
SITE_05642,DC,20019,3.69,56.0,26.0,3.0,-1.0,-1.0,2022-09-21,1.0,-1.0,38.8876,-77.0486
SITE_05643,DC,20032,17.22,151.0,20.0,25.0,0.20707070707070707,-1.0,2022-11-09,1.0,-1.0,38.9021,-77.0128
SITE_05644,DC,20003,4.904999999999999,156.0,5.0,15.0,0.20061349693251534,-1.0,2023-03-03,0.0,-1.0,38.8948,-77.0546
SITE_05645,DC,20018,6.54,226.0,30.0,14.0,0.20061349693251534,-1.0,2023-03-02,0.0,-1.0,38.9139,-77.0454
SITE_05646,DC,20016,20.35,0.0,5.0,8.0,-1.0,-1.0,2023-01-03,0.0,-1.0,38.8844,-77.0485
SITE_05647,DC,20032,11.48,245.0,32.0,15.0,-1.0,-1.0,2023-02-22,1.0,-1.0,38.9144,-77.0142
SITE_05648,DC,20011,6.37,179.0,1.0,14.0,0.20547945205479454,-1.0,2023-02-16,1.0,-1.0,38.9116,-77.0431
SITE_05649,DC,20007,3.6,180.0,1.0,8.0,-1.0,-1.0,2023-03-27,1.0,-1.0,38.9119,-77.0447
SITE_05650,DC,20001,9.49,1.0,1.0,26.0,0.21987951807228917,-1.0,2023-03-31,0.0,-1.0,38.9043,-77.0411
SITE_05651,DC,20024,561.6,180.0,5.0,1404.0,0.2,-1.0,2022-02-03,1.0,-1.0,-9999,-9999
SITE_05652,DC,20019,5.92,185.0,0.0,16.0,-1.0,-1.0,2023-03-20,1.0,-1.0,38.9005,-77.0569
SITE_05653,DC,20722,8.61,36.0,14.0,7.0,0.20707070707070707,-1.0,2022-11-17,0.0,-1.0,38.9261,-77.0478
SITE_05654,DC,20009,51.175,180.0,5.0,115.0,-1.0,-1.0,2023-02-28,0.0,-1.0,38.8770,-77.0508
SITE_05655,DC,20011,7.6499999999999995,228.0,0.0,17.0,-1.0,-1.0,2023-06-02,1.0,-1.0,38.8991,-77.0262
SITE_05656,DC,20015,9.719999999999999,304.0,5.0,19.0,0.2066326530612245,-1.0,2023-03-08,1.0,-1.0,38.9192,-77.0368
SITE_05657,DC,20002,6.0,180.0,3.0,15.0,0.20512820512820515,-1.0,2023-06-09,0.0,-1.0,38.8932,-77.0288
SITE_05658,DC,20019,10.01,181.0,37.0,18.0,0.2077625570776256,-1.0,2023-06-09,1.0,-1.0,38.9204,-77.0558
SITE_05659,DC,23228,10.4,160.0,0.0,5.0,0.2229654403567447,-1.0,2021-10-13,0.0,-1.0,38.8778,-77.0407
SITE_05660,DC,20747,286.65000000000003,197.0,13.0,129.0,-1.0,-1.0,2023-07-28,1.0,-1.0,38.8739,-77.0333
SITE_05661,DC,20782,9.02,213.0,35.0,12.0,0.20707070707070707,-1.0,2023-06-28,1.0,-1.0,38.8927,-77.0349
SITE_05662,DC,20020,7.2,88.0,0.0,16.0,0.20179372197309417,-1.0,2023-06-15,1.0,-1.0,38.8850,-77.0156
SITE_05663,DC,20002,5.4,270.0,4.0,12.0,0.20179372197309417,-1.0,2023-06-08,1.0,-1.0,38.9038,-77.0323
SITE_05664,DC,20019,4.8,0.0,30.0,6.0,0.2,-1.0,2023-09-15,0.0,-1.0,38.8708,-77.0516
SITE_05665,DC,20009,6.7,180.0,5.0,20.0,0.20318989946042468,-1.0,2019-12-13,0.0,-1.0,38.8907,-77.0090
SITE_05666,DC,20003,6.119999999999999,176.0,21.0,18.0,0.1675257731958763,-1.0,2019-11-14,0.0,-1.0,38.8708,-77.0057
SITE_05667,DC,20009,5.8500000000000005,180.0,6.0,13.0,0.20179372197309417,-1.0,2023-05-22,1.0,-1.0,38.8813,-77.0451
SITE_05668,DC,20020,8.1,113.0,31.0,9.0,0.20179372197309417,-1.0,2023-05-19,1.0,-1.0,38.9137,-77.0061
SITE_05669,DC,20016,8.8,0.0,33.0,10.0,0.2,-1.0,2023-09-05,0.0,-1.0,38.9201,-77.0495
SITE_05670,DC,20011,10.935,90.0,43.0,16.0,0.225752508361204,-1.0,2023-09-07,0.0,-1.0,38.9257,-77.0077
SITE_05671,DC,20016,9.75,311.0,39.0,6.0,-1.0,-1.0,2023-08-24,0.0,-1.0,38.8844,-77.0000
SITE_05672,DC,20020,12.3,119.0,20.0,30.0,-1.0,-1.0,2023-09-05,1.0,-1.0,38.8781,-77.0361
SITE_05673,DC,20020,88.4,175.0,20.0,58.0,0.19900497512437812,-1.0,2023-07-06,0.0,-1.0,38.8730,-77.0439
SITE_05674,DC,20016,10.8,154.0,30.0,30.0,0.2208588957055215,-1.0,2023-10-17,0.0,-1.0,38.9238,-77.0382
SITE_05675,DC,20743,7.6,135.0,37.0,12.0,0.20408163265306123,-1.0,2022-06-20,1.0,-1.0,38.9297,-77.0417
SITE_05676,DC,20017,3.6,190.0,30.0,10.0,-1.0,-1.0,2019-11-15,0.0,-1.0,38.8991,-77.0510
SITE_05677,DC,20016,22.425,180.0,25.0,69.0,0.203125,-1.0,2019-12-23,0.0,-1.0,38.9088,-77.0373
SITE_05678,DC,20003,7.475,181.0,21.0,23.0,0.1675257731958763,-1.0,2020-01-27,0.0,-1.0,38.8950,-77.0357
SITE_05679,DC,20001,5.1000000000000005,182.0,23.0,15.0,0.1675257731958763,-1.0,2019-12-28,0.0,-1.0,38.9141,-77.0540
SITE_05680,DC,20011,8.84,177.0,21.0,26.0,0.1675257731958763,-1.0,2020-01-10,0.0,-1.0,38.9017,-77.0405
SITE_05681,DC,20001,7.82,182.0,21.0,23.0,0.1675257731958763,-1.0,2020-01-24,0.0,-1.0,38.9131,-77.0500
SITE_05682,DC,20011,55.055,180.0,10.0,25.0,0.20052083333333334,-1.0,2020-01-27,0.0,-1.0,38.9120,-77.0137
SITE_05683,DC,20020,9.45,270.0,19.0,15.0,0.1981132075471698,-1.0,2020-01-10,0.0,-1.0,38.9253,-77.0113
SITE_05684,DC,20019,6.8,181.0,17.0,20.0,0.1752577319587629,-1.0,2020-02-20,0.0,-1.0,38.9065,-77.0420
SITE_05685,DC,20011,6.615,180.0,18.0,21.0,0.19444444444444442,-1.0,2019-11-11,1.0,-1.0,38.9138,-77.0096
SITE_05686,DC,20003,6.615,180.0,15.0,21.0,0.19444444444444442,-1.0,2019-11-05,1.0,-1.0,38.8952,-77.0022
SITE_05687,DC,20011,5.44,181.0,21.0,16.0,0.1675257731958763,-1.0,2020-02-21,0.0,-1.0,38.8957,-77.0364
SITE_05688,DC,20011,8.3,182.0,0.0,14.0,0.21065989847715735,-1.0,2023-06-19,1.0,-1.0,38.8787,-77.0099
SITE_05689,DC,20002,6.64,182.0,6.0,16.0,0.21065989847715735,-1.0,2023-05-26,1.0,-1.0,38.9016,-77.0207
SITE_05690,DC,20001,10.8,30.0,1.0,22.0,0.20512820512820515,-1.0,2023-10-31,0.0,-1.0,38.9095,-77.0014
SITE_05691,DC,20032,6.64,248.0,18.0,8.0,0.21065989847715735,-1.0,2023-04-04,1.0,-1.0,38.8934,-77.0165
SITE_05692,DC,20019,8.8,279.0,17.0,11.0,0.2061855670103093,-1.0,2022-12-19,1.0,-1.0,38.9055,-77.0351
SITE_05693,DC,20011,7.56,180.0,5.0,24.0,0.1932515337423313,-1.0,2023-11-30,0.0,-1.0,38.8752,-77.0038
SITE_05694,DC,20011,8.4,270.0,9.0,3.0,-1.0,-1.0,2023-11-20,0.0,-1.0,38.9273,-77.0443
SITE_05695,DC,20003,17.415,359.0,5.0,29.0,0.225752508361204,-1.0,2023-10-09,0.0,-1.0,38.8745,-77.0264
SITE_05696,DC,20743,9.315,224.0,29.0,11.0,0.20876288659793815,-1.0,2023-11-10,1.0,-1.0,38.9006,-77.0140
SITE_05697,DC,20017,6.8,90.0,8.0,17.0,0.20408163265306123,-1.0,2023-06-19,1.0,-1.0,38.8703,-77.0475
SITE_05698,DC,20020,4.4,90.0,5.0,11.0,-1.0,-1.0,2023-11-03,1.0,-1.0,38.9268,-77.0044
SITE_05699,DC,20019,18.87,171.0,5.0,51.0,-1.0,-1.0,2019-12-31,1.0,-1.0,38.8943,-77.0198
SITE_05700,DC,20020,81.0,217.0,25.0,168.0,-1.0,-1.0,2020-01-16,1.0,-1.0,38.9285,-77.0372
SITE_05701,DC,20019,39.519999999999996,180.0,5.0,104.0,0.19791666666666669,-1.0,2019-12-31,1.0,-1.0,38.9027,-77.0011
SITE_05702,DC,20011,15.959999999999999,220.0,5.0,42.0,0.19791666666666669,-1.0,2020-01-23,1.0,-1.0,38.9118,-77.0538
SITE_05703,DC,20020,5.984999999999999,215.0,4.0,19.0,0.1981132075471698,-1.0,2020-04-13,0.0,-1.0,38.9267,-77.0217
SITE_05704,DC,20011,5.44,180.0,25.0,16.0,-1.0,-1.0,2020-03-16,1.0,-1.0,38.9064,-77.0106
SITE_05705,DC,20002,4.760000000000001,180.0,25.0,14.0,-1.0,-1.0,2020-05-26,1.0,-1.0,38.8706,-77.0582
SITE_05706,AZ,85249,6.66,-1.0,-1.0,12.0,0.20903954802259886,-1.0,2022-11-23,0.0,-1.0,35.8260,-110.7474
SITE_05707,AZ,85212-0999,2.7,-1.0,-1.0,12.0,0.14990006662225183,-1.0,2011-11-17,0.0,-1.0,34.7287,-110.0530
SITE_05708,AZ,85323,3.3,-1.0,-1.0,10.0,0.2023948834573462,-1.0,2021-05-19,0.0,-1.0,32.3423,-112.3481
SITE_05709,AZ,85037,10.67,-1.0,-1.0,3.0,0.20572916666666669,-1.0,2023-04-25,0.0,-1.0,33.2416,-113.0628
SITE_05710,AZ,85033-1683,9.95,-1.0,-1.0,39.0,0.16464518961637672,-1.0,2014-11-10,1.0,-1.0,35.0645,-111.4500
SITE_05711,AZ,85201-4517,16.5,-1.0,-1.0,66.0,0.15304560759106214,-1.0,2014-12-10,1.0,-1.0,35.6807,-112.6623
SITE_05712,AZ,85381,4.8,-1.0,-1.0,20.0,0.14829873544432465,-1.0,2012-11-16,1.0,-1.0,34.2020,-110.3593
SITE_05713,AZ,85209,5.46,-1.0,-1.0,3.0,0.20526315789473684,-1.0,2023-05-09,0.0,-1.0,34.4573,-112.4650
SITE_05714,AZ,85224-2516,5.36,-1.0,-1.0,21.0,0.15756740640959493,-1.0,2014-11-12,1.0,-1.0,33.5837,-112.3185
SITE_05715,AZ,85008-2920,4.35,-1.0,-1.0,15.0,0.18275233844220648,-1.0,2019-01-10,0.0,-1.0,35.4061,-111.8179
SITE_05716,AZ,85381-4654,5.99,-1.0,-1.0,4.0,0.19408502772643255,-1.0,2021-03-31,0.0,-1.0,33.9484,-111.0757
SITE_05717,AZ,85207,9.84,-1.0,-1.0,24.0,0.20918367346938777,-1.0,2023-11-20,0.0,-1.0,33.5127,-110.6520
SITE_05718,AZ,85248-6537,3.9,-1.0,-1.0,13.0,0.18196110399441018,-1.0,2018-01-05,0.0,-1.0,33.9026,-112.3296
SITE_05719,AZ,85233,5.06,-1.0,-1.0,22.0,0.14080195898377718,-1.0,2012-02-20,1.0,-1.0,33.6692,-111.8961
SITE_05720,AZ,85283,5.67,-1.0,-1.0,14.0,0.20984455958549225,-1.0,2023-10-10,0.0,-1.0,34.4194,-111.3805
SITE_05721,AZ,85044-3625,11.22,-1.0,-1.0,44.0,0.1551661190215407,-1.0,2013-12-16,0.0,-1.0,33.5002,-113.4775
SITE_05722,AZ,85043,9.99,-1.0,-1.0,27.0,0.1978609625668449,-1.0,2023-03-20,0.0,-1.0,35.4727,-112.8655
SITE_05723,AZ,85212,3.58,-1.0,-1.0,11.0,0.20061728395061726,-1.0,2021-06-28,0.0,-1.0,35.0359,-110.4251
SITE_05724,AZ,85249,5.04,-1.0,-1.0,24.0,0.1414141414141414,-1.0,2010-03-10,0.0,-1.0,33.4249,-112.4083
SITE_05725,AZ,85297,8.51,-1.0,-1.0,23.0,0.20786516853932585,-1.0,2021-10-01,0.0,-1.0,34.5987,-113.2072
SITE_05726,AZ,85044,12.18,-1.0,-1.0,29.0,0.2245989304812834,-1.0,2022-01-24,0.0,-1.0,36.2362,-112.8988
SITE_05727,AZ,85281-5326,-1.0,-1.0,-1.0,-1.0,-1.0,-1.0,2022-03-29,0.0,-1.0,-9999,-9999
SITE_05728,AZ,85353,6.8,-1.0,-1.0,20.0,0.20858895705521474,-1.0,2023-04-05,0.0,-1.0,34.9443,-111.2826
SITE_05729,AZ,85339-2780,7.65,-1.0,-1.0,30.0,0.15756740640959493,-1.0,2014-07-31,1.0,-1.0,34.5775,-113.1944
SITE_05730,AZ,85033-2710,6.5,-1.0,-1.0,26.0,0.15304560759106214,-1.0,2014-10-03,1.0,-1.0,35.6110,-110.5898
SITE_05731,AZ,85297-9456,4.25,-1.0,-1.0,17.0,0.15304560759106214,-1.0,2014-09-26,1.0,-1.0,35.1694,-111.3297
SITE_05732,AZ,85201,4.8,-1.0,-1.0,12.0,0.20512820512820515,-1.0,2023-10-04,0.0,-1.0,32.6405,-111.3702
SITE_05733,AZ,85296,9.6,-1.0,-1.0,24.0,0.20833333333333334,-1.0,2023-04-05,0.0,-1.0,33.9158,-111.9773
SITE_05734,AZ,85234-1110,13.25,-1.0,-1.0,53.0,0.15304560759106214,-1.0,2015-04-24,1.0,-1.0,36.1768,-111.0805
SITE_05735,AZ,85381,6.44,-1.0,-1.0,28.0,0.1429889413596135,-1.0,2011-08-09,1.0,-1.0,33.7716,-112.4033
SITE_05736,AZ,85295,8.8,-1.0,-1.0,22.0,0.20833333333333334,-1.0,2022-12-20,0.0,-1.0,34.8790,-110.9477
SITE_05737,AZ,85205-6462,8.75,-1.0,-1.0,35.0,0.15304560759106214,-1.0,2015-04-27,1.0,-1.0,35.6051,-111.9172
SITE_05738,AZ,85208-2730,5.16,-1.0,-1.0,24.0,0.17281819044082303,-1.0,2010-03-08,0.0,-1.0,35.5914,-113.2155
SITE_05739,AZ,85044-7015,3.29,-1.0,-1.0,14.0,-1.0,-1.0,2010-11-02,0.0,-1.0,34.3158,-111.5427
SITE_05740,AZ,85043,6.57,-1.0,-1.0,9.0,0.2062146892655367,-1.0,2022-12-12,0.0,-1.0,33.3852,-112.7514
SITE_05741,AZ,85140-7693,9.0,-1.0,-1.0,36.0,0.15304560759106214,-1.0,2015-04-09,1.0,-1.0,32.7101,-110.1179
SITE_05742,AZ,85209,6.4,-1.0,-1.0,5.0,0.19801980198019803,-1.0,2023-04-03,0.0,-1.0,35.4407,-110.3391
SITE_05743,AZ,85205-4223,10.23,-1.0,-1.0,31.0,0.2023948834573462,-1.0,2020-10-23,0.0,-1.0,33.9036,-111.0724
SITE_05744,AZ,85041,10.15,-1.0,-1.0,29.0,0.19553072625698323,-1.0,2023-03-07,0.0,-1.0,-9999,-9999
SITE_05745,AZ,85044,8.17,-1.0,-1.0,23.0,0.1957994131533082,-1.0,2022-05-11,0.0,-1.0,34.5324,-113.3519
SITE_05746,AZ,85142,6.0,-1.0,-1.0,20.0,0.18633540372670804,-1.0,2017-11-16,0.0,-1.0,33.6098,-110.3897
SITE_05747,AZ,85019-1328,4.88,-1.0,-1.0,7.0,0.1986552567237164,-1.0,2021-03-25,0.0,-1.0,35.3022,-111.4336
SITE_05748,AZ,85353,7.02,-1.0,-1.0,18.0,0.20418848167539266,-1.0,2023-08-08,0.0,-1.0,33.7086,-113.0844
SITE_05749,AZ,85035-1428,9.66,-1.0,-1.0,42.0,0.14203317400916424,-1.0,2014-03-27,1.0,-1.0,35.9916,-109.9675
SITE_05750,AZ,85043,7.15,-1.0,-1.0,22.0,0.20186335403726707,-1.0,2021-08-03,0.0,-1.0,33.0336,-110.9622
SITE_05751,AZ,85224,7.51,-1.0,-1.0,19.0,0.20572916666666669,-1.0,2022-03-28,0.0,-1.0,34.6838,-110.1862
SITE_05752,AZ,85339,5.12,-1.0,-1.0,16.0,0.19789734075448362,-1.0,2021-06-02,0.0,-1.0,32.8340,-111.0215
SITE_05753,AZ,85142,9.0,-1.0,-1.0,25.0,0.20338983050847456,-1.0,2021-08-06,0.0,-1.0,34.4830,-110.2925
SITE_05754,AZ,85225,6.65,-1.0,-1.0,19.0,0.19553072625698323,-1.0,2022-03-04,0.0,-1.0,33.4125,-111.0823
SITE_05755,AZ,85040,3.05,-1.0,-1.0,8.0,0.18263473053892215,-1.0,2020-06-10,0.0,-1.0,35.9159,-110.5039
SITE_05756,AZ,85132,5.48,-1.0,-1.0,15.0,0.21987951807228917,-1.0,2023-03-20,0.0,-1.0,34.9259,-110.0834
SITE_05757,AZ,85033-2935,8.38,-1.0,-1.0,5.0,0.19319492502883506,-1.0,2021-04-06,0.0,-1.0,35.1866,-112.9633
SITE_05758,AZ,85035-4702,4.8,-1.0,-1.0,15.0,0.19716574245224894,-1.0,2021-12-10,0.0,-1.0,33.3379,-113.0203
SITE_05759,AZ,85353,8.45,-1.0,-1.0,10.0,0.20186335403726707,-1.0,2021-02-02,0.0,-1.0,34.3742,-111.2249
SITE_05760,AZ,85043,9.86,-1.0,-1.0,7.0,0.2062146892655367,-1.0,2023-03-06,0.0,-1.0,34.9738,-110.9807
SITE_05761,AZ,85233-6152,5.17,-1.0,-1.0,22.0,0.15173184141117071,-1.0,2013-10-29,0.0,-1.0,33.9646,-111.8019
SITE_05762,AZ,85296,8.51,-1.0,-1.0,18.0,0.2131578947368421,-1.0,2024-11-21,0.0,-1.0,33.4101,-112.6200
SITE_05763,AZ,85210,9.09,-1.0,-1.0,23.0,0.20572916666666669,-1.0,2022-09-27,0.0,-1.0,32.3286,-110.9780
SITE_05764,AZ,85297,3.36,-1.0,-1.0,14.0,0.14692378328741967,-1.0,2012-11-09,1.0,-1.0,35.9888,-111.7191
SITE_05765,AZ,85201-3207,-1.0,-1.0,-1.0,-1.0,-1.0,-1.0,2019-12-17,0.0,-1.0,34.6410,-110.8789
SITE_05766,AZ,85298-5731,16.32,-1.0,-1.0,48.0,0.19607843137254904,-1.0,2021-06-25,0.0,-1.0,34.1258,-111.3309
SITE_05767,AZ,85215,8.51,-1.0,-1.0,10.0,0.2131578947368421,-1.0,2024-10-31,0.0,-1.0,32.7334,-112.6632
SITE_05768,AZ,85043,12.8,-1.0,-1.0,29.0,0.20833333333333334,-1.0,2024-08-09,0.0,-1.0,33.3662,-110.9808
SITE_05769,AZ,85037,5.93,-1.0,-1.0,15.0,0.20256410256410257,-1.0,2023-02-22,0.0,-1.0,33.5197,-112.9057
SITE_05770,AZ,85140,6.13,-1.0,-1.0,25.0,0.14998469543924092,-1.0,2013-11-08,1.0,-1.0,34.1364,-111.7004
SITE_05771,AZ,85286-1339,3.0,-1.0,-1.0,10.0,0.19108280254777069,-1.0,2019-09-12,0.0,-1.0,32.4984,-113.1423
SITE_05772,AZ,85031,5.48,-1.0,-1.0,15.0,0.19109947643979058,-1.0,2023-05-30,0.0,-1.0,34.3800,-111.5040
SITE_05773,FL,34769,16.59,-1.0,-1.0,-1.0,-1.0,-1.0,2024-12-13,-1.0,-1.0,29.4483,-81.9998
SITE_05774,FL,34771,10.4,-1.0,-1.0,-1.0,-1.0,-1.0,2024-12-09,-1.0,-1.0,29.8532,-81.9764
SITE_05775,FL,34771,4.0,-1.0,-1.0,-1.0,-1.0,-1.0,2024-12-06,-1.0,-1.0,29.4078,-80.9495
SITE_05776,FL,32827,15.4,-1.0,-1.0,-1.0,-1.0,-1.0,2024-12-05,-1.0,-1.0,26.0386,-81.8166
SITE_05777,FL,32833,11.45,-1.0,-1.0,-1.0,-1.0,-1.0,2024-11-19,-1.0,-1.0,29.1428,-82.5995
SITE_05778,FL,34771,4.1,-1.0,-1.0,-1.0,-1.0,-1.0,2024-11-15,-1.0,-1.0,30.7314,-82.6934
SITE_05779,FL,34771,4.0,-1.0,-1.0,-1.0,-1.0,-1.0,2024-11-11,-1.0,-1.0,27.8910,-83.1206
SITE_05780,FL,34772,16.19,-1.0,-1.0,-1.0,-1.0,-1.0,2024-11-01,-1.0,-1.0,27.1017,-82.4041
SITE_05781,FL,34771,4.0,-1.0,-1.0,-1.0,-1.0,-1.0,2024-10-22,-1.0,-1.0,29.7622,-82.9766
SITE_05782,FL,32839,6.8,-1.0,-1.0,-1.0,-1.0,-1.0,2024-09-16,-1.0,-1.0,30.2387,-81.9999
SITE_05783,FL,34771,12.15,-1.0,-1.0,-1.0,-1.0,-1.0,2024-08-05,-1.0,-1.0,26.7564,-83.1313
SITE_05784,FL,34771,11.31,-1.0,-1.0,-1.0,-1.0,-1.0,2024-07-08,-1.0,-1.0,31.0585,-81.0265
SITE_05785,FL,34771,4.0,-1.0,-1.0,-1.0,-1.0,-1.0,2024-06-21,-1.0,-1.0,28.8000,-81.7303
SITE_05786,FL,34772,5.26,-1.0,-1.0,-1.0,-1.0,-1.0,2024-06-19,-1.0,-1.0,27.4232,-82.6684
SITE_05787,FL,32805,104.92,-1.0,-1.0,-1.0,-1.0,-1.0,2024-06-07,-1.0,-1.0,31.0260,-81.7232
SITE_05788,FL,32808,18.92,-1.0,-1.0,-1.0,-1.0,-1.0,2024-05-28,-1.0,-1.0,30.5897,-81.7309
SITE_05789,FL,34771,3.96,-1.0,-1.0,-1.0,-1.0,-1.0,2024-05-10,-1.0,-1.0,28.5826,-83.5000
SITE_05790,FL,34771,9.88,-1.0,-1.0,-1.0,-1.0,-1.0,2024-04-25,-1.0,-1.0,30.5145,-82.1065
SITE_05791,FL,32808,7.665,-1.0,-1.0,-1.0,-1.0,-1.0,2024-04-22,-1.0,-1.0,30.9637,-81.7626
SITE_05792,FL,34769,11.68,-1.0,-1.0,-1.0,-1.0,-1.0,2024-03-29,-1.0,-1.0,28.5230,-81.5011
SITE_05793,FL,34772,9.085,-1.0,-1.0,-1.0,-1.0,-1.0,2024-03-18,-1.0,-1.0,29.0050,-82.2700
SITE_05794,FL,34744,11.34,-1.0,-1.0,-1.0,-1.0,-1.0,2024-03-12,-1.0,-1.0,27.5644,-81.7887
SITE_05795,FL,34772,8.8,-1.0,-1.0,-1.0,-1.0,-1.0,2024-02-28,-1.0,-1.0,29.0797,-80.9441
SITE_05796,FL,34771,5.53,-1.0,-1.0,-1.0,-1.0,-1.0,2024-02-06,-1.0,-1.0,28.6900,-81.4261
SITE_05797,FL,34771,4.0,-1.0,-1.0,-1.0,-1.0,-1.0,2024-02-05,-1.0,-1.0,26.9833,-83.9122
SITE_05798,FL,32811,9.2,-1.0,-1.0,-1.0,-1.0,-1.0,2024-01-29,-1.0,-1.0,27.8728,-82.8241
SITE_05799,FL,34772,9.855,-1.0,-1.0,-1.0,-1.0,-1.0,2024-01-24,-1.0,-1.0,30.2811,-82.0018
SITE_05800,FL,34771,3.96,-1.0,-1.0,-1.0,-1.0,-1.0,2024-01-19,-1.0,-1.0,28.1661,-83.0293
SITE_05801,FL,32811,9.6,-1.0,-1.0,-1.0,-1.0,-1.0,2024-01-17,-1.0,-1.0,26.5846,-81.7159
SITE_05802,FL,32804,10.01,-1.0,-1.0,-1.0,-1.0,-1.0,2024-01-16,-1.0,-1.0,26.5311,-80.8789
SITE_05803,FL,32839,11.6,-1.0,-1.0,-1.0,-1.0,-1.0,2023-12-21,-1.0,-1.0,26.7094,-82.5768
SITE_05804,FL,32833,10.12,-1.0,-1.0,-1.0,-1.0,-1.0,2023-11-15,-1.0,-1.0,31.1910,-82.4107
SITE_05805,FL,34771,5.46,-1.0,-1.0,-1.0,-1.0,-1.0,2023-10-26,-1.0,-1.0,26.6614,-82.0655
SITE_05806,FL,32808,10.935,-1.0,-1.0,-1.0,-1.0,-1.0,2023-10-25,-1.0,-1.0,29.5633,-83.0320
SITE_05807,FL,32812,12.3,-1.0,-1.0,-1.0,-1.0,-1.0,2023-10-23,-1.0,-1.0,31.0174,-81.3073
SITE_05808,FL,34771,12.32,-1.0,-1.0,-1.0,-1.0,-1.0,2023-10-11,-1.0,-1.0,29.2201,-81.4452
SITE_05809,FL,32807,11.745,-1.0,-1.0,-1.0,-1.0,-1.0,2023-10-03,-1.0,-1.0,27.4664,-83.7148
SITE_05810,FL,34773,6.8,-1.0,-1.0,-1.0,-1.0,-1.0,2023-09-14,-1.0,-1.0,27.2249,-82.4372
SITE_05811,FL,34771,15.4,-1.0,-1.0,-1.0,-1.0,-1.0,2023-09-12,-1.0,-1.0,30.2694,-81.9367
SITE_05812,FL,34744,8.14,-1.0,-1.0,-1.0,-1.0,-1.0,2023-09-05,-1.0,-1.0,28.8315,-82.9984
SITE_05813,FL,34772,5.2,-1.0,-1.0,-1.0,-1.0,-1.0,2023-09-05,-1.0,-1.0,30.1411,-82.7779
SITE_05814,FL,34769,11.2,-1.0,-1.0,-1.0,-1.0,-1.0,2023-08-24,-1.0,-1.0,28.3992,-83.4927
SITE_05815,FL,32828,10.53,-1.0,-1.0,-1.0,-1.0,-1.0,2023-08-15,-1.0,-1.0,28.7868,-80.8653
SITE_05816,FL,34771,11.73,-1.0,-1.0,-1.0,-1.0,-1.0,2023-08-11,-1.0,-1.0,30.7549,-83.2597
SITE_05817,FL,32827,27.2,-1.0,-1.0,-1.0,-1.0,-1.0,2023-08-10,-1.0,-1.0,27.1579,-82.4351
SITE_05818,FL,34772,19.035,-1.0,-1.0,-1.0,-1.0,-1.0,2023-07-28,-1.0,-1.0,28.9729,-83.6175
SITE_05819,FL,32833,14.22,-1.0,-1.0,-1.0,-1.0,-1.0,2023-07-26,-1.0,-1.0,31.0174,-83.3409
SITE_05820,FL,32807,14.82,-1.0,-1.0,-1.0,-1.0,-1.0,2023-07-17,-1.0,-1.0,28.8297,-80.9524
SITE_05821,FL,32832,14.615,-1.0,-1.0,-1.0,-1.0,-1.0,2023-07-12,-1.0,-1.0,30.8387,-82.1960
SITE_05822,FL,34772,7.2,-1.0,-1.0,-1.0,-1.0,-1.0,2023-07-11,-1.0,-1.0,28.2011,-83.2502
SITE_05823,FL,34769,10.0,-1.0,-1.0,-1.0,-1.0,-1.0,2023-07-03,-1.0,-1.0,26.6391,-82.8253
SITE_05824,FL,32833,10.625,-1.0,-1.0,-1.0,-1.0,-1.0,2023-06-28,-1.0,-1.0,29.6310,-82.0455
SITE_05825,FL,32818,10.53,-1.0,-1.0,-1.0,-1.0,-1.0,2023-06-16,-1.0,-1.0,28.2882,-83.2455
SITE_05826,FL,32807,6.715,-1.0,-1.0,-1.0,-1.0,-1.0,2023-06-09,-1.0,-1.0,30.3545,-82.0279
SITE_05827,FL,34772,11.31,-1.0,-1.0,-1.0,-1.0,-1.0,2023-06-09,-1.0,-1.0,27.4502,-81.3326
SITE_05828,FL,34771,4.0,-1.0,-1.0,-1.0,-1.0,-1.0,2023-06-06,-1.0,-1.0,30.1671,-82.0587
SITE_05829,FL,34744,18.4,-1.0,-1.0,-1.0,-1.0,-1.0,2023-05-19,-1.0,-1.0,29.1608,-83.0713
SITE_05830,FL,34771,5.2,-1.0,-1.0,-1.0,-1.0,-1.0,2023-05-18,-1.0,-1.0,27.2606,-82.5074
SITE_05831,FL,34772,4.8,-1.0,-1.0,-1.0,-1.0,-1.0,2023-05-17,-1.0,-1.0,29.7884,-83.1698
SITE_05832,FL,32812,9.99,-1.0,-1.0,-1.0,-1.0,-1.0,2023-05-17,-1.0,-1.0,27.1345,-81.5917
SITE_05833,FL,32828,26.0,-1.0,-1.0,-1.0,-1.0,-1.0,2023-05-05,-1.0,-1.0,30.9285,-81.3147
SITE_05834,FL,32832,10.53,-1.0,-1.0,-1.0,-1.0,-1.0,2023-04-27,-1.0,-1.0,27.7039,-81.1862
SITE_05835,FL,34771,11.47,-1.0,-1.0,-1.0,-1.0,-1.0,2023-04-26,-1.0,-1.0,28.9525,-82.7165
SITE_05836,FL,32827,7.6,-1.0,-1.0,-1.0,-1.0,-1.0,2023-04-03,-1.0,-1.0,28.1633,-81.6390
SITE_05837,FL,34771,12.765,-1.0,-1.0,-1.0,-1.0,-1.0,2023-04-03,-1.0,-1.0,28.1153,-82.4596
SITE_05838,FL,34771,19.2,-1.0,-1.0,-1.0,-1.0,-1.0,2023-03-31,-1.0,-1.0,27.5631,-83.6426
SITE_05839,FL,32811,9.02,-1.0,-1.0,-1.0,-1.0,-1.0,2023-03-28,-1.0,-1.0,31.0947,-82.6970
SITE_05840,FL,34773,8.8,-1.0,-1.0,-1.0,-1.0,-1.0,2023-03-27,-1.0,-1.0,30.0195,-82.1664
SITE_05841,FL,34744,16.28,-1.0,-1.0,-1.0,-1.0,-1.0,2023-03-21,-1.0,-1.0,26.0916,-81.1474
SITE_05842,FL,34772,20.72,-1.0,-1.0,-1.0,-1.0,-1.0,2023-03-01,-1.0,-1.0,28.3174,-83.9220
SITE_05843,FL,32832,12.21,-1.0,-1.0,-1.0,-1.0,-1.0,2023-02-28,-1.0,-1.0,28.0363,-80.8733
SITE_05844,FL,34771,3.2,-1.0,-1.0,-1.0,-1.0,-1.0,2023-02-27,-1.0,-1.0,29.1275,-83.3487
SITE_05845,FL,34771,14.0,-1.0,-1.0,-1.0,-1.0,-1.0,2023-02-15,-1.0,-1.0,27.8964,-81.5179
SITE_05846,FL,34771,6.4,-1.0,-1.0,-1.0,-1.0,-1.0,2023-02-15,-1.0,-1.0,31.1843,-81.9924
SITE_05847,FL,32827,31.68,-1.0,-1.0,-1.0,-1.0,-1.0,2023-02-02,-1.0,-1.0,26.4374,-83.7819
SITE_05848,FL,32839,15.01,-1.0,-1.0,-1.0,-1.0,-1.0,2023-02-01,-1.0,-1.0,28.8197,-81.6106
SITE_05849,FL,34771,5.7,-1.0,-1.0,-1.0,-1.0,-1.0,2023-01-25,-1.0,-1.0,26.7035,-81.8399
SITE_05850,FL,32808,12.4,-1.0,-1.0,-1.0,-1.0,-1.0,2023-01-25,-1.0,-1.0,27.8629,-83.6202
SITE_05851,FL,34771,10.73,-1.0,-1.0,-1.0,-1.0,-1.0,2023-01-19,-1.0,-1.0,26.5053,-81.4365
SITE_05852,FL,34771,13.505,-1.0,-1.0,-1.0,-1.0,-1.0,2023-01-13,-1.0,-1.0,28.2782,-82.9041
SITE_05853,FL,34771,3.6,-1.0,-1.0,-1.0,-1.0,-1.0,2022-12-21,-1.0,-1.0,26.2290,-82.6793
SITE_05854,FL,32803,10.8,-1.0,-1.0,-1.0,-1.0,-1.0,2022-12-16,-1.0,-1.0,26.4660,-81.8471
SITE_05855,FL,32833,6.29,-1.0,-1.0,-1.0,-1.0,-1.0,2022-12-15,-1.0,-1.0,27.6211,-83.4525
SITE_05856,FL,34771,10.95,-1.0,-1.0,-1.0,-1.0,-1.0,2022-12-07,-1.0,-1.0,27.5759,-83.2924
SITE_05857,FL,34772,5.2,-1.0,-1.0,-1.0,-1.0,-1.0,2022-11-21,-1.0,-1.0,-9999,-9999
SITE_05858,FL,34769,10.95,-1.0,-1.0,-1.0,-1.0,-1.0,2022-11-14,-1.0,-1.0,28.5313,-83.0053
SITE_05859,FL,34769,8.64,-1.0,-1.0,-1.0,-1.0,-1.0,2022-11-11,-1.0,-1.0,30.7533,-81.9845
SITE_05860,FL,32811,9.24,-1.0,-1.0,-1.0,-1.0,-1.0,2022-11-09,-1.0,-1.0,29.6342,-83.6329
SITE_05861,FL,34771,5.6,-1.0,-1.0,-1.0,-1.0,-1.0,2022-11-02,-1.0,-1.0,28.4148,-81.6532
SITE_05862,FL,34772,24.79,-1.0,-1.0,-1.0,-1.0,-1.0,2022-11-02,-1.0,-1.0,27.3298,-81.7283
SITE_05863,FL,34772,5.2,-1.0,-1.0,-1.0,-1.0,-1.0,2022-10-29,-1.0,-1.0,30.0964,-82.1245
SITE_05864,FL,34771,5.39,-1.0,-1.0,-1.0,-1.0,-1.0,2022-10-20,-1.0,-1.0,26.8286,-83.5402
SITE_05865,FL,34771,4.56,-1.0,-1.0,-1.0,-1.0,-1.0,2022-10-19,-1.0,-1.0,29.9725,-82.3958
SITE_05866,FL,32827,10.62,-1.0,-1.0,-1.0,-1.0,-1.0,2022-10-12,-1.0,-1.0,30.1894,-83.1323
SITE_05867,FL,34773,14.76,-1.0,-1.0,-1.0,-1.0,-1.0,2022-10-10,-1.0,-1.0,30.4254,-82.6325
SITE_05868,FL,34771,6.8,-1.0,-1.0,-1.0,-1.0,-1.0,2022-10-10,-1.0,-1.0,30.8870,-82.0747
SITE_05869,FL,32833,8.36,-1.0,-1.0,-1.0,-1.0,-1.0,2022-09-26,-1.0,-1.0,29.6419,-82.5791
SITE_05870,FL,32832,7.92,-1.0,-1.0,-1.0,-1.0,-1.0,2022-09-22,-1.0,-1.0,26.2879,-83.6866
SITE_05871,FL,34771,11.16,-1.0,-1.0,-1.0,-1.0,-1.0,2022-09-22,-1.0,-1.0,27.5217,-83.5336
SITE_05872,FL,34772,4.0,-1.0,-1.0,-1.0,-1.0,-1.0,2022-09-21,-1.0,-1.0,30.0860,-81.1958
SITE_05873,FL,32805,9.6,-1.0,-1.0,-1.0,-1.0,-1.0,2022-09-20,-1.0,-1.0,29.7893,-83.6868
SITE_05874,FL,32805,323.6,-1.0,-1.0,-1.0,-1.0,-1.0,2022-09-20,-1.0,-1.0,26.0078,-82.2739
SITE_05875,FL,32833,8.06,-1.0,-1.0,-1.0,-1.0,-1.0,2022-09-19,-1.0,-1.0,29.7176,-82.9877
SITE_05876,FL,32827,10.8,-1.0,-1.0,-1.0,-1.0,-1.0,2022-09-15,-1.0,-1.0,28.6157,-83.3205
SITE_05877,FL,32808,11.47,-1.0,-1.0,-1.0,-1.0,-1.0,2022-09-12,-1.0,-1.0,28.2294,-81.9808
SITE_05878,FL,34771,5.81,-1.0,-1.0,-1.0,-1.0,-1.0,2022-08-30,-1.0,-1.0,26.0756,-81.4266
SITE_05879,FL,32832,20.14,-1.0,-1.0,-1.0,-1.0,-1.0,2022-08-26,-1.0,-1.0,27.4758,-83.5040
SITE_05880,FL,34771,11.44,-1.0,-1.0,-1.0,-1.0,-1.0,2022-08-18,-1.0,-1.0,29.0301,-82.3752
SITE_05881,FL,32805,32.0,-1.0,-1.0,-1.0,-1.0,-1.0,2022-08-17,-1.0,-1.0,29.1062,-83.1699
SITE_05882,FL,34772,13.28,-1.0,-1.0,-1.0,-1.0,-1.0,2022-08-15,-1.0,-1.0,26.5025,-82.4705
SITE_05883,FL,34772,8.395,-1.0,-1.0,-1.0,-1.0,-1.0,2022-07-07,-1.0,-1.0,29.9772,-83.9059
SITE_05884,FL,34771,10.95,-1.0,-1.0,-1.0,-1.0,-1.0,2022-07-01,-1.0,-1.0,29.1130,-82.5060
SITE_05885,FL,34771,10.22,-1.0,-1.0,-1.0,-1.0,-1.0,2022-07-01,-1.0,-1.0,29.5014,-81.7966
SITE_05886,FL,34773,11.44,-1.0,-1.0,-1.0,-1.0,-1.0,2022-06-07,-1.0,-1.0,30.7488,-81.5315
SITE_05887,FL,32811,11.9,-1.0,-1.0,-1.0,-1.0,-1.0,2022-05-24,-1.0,-1.0,28.5700,-81.0063
SITE_05888,FL,34771,10.4,-1.0,-1.0,-1.0,-1.0,-1.0,2022-05-17,-1.0,-1.0,27.5557,-82.2485
SITE_05889,FL,34769,10.54,-1.0,-1.0,-1.0,-1.0,-1.0,2022-05-10,-1.0,-1.0,27.0225,-83.9400
SITE_05890,FL,32833,17.85,-1.0,-1.0,-1.0,-1.0,-1.0,2022-05-06,-1.0,-1.0,26.6133,-82.3699
SITE_05891,FL,34771,8.0,-1.0,-1.0,-1.0,-1.0,-1.0,2022-05-04,-1.0,-1.0,27.0802,-82.6204
SITE_05892,FL,34772,6.0,-1.0,-1.0,-1.0,-1.0,-1.0,2022-04-04,-1.0,-1.0,31.1631,-83.5089
SITE_05893,FL,34772,5.81,-1.0,-1.0,-1.0,-1.0,-1.0,2022-04-04,-1.0,-1.0,28.4934,-82.7754
SITE_05894,FL,32824,8.16,-1.0,-1.0,-1.0,-1.0,-1.0,2022-03-14,-1.0,-1.0,30.1128,-80.8856
SITE_05895,FL,34771,11.2,-1.0,-1.0,-1.0,-1.0,-1.0,2022-03-11,-1.0,-1.0,27.6358,-81.2127
SITE_05896,FL,34772,4.875,-1.0,-1.0,-1.0,-1.0,-1.0,2022-02-16,-1.0,-1.0,29.6561,-82.9370
SITE_05897,FL,34771,21.08,-1.0,-1.0,-1.0,-1.0,-1.0,2022-01-13,-1.0,-1.0,26.8580,-82.5713
SITE_05898,FL,34771,6.8,-1.0,-1.0,-1.0,-1.0,-1.0,2022-01-13,-1.0,-1.0,29.6190,-82.2273
SITE_05899,FL,34771,6.8,-1.0,-1.0,-1.0,-1.0,-1.0,2022-01-11,-1.0,-1.0,30.0225,-82.1285
SITE_05900,FL,34744,11.55,-1.0,-1.0,-1.0,-1.0,-1.0,2022-01-05,-1.0,-1.0,28.6574,-81.8052
SITE_05901,FL,34769,11.52,-1.0,-1.0,-1.0,-1.0,-1.0,2022-01-03,-1.0,-1.0,26.0410,-82.8670
SITE_05902,FL,34771,6.375,-1.0,-1.0,-1.0,-1.0,-1.0,2021-12-10,-1.0,-1.0,30.7910,-81.2439
SITE_05903,FL,34744,10.73,-1.0,-1.0,-1.0,-1.0,-1.0,2021-12-09,-1.0,-1.0,28.5381,-81.6770
SITE_05904,FL,32806,11.36,-1.0,-1.0,-1.0,-1.0,-1.0,2021-12-08,-1.0,-1.0,29.5752,-81.6474
SITE_05905,FL,34772,6.46,-1.0,-1.0,-1.0,-1.0,-1.0,2021-12-08,-1.0,-1.0,30.1505,-82.6593
SITE_05906,FL,34771,12.92,-1.0,-1.0,-1.0,-1.0,-1.0,2021-12-02,-1.0,-1.0,29.8309,-83.7119
SITE_05907,FL,32811,6.6,-1.0,-1.0,-1.0,-1.0,-1.0,2021-11-08,-1.0,-1.0,26.6065,-81.2878
SITE_05908,FL,32808,6.12,-1.0,-1.0,-1.0,-1.0,-1.0,2021-11-08,-1.0,-1.0,27.2044,-83.1690
SITE_05909,FL,32803,12.42,-1.0,-1.0,-1.0,-1.0,-1.0,2021-10-18,-1.0,-1.0,30.2756,-83.7923
SITE_05910,FL,34772,4.76,-1.0,-1.0,-1.0,-1.0,-1.0,2021-10-18,-1.0,-1.0,30.6771,-80.8968
SITE_05911,FL,32828,23.25,-1.0,-1.0,-1.0,-1.0,-1.0,2021-10-14,-1.0,-1.0,27.2903,-83.6664
SITE_05912,FL,32827,13.26,-1.0,-1.0,-1.0,-1.0,-1.0,2021-10-13,-1.0,-1.0,31.0039,-82.9377
SITE_05913,FL,32839,6.8,-1.0,-1.0,-1.0,-1.0,-1.0,2021-09-14,-1.0,-1.0,29.4392,-80.8444
SITE_05914,FL,32833,7.48,-1.0,-1.0,-1.0,-1.0,-1.0,2021-09-07,-1.0,-1.0,26.9168,-81.7597
SITE_05915,FL,32812,14.3,-1.0,-1.0,-1.0,-1.0,-1.0,2021-08-24,-1.0,-1.0,30.5342,-83.7111
SITE_05916,FL,34771,9.94,-1.0,-1.0,-1.0,-1.0,-1.0,2021-07-29,-1.0,-1.0,29.5872,-81.7447
SITE_05917,FL,32806,8.75,-1.0,-1.0,-1.0,-1.0,-1.0,2021-07-28,-1.0,-1.0,29.9925,-82.1963
SITE_05918,FL,34772,8.4,-1.0,-1.0,-1.0,-1.0,-1.0,2021-07-20,-1.0,-1.0,26.2038,-82.3524
SITE_05919,FL,32806,12.54,-1.0,-1.0,-1.0,-1.0,-1.0,2021-07-19,-1.0,-1.0,27.2494,-82.6184
SITE_05920,FL,34772,8.16,-1.0,-1.0,-1.0,-1.0,-1.0,2021-07-19,-1.0,-1.0,26.8365,-82.5729
SITE_05921,FL,34772,15.12,-1.0,-1.0,-1.0,-1.0,-1.0,2021-06-22,-1.0,-1.0,29.2516,-81.8338
SITE_05922,FL,34772,12.24,-1.0,-1.0,-1.0,-1.0,-1.0,2021-06-22,-1.0,-1.0,-9999,-9999
SITE_05923,FL,34772,6.745,-1.0,-1.0,-1.0,-1.0,-1.0,2021-06-07,-1.0,-1.0,29.1180,-83.8935
SITE_05924,FL,32827,7.82,-1.0,-1.0,-1.0,-1.0,-1.0,2021-05-19,-1.0,-1.0,28.4617,-81.9356
SITE_05925,FL,34772,14.4,-1.0,-1.0,-1.0,-1.0,-1.0,2021-05-05,-1.0,-1.0,30.8511,-81.7070
SITE_05926,FL,32805,16.17,-1.0,-1.0,-1.0,-1.0,-1.0,2021-05-04,-1.0,-1.0,27.4596,-83.5727
SITE_05927,FL,32827,18.55,-1.0,-1.0,-1.0,-1.0,-1.0,2021-04-30,-1.0,-1.0,28.1836,-80.9527
SITE_05928,FL,34772,7.48,-1.0,-1.0,-1.0,-1.0,-1.0,2021-04-07,-1.0,-1.0,30.1240,-83.1138
SITE_05929,FL,34771,8.91,-1.0,-1.0,-1.0,-1.0,-1.0,2021-04-06,-1.0,-1.0,27.6542,-81.2399
SITE_05930,FL,34772,17.15,-1.0,-1.0,-1.0,-1.0,-1.0,2021-04-06,-1.0,-1.0,29.1411,-80.8603
SITE_05931,FL,32808,7.875,-1.0,-1.0,-1.0,-1.0,-1.0,2021-04-06,-1.0,-1.0,27.0540,-83.2221
SITE_05932,FL,32808,11.22,-1.0,-1.0,-1.0,-1.0,-1.0,2021-03-18,-1.0,-1.0,28.6586,-83.3130
SITE_05933,FL,34772,10.88,-1.0,-1.0,-1.0,-1.0,-1.0,2021-03-16,-1.0,-1.0,30.8519,-81.4072
SITE_05934,FL,32824,9.18,-1.0,-1.0,-1.0,-1.0,-1.0,2021-03-11,-1.0,-1.0,29.6288,-80.9768
SITE_05935,FL,34744,14.72,-1.0,-1.0,-1.0,-1.0,-1.0,2021-03-10,-1.0,-1.0,26.1525,-81.7405
SITE_05936,FL,32808,2.52,-1.0,-1.0,-1.0,-1.0,-1.0,2021-03-04,-1.0,-1.0,27.9971,-82.2438
SITE_05937,FL,34772,11.22,-1.0,-1.0,-1.0,-1.0,-1.0,2021-03-03,-1.0,-1.0,27.4838,-81.2044
SITE_05938,FL,34772,8.5,-1.0,-1.0,-1.0,-1.0,-1.0,2021-03-03,-1.0,-1.0,29.1717,-83.1062
SITE_05939,FL,32839,12.21,-1.0,-1.0,-1.0,-1.0,-1.0,2021-02-25,-1.0,-1.0,29.4110,-82.8591
SITE_05940,FL,34772,5.67,-1.0,-1.0,-1.0,-1.0,-1.0,2021-02-19,-1.0,-1.0,29.6593,-83.3233
SITE_05941,FL,34769,15.36,-1.0,-1.0,-1.0,-1.0,-1.0,2021-02-18,-1.0,-1.0,29.1847,-81.7859
SITE_05942,FL,32806,10.88,-1.0,-1.0,-1.0,-1.0,-1.0,2021-02-11,-1.0,-1.0,29.2275,-81.8872
SITE_05943,FL,32804,19.47,-1.0,-1.0,-1.0,-1.0,-1.0,2021-02-10,-1.0,-1.0,30.6597,-81.9890
SITE_05944,FL,32827,9.92,-1.0,-1.0,-1.0,-1.0,-1.0,2021-02-08,-1.0,-1.0,26.9478,-83.2551
SITE_05945,FL,34772,7.56,-1.0,-1.0,-1.0,-1.0,-1.0,2021-02-05,-1.0,-1.0,29.3083,-81.7029
SITE_05946,FL,34772,8.91,-1.0,-1.0,-1.0,-1.0,-1.0,2021-02-05,-1.0,-1.0,29.1622,-81.7559
SITE_05947,FL,34772,5.78,-1.0,-1.0,-1.0,-1.0,-1.0,2021-01-27,-1.0,-1.0,30.0206,-83.2679
SITE_05948,FL,34772,11.6,-1.0,-1.0,-1.0,-1.0,-1.0,2021-01-27,-1.0,-1.0,28.1730,-82.5972
SITE_05949,FL,32804,14.18,-1.0,-1.0,-1.0,-1.0,-1.0,2021-01-25,-1.0,-1.0,29.1917,-81.2634
SITE_05950,FL,32818,16.5,-1.0,-1.0,-1.0,-1.0,-1.0,2021-01-21,-1.0,-1.0,26.1892,-82.0994
SITE_05951,FL,32833,12.87,-1.0,-1.0,-1.0,-1.0,-1.0,2021-01-19,-1.0,-1.0,28.4020,-83.9230
SITE_05952,FL,32812,13.07,-1.0,-1.0,-1.0,-1.0,-1.0,2021-01-12,-1.0,-1.0,28.8052,-83.0625
SITE_05953,FL,34771,11.56,-1.0,-1.0,-1.0,-1.0,-1.0,2021-01-12,-1.0,-1.0,29.9943,-83.3811
SITE_05954,FL,32839,14.4,-1.0,-1.0,-1.0,-1.0,-1.0,2020-12-22,-1.0,-1.0,26.9589,-81.6068
SITE_05955,FL,34772,5.78,-1.0,-1.0,-1.0,-1.0,-1.0,2020-12-21,-1.0,-1.0,28.4346,-83.2102
SITE_05956,FL,34772,5.78,-1.0,-1.0,-1.0,-1.0,-1.0,2020-12-21,-1.0,-1.0,26.6516,-81.9519
SITE_05957,FL,32804,5.44,-1.0,-1.0,-1.0,-1.0,-1.0,2020-12-16,-1.0,-1.0,30.8087,-81.2340
SITE_05958,FL,32808,18.6,-1.0,-1.0,-1.0,-1.0,-1.0,2020-12-09,-1.0,-1.0,28.7338,-81.8892
SITE_05959,FL,34772,4.08,-1.0,-1.0,-1.0,-1.0,-1.0,2020-12-08,-1.0,-1.0,26.7405,-81.4671
SITE_05960,FL,32827,3.2,-1.0,-1.0,-1.0,-1.0,-1.0,2020-12-02,-1.0,-1.0,27.6186,-83.1219
SITE_05961,FL,32807,8.99,-1.0,-1.0,-1.0,-1.0,-1.0,2020-11-25,-1.0,-1.0,28.9879,-82.0949
SITE_05962,FL,34772,7.8,-1.0,-1.0,-1.0,-1.0,-1.0,2020-11-19,-1.0,-1.0,27.0564,-83.6630
SITE_05963,FL,34769,9.135,-1.0,-1.0,-1.0,-1.0,-1.0,2020-11-04,-1.0,-1.0,27.3863,-82.9070
SITE_05964,FL,32824,4.725,-1.0,-1.0,-1.0,-1.0,-1.0,2020-10-22,-1.0,-1.0,30.9795,-82.1961
SITE_05965,FL,34772,7.68,-1.0,-1.0,-1.0,-1.0,-1.0,2020-10-22,-1.0,-1.0,29.6338,-81.3313
SITE_05966,FL,34771,15.98,-1.0,-1.0,-1.0,-1.0,-1.0,2020-10-20,-1.0,-1.0,29.3585,-83.4755
SITE_05967,FL,34744,11.73,-1.0,-1.0,-1.0,-1.0,-1.0,2020-10-01,-1.0,-1.0,26.7184,-80.9042
SITE_05968,FL,32818,10.71,-1.0,-1.0,-1.0,-1.0,-1.0,2020-08-26,-1.0,-1.0,26.5839,-83.0729
SITE_05969,FL,34772,12.73,-1.0,-1.0,-1.0,-1.0,-1.0,2020-08-25,-1.0,-1.0,28.2434,-82.9259
SITE_05970,FL,32818,11.6,-1.0,-1.0,-1.0,-1.0,-1.0,2020-08-12,-1.0,-1.0,27.7641,-82.4631
SITE_05971,FL,34772,10.88,-1.0,-1.0,-1.0,-1.0,-1.0,2020-08-11,-1.0,-1.0,26.2237,-82.6535
SITE_05972,FL,34772,18.24,-1.0,-1.0,-1.0,-1.0,-1.0,2020-07-27,-1.0,-1.0,28.7619,-83.9923
SITE_05973,FL,34773,7.36,-1.0,-1.0,-1.0,-1.0,-1.0,2020-06-15,-1.0,-1.0,28.4727,-81.8431
SITE_05974,FL,32824,8.64,-1.0,-1.0,-1.0,-1.0,-1.0,2020-06-15,-1.0,-1.0,30.4349,-80.9239
SITE_05975,FL,34772,17.325,-1.0,-1.0,-1.0,-1.0,-1.0,2020-06-08,-1.0,-1.0,29.3408,-80.8162
SITE_05976,FL,32808,11.05,-1.0,-1.0,-1.0,-1.0,-1.0,2020-06-04,-1.0,-1.0,27.4755,-81.1484
SITE_05977,FL,32833,11.47,-1.0,-1.0,-1.0,-1.0,-1.0,2020-05-13,-1.0,-1.0,30.0303,-81.7113
SITE_05978,FL,32824,10.24,-1.0,-1.0,-1.0,-1.0,-1.0,2020-05-13,-1.0,-1.0,30.3964,-83.4962
SITE_05979,FL,34771,6.08,-1.0,-1.0,-1.0,-1.0,-1.0,2020-05-11,-1.0,-1.0,30.7547,-82.5819
SITE_05980,FL,32808,9.45,-1.0,-1.0,-1.0,-1.0,-1.0,2020-04-20,-1.0,-1.0,28.7910,-82.7284
SITE_05981,FL,32828,11.31,-1.0,-1.0,-1.0,-1.0,-1.0,2020-03-12,-1.0,-1.0,30.3997,-82.4015
SITE_05982,FL,34771,11.55,-1.0,-1.0,-1.0,-1.0,-1.0,2020-03-02,-1.0,-1.0,27.4048,-82.1782
SITE_05983,FL,34771,9.6,-1.0,-1.0,-1.0,-1.0,-1.0,2020-02-27,-1.0,-1.0,29.5449,-83.0691
SITE_05984,FL,34771,10.395,-1.0,-1.0,-1.0,-1.0,-1.0,2020-02-19,-1.0,-1.0,27.6940,-81.1770
SITE_05985,FL,34744,6.615,-1.0,-1.0,-1.0,-1.0,-1.0,2020-02-11,-1.0,-1.0,26.8861,-83.3404
SITE_05986,FL,32806,11.7,-1.0,-1.0,-1.0,-1.0,-1.0,2020-01-28,-1.0,-1.0,28.3645,-82.2271
SITE_05987,FL,32806,11.55,-1.0,-1.0,-1.0,-1.0,-1.0,2020-01-23,-1.0,-1.0,27.7389,-83.8790
SITE_05988,FL,32827,11.34,-1.0,-1.0,-1.0,-1.0,-1.0,2020-01-16,-1.0,-1.0,26.8781,-82.3199
SITE_05989,FL,32832,15.12,-1.0,-1.0,-1.0,-1.0,-1.0,2020-01-08,-1.0,-1.0,29.2760,-83.9043
SITE_05990,FL,34771,10.08,-1.0,-1.0,-1.0,-1.0,-1.0,2020-01-06,-1.0,-1.0,26.2183,-82.1119
SITE_05991,FL,32839,11.16,-1.0,-1.0,-1.0,-1.0,-1.0,2019-12-20,-1.0,-1.0,28.2656,-82.9429
SITE_05992,FL,32833,9.92,-1.0,-1.0,-1.0,-1.0,-1.0,2019-12-03,-1.0,-1.0,26.7894,-83.8143
SITE_05993,FL,34769,13.63,-1.0,-1.0,-1.0,-1.0,-1.0,2019-11-11,-1.0,-1.0,29.8212,-82.4990
SITE_05994,FL,34769,8.06,-1.0,-1.0,-1.0,-1.0,-1.0,2019-11-05,-1.0,-1.0,29.6914,-83.5583
SITE_05995,FL,34772,11.025,-1.0,-1.0,-1.0,-1.0,-1.0,2019-10-31,-1.0,-1.0,30.2371,-83.7951
SITE_05996,FL,34773,10.395,-1.0,-1.0,-1.0,-1.0,-1.0,2019-10-31,-1.0,-1.0,29.8982,-82.8740
SITE_05997,FL,32827,11.4,-1.0,-1.0,-1.0,-1.0,-1.0,2019-08-26,-1.0,-1.0,29.3132,-83.0551
SITE_05998,FL,32812,11.655,-1.0,-1.0,-1.0,-1.0,-1.0,2019-08-06,-1.0,-1.0,30.8685,-81.8440
SITE_05999,FL,34771,6.825,-1.0,-1.0,-1.0,-1.0,-1.0,2019-05-13,-1.0,-1.0,26.4194,-81.3012
SITE_06000,FL,34772,10.37,-1.0,-1.0,-1.0,-1.0,-1.0,2019-05-02,-1.0,-1.0,27.2987,-82.6923
SITE_06001,FL,32824,7.93,-1.0,-1.0,-1.0,-1.0,-1.0,2019-04-04,-1.0,-1.0,26.1245,-83.1004
SITE_06002,FL,32839,14.0,-1.0,-1.0,-1.0,-1.0,-1.0,2019-03-19,-1.0,-1.0,30.1546,-82.0946
SITE_06003,FL,32832,11.52,-1.0,-1.0,-1.0,-1.0,-1.0,2019-03-18,-1.0,-1.0,26.4252,-81.4769
SITE_06004,FL,34771,6.6,-1.0,-1.0,-1.0,-1.0,-1.0,2019-02-22,-1.0,-1.0,30.8951,-81.3457
SITE_06005,FL,34772,11.34,-1.0,-1.0,-1.0,-1.0,-1.0,2019-01-11,-1.0,-1.0,29.8050,-82.8466
SITE_06006,FL,32832,9.44,-1.0,-1.0,-1.0,-1.0,-1.0,2018-12-26,-1.0,-1.0,26.1640,-83.0807
SITE_06007,FL,34772,8.45,-1.0,-1.0,-1.0,-1.0,-1.0,2018-12-18,-1.0,-1.0,30.3813,-82.7663
SITE_06008,FL,34771,6.0,-1.0,-1.0,-1.0,-1.0,-1.0,2018-11-16,-1.0,-1.0,29.2736,-81.8482
SITE_06009,FL,34772,9.45,-1.0,-1.0,-1.0,-1.0,-1.0,2018-10-29,-1.0,-1.0,26.3792,-82.0766
SITE_06010,FL,32805,0.9,-1.0,-1.0,-1.0,-1.0,-1.0,2018-09-20,-1.0,-1.0,30.9420,-81.6409
SITE_06011,FL,32805,0.9,-1.0,-1.0,-1.0,-1.0,-1.0,2018-07-24,-1.0,-1.0,28.5170,-81.0553
SITE_06012,FL,32805,0.9,-1.0,-1.0,-1.0,-1.0,-1.0,2018-07-24,-1.0,-1.0,30.2711,-82.5703
SITE_06013,FL,34771,9.45,-1.0,-1.0,-1.0,-1.0,-1.0,2018-07-12,-1.0,-1.0,29.8582,-80.9739
SITE_06014,FL,32839,4.93,-1.0,-1.0,-1.0,-1.0,-1.0,2018-06-11,-1.0,-1.0,28.7137,-81.8966
SITE_06015,FL,32827,7.0,-1.0,-1.0,-1.0,-1.0,-1.0,2018-05-07,-1.0,-1.0,26.1387,-81.7795
SITE_06016,FL,32839,15.6,-1.0,-1.0,-1.0,-1.0,-1.0,2018-05-04,-1.0,-1.0,29.9562,-83.0218
SITE_06017,FL,34772,10.98,-1.0,-1.0,-1.0,-1.0,-1.0,2018-03-30,-1.0,-1.0,30.4485,-81.4105
SITE_06018,FL,34769,7.475,-1.0,-1.0,-1.0,-1.0,-1.0,2018-03-09,-1.0,-1.0,26.1755,-83.1478
SITE_06019,FL,34772,3.99,-1.0,-1.0,-1.0,-1.0,-1.0,2018-02-26,-1.0,-1.0,30.8900,-83.0651
SITE_06020,FL,32822,8.68,-1.0,-1.0,-1.0,-1.0,-1.0,2018-02-07,-1.0,-1.0,26.9043,-82.6480
SITE_06021,FL,32832,9.57,-1.0,-1.0,-1.0,-1.0,-1.0,2017-12-28,-1.0,-1.0,26.8382,-81.4286
SITE_06022,FL,34773,21.725,-1.0,-1.0,-1.0,-1.0,-1.0,2017-12-12,-1.0,-1.0,29.3839,-83.8777
SITE_06023,FL,32824,8.4,-1.0,-1.0,-1.0,-1.0,-1.0,2017-12-12,-1.0,-1.0,-9999,-9999
SITE_06024,FL,34772,6.0,-1.0,-1.0,-1.0,-1.0,-1.0,2017-11-30,-1.0,-1.0,29.7221,-83.4515
SITE_06025,FL,34769,7.02,-1.0,-1.0,-1.0,-1.0,-1.0,2017-11-01,-1.0,-1.0,29.9817,-82.1835
SITE_06026,FL,32827,8.96,-1.0,-1.0,-1.0,-1.0,-1.0,2017-05-24,-1.0,-1.0,30.3831,-82.9995
SITE_06027,FL,32803,5.56,-1.0,-1.0,-1.0,-1.0,-1.0,2017-03-17,-1.0,-1.0,30.0858,-83.9273
SITE_06028,FL,32827,6.0,-1.0,-1.0,-1.0,-1.0,-1.0,2017-02-03,-1.0,-1.0,27.7684,-82.9429
SITE_06029,FL,32814,3.96,-1.0,-1.0,-1.0,-1.0,-1.0,2017-01-05,-1.0,-1.0,28.3702,-81.6862
SITE_06030,FL,32812,8.7,-1.0,-1.0,-1.0,-1.0,-1.0,2016-09-29,-1.0,-1.0,28.9596,-83.7672
SITE_06031,FL,32803,4.32,-1.0,-1.0,-1.0,-1.0,-1.0,2016-05-06,-1.0,-1.0,26.8279,-80.9870
SITE_06032,FL,32806,5.19,-1.0,-1.0,-1.0,-1.0,-1.0,2010-03-11,-1.0,-1.0,28.2826,-83.7083
SITE_06033,FL,32828,5.0,-1.0,-1.0,-1.0,-1.0,-1.0,2009-05-07,-1.0,-1.0,31.1175,-82.7970
SITE_06034,OR,97601,-1.0,-1.0,-1.0,-1.0,-1.0,-1.0,1998-02-28,0.0,-1.0,44.6254,-119.4948
SITE_06035,OR,97064,0.6,-1.0,-1.0,-1.0,-1.0,-1.0,1998-05-12,0.0,-1.0,42.4425,-121.5093
SITE_06036,OR,97621,0.102,-1.0,-1.0,-1.0,-1.0,-1.0,1999-01-16,0.0,-1.0,45.1879,-118.4970
SITE_06037,OR,97523,0.8,-1.0,-1.0,-1.0,-1.0,-1.0,2000-01-15,0.0,-1.0,42.8215,-120.8092
SITE_06038,OR,97487,1.908,-1.0,-1.0,-1.0,-1.0,-1.0,2000-06-12,0.0,-1.0,45.3199,-118.2665
SITE_06039,OR,97501,0.9,-1.0,-1.0,-1.0,-1.0,-1.0,2001-07-19,0.0,-1.0,42.9528,-118.6057
SITE_06040,OR,97301,0.24,-1.0,-1.0,-1.0,-1.0,-1.0,2001-08-15,0.0,-1.0,44.2920,-121.9623
SITE_06041,OR,97828,0.255,-1.0,-1.0,-1.0,-1.0,-1.0,2002-01-16,0.0,-1.0,44.2861,-120.9271
SITE_06042,OR,97734,0.3,-1.0,-1.0,-1.0,-1.0,-1.0,2002-01-26,0.0,-1.0,43.6653,-122.6110
SITE_06043,OR,97478,-1.0,-1.0,-1.0,-1.0,-1.0,-1.0,2002-02-13,0.0,-1.0,43.5344,-119.8788
SITE_06044,OR,97544,0.25,-1.0,-1.0,-1.0,-1.0,-1.0,2002-10-26,0.0,-1.0,42.9177,-118.8998
SITE_06045,OR,97760,3.16,-1.0,-1.0,-1.0,-1.0,-1.0,2004-01-19,0.0,-1.0,42.4178,-122.9413
SITE_06046,OR,97630,3.0,-1.0,-1.0,-1.0,-1.0,-1.0,2004-05-04,0.0,-1.0,43.5847,-121.7961
SITE_06047,OR,97750,0.96,-1.0,-1.0,-1.0,-1.0,-1.0,2005-01-04,0.0,-1.0,43.9596,-120.8839
SITE_06048,OR,97448,0.291,-1.0,-1.0,-1.0,-1.0,-1.0,2005-01-12,0.0,-1.0,44.2896,-119.3796
SITE_06049,OR,97219,0.5,-1.0,-1.0,-1.0,-1.0,-1.0,2005-01-25,0.0,-1.0,42.4293,-119.1526
SITE_06050,OR,97734,0.74,-1.0,-1.0,-1.0,-1.0,-1.0,2005-07-26,0.0,-1.0,42.3708,-120.6090
SITE_06051,OR,97540,1.434,-1.0,-1.0,-1.0,-1.0,-1.0,2005-11-12,0.0,-1.0,42.3822,-122.9434
SITE_06052,OR,97734,1.11,-1.0,-1.0,-1.0,-1.0,-1.0,2005-12-05,0.0,-1.0,43.0174,-119.0166
SITE_06053,OR,97405,1.944,-1.0,-1.0,-1.0,-1.0,-1.0,2006-08-13,0.0,-1.0,45.0828,-122.1009
SITE_06054,OR,97330,0.9,-1.0,-1.0,-1.0,-1.0,-1.0,2006-10-18,0.0,-1.0,44.2851,-121.9125
SITE_06055,OR,97734,0.94,-1.0,-1.0,-1.0,-1.0,-1.0,2007-01-09,0.0,-1.0,43.3923,-121.2377
SITE_06056,OR,97520,1.82,-1.0,-1.0,-1.0,-1.0,-1.0,2007-01-23,0.0,-1.0,42.5050,-120.4717
SITE_06057,OR,97330,1.35,-1.0,-1.0,-1.0,-1.0,-1.0,2007-10-14,0.0,-1.0,43.7493,-118.9048
SITE_06058,OR,97128,2.1,-1.0,-1.0,-1.0,-1.0,-1.0,2007-11-06,0.0,-1.0,45.0936,-119.1403
SITE_06059,OR,97754,2.004,-1.0,-1.0,-1.0,-1.0,-1.0,2007-12-31,0.0,-1.0,42.8307,-119.8849
SITE_06060,OR,97405,6.12,-1.0,-1.0,-1.0,-1.0,-1.0,2008-01-27,0.0,-1.0,44.5159,-119.9699
SITE_06061,OR,97038,0.462,-1.0,-1.0,-1.0,-1.0,-1.0,2008-06-09,0.0,-1.0,45.1873,-118.8329
SITE_06062,OR,97415,0.296,-1.0,-1.0,-1.0,-1.0,-1.0,2008-06-09,0.0,-1.0,43.9580,-122.3616
SITE_06063,OR,97471,3.24,-1.0,-1.0,-1.0,-1.0,-1.0,2009-01-03,0.0,-1.0,43.0392,-119.5545
SITE_06064,OR,97206,2.835,-1.0,-1.0,-1.0,-1.0,-1.0,2009-01-14,0.0,-1.0,44.7517,-120.3635
SITE_06065,OR,97520,2.0,-1.0,-1.0,-1.0,-1.0,-1.0,2009-05-23,0.0,-1.0,45.2702,-120.9300
SITE_06066,OR,97405,2.0,-1.0,-1.0,-1.0,-1.0,-1.0,2009-06-13,0.0,-1.0,44.2595,-119.9026
SITE_06067,OR,97215,2.52,-1.0,-1.0,-1.0,-1.0,-1.0,2009-10-12,0.0,-1.0,42.5794,-122.2663
SITE_06068,OR,97058,4.2,-1.0,-1.0,-1.0,-1.0,-1.0,2009-10-27,0.0,-1.0,42.9625,-120.4411
SITE_06069,OR,97149,2.3,-1.0,-1.0,-1.0,-1.0,-1.0,2009-11-01,0.0,-1.0,42.5970,-121.6534
SITE_06070,OR,97405,2.16,-1.0,-1.0,-1.0,-1.0,-1.0,2010-01-05,0.0,-1.0,43.2565,-118.8646
SITE_06071,OR,97701,2.0,-1.0,-1.0,-1.0,-1.0,-1.0,2010-01-16,0.0,-1.0,43.6418,-119.6886
SITE_06072,OR,97448,3.225,-1.0,-1.0,-1.0,-1.0,-1.0,2010-02-20,0.0,-1.0,45.2643,-120.8934
SITE_06073,OR,97520,2.52,-1.0,-1.0,-1.0,-1.0,-1.0,2010-02-20,0.0,-1.0,44.1750,-120.9760
SITE_06074,OR,97232,3.36,-1.0,-1.0,-1.0,-1.0,-1.0,2010-05-26,0.0,-1.0,44.5033,-121.1605
SITE_06075,OR,97330,2.82,-1.0,-1.0,-1.0,-1.0,-1.0,2010-06-14,0.0,-1.0,43.1177,-121.5246
SITE_06076,OR,97503,1.14,-1.0,-1.0,-1.0,-1.0,-1.0,2010-06-26,0.0,-1.0,42.7008,-121.0654
SITE_06077,OR,97702,2.43,-1.0,-1.0,-1.0,-1.0,-1.0,2010-07-13,0.0,-1.0,44.9779,-122.6250
SITE_06078,OR,97370,3.133,-1.0,-1.0,-1.0,-1.0,-1.0,2010-09-04,0.0,-1.0,45.4473,-119.2046
SITE_06079,OR,97630,1.23,-1.0,-1.0,-1.0,-1.0,-1.0,2010-11-29,0.0,-1.0,43.3277,-121.9085
SITE_06080,OR,97734,2.7,-1.0,-1.0,-1.0,-1.0,-1.0,2010-12-04,0.0,-1.0,43.1560,-122.7201
SITE_06081,OR,97219,2.585,-1.0,-1.0,-1.0,-1.0,-1.0,2010-12-04,0.0,-1.0,43.4196,-122.6925
SITE_06082,OR,97304,2.3,-1.0,-1.0,-1.0,-1.0,-1.0,2010-12-12,0.0,-1.0,43.8714,-118.8207
SITE_06083,OR,97520,1.95,-1.0,-1.0,-1.0,-1.0,-1.0,2010-12-12,0.0,-1.0,44.9118,-122.8776
SITE_06084,OR,97006,3.325,-1.0,-1.0,-1.0,-1.0,-1.0,2010-12-21,0.0,-1.0,42.9505,-120.0601
SITE_06085,OR,97405,3.22,-1.0,-1.0,-1.0,-1.0,-1.0,2011-04-17,0.0,-1.0,43.6582,-122.2392
SITE_06086,OR,97062,4.9,-1.0,-1.0,-1.0,-1.0,-1.0,2011-06-01,0.0,-1.0,43.9778,-120.6199
SITE_06087,OR,97330,3.416,-1.0,-1.0,-1.0,-1.0,-1.0,2011-07-04,0.0,-1.0,45.2741,-121.7612
SITE_06088,OR,97478,3.92,-1.0,-1.0,-1.0,-1.0,-1.0,2011-09-07,0.0,-1.0,43.1522,-119.7451
SITE_06089,OR,97116,2.94,-1.0,-1.0,-1.0,-1.0,-1.0,2011-09-17,0.0,-1.0,45.1628,-118.7062
SITE_06090,OR,97405,3.22,-1.0,-1.0,-1.0,-1.0,-1.0,2011-10-02,0.0,-1.0,44.9904,-119.6633
SITE_06091,OR,97734,0.96,-1.0,-1.0,-1.0,-1.0,-1.0,2011-11-13,0.0,-1.0,44.0393,-118.3363
SITE_06092,OR,97520,2.76,-1.0,-1.0,-1.0,-1.0,-1.0,2011-11-29,0.0,-1.0,45.4622,-121.4476
SITE_06093,OR,97006,1.5,-1.0,-1.0,-1.0,-1.0,-1.0,2011-12-04,0.0,-1.0,44.2107,-122.7064
SITE_06094,OR,97848,4.14,-1.0,-1.0,-1.0,-1.0,-1.0,2011-12-25,0.0,-1.0,43.2843,-121.8506
SITE_06095,OR,97401,4.725,-1.0,-1.0,-1.0,-1.0,-1.0,2012-01-02,0.0,-1.0,43.8251,-119.4594
SITE_06096,OR,97401,3.0,-1.0,-1.0,-1.0,-1.0,-1.0,2012-01-11,0.0,-1.0,43.6852,-122.0581
SITE_06097,OR,97601,3.6,-1.0,-1.0,-1.0,-1.0,-1.0,2012-01-18,0.0,-1.0,42.6248,-121.7169
SITE_06098,OR,97471,3.29,-1.0,-1.0,-1.0,-1.0,-1.0,2012-03-17,0.0,-1.0,44.5642,-119.1961
SITE_06099,OR,97701,4.0,-1.0,-1.0,-1.0,-1.0,-1.0,2012-03-25,0.0,-1.0,42.6657,-122.2101
SITE_06100,OR,97526,5.1,-1.0,-1.0,-1.0,-1.0,-1.0,2012-05-30,0.0,-1.0,44.2247,-121.2478
SITE_06101,OR,97754,3.12,-1.0,-1.0,-1.0,-1.0,-1.0,2012-07-24,0.0,-1.0,45.1822,-120.2066
SITE_06102,OR,97520,2.55,-1.0,-1.0,-1.0,-1.0,-1.0,2012-08-04,0.0,-1.0,42.9267,-122.7899
SITE_06103,OR,97708,2.76,-1.0,-1.0,-1.0,-1.0,-1.0,2012-08-29,0.0,-1.0,43.9958,-118.9320
SITE_06104,OR,97754,2.94,-1.0,-1.0,-1.0,-1.0,-1.0,2012-10-31,0.0,-1.0,44.7409,-122.2979
SITE_06105,OR,97850,2.76,-1.0,-1.0,-1.0,-1.0,-1.0,2012-11-05,0.0,-1.0,42.6599,-120.3413
SITE_06106,OR,97914,2.55,-1.0,-1.0,-1.0,-1.0,-1.0,2012-12-19,0.0,-1.0,-9999,-9999
SITE_06107,OR,97402,5.1,-1.0,-1.0,-1.0,-1.0,-1.0,2013-01-02,0.0,-1.0,44.6532,-118.6631
SITE_06108,OR,97527,2.25,-1.0,-1.0,-1.0,-1.0,-1.0,2013-01-05,0.0,-1.0,44.8199,-119.9642
SITE_06109,OR,97006,3.04,-1.0,-1.0,-1.0,-1.0,-1.0,2013-01-06,0.0,-1.0,45.3005,-120.0800
SITE_06110,OR,97404,4.08,-1.0,-1.0,-1.0,-1.0,-1.0,2013-02-06,0.0,-1.0,42.9654,-122.7394
SITE_06111,OR,97405,8.88,-1.0,-1.0,-1.0,-1.0,-1.0,2013-03-16,0.0,-1.0,45.1444,-122.3252
SITE_06112,OR,97401,5.88,-1.0,-1.0,-1.0,-1.0,-1.0,2013-07-24,0.0,-1.0,45.0741,-122.6748
SITE_06113,OR,97702,3.18,-1.0,-1.0,-1.0,-1.0,-1.0,2013-08-18,1.0,-1.0,43.7447,-122.7117
SITE_06114,OR,97750,2.07,-1.0,-1.0,-1.0,-1.0,-1.0,2013-08-20,0.0,-1.0,42.8559,-119.3075
SITE_06115,OR,97365,5.88,-1.0,-1.0,-1.0,-1.0,-1.0,2013-09-08,0.0,-1.0,43.9472,-120.1551
SITE_06116,OR,97330,4.32,-1.0,-1.0,-1.0,-1.0,-1.0,2013-09-11,0.0,-1.0,43.9700,-120.6097
SITE_06117,OR,97402,2.94,-1.0,-1.0,-1.0,-1.0,-1.0,2013-11-09,0.0,-1.0,42.7493,-122.9137
SITE_06118,OR,97701,14.95,-1.0,-1.0,-1.0,-1.0,-1.0,2013-12-17,0.0,-1.0,44.2507,-122.7720
SITE_06119,OR,97267,7.0,-1.0,-1.0,-1.0,-1.0,-1.0,2013-12-22,1.0,-1.0,43.5189,-122.8753
SITE_06120,OR,97330,4.59,-1.0,-1.0,-1.0,-1.0,-1.0,2013-12-23,0.0,-1.0,43.6244,-119.0244
SITE_06121,OR,97401,2.97,-1.0,-1.0,-1.0,-1.0,-1.0,2014-01-13,0.0,-1.0,43.9427,-122.9827
SITE_06122,OR,97401,3.27,-1.0,-1.0,-1.0,-1.0,-1.0,2014-01-27,0.0,-1.0,45.0515,-119.9274
SITE_06123,OR,97123,3.25,-1.0,-1.0,-1.0,-1.0,-1.0,2014-02-04,1.0,-1.0,45.3360,-120.0921
SITE_06124,OR,97401,3.27,-1.0,-1.0,-1.0,-1.0,-1.0,2014-02-18,0.0,-1.0,44.9549,-121.5824
SITE_06125,OR,97520,6.36,-1.0,-1.0,-1.0,-1.0,-1.0,2014-03-31,0.0,-1.0,43.4206,-119.0470
SITE_06126,OR,97520,5.232,-1.0,-1.0,-1.0,-1.0,-1.0,2014-07-09,0.0,-1.0,44.6660,-118.6302
SITE_06127,OR,97426,4.32,-1.0,-1.0,-1.0,-1.0,-1.0,2014-07-21,0.0,-1.0,45.1238,-122.1283
SITE_06128,OR,97405,5.232,-1.0,-1.0,-1.0,-1.0,-1.0,2014-09-06,0.0,-1.0,43.1331,-120.1862
SITE_06129,OR,97520,3.18,-1.0,-1.0,-1.0,-1.0,-1.0,2014-09-17,0.0,-1.0,43.5584,-120.8629
SITE_06130,OR,97405,3.0,-1.0,-1.0,-1.0,-1.0,-1.0,2014-10-04,0.0,-1.0,45.4014,-121.6808
SITE_06131,OR,97405,3.3,-1.0,-1.0,-1.0,-1.0,-1.0,2014-10-29,0.0,-1.0,43.9675,-119.8695
SITE_06132,OR,97448,3.3,-1.0,-1.0,-1.0,-1.0,-1.0,2014-11-29,0.0,-1.0,43.4830,-122.1745
SITE_06133,OR,97401,4.4,-1.0,-1.0,-1.0,-1.0,-1.0,2014-12-06,0.0,-1.0,44.2865,-122.3429
SITE_06134,OR,97455,3.3,-1.0,-1.0,-1.0,-1.0,-1.0,2014-12-08,0.0,-1.0,44.6882,-120.4739
SITE_06135,OR,97080,6.12,-1.0,-1.0,-1.0,-1.0,-1.0,2014-12-14,1.0,-1.0,45.4787,-122.0406
SITE_06136,OR,97520,26.4,-1.0,-1.0,-1.0,-1.0,-1.0,2014-12-23,0.0,-1.0,44.4498,-120.7811
SITE_06137,OR,97520,5.232,-1.0,-1.0,-1.0,-1.0,-1.0,2014-12-23,0.0,-1.0,44.0957,-121.9761
SITE_06138,OR,97504,6.36,-1.0,-1.0,-1.0,-1.0,-1.0,2014-12-30,0.0,-1.0,43.9750,-119.8817
SITE_06139,OR,97218,3.08,-1.0,-1.0,-1.0,-1.0,-1.0,2015-01-10,0.0,-1.0,43.8804,-122.4094
SITE_06140,OR,97051,3.5,-1.0,-1.0,-1.0,-1.0,-1.0,2015-03-11,0.0,-1.0,44.2741,-118.9947
SITE_06141,OR,97637,0.33,-1.0,-1.0,-1.0,-1.0,-1.0,2005-12-17,-1.0,-1.0,43.1245,-118.9390
SITE_06142,OR,97411,10.24,-1.0,-1.0,-1.0,-1.0,-1.0,2007-09-05,-1.0,-1.0,43.5455,-121.6089
SITE_06143,OR,97702,1.662,-1.0,-1.0,-1.0,-1.0,-1.0,2002-06-04,-1.0,-1.0,43.5528,-120.1722
SITE_06144,OR,97068,1.899,-1.0,-1.0,-1.0,-1.0,-1.0,2002-10-02,-1.0,-1.0,42.6188,-122.9829
SITE_06145,OR,97371,21.6,-1.0,-1.0,-1.0,-1.0,-1.0,2007-12-06,-1.0,-1.0,42.8622,-119.4173
SITE_06146,OR,97520,3.36,180.0,30.0,12.0,-1.0,0.0,2014-10-21,-1.0,0.0,42.7299,-120.1337
SITE_06147,OR,97330,4.08,190.0,18.0,16.0,0.1563603720273134,0.0,2015-02-23,-1.0,0.0,44.5149,-119.7622
SITE_06148,OR,97124,11.96,270.0,23.0,32.0,0.16394683078164807,0.0,2015-04-24,1.0,0.0,44.5664,-119.3351
SITE_06149,OR,97401,3.42,180.0,30.0,12.0,-1.0,0.0,2015-04-27,-1.0,0.0,42.5562,-122.1566
SITE_06150,OR,97217,3.99,180.0,17.0,14.0,-1.0,0.0,2015-06-20,-1.0,0.0,43.0329,-118.6628
SITE_06151,OR,97479,3.78,180.0,30.0,12.0,-1.0,0.0,2015-05-30,-1.0,-1.0,43.1910,-120.0002
SITE_06152,OR,97478,10.464,180.0,25.0,32.0,0.20061349693251534,0.0,2015-04-23,-1.0,1.0,43.8898,-121.4017
SITE_06153,OR,97403,3.42,180.0,30.0,12.0,-1.0,0.0,2015-09-24,-1.0,0.0,43.0914,-122.7513
SITE_06154,OR,97520,5.886,180.0,30.0,18.0,0.20061349693251534,0.0,2015-08-18,-1.0,0.0,42.8226,-120.4152
SITE_06155,OR,97370,5.22,216.0,23.0,18.0,-1.0,0.0,2015-06-26,-1.0,0.0,43.3971,-121.5014
SITE_06156,OR,97304,4.06,250.0,25.0,14.0,-1.0,0.0,2015-10-28,-1.0,0.0,44.4599,-119.4499
SITE_06157,OR,97537,5.2,180.0,30.0,20.0,-1.0,0.0,2015-06-24,-1.0,0.0,42.4124,-119.6633
SITE_06158,OR,97702,3.42,214.0,21.0,12.0,-1.0,0.0,2015-11-12,-1.0,0.0,42.3392,-118.2730
SITE_06159,OR,97703-9770,4.4,181.0,3.0,16.0,-1.0,0.0,2015-09-23,-1.0,0.0,43.6988,-122.2894
SITE_06160,OR,97206,2.205,180.0,23.0,7.0,0.1984126984126984,0.0,2015-12-11,-1.0,0.0,43.3111,-120.6918
SITE_06161,OR,97431,4.16,140.0,25.0,13.0,0.16831049920894064,0.0,2016-02-23,-1.0,0.0,42.6594,-118.5287
SITE_06162,OR,97035,0.78,180.0,30.0,3.0,0.16639084184806466,0.0,2015-09-14,-1.0,0.0,43.0742,-119.8691
SITE_06163,OR,97056,2.565,170.0,14.0,9.0,-1.0,0.0,2016-02-03,-1.0,0.0,44.0118,-120.7080
SITE_06164,OR,97405,4.35,180.0,20.0,15.0,-1.0,0.0,2016-02-02,-1.0,0.0,42.8628,-119.2646
SITE_06165,OR,97759,5.13,190.0,33.0,18.0,-1.0,0.0,2016-04-18,-1.0,0.0,43.3657,-120.7165
SITE_06166,OR,97148,3.48,180.0,30.0,12.0,-1.0,0.0,2016-03-15,-1.0,0.0,43.6281,-122.4979
SITE_06167,OR,97814,4.2,180.0,18.0,14.0,0.18518518518518517,0.0,2016-06-06,-1.0,0.0,44.7633,-120.7532
SITE_06168,OR,97405,4.13,151.0,18.0,14.0,0.18209876543209877,0.0,2016-02-16,-1.0,0.0,42.7359,-120.2905
SITE_06169,OR,97404,4.06,180.0,30.0,14.0,0.17296136699121775,0.0,2016-02-24,-1.0,0.0,45.3959,-121.3120
SITE_06170,OR,97520,6.54,180.0,30.0,20.0,0.20061349693251534,0.0,2016-03-30,-1.0,0.0,44.6266,-119.3341
SITE_06171,OR,97006,4.05,158.0,23.0,15.0,0.16656549355206468,0.0,2016-09-12,-1.0,0.0,42.4562,-118.7039
SITE_06172,OR,97229,8.265,103.0,32.0,29.0,-1.0,0.0,2016-08-29,-1.0,0.0,44.2350,-122.4099
SITE_06173,OR,97850,4.2,180.0,14.0,14.0,0.18518518518518517,0.0,2016-07-19,-1.0,0.0,44.7400,-120.2706
SITE_06174,OR,97814,4.2,180.0,18.0,14.0,0.18518518518518517,0.0,2016-06-20,-1.0,0.0,45.0262,-122.4752
SITE_06175,OR,97520,7.194,180.0,30.0,22.0,0.2005256593124239,0.0,2016-04-08,0.0,0.0,44.2350,-121.0648
SITE_06176,OR,97006,7.54,180.0,23.0,3.0,-1.0,0.0,2016-10-19,-1.0,0.0,43.5847,-118.7735
SITE_06177,OR,97007,4.06,180.0,25.0,14.0,-1.0,0.0,2016-10-10,-1.0,0.0,43.3516,-119.7263
SITE_06178,OR,97520,3.24,180.0,30.0,9.0,0.2207621937384483,0.0,2016-12-07,-1.0,0.0,42.8583,-122.3432
SITE_06179,OR,97707,5.4,234.0,19.0,20.0,0.16656549355206468,0.0,2016-04-16,-1.0,0.0,44.3964,-122.2280
SITE_06180,OR,97330,4.06,250.0,30.0,14.0,0.17296136699121775,0.0,2016-09-30,-1.0,0.0,42.3531,-120.6020
SITE_06181,OR,97124,3.48,178.0,26.0,12.0,-1.0,0.0,2016-11-18,-1.0,0.0,44.1201,-119.0413
SITE_06182,OR,97405,4.76,196.0,35.0,14.0,-1.0,0.0,2017-01-31,-1.0,0.0,44.3006,-122.7323
SITE_06183,OR,97520,3.45,180.0,30.0,10.0,0.2115637689993463,0.0,2017-03-30,-1.0,0.0,44.2351,-121.8699
SITE_06184,OR,97520,7.245,180.0,30.0,21.0,0.2115637689993463,0.0,2017-02-28,-1.0,-1.0,45.1439,-120.5746
SITE_06185,OR,97520,2.76,180.0,30.0,8.0,0.2115637689993463,0.0,2017-05-03,-1.0,0.0,44.3494,-121.1487
SITE_06186,OR,97520,3.96,180.0,30.0,11.0,0.22072348252605764,0.0,2017-06-23,-1.0,0.0,43.9190,-120.9541
SITE_06187,OR,97365,4.2,185.0,16.0,14.0,0.18518518518518517,0.0,2017-07-13,-1.0,0.0,43.3402,-118.5593
SITE_06188,OR,97701,6.16,88.0,5.0,22.0,-1.0,0.0,2017-10-02,-1.0,-1.0,42.5917,-120.6581
SITE_06189,OR,97759,4.64,175.0,38.0,8.0,-1.0,0.0,2017-10-20,-1.0,-1.0,44.6845,-118.8864
SITE_06190,OR,97365,5.4,180.0,15.0,18.0,0.18518518518518517,0.0,2017-10-16,-1.0,0.0,43.0118,-118.6395
SITE_06191,OR,97405,4.06,180.0,30.0,14.0,0.17718363556381056,0.0,2017-09-05,-1.0,0.0,42.8770,-122.7085
SITE_06192,OR,97056,6.51,266.0,26.0,15.0,0.18977655341291705,0.0,2017-09-04,-1.0,0.0,43.1839,-122.4991
SITE_06193,OR,97914,5.985,180.0,30.0,21.0,0.1727257024936137,0.0,2017-09-06,-1.0,0.0,44.2020,-121.3265
SITE_06194,OR,97042,9.92,270.0,14.0,32.0,0.18977655341291705,0.0,2017-07-23,-1.0,0.0,43.8992,-119.2987
SITE_06195,OR,97365,5.4,180.0,18.0,18.0,0.18518518518518517,0.0,2017-11-01,-1.0,0.0,44.5176,-121.1168
SITE_06196,OR,97404,4.8,252.0,21.0,16.0,0.19108280254777069,0.0,2017-08-30,-1.0,0.0,43.0636,-119.3632
SITE_06197,OR,97405,7.2,180.0,18.0,18.0,0.19108280254777069,0.0,2017-09-06,-1.0,0.0,42.9600,-122.2779
SITE_06198,OR,97424,5.22,140.0,17.0,18.0,-1.0,0.0,2017-10-02,-1.0,-1.0,44.8994,-120.3500
SITE_06199,OR,97431,4.35,180.0,17.0,15.0,-1.0,0.0,2017-08-31,-1.0,-1.0,45.2556,-120.5248
SITE_06200,OR,97426,4.5,180.0,25.0,15.0,0.18518518518518517,0.0,2017-07-12,-1.0,-1.0,43.6313,-121.4585
SITE_06201,OR,97403,3.54,180.0,30.0,12.0,0.18209876543209877,0.0,2017-11-23,-1.0,0.0,44.9664,-119.3660
SITE_06202,OR,97213,5.7,0.0,37.0,6.0,-1.0,0.0,2017-09-12,-1.0,0.0,44.0740,-118.7787
SITE_06203,OR,97116,4.8,180.0,33.0,16.0,0.18518518518518517,0.0,2017-12-11,-1.0,0.0,42.8700,-119.6149
SITE_06204,OR,97756,6.09,127.0,25.0,21.0,0.17718363556381056,0.0,2017-06-02,-1.0,-1.0,43.2711,-118.3081
SITE_06205,OR,97520,6.21,180.0,30.0,18.0,0.2115637689993463,0.0,2017-10-11,-1.0,0.0,44.1983,-119.2394
SITE_06206,OR,97520,2.52,180.0,30.0,7.0,0.2207621937384483,0.0,2017-08-22,-1.0,0.0,43.8647,-118.5767
SITE_06207,OR,97520,4.83,180.0,30.0,14.0,0.2115637689993463,0.0,2017-08-25,-1.0,0.0,43.3858,-120.0493
SITE_06208,OR,97202,4.5,180.0,30.0,15.0,0.18518518518518517,0.0,2017-08-11,-1.0,-1.0,44.3846,-122.6689
SITE_06209,OR,97006,5.13,102.0,28.0,9.0,-1.0,0.0,2017-08-18,-1.0,0.0,43.5927,-119.6574
SITE_06210,OR,97214,3.135,181.0,40.0,11.0,-1.0,0.0,2017-10-30,-1.0,0.0,43.7304,-119.9551
SITE_06211,OR,97487,5.4,150.0,44.0,18.0,0.18254837531945967,0.0,2017-10-27,-1.0,0.0,44.3916,-118.4790
SITE_06212,OR,97006,7.54,180.0,26.0,26.0,-1.0,0.0,2017-11-06,-1.0,0.0,44.0248,-118.8263
SITE_06213,OR,97520,3.45,180.0,30.0,10.0,0.2115637689993463,0.0,2017-11-09,-1.0,0.0,43.6717,-119.6802
SITE_06214,OR,97111,6.0,170.0,24.0,20.0,0.18254837531945967,0.0,2017-09-05,-1.0,0.0,43.9189,-121.7882
SITE_06215,OR,97405,4.13,180.0,14.0,14.0,0.18209876543209877,0.0,2017-12-13,-1.0,-1.0,42.6251,-119.3161
SITE_06216,OR,97306,10.075,181.0,18.0,7.0,0.19411444987964904,0.0,2017-10-17,-1.0,0.0,43.7504,-120.4006
SITE_06217,OR,97128,4.8,179.0,45.0,7.0,0.18633540372670804,0.0,2017-12-18,-1.0,0.0,42.5526,-118.4553
SITE_06218,OR,97213,4.225,180.0,40.0,13.0,0.19411444987964904,0.0,2017-10-21,-1.0,-1.0,44.1873,-122.9063
SITE_06219,OR,97520,3.45,180.0,30.0,10.0,0.2115637689993463,0.0,2017-12-08,-1.0,0.0,44.7811,-121.4669
SITE_06220,OR,97756,4.64,90.0,20.0,16.0,0.17718363556381056,0.0,2017-10-30,-1.0,0.0,44.8799,-121.5269
SITE_06221,OR,97219,2.925,90.0,20.0,9.0,0.19411444987964904,0.0,2017-08-12,-1.0,-1.0,45.4191,-119.1895
SITE_06222,OR,97222,9.76,270.0,27.0,16.0,0.190268247036806,0.0,2017-11-10,-1.0,0.0,43.1242,-121.3581
SITE_06223,OR,97370,8.25,200.0,26.0,30.0,0.16965003972895476,0.0,2017-07-10,-1.0,0.0,43.0700,-121.1687
SITE_06224,OR,97038,19.5,90.0,18.0,30.0,0.17706385630913934,0.0,2017-07-20,-1.0,0.0,43.9398,-119.0158
SITE_06225,OR,97089,23.075,192.0,22.0,9.0,0.19411444987964904,0.0,2017-12-13,-1.0,0.0,44.4552,-119.1545
SITE_06226,OR,97080,8.125,89.0,26.0,8.0,0.19411444987964904,0.0,2017-12-27,-1.0,-1.0,43.3666,-119.0244
SITE_06227,OR,97229,8.125,250.0,37.0,8.0,0.19411444987964904,0.0,2017-12-22,-1.0,-1.0,44.7548,-122.6205
SITE_06228,OR,97220,4.8,168.0,30.0,16.0,0.1832844574780059,0.0,2017-12-26,-1.0,0.0,43.4597,-118.3127
SITE_06229,OR,97420,14.16,185.0,0.0,23.0,0.18209876543209877,0.0,2017-10-24,-1.0,0.0,43.2258,-119.3845
SITE_06230,OR,97448,12.395,180.0,30.0,37.0,0.20318989946042468,0.0,2017-12-28,-1.0,0.0,44.2370,-119.3980
SITE_06231,OR,97267,0.3,180.0,30.0,1.0,0.19108280254777069,0.0,2017-12-29,-1.0,0.0,42.7875,-119.2039
SITE_06232,OR,97402,5.3,180.0,18.0,20.0,0.16206464238754856,0.0,2016-12-13,0.0,-1.0,43.0409,-118.8187
SITE_06233,OR,97219,5.51,180.0,17.0,19.0,0.17718363556381056,0.0,2017-11-21,-1.0,-1.0,44.0127,-120.2299
SITE_06234,OR,97370,3.0,233.0,15.0,10.0,0.18507277061340519,0.0,2017-12-20,-1.0,0.0,44.0471,-121.7748
SITE_06235,OR,97201,5.68,180.0,35.0,16.0,0.18148541981923028,0.0,2017-12-24,-1.0,0.0,45.0916,-120.0397
SITE_06236,OR,97405,4.64,180.0,25.0,16.0,0.1482556950635966,0.0,2017-12-31,-1.0,0.0,44.8923,-121.6855
SITE_06237,OR,97404,2.61,180.0,30.0,9.0,0.17718363556381056,0.0,2017-12-31,-1.0,-1.0,43.2255,-120.9201
SITE_06238,OR,Multiple,366.6,-1.0,-1.0,-1.0,-1.0,-1.0,2015-10-06,-1.0,-1.0,45.0974,-122.9893
SITE_06239,OR,97850,415.0,-1.0,-1.0,-1.0,-1.0,-1.0,2020-06-12,-1.0,-1.0,42.6649,-119.8868
SITE_06240,OR,97402,2.05,-1.0,-1.0,-1.0,-1.0,-1.0,2024-01-28,-1.0,-1.0,42.6137,-121.5108
SITE_06241,OR,97520,3.24,-1.0,-1.0,-1.0,-1.0,-1.0,2022-07-10,-1.0,-1.0,44.0356,-121.3202
SITE_06242,OR,97814,4.68,-1.0,-1.0,-1.0,-1.0,-1.0,2022-11-29,-1.0,-1.0,43.9878,-121.3584
SITE_06243,OR,97330,5.2,-1.0,-1.0,-1.0,-1.0,-1.0,2020-04-05,-1.0,-1.0,44.6713,-119.9425
SITE_06244,OR,97370,5.76,-1.0,-1.0,-1.0,-1.0,-1.0,2020-06-28,-1.0,-1.0,43.2098,-119.9431
SITE_06245,OR,97520,4.32,-1.0,-1.0,-1.0,-1.0,-1.0,2022-07-02,-1.0,-1.0,42.7206,-118.8171
SITE_06246,OR,97031,3.6,-1.0,-1.0,-1.0,-1.0,-1.0,2023-11-23,-1.0,-1.0,43.1538,-122.4661
SITE_06247,OR,97007,4.565,-1.0,-1.0,-1.0,-1.0,-1.0,2023-06-16,-1.0,-1.0,44.7214,-122.0887
SITE_06248,OR,97702,5.88,-1.0,-1.0,-1.0,-1.0,-1.0,2024-05-12,-1.0,-1.0,43.6675,-120.0523
SITE_06249,OR,97701,5.76,-1.0,-1.0,-1.0,-1.0,-1.0,2020-04-05,-1.0,-1.0,44.9157,-122.6839
SITE_06250,OR,97756,4.2,-1.0,-1.0,-1.0,-1.0,-1.0,2022-08-01,-1.0,-1.0,42.8459,-118.2226
SITE_06251,OR,97439,4.38,-1.0,-1.0,-1.0,-1.0,-1.0,2022-05-14,-1.0,-1.0,43.0819,-122.7421
SITE_06252,OR,97408,5.76,-1.0,-1.0,-1.0,-1.0,-1.0,2021-12-10,-1.0,-1.0,42.8971,-118.6412
SITE_06253,OR,97361,6.48,-1.0,-1.0,-1.0,-1.0,-1.0,2022-11-04,-1.0,-1.0,44.0830,-119.6902
SITE_06254,OR,97351,5.74,-1.0,-1.0,-1.0,-1.0,-1.0,2024-05-20,-1.0,-1.0,45.4875,-121.1758
SITE_06255,OR,97520,4.38,-1.0,-1.0,-1.0,-1.0,-1.0,2022-12-26,-1.0,-1.0,43.8456,-118.2100
SITE_06256,OR,97370,9.5,-1.0,-1.0,-1.0,-1.0,-1.0,2021-12-10,-1.0,-1.0,45.2477,-122.6240
SITE_06257,OR,97116,5.8,-1.0,-1.0,-1.0,-1.0,-1.0,2020-04-10,-1.0,-1.0,42.4035,-119.3437
SITE_06258,OR,97403,5.84,-1.0,-1.0,-1.0,-1.0,-1.0,2022-03-19,-1.0,-1.0,44.1751,-120.8826
SITE_06259,OR,97439,2.19,-1.0,-1.0,-1.0,-1.0,-1.0,2022-10-04,-1.0,-1.0,44.6314,-121.2967
SITE_06260,OR,97321,7.8,-1.0,-1.0,-1.0,-1.0,-1.0,2024-04-08,-1.0,-1.0,42.4895,-122.0990
SITE_06261,OR,97304,7.3,-1.0,-1.0,-1.0,-1.0,-1.0,2022-07-25,-1.0,-1.0,45.4145,-122.8491
SITE_06262,OR,97846,8.28,-1.0,-1.0,-1.0,-1.0,-1.0,2022-10-22,-1.0,-1.0,42.6214,-120.6122
SITE_06263,OR,97370,10.26,-1.0,-1.0,-1.0,-1.0,-1.0,2022-05-31,-1.0,-1.0,-9999,-9999
SITE_06264,OR,97520,6.84,-1.0,-1.0,-1.0,-1.0,-1.0,2022-03-21,-1.0,-1.0,43.6815,-119.3352
SITE_06265,OR,97330,10.66,-1.0,-1.0,-1.0,-1.0,-1.0,2024-04-21,-1.0,-1.0,45.1734,-121.2565
SITE_06266,OR,97203,7.3,-1.0,-1.0,-1.0,-1.0,-1.0,2022-07-05,-1.0,-1.0,43.9116,-122.9771
SITE_06267,OR,97330,8.61,-1.0,-1.0,-1.0,-1.0,-1.0,2023-04-16,-1.0,-1.0,44.1849,-119.9741
SITE_06268,OR,97101,9.6,-1.0,-1.0,-1.0,-1.0,-1.0,2024-03-30,-1.0,-1.0,43.1743,-121.7719
SITE_06269,OR,97233,8.2,-1.0,-1.0,-1.0,-1.0,-1.0,2024-08-05,-1.0,-1.0,44.6054,-119.7021
SITE_06270,OR,97850,6.08,-1.0,-1.0,-1.0,-1.0,-1.0,2022-05-22,-1.0,-1.0,44.6137,-119.5935
SITE_06271,OR,97128,7.22,-1.0,-1.0,-1.0,-1.0,-1.0,2022-12-18,-1.0,-1.0,44.7337,-119.6114
SITE_06272,OR,97402,6.0,-1.0,-1.0,-1.0,-1.0,-1.0,2023-10-23,-1.0,-1.0,43.3787,-121.7670
SITE_06273,OR,97086,1.6,-1.0,-1.0,-1.0,-1.0,-1.0,2022-02-12,-1.0,-1.0,44.0244,-121.7426
SITE_06274,OR,97759,9.62,-1.0,-1.0,-1.0,-1.0,-1.0,2021-12-10,-1.0,-1.0,43.9763,-118.6383
SITE_06275,OR,97415,5.53,-1.0,-1.0,-1.0,-1.0,-1.0,2024-05-02,-1.0,-1.0,44.9271,-118.4111
SITE_06276,OR,97405,8.4,-1.0,-1.0,-1.0,-1.0,-1.0,2024-01-29,-1.0,-1.0,44.8637,-121.7429
SITE_06277,OR,97544,9.6,-1.0,-1.0,-1.0,-1.0,-1.0,2023-02-19,-1.0,-1.0,44.1409,-120.3915
SITE_06278,OR,97040,9.36,-1.0,-1.0,-1.0,-1.0,-1.0,2021-12-10,-1.0,-1.0,42.6706,-118.8330
SITE_06279,OR,97222,10.66,-1.0,-1.0,-1.0,-1.0,-1.0,2024-05-17,-1.0,-1.0,43.0702,-119.2150
SITE_06280,OR,97404,6.4,-1.0,-1.0,-1.0,-1.0,-1.0,2023-06-20,-1.0,-1.0,44.4493,-121.0641
SITE_06281,OR,97123,6.16,-1.0,-1.0,-1.0,-1.0,-1.0,2024-01-14,-1.0,-1.0,43.3864,-120.0914
SITE_06282,OR,97202,8.2,-1.0,-1.0,-1.0,-1.0,-1.0,2024-01-29,-1.0,-1.0,44.7696,-118.2331
SITE_06283,OR,97520,8.76,-1.0,-1.0,-1.0,-1.0,-1.0,2023-06-16,-1.0,-1.0,43.2916,-120.2014
SITE_06284,OR,97068,10.64,-1.0,-1.0,-1.0,-1.0,-1.0,2022-06-24,-1.0,-1.0,44.6501,-119.2953
SITE_06285,OR,97759,10.395,-1.0,-1.0,-1.0,-1.0,-1.0,2020-06-28,-1.0,-1.0,44.6828,-121.5547
SITE_06286,OR,97701,9.49,-1.0,-1.0,-1.0,-1.0,-1.0,2022-04-09,-1.0,-1.0,42.6503,-122.6238
SITE_06287,OR,97068,10.73,-1.0,-1.0,-1.0,-1.0,-1.0,2024-05-06,-1.0,-1.0,42.5435,-121.0414
SITE_06288,OR,97229,11.6,-1.0,-1.0,-1.0,-1.0,-1.0,2023-10-27,-1.0,-1.0,42.4874,-120.8200
SITE_06289,OR,97330,14.35,-1.0,-1.0,-1.0,-1.0,-1.0,2024-05-05,-1.0,-1.0,44.8532,-121.1796
SITE_06290,OR,97031,12.8,-1.0,-1.0,-1.0,-1.0,-1.0,2023-10-02,-1.0,-1.0,44.4911,-122.7566
SITE_06291,OR,97366,9.5,-1.0,-1.0,-1.0,-1.0,-1.0,2022-07-18,-1.0,-1.0,43.2129,-122.2934
SITE_06292,OR,97446,6.66,-1.0,-1.0,-1.0,-1.0,-1.0,2023-04-30,-1.0,-1.0,44.7003,-122.9037
SITE_06293,OR,97601,9.72,-1.0,-1.0,-1.0,-1.0,-1.0,2022-11-11,-1.0,-1.0,43.8976,-121.3602
SITE_06294,OR,97701,10.14,-1.0,-1.0,-1.0,-1.0,-1.0,2023-02-25,-1.0,-1.0,42.6770,-122.6929
SITE_06295,OR,97007,8.0,-1.0,-1.0,-1.0,-1.0,-1.0,2023-06-10,-1.0,-1.0,43.5642,-121.5824
SITE_06296,OR,97446,17.52,-1.0,-1.0,-1.0,-1.0,-1.0,2022-10-23,-1.0,-1.0,-9999,-9999
SITE_06297,OR,97119,9.12,-1.0,-1.0,-1.0,-1.0,-1.0,2022-10-11,-1.0,-1.0,42.3391,-121.4236
SITE_06298,OR,97405,6.545,-1.0,-1.0,-1.0,-1.0,-1.0,2022-10-10,-1.0,-1.0,43.4158,-119.3483
SITE_06299,OR,97333,10.36,-1.0,-1.0,-1.0,-1.0,-1.0,2022-08-15,-1.0,-1.0,44.0567,-118.8064
SITE_06300,OR,97401,8.76,-1.0,-1.0,-1.0,-1.0,-1.0,2021-12-10,-1.0,-1.0,44.2347,-119.3289
SITE_06301,OR,97426,14.22,-1.0,-1.0,-1.0,-1.0,-1.0,2024-04-22,-1.0,-1.0,43.3949,-119.1268
SITE_06302,OR,97394,8.84,-1.0,-1.0,-1.0,-1.0,-1.0,2022-08-23,-1.0,-1.0,45.1536,-118.9312
SITE_06303,OR,97119,12.0,-1.0,-1.0,-1.0,-1.0,-1.0,2024-08-04,-1.0,-1.0,43.6184,-119.4911
SITE_06304,OR,97223,11.16,-1.0,-1.0,-1.0,-1.0,-1.0,2023-06-16,-1.0,-1.0,43.5739,-121.0916
SITE_06305,OR,97031,21.25,-1.0,-1.0,-1.0,-1.0,-1.0,2024-07-16,-1.0,-1.0,44.4772,-118.7999
SITE_06306,OR,97055,16.0,-1.0,-1.0,-1.0,-1.0,-1.0,2023-12-05,-1.0,-1.0,42.4601,-120.8853
SITE_06307,OR,97527,13.6,-1.0,-1.0,-1.0,-1.0,-1.0,2022-12-13,-1.0,-1.0,43.2030,-121.9641
SITE_06308,OR,97306,6.48,-1.0,-1.0,-1.0,-1.0,-1.0,2023-06-16,-1.0,-1.0,44.0693,-119.0263
SITE_06309,OR,97212,7.4,-1.0,-1.0,-1.0,-1.0,-1.0,2022-12-24,-1.0,-1.0,44.8657,-122.6123
SITE_06310,OR,97060,13.825,-1.0,-1.0,-1.0,-1.0,-1.0,2023-06-16,-1.0,-1.0,45.3030,-122.7923
SITE_06311,OR,97759,7.2,-1.0,-1.0,-1.0,-1.0,-1.0,2024-02-09,-1.0,-1.0,43.0470,-119.9049
SITE_06312,OR,97401,3.69,-1.0,-1.0,-1.0,-1.0,-1.0,2024-05-21,-1.0,-1.0,44.2288,-119.5624
SITE_06313,OR,97006,9.315,-1.0,-1.0,-1.0,-1.0,-1.0,2022-12-15,-1.0,-1.0,44.3865,-119.5852
SITE_06314,OR,97303,14.965,-1.0,-1.0,-1.0,-1.0,-1.0,2023-04-15,-1.0,-1.0,45.0365,-119.4330
SITE_06315,OR,97214,8.4,-1.0,-1.0,-1.0,-1.0,-1.0,2024-07-26,-1.0,-1.0,45.4100,-121.9787
SITE_06316,OR,97051,12.6,-1.0,-1.0,-1.0,-1.0,-1.0,2024-07-26,-1.0,-1.0,42.5340,-121.6964
SITE_06317,OR,97524,9.12,-1.0,-1.0,-1.0,-1.0,-1.0,2023-06-17,-1.0,-1.0,44.1600,-122.0506
SITE_06318,OR,97760,16.4,-1.0,-1.0,-1.0,-1.0,-1.0,2024-07-02,-1.0,-1.0,44.4773,-120.6554
SITE_06319,OR,97918,14.4,-1.0,-1.0,-1.0,-1.0,-1.0,2023-07-15,-1.0,-1.0,43.0284,-119.2395
SITE_06320,OR,97068,14.4,-1.0,-1.0,-1.0,-1.0,-1.0,2022-06-24,-1.0,-1.0,43.7204,-122.1246
SITE_06321,OR,97365,11.78,-1.0,-1.0,-1.0,-1.0,-1.0,2022-07-09,-1.0,-1.0,43.1353,-121.8109
SITE_06322,OR,97355,14.8,-1.0,-1.0,-1.0,-1.0,-1.0,2023-02-25,-1.0,-1.0,43.4922,-121.1600
SITE_06323,OR,97404,9.62,-1.0,-1.0,-1.0,-1.0,-1.0,2022-11-14,-1.0,-1.0,43.2148,-118.5088
SITE_06324,OR,97846,30.34,-1.0,-1.0,-1.0,-1.0,-1.0,2023-11-06,-1.0,-1.0,42.9711,-121.9141
SITE_06325,OR,97739,25.9,-1.0,-1.0,-1.0,-1.0,-1.0,2024-04-08,-1.0,-1.0,43.8144,-119.0244
SITE_06326,OR,97038,18.45,-1.0,-1.0,-1.0,-1.0,-1.0,2024-07-19,-1.0,-1.0,43.7600,-121.1695
SITE_06327,OR,97525,9.48,-1.0,-1.0,-1.0,-1.0,-1.0,2023-06-16,-1.0,-1.0,44.5359,-121.4209
SITE_06328,OR,97225,12.0,-1.0,-1.0,-1.0,-1.0,-1.0,2023-06-16,-1.0,-1.0,45.0705,-120.5724
SITE_06329,OR,97913,16.0,-1.0,-1.0,-1.0,-1.0,-1.0,2023-06-16,-1.0,-1.0,45.3060,-120.8200
SITE_06330,OR,97051,12.0,-1.0,-1.0,-1.0,-1.0,-1.0,2024-02-24,-1.0,-1.0,44.6694,-122.4380
SITE_06331,OR,97223,18.8,-1.0,-1.0,-1.0,-1.0,-1.0,2024-06-22,-1.0,-1.0,42.7508,-122.2056
SITE_06332,OR,97525,24.8,-1.0,-1.0,-1.0,-1.0,-1.0,2022-12-16,-1.0,-1.0,44.6789,-118.7404
SITE_06333,OR,97034,55.2,-1.0,-1.0,-1.0,-1.0,-1.0,2024-04-20,-1.0,-1.0,44.1418,-121.7504
SITE_06334,OR,97850,408.85,-1.0,-1.0,-1.0,-1.0,-1.0,2023-02-17,-1.0,-1.0,44.0182,-119.1554
SITE_06335,ME,4563,6.0,-1.0,-1.0,360.0,-1.0,-1.0,2020-06-15,-1.0,-1.0,44.7949,-68.8741
SITE_06336,ME,4981,8.527199999999999,-1.0,-1.0,400.0,-1.0,-1.0,2024-12-19,-1.0,-1.0,44.5769,-70.2490
SITE_06337,ME,4074,8.0,-1.0,-1.0,400.0,-1.0,-1.0,2023-04-27,-1.0,-1.0,46.2979,-68.5516
SITE_06338,ME,4864,4.0,-1.0,-1.0,310.0,-1.0,-1.0,2020-06-02,-1.0,-1.0,46.8531,-69.5585
SITE_06339,ME,4496,14.8,-1.0,-1.0,370.0,-1.0,-1.0,2020-01-30,-1.0,-1.0,-9999,-9999
SITE_06340,ME,4101,4.9,-1.0,-1.0,490.0,-1.0,-1.0,2023-04-13,-1.0,-1.0,45.8695,-70.3384
SITE_06341,ME,4346,6.66468,-1.0,-1.0,400.0,-1.0,-1.0,2024-08-19,-1.0,-1.0,44.7945,-68.6314
SITE_06342,ME,4353,8.527199999999999,-1.0,-1.0,-1.0,-1.0,-1.0,2024-09-10,-1.0,-1.0,43.8386,-68.9307
SITE_06343,ME,4849,6.0,-1.0,-1.0,310.0,-1.0,-1.0,2020-06-04,-1.0,-1.0,46.6239,-68.4451
SITE_06344,ME,4072,6.97,-1.0,-1.0,410.0,-1.0,-1.0,2023-06-12,-1.0,-1.0,45.4000,-68.3871
SITE_06345,ME,4405,12.15,-1.0,-1.0,405.0,-1.0,-1.0,2022-10-28,-1.0,-1.0,43.8494,-68.7961
SITE_06346,ME,4863,8.527199999999999,-1.0,-1.0,405.0,-1.0,-1.0,2024-05-06,-1.0,-1.0,45.1048,-68.0719
SITE_06347,ME,4693,3.56,-1.0,-1.0,445.0,-1.0,-1.0,2023-07-17,-1.0,-1.0,46.3214,-68.9117
SITE_06348,ME,4915,5.0,-1.0,-1.0,-1.0,-1.0,-1.0,2015-09-11,-1.0,-1.0,46.7169,-69.6000
SITE_06349,ME,4086,3.36,-1.0,-1.0,-1.0,-1.0,-1.0,2024-07-01,-1.0,-1.0,44.9828,-68.2986
SITE_06350,ME,4032,6.0,-1.0,-1.0,370.0,-1.0,-1.0,2021-04-09,-1.0,-1.0,44.5368,-68.0827
SITE_06351,ME,4101,114.18,-1.0,-1.0,330.0,-1.0,-1.0,2021-10-15,-1.0,-1.0,45.4771,-69.3951
SITE_06352,ME,4989,17.054399999999998,-1.0,-1.0,550.0,-1.0,-1.0,2024-11-15,-1.0,-1.0,44.7441,-69.6625
SITE_06353,ME,4008,9.72,-1.0,-1.0,405.0,-1.0,-1.0,2024-02-20,-1.0,-1.0,43.7705,-69.0491
SITE_06354,ME,4027,22.0,-1.0,-1.0,460.0,-1.0,-1.0,2023-01-17,-1.0,-1.0,44.5479,-69.6376
SITE_06355,ME,4106,4.7124,-1.0,-1.0,350.0,-1.0,-1.0,2024-12-05,-1.0,-1.0,44.2713,-68.2418
SITE_06356,ME,4021,25.0,-1.0,-1.0,325.0,-1.0,-1.0,2020-06-12,-1.0,-1.0,44.2344,-70.1375
SITE_06357,ME,4841,2.928,-1.0,-1.0,425.0,-1.0,-1.0,2021-04-07,-1.0,-1.0,46.1022,-68.4828
SITE_06358,ME,4011,30.96,-1.0,-1.0,-1.0,-1.0,-1.0,2018-08-24,-1.0,-1.0,44.3203,-69.8831
SITE_06359,ME,4009,7.68,-1.0,-1.0,480.0,-1.0,-1.0,2022-04-12,-1.0,-1.0,44.7485,-69.2896
SITE_06360,ME,4106,5.5539,-1.0,-1.0,430.0,-1.0,-1.0,2024-08-28,-1.0,-1.0,45.8801,-68.5206
SITE_06361,ME,4330,8.64,-1.0,-1.0,480.0,-1.0,-1.0,2023-06-16,-1.0,-1.0,45.7024,-69.6993
SITE_06362,ME,4011,9.24,-1.0,-1.0,330.0,-1.0,-1.0,2021-06-14,-1.0,-1.0,46.7542,-69.1822
SITE_06363,ME,4062,12.0,-1.0,-1.0,380.0,-1.0,-1.0,2020-01-17,-1.0,-1.0,43.8879,-69.4557
SITE_06364,ME,4079,4.0,-1.0,-1.0,-1.0,-1.0,-1.0,2019-04-23,-1.0,-1.0,45.8665,-69.3601
SITE_06365,ME,4049,9.0,-1.0,-1.0,-1.0,-1.0,-1.0,2013-08-14,-1.0,-1.0,44.7172,-68.7046
SITE_06366,ME,4350,7.405199999999999,-1.0,-1.0,400.0,-1.0,-1.0,2024-05-10,-1.0,-1.0,46.2963,-68.0834
SITE_06367,ME,4041,3.72,-1.0,-1.0,310.0,-1.0,-1.0,2019-08-23,-1.0,-1.0,46.1586,-69.7349
SITE_06368,ME,4330,4.263599999999999,-1.0,-1.0,430.0,-1.0,-1.0,2024-11-13,-1.0,-1.0,44.8203,-69.9502
SITE_06369,ME,4102,11.219999999999999,-1.0,-1.0,385.0,-1.0,-1.0,2024-04-25,-1.0,-1.0,44.9198,-68.7176
SITE_06370,ME,4260,6.0,-1.0,-1.0,405.0,-1.0,-1.0,2023-02-08,-1.0,-1.0,-9999,-9999
SITE_06371,ME,4015,8.527199999999999,-1.0,-1.0,545.0,-1.0,-1.0,2024-03-14,-1.0,-1.0,45.0453,-69.6497
SITE_06372,ME,4021,21.56,-1.0,-1.0,385.0,-1.0,-1.0,2024-01-08,-1.0,-1.0,44.5153,-69.9300
SITE_06373,ME,4093,3.24,-1.0,-1.0,360.0,-1.0,-1.0,2022-09-27,-1.0,-1.0,46.5780,-68.5189
SITE_06374,ME,4073,5.609999999999999,-1.0,-1.0,390.0,-1.0,-1.0,2024-08-16,-1.0,-1.0,44.7352,-68.9070
SITE_06375,ME,4105,9.24,-1.0,-1.0,420.0,-1.0,-1.0,2023-08-23,-1.0,-1.0,46.7676,-69.4813
SITE_06376,ME,4270,9.46,-1.0,-1.0,430.0,-1.0,-1.0,2021-10-08,-1.0,-1.0,43.9396,-69.0476
SITE_06377,ME,4086,8.623691999999998,-1.0,-1.0,425.0,-1.0,-1.0,2024-10-08,-1.0,-1.0,45.2754,-69.7025
SITE_06378,ME,4841,5.0,-1.0,-1.0,350.0,-1.0,-1.0,2018-10-24,-1.0,-1.0,43.9435,-68.6794
SITE_06379,ME,4090,13.0,-1.0,-1.0,400.0,-1.0,-1.0,2022-12-20,-1.0,-1.0,45.8586,-68.1021
SITE_06380,ME,4240,12.0,-1.0,-1.0,330.0,-1.0,-1.0,2021-10-13,-1.0,-1.0,-9999,-9999
SITE_06381,ME,4240,6.0,-1.0,-1.0,400.0,-1.0,-1.0,2023-02-07,-1.0,-1.0,44.9111,-69.8794
SITE_06382,ME,4915,19.0,-1.0,-1.0,400.0,-1.0,-1.0,2023-11-29,-1.0,-1.0,44.7570,-68.7588
SITE_06383,ME,4005,10.92,-1.0,-1.0,420.0,-1.0,-1.0,2023-09-25,-1.0,-1.0,44.9020,-70.2417
SITE_06384,ME,3901,5.609999999999999,-1.0,-1.0,380.0,-1.0,-1.0,2024-04-30,-1.0,-1.0,45.9800,-69.4111
SITE_06385,ME,4989,861.0,-1.0,-1.0,-1.0,-1.0,-1.0,2020-12-30,-1.0,-1.0,45.0130,-68.2746
SITE_06386,ME,4072,11.34,-1.0,-1.0,420.0,-1.0,-1.0,2023-12-13,-1.0,-1.0,43.8970,-69.2634
SITE_06387,ME,4062,4.1,-1.0,-1.0,380.0,-1.0,-1.0,2020-12-22,-1.0,-1.0,45.7641,-68.1753
SITE_06388,ME,4252,6.0,-1.0,-1.0,400.0,-1.0,-1.0,2022-06-14,-1.0,-1.0,45.8152,-69.6347
SITE_06389,ME,4982,8.04,-1.0,-1.0,335.0,-1.0,-1.0,2019-05-24,-1.0,-1.0,44.2615,-69.8474
SITE_06390,ME,4253,16.25,-1.0,-1.0,325.0,-1.0,-1.0,2021-07-23,-1.0,-1.0,46.8840,-70.3515
SITE_06391,ME,4472,7.0,-1.0,-1.0,300.0,-1.0,-1.0,2017-10-13,-1.0,-1.0,43.7463,-70.3249
SITE_06392,ME,4282,4.375799999999999,-1.0,-1.0,395.0,-1.0,-1.0,2024-08-15,-1.0,-1.0,46.1434,-69.4612
SITE_06393,ME,4260,4.0,-1.0,-1.0,490.0,-1.0,-1.0,2023-02-22,-1.0,-1.0,45.8316,-68.5122
SITE_06394,ME,4258,21.07,-1.0,-1.0,490.0,-1.0,-1.0,2023-04-18,-1.0,-1.0,46.0943,-68.9240
SITE_06395,ME,4530,15.795,-1.0,-1.0,405.0,-1.0,-1.0,2023-08-07,-1.0,-1.0,46.1031,-69.1119
SITE_06396,ME,4011,4.225,-1.0,-1.0,325.0,-1.0,-1.0,2019-12-13,-1.0,-1.0,46.5902,-70.1677
SITE_06397,ME,4105,6.4,-1.0,-1.0,400.0,-1.0,-1.0,2023-01-10,-1.0,-1.0,46.8414,-69.0269
SITE_06398,ME,4106,7.0,-1.0,-1.0,395.0,-1.0,-1.0,2022-03-25,-1.0,-1.0,44.3769,-69.4427
SITE_06399,ME,4051,12.0,-1.0,-1.0,-1.0,-1.0,-1.0,2019-11-22,-1.0,-1.0,46.3013,-70.0885
SITE_06400,ME,4236,11.219999999999999,-1.0,-1.0,385.0,-1.0,-1.0,2024-02-28,-1.0,-1.0,46.6262,-70.2468
SITE_06401,ME,4976,3675.0,-1.0,-1.0,350.0,-1.0,-1.0,2020-11-22,-1.0,-1.0,45.4022,-69.5889
SITE_06402,ME,4989,68.93567999999999,-1.0,-1.0,480.0,-1.0,-1.0,2024-06-07,-1.0,-1.0,46.1322,-69.4097
SITE_06403,ME,4294,8.295,-1.0,-1.0,395.0,-1.0,-1.0,2023-05-22,-1.0,-1.0,46.7871,-69.6016
SITE_06404,ME,4263,6.731999999999999,-1.0,-1.0,500.0,-1.0,-1.0,2024-06-05,-1.0,-1.0,44.0795,-68.6279
SITE_06405,ME,4090,3.5,-1.0,-1.0,-1.0,-1.0,-1.0,2007-11-30,-1.0,-1.0,45.3268,-69.8471
SITE_06406,ME,4090,8.4,-1.0,-1.0,-1.0,-1.0,-1.0,2018-10-24,-1.0,-1.0,45.6428,-68.7017
SITE_06407,ME,4055,4.0,-1.0,-1.0,330.0,-1.0,-1.0,2019-06-07,-1.0,-1.0,46.8276,-69.9355
SITE_06408,ME,4915,9.12,-1.0,-1.0,-1.0,-1.0,-1.0,2021-01-06,-1.0,-1.0,43.7303,-68.0535
SITE_06409,ME,4032,6.0,-1.0,-1.0,255.0,-1.0,-1.0,2014-06-19,-1.0,-1.0,44.2705,-69.5531
SITE_06410,ME,4530,13.6,-1.0,-1.0,400.0,-1.0,-1.0,2023-06-19,-1.0,-1.0,45.4837,-68.7312
SITE_06411,ME,4072,11.219999999999999,-1.0,-1.0,550.0,-1.0,-1.0,2024-12-12,-1.0,-1.0,44.2738,-68.9501
SITE_06412,ME,3906,1.0,-1.0,-1.0,-1.0,-1.0,-1.0,2006-07-24,-1.0,-1.0,46.3202,-70.0106
SITE_06413,ME,4105,10.0,-1.0,-1.0,400.0,-1.0,-1.0,2021-11-24,-1.0,-1.0,44.9932,-69.4516
SITE_06414,ME,4009,13.86,-1.0,-1.0,420.0,-1.0,-1.0,2023-04-18,-1.0,-1.0,46.1335,-69.8718
SITE_06415,ME,4046,9.9,-1.0,-1.0,-1.0,-1.0,-1.0,2016-11-14,-1.0,-1.0,45.2356,-68.3482
SITE_06416,ME,4088,19.0,-1.0,-1.0,-1.0,-1.0,-1.0,2014-01-27,-1.0,-1.0,46.3274,-70.0484
SITE_06417,ME,4032,8.55,-1.0,-1.0,-1.0,-1.0,-1.0,2015-05-11,-1.0,-1.0,45.4823,-68.2736
SITE_06418,ME,4061,2.7,-1.0,-1.0,-1.0,-1.0,-1.0,2002-06-04,-1.0,-1.0,43.9926,-68.1329
SITE_06419,ME,4021,7.245,-1.0,-1.0,-1.0,-1.0,-1.0,2016-12-06,-1.0,-1.0,44.4377,-68.1794
SITE_06420,ME,4073,11.475,-1.0,-1.0,425.0,-1.0,-1.0,2021-05-14,-1.0,-1.0,43.9338,-68.9888
SITE_06421,ME,4092,4.25,-1.0,-1.0,425.0,-1.0,-1.0,2023-08-14,-1.0,-1.0,45.9012,-69.8351
SITE_06422,ME,4096,14.0,-1.0,-1.0,-1.0,-1.0,-1.0,2017-10-27,-1.0,-1.0,43.7359,-69.8186
SITE_06423,ME,4843,22.75,-1.0,-1.0,325.0,-1.0,-1.0,2020-03-13,-1.0,-1.0,45.3924,-68.1125
SITE_06424,ME,4937,9.4248,-1.0,-1.0,405.0,-1.0,-1.0,2024-04-08,-1.0,-1.0,46.0580,-68.9662
SITE_06425,ME,3903,13.0,-1.0,-1.0,-1.0,-1.0,-1.0,2017-05-12,-1.0,-1.0,45.9617,-68.2671
SITE_06426,ME,4032,9.92,-1.0,-1.0,-1.0,-1.0,-1.0,2019-06-28,-1.0,-1.0,46.4320,-68.1934
SITE_06427,ME,4105,9.0,-1.0,-1.0,-1.0,-1.0,-1.0,2012-08-28,-1.0,-1.0,46.1566,-68.2844
SITE_06428,ME,4572,9.0,-1.0,-1.0,290.0,-1.0,-1.0,2017-12-29,-1.0,-1.0,45.8367,-69.1154
SITE_06429,ME,4553,6.0,-1.0,-1.0,-1.0,-1.0,-1.0,2016-05-03,-1.0,-1.0,46.8914,-70.0355
SITE_06430,ME,4040,12.0,-1.0,-1.0,325.0,-1.0,-1.0,2019-11-08,-1.0,-1.0,44.5024,-69.6496
SITE_06431,ME,4027,5.609999999999999,-1.0,-1.0,385.0,-1.0,-1.0,2024-05-10,-1.0,-1.0,46.6019,-68.1518
SITE_06432,ME,4011,14.175,-1.0,-1.0,405.0,-1.0,-1.0,2024-01-18,-1.0,-1.0,45.2847,-68.6281
SITE_06433,ME,4043,7.0,-1.0,-1.0,305.0,-1.0,-1.0,2018-05-15,-1.0,-1.0,44.0070,-69.2401
SITE_06434,ME,4849,15.0,-1.0,-1.0,-1.0,-1.0,-1.0,2014-10-27,-1.0,-1.0,44.1687,-69.9309
SITE_06435,ME,4969,8.527199999999999,-1.0,-1.0,425.0,-1.0,-1.0,2024-08-28,-1.0,-1.0,45.6187,-69.6159
SITE_06436,ME,4548,10.0,-1.0,-1.0,545.0,-1.0,-1.0,2024-02-23,-1.0,-1.0,44.5616,-70.2671
SITE_06437,ME,4219,6.0,-1.0,-1.0,325.0,-1.0,-1.0,2020-01-17,-1.0,-1.0,45.6294,-70.0244
SITE_06438,ME,4107,8.527199999999999,-1.0,-1.0,405.0,-1.0,-1.0,2024-07-01,-1.0,-1.0,43.8182,-68.0348
SITE_06439,ME,4538,23.4,-1.0,-1.0,-1.0,-1.0,-1.0,2020-08-13,-1.0,-1.0,44.4093,-68.6822
SITE_06440,ME,4075,14.52,-1.0,-1.0,330.0,-1.0,-1.0,2021-04-13,-1.0,-1.0,46.4418,-70.3566
SITE_06441,ME,4105,10.935,-1.0,-1.0,405.0,-1.0,-1.0,2022-06-15,-1.0,-1.0,46.3625,-70.2151
SITE_06442,ME,4011,2.0,-1.0,-1.0,-1.0,-1.0,-1.0,2006-05-25,-1.0,-1.0,44.4267,-69.5492
SITE_06443,ME,4040,22.439999999999998,-1.0,-1.0,430.0,-1.0,-1.0,2024-12-17,-1.0,-1.0,45.9694,-69.0553
SITE_06444,ME,4105,13.69,-1.0,-1.0,370.0,-1.0,-1.0,2022-09-16,-1.0,-1.0,45.9370,-68.2546
SITE_06445,ME,4092,16.1568,-1.0,-1.0,395.0,-1.0,-1.0,2024-07-22,-1.0,-1.0,43.8189,-70.1181
SITE_06446,ME,4263,5.609999999999999,-1.0,-1.0,405.0,-1.0,-1.0,2024-07-23,-1.0,-1.0,46.2356,-68.7485
SITE_06447,ME,4210,12.0,-1.0,-1.0,325.0,-1.0,-1.0,2021-12-29,-1.0,-1.0,45.1174,-69.7800
SITE_06448,ME,4240,8.64,-1.0,-1.0,480.0,-1.0,-1.0,2023-06-03,-1.0,-1.0,44.5822,-68.5413
SITE_06449,ME,3903,10.0,-1.0,-1.0,500.0,-1.0,-1.0,2023-08-23,-1.0,-1.0,44.3673,-69.4264
SITE_06450,ME,4038,5.39,-1.0,-1.0,385.0,-1.0,-1.0,2024-01-08,-1.0,-1.0,44.2680,-69.2734
SITE_06451,ME,4106,8.395,-1.0,-1.0,365.0,-1.0,-1.0,2019-05-24,-1.0,-1.0,44.9780,-68.8563
SITE_06452,ME,4106,4.263599999999999,-1.0,-1.0,420.0,-1.0,-1.0,2024-02-28,-1.0,-1.0,44.0549,-70.1264
SITE_06453,ME,3904,7.0,-1.0,-1.0,430.0,-1.0,-1.0,2022-06-22,-1.0,-1.0,45.3651,-69.8612
SITE_06454,ME,4472,25.2,-1.0,-1.0,450.0,-1.0,-1.0,2023-08-25,-1.0,-1.0,44.2616,-68.8248
SITE_06455,ME,4040,2.75,-1.0,-1.0,250.0,-1.0,-1.0,2015-04-17,-1.0,-1.0,45.3674,-69.8054
SITE_06456,ME,4011,4.0,-1.0,-1.0,300.0,-1.0,-1.0,2017-07-07,-1.0,-1.0,45.0912,-69.4294
SITE_06457,ME,4270,7.0,-1.0,-1.0,400.0,-1.0,-1.0,2022-05-18,-1.0,-1.0,43.9001,-69.5144
SITE_06458,ME,4984,3.2,-1.0,-1.0,400.0,-1.0,-1.0,2023-07-26,-1.0,-1.0,44.3519,-70.3981
SITE_06459,ME,4227,7.98,-1.0,-1.0,-1.0,-1.0,-1.0,2016-11-18,-1.0,-1.0,46.8267,-68.2315
SITE_06460,ME,4920,7.068599999999999,-1.0,-1.0,350.0,-1.0,-1.0,2024-11-25,-1.0,-1.0,46.8450,-68.5661
SITE_06461,ME,4107,9.0,-1.0,-1.0,400.0,-1.0,-1.0,2022-09-30,-1.0,-1.0,45.9260,-69.9015
SITE_06462,ME,4103,3.3659999999999997,-1.0,-1.0,425.0,-1.0,-1.0,2024-03-21,-1.0,-1.0,44.7290,-70.1648
SITE_06463,ME,-1,12.341999999999999,-1.0,-1.0,490.0,-1.0,-1.0,2024-04-15,-1.0,-1.0,46.1308,-70.2714
SITE_06464,ME,4074,2.76,-1.0,-1.0,-1.0,-1.0,-1.0,2009-12-08,-1.0,-1.0,46.8897,-69.8116
SITE_06465,ME,4973,5.609999999999999,-1.0,-1.0,410.0,-1.0,-1.0,2024-07-05,-1.0,-1.0,44.6296,-68.8192
SITE_06466,ME,4090,10.0,-1.0,-1.0,400.0,-1.0,-1.0,2022-12-28,-1.0,-1.0,46.5653,-69.1182
SITE_06467,ME,4011,11.2,-1.0,-1.0,400.0,-1.0,-1.0,2022-05-02,-1.0,-1.0,44.1603,-68.8714
SITE_06468,ME,4901,13.44,-1.0,-1.0,480.0,-1.0,-1.0,2023-04-25,-1.0,-1.0,46.5771,-68.5675
SITE_06469,ME,4021,8.527199999999999,-1.0,-1.0,425.0,-1.0,-1.0,2024-07-03,-1.0,-1.0,44.5555,-68.6147
SITE_06470,ME,4256,7.405199999999999,-1.0,-1.0,390.0,-1.0,-1.0,2024-04-01,-1.0,-1.0,44.2557,-68.7200
SITE_06471,ME,4237,10.0,-1.0,-1.0,320.0,-1.0,-1.0,2020-05-20,-1.0,-1.0,45.8012,-69.4653
SITE_06472,ME,4086,6.462719999999999,-1.0,-1.0,405.0,-1.0,-1.0,2024-06-26,-1.0,-1.0,46.8970,-70.2537
SITE_06473,ME,4357,12.790799999999999,-1.0,-1.0,500.0,-1.0,-1.0,2024-11-15,-1.0,-1.0,45.1289,-70.2095
SITE_06474,ME,4268,12.0,-1.0,-1.0,380.0,-1.0,-1.0,2022-06-13,-1.0,-1.0,44.3454,-70.1998
SITE_06475,ME,4237,8.0,-1.0,-1.0,400.0,-1.0,-1.0,2022-06-01,-1.0,-1.0,44.3059,-69.2271
SITE_06476,ME,4086,3.5,-1.0,-1.0,500.0,-1.0,-1.0,2023-09-01,-1.0,-1.0,44.6810,-68.8646
SITE_06477,ME,4092,4.375799999999999,-1.0,-1.0,420.0,-1.0,-1.0,2024-10-21,-1.0,-1.0,46.4861,-68.9931
SITE_06478,ME,4049,8.4,-1.0,-1.0,400.0,-1.0,-1.0,2023-08-23,-1.0,-1.0,44.4765,-68.4231
SITE_06479,ME,4547,4.4,-1.0,-1.0,330.0,-1.0,-1.0,2021-06-26,-1.0,-1.0,44.5221,-68.4079
SITE_06480,ME,4974,8.64,-1.0,-1.0,360.0,-1.0,-1.0,2019-10-25,-1.0,-1.0,44.3542,-69.1160
SITE_06481,ME,4854,46.0,-1.0,-1.0,-1.0,-1.0,-1.0,2022-02-25,-1.0,-1.0,46.0513,-69.3732
SITE_06482,ME,4216,7.0,-1.0,-1.0,350.0,-1.0,-1.0,2018-12-28,-1.0,-1.0,44.7252,-69.6138
SITE_06483,ME,4984,7.68,-1.0,-1.0,320.0,-1.0,-1.0,2019-09-27,-1.0,-1.0,45.7707,-69.0210
SITE_06484,ME,4849,8.4,-1.0,-1.0,400.0,-1.0,-1.0,2023-06-28,-1.0,-1.0,46.1787,-69.3291
SITE_06485,ME,4009,9.86,-1.0,-1.0,-1.0,-1.0,-1.0,2018-01-05,-1.0,-1.0,46.3607,-68.2140
SITE_06486,ME,4947,7.92,-1.0,-1.0,-1.0,-1.0,-1.0,2012-11-02,-1.0,-1.0,45.1335,-68.7901
SITE_06487,ME,4270,24.9,-1.0,-1.0,415.0,-1.0,-1.0,2023-04-13,-1.0,-1.0,44.3065,-69.6676
SITE_06488,ME,4038,6.0,-1.0,-1.0,320.0,-1.0,-1.0,2019-08-16,-1.0,-1.0,46.2906,-68.5872
SITE_06489,ME,4548,7.665,-1.0,-1.0,365.0,-1.0,-1.0,2022-03-25,-1.0,-1.0,43.7417,-68.9249
SITE_06490,ME,4021,14.25,-1.0,-1.0,375.0,-1.0,-1.0,2020-07-22,-1.0,-1.0,45.2198,-68.0995
SITE_06491,ME,4938,6.4,-1.0,-1.0,400.0,-1.0,-1.0,2022-08-24,-1.0,-1.0,44.9089,-68.1606
SITE_06492,ME,4027,11.219999999999999,-1.0,-1.0,390.0,-1.0,-1.0,2024-07-30,-1.0,-1.0,46.3206,-68.2148
SITE_06493,ME,4086,10.24,-1.0,-1.0,320.0,-1.0,-1.0,2020-02-24,-1.0,-1.0,44.7075,-70.1781
SITE_06494,ME,4350,8.527199999999999,-1.0,-1.0,405.0,-1.0,-1.0,2024-05-10,-1.0,-1.0,46.4621,-69.8631
SITE_06495,ME,4083,11.219999999999999,-1.0,-1.0,545.0,-1.0,-1.0,2024-04-25,-1.0,-1.0,45.4736,-69.8225
SITE_06496,ME,4104,6.0,-1.0,-1.0,-1.0,-1.0,-1.0,2019-01-19,-1.0,-1.0,43.7156,-68.5426
SITE_06497,ME,4530,4.0,-1.0,-1.0,400.0,-1.0,-1.0,2023-02-27,-1.0,-1.0,43.9209,-69.9254
SITE_06498,ME,4221,7.6,-1.0,-1.0,400.0,-1.0,-1.0,2021-09-20,-1.0,-1.0,-9999,-9999
SITE_06499,ME,4106,4.55,-1.0,-1.0,325.0,-1.0,-1.0,2019-12-20,-1.0,-1.0,46.1068,-68.0488
SITE_06500,ME,3907,6.885,-1.0,-1.0,405.0,-1.0,-1.0,2024-01-02,-1.0,-1.0,44.4859,-70.2475
SITE_06501,ME,4937,6.731999999999999,-1.0,-1.0,410.0,-1.0,-1.0,2024-11-01,-1.0,-1.0,46.7177,-70.1941
SITE_06502,ME,4330,2.1,-1.0,-1.0,-1.0,-1.0,-1.0,2008-03-27,-1.0,-1.0,46.4810,-69.0364
SITE_06503,ME,4945,0.4488,-1.0,-1.0,-1.0,-1.0,-1.0,2005-08-15,-1.0,-1.0,46.6332,-70.1289
SITE_06504,ME,4064,1.02,-1.0,-1.0,-1.0,-1.0,-1.0,2009-11-18,-1.0,-1.0,44.0640,-70.3704
SITE_06505,ME,4260,9.0,-1.0,-1.0,-1.0,-1.0,-1.0,2013-12-19,-1.0,-1.0,44.1149,-68.1169
SITE_06506,ME,4051,7.48,-1.0,-1.0,340.0,-1.0,-1.0,2021-08-25,-1.0,-1.0,45.8715,-69.2589
SITE_06507,ME,4949,9.45,-1.0,-1.0,-1.0,-1.0,-1.0,2016-08-25,-1.0,-1.0,46.0626,-68.9276
SITE_06508,ME,4976,9.0,-1.0,-1.0,450.0,-1.0,-1.0,2022-08-04,-1.0,-1.0,46.4096,-70.2245
SITE_06509,ME,4352,8.0,-1.0,-1.0,-1.0,-1.0,-1.0,2014-02-19,-1.0,-1.0,45.4080,-70.0427
SITE_06510,ME,4258,8.3,-1.0,-1.0,415.0,-1.0,-1.0,2022-11-18,-1.0,-1.0,45.4764,-69.1689
SITE_06511,ME,4005,10.005,-1.0,-1.0,435.0,-1.0,-1.0,2023-07-17,-1.0,-1.0,43.8068,-69.4869
SITE_06512,ME,4938,19.5,-1.0,-1.0,490.0,-1.0,-1.0,2019-08-23,-1.0,-1.0,44.2649,-69.5526
SITE_06513,ME,4011,11.498255999999998,-1.0,-1.0,420.0,-1.0,-1.0,2024-08-27,-1.0,-1.0,44.7992,-69.8601
SITE_06514,ME,4294,4.263599999999999,-1.0,-1.0,430.0,-1.0,-1.0,2024-11-15,-1.0,-1.0,45.0771,-70.2105
SITE_06515,ME,4860,6.731999999999999,-1.0,-1.0,390.0,-1.0,-1.0,2024-07-03,-1.0,-1.0,45.1766,-70.0756
SITE_06516,ME,4574,4.225,-1.0,-1.0,325.0,-1.0,-1.0,2020-03-12,-1.0,-1.0,44.7866,-70.0645
SITE_06517,ME,4274,11.0,-1.0,-1.0,320.0,-1.0,-1.0,2018-11-01,-1.0,-1.0,43.8162,-68.9906
SITE_06518,ME,4578,6790.0,-1.0,-1.0,-1.0,-1.0,-1.0,2023-07-28,-1.0,-1.0,46.5628,-69.9150
SITE_06519,ME,4345,8.5,-1.0,-1.0,425.0,-1.0,-1.0,2023-09-28,-1.0,-1.0,45.9916,-69.2699
SITE_06520,ME,3904,4.0392,-1.0,-1.0,410.0,-1.0,-1.0,2024-04-05,-1.0,-1.0,45.0268,-69.9256
SITE_06521,ME,4965,3.0,-1.0,-1.0,400.0,-1.0,-1.0,2023-03-17,-1.0,-1.0,46.5617,-69.4762
SITE_06522,ME,4090,5.18364,-1.0,-1.0,405.0,-1.0,-1.0,2024-06-20,-1.0,-1.0,44.2321,-69.5500
SITE_06523,ME,4553,15.707999999999998,-1.0,-1.0,425.0,-1.0,-1.0,2024-09-20,-1.0,-1.0,45.4339,-69.4798
SITE_06524,ME,4351,690.0,-1.0,-1.0,-1.0,-1.0,-1.0,2024-07-11,-1.0,-1.0,43.8533,-70.2700
SITE_06525,ME,4090,7.0,-1.0,-1.0,-1.0,-1.0,-1.0,2015-01-16,-1.0,-1.0,46.4626,-69.7784
SITE_06526,ME,4556,10.0,-1.0,-1.0,400.0,-1.0,-1.0,2023-06-19,-1.0,-1.0,45.0538,-68.4849
SITE_06527,ME,4957,7000.0,-1.0,-1.0,400.0,-1.0,-1.0,2022-03-28,-1.0,-1.0,46.6346,-68.4956
SITE_06528,ME,4915,7.0,-1.0,-1.0,420.0,-1.0,-1.0,2023-10-24,-1.0,-1.0,45.6554,-70.1296
SITE_06529,ME,4072,4.34,-1.0,-1.0,-1.0,-1.0,-1.0,2020-02-25,-1.0,-1.0,46.8921,-68.2342
SITE_06530,ME,4048,16.2,-1.0,-1.0,405.0,-1.0,-1.0,2023-11-13,-1.0,-1.0,46.0199,-68.5406
SITE_06531,ME,4849,3.22,-1.0,-1.0,230.0,-1.0,-1.0,2010-08-19,-1.0,-1.0,45.7925,-69.5834
SITE_06532,ME,4849,12.82,-1.0,-1.0,440.0,-1.0,-1.0,2011-01-28,-1.0,-1.0,44.2562,-70.3524
SITE_06533,ME,4017,3.0,-1.0,-1.0,-1.0,-1.0,-1.0,2014-06-17,-1.0,-1.0,45.4737,-68.1537
SITE_06534,ME,4348,7.0,-1.0,-1.0,410.0,-1.0,-1.0,2023-10-05,-1.0,-1.0,44.7283,-70.0832
SITE_06535,ME,4862,11.52,-1.0,-1.0,-1.0,-1.0,-1.0,2016-06-14,-1.0,-1.0,46.4744,-69.8651
SITE_06536,ME,4096,8.64,-1.0,-1.0,320.0,-1.0,-1.0,2020-08-12,-1.0,-1.0,46.3451,-68.2416
SITE_06537,ME,4107,6.4,-1.0,-1.0,400.0,-1.0,-1.0,2022-07-07,-1.0,-1.0,44.0110,-70.3055
SITE_06538,ME,4951,5.4,-1.0,-1.0,-1.0,-1.0,-1.0,2017-09-08,-1.0,-1.0,45.2602,-68.5094
SITE_06539,ME,4008,8.0784,-1.0,-1.0,395.0,-1.0,-1.0,2024-08-26,-1.0,-1.0,46.4909,-69.5223
SITE_06540,ME,4226,6.0,-1.0,-1.0,-1.0,-1.0,-1.0,2014-05-05,-1.0,-1.0,44.1604,-69.5612
SITE_06541,ME,-1,11.219999999999999,-1.0,-1.0,500.0,-1.0,-1.0,2023-09-05,-1.0,-1.0,46.4551,-69.1896
SITE_06542,ME,4854,7.0,-1.0,-1.0,400.0,-1.0,-1.0,2023-11-03,-1.0,-1.0,45.4115,-69.7285
SITE_06543,ME,4005,39.0,-1.0,-1.0,480.0,-1.0,-1.0,2023-07-11,-1.0,-1.0,43.8054,-68.2812
SITE_06544,ME,4854,12.0,-1.0,-1.0,400.0,-1.0,-1.0,2023-11-14,-1.0,-1.0,44.8069,-68.4962
SITE_06545,ME,4856,8.32,-1.0,-1.0,320.0,-1.0,-1.0,2021-12-17,-1.0,-1.0,44.4944,-68.9280
SITE_06546,ME,4548,3.4,-1.0,-1.0,340.0,-1.0,-1.0,2021-07-07,-1.0,-1.0,46.6611,-68.3940
SITE_06547,ME,4284,4.263599999999999,-1.0,-1.0,410.0,-1.0,-1.0,2024-08-08,-1.0,-1.0,44.5530,-70.3630
SITE_06548,ME,4046,9.0,-1.0,-1.0,430.0,-1.0,-1.0,2020-09-28,-1.0,-1.0,45.5715,-69.5047
SITE_06549,ME,4106,6.0,-1.0,-1.0,-1.0,-1.0,-1.0,2015-08-31,-1.0,-1.0,44.2491,-68.6068
SITE_06550,ME,3901,11.219999999999999,-1.0,-1.0,-1.0,-1.0,-1.0,2024-06-17,-1.0,-1.0,45.4321,-69.6137
SITE_06551,ME,4037,9.0,-1.0,-1.0,365.0,-1.0,-1.0,2019-01-25,-1.0,-1.0,44.7147,-68.8128
SITE_06552,ME,3909,12.555,-1.0,-1.0,405.0,-1.0,-1.0,2023-10-03,-1.0,-1.0,44.8619,-68.1707
SITE_06553,ME,4217,7.0,-1.0,-1.0,320.0,-1.0,-1.0,2018-06-06,-1.0,-1.0,-9999,-9999
SITE_06554,ME,4074,1.0,-1.0,-1.0,-1.0,-1.0,-1.0,2006-04-04,-1.0,-1.0,44.5675,-69.3506
SITE_06555,ME,4862,3.0,-1.0,-1.0,-1.0,-1.0,-1.0,2017-12-22,-1.0,-1.0,46.5052,-69.1894
SITE_06556,ME,4021,6.0,-1.0,-1.0,400.0,-1.0,-1.0,2023-11-08,-1.0,-1.0,44.2959,-69.2717
SITE_06557,ME,3906,6.82,-1.0,-1.0,-1.0,-1.0,-1.0,2018-04-30,-1.0,-1.0,44.9951,-68.7470
SITE_06558,ME,4071,8.0,-1.0,-1.0,-1.0,-1.0,-1.0,2017-11-24,-1.0,-1.0,45.9747,-68.2688
SITE_06559,ME,4282,6.48,-1.0,-1.0,360.0,-1.0,-1.0,2019-07-05,-1.0,-1.0,44.4368,-69.5835
SITE_06560,ME,4260,12.0,-1.0,-1.0,300.0,-1.0,-1.0,2017-06-19,-1.0,-1.0,44.5476,-69.6544
SITE_06561,ME,4011,7.0,-1.0,-1.0,400.0,-1.0,-1.0,2023-08-04,-1.0,-1.0,46.5000,-68.7101
SITE_06562,ME,4236,12.0,-1.0,-1.0,500.0,-1.0,-1.0,2023-10-03,-1.0,-1.0,44.6147,-69.0241
SITE_06563,ME,4084,6.715,-1.0,-1.0,395.0,-1.0,-1.0,2020-08-20,-1.0,-1.0,44.9014,-69.8757
SITE_06564,ME,4289,7.8,-1.0,-1.0,325.0,-1.0,-1.0,2019-05-08,-1.0,-1.0,45.6067,-68.2144
SITE_06565,ME,4345,10.05312,-1.0,-1.0,420.0,-1.0,-1.0,2024-03-07,-1.0,-1.0,44.9821,-69.9329
SITE_06566,ME,4538,8.527199999999999,-1.0,-1.0,425.0,-1.0,-1.0,2024-09-26,-1.0,-1.0,46.6601,-69.9461
SITE_06567,ME,4105,9.6,-1.0,-1.0,400.0,-1.0,-1.0,2022-09-30,-1.0,-1.0,44.2410,-69.7593
SITE_06568,ME,4009,9.6,-1.0,-1.0,-1.0,-1.0,-1.0,2019-10-11,-1.0,-1.0,44.7608,-69.2717
SITE_06569,ME,4353,7.0,-1.0,-1.0,-1.0,-1.0,-1.0,2015-06-12,-1.0,-1.0,43.8476,-69.7966
SITE_06570,ME,4260,25.581599999999998,-1.0,-1.0,405.0,-1.0,-1.0,2024-04-02,-1.0,-1.0,43.7179,-69.7425
SITE_06571,ME,4210,9.72,-1.0,-1.0,405.0,-1.0,-1.0,2023-05-05,-1.0,-1.0,46.1313,-68.5805
SITE_06572,ME,4106,3.0,-1.0,-1.0,305.0,-1.0,-1.0,2018-01-10,-1.0,-1.0,45.9835,-69.1875
SITE_06573,ME,4930,7.0,-1.0,-1.0,-1.0,-1.0,-1.0,2017-05-19,-1.0,-1.0,46.8471,-69.4505
SITE_06574,ME,4010,9.455,-1.0,-1.0,-1.0,-1.0,-1.0,2015-10-15,-1.0,-1.0,46.8817,-68.9187
SITE_06575,ME,4350,6.0588,-1.0,-1.0,395.0,-1.0,-1.0,2024-09-10,-1.0,-1.0,46.2453,-69.3739
SITE_06576,ME,4102,27.54,-1.0,-1.0,405.0,-1.0,-1.0,2023-04-10,-1.0,-1.0,45.8334,-68.7570
SITE_06577,ME,4862,9.0,-1.0,-1.0,385.0,-1.0,-1.0,2024-02-09,-1.0,-1.0,44.8494,-70.0306
SITE_06578,ME,4049,17.054399999999998,-1.0,-1.0,550.0,-1.0,-1.0,2024-06-13,-1.0,-1.0,44.6550,-69.4207
SITE_06579,ME,4010,5.52,-1.0,-1.0,-1.0,-1.0,-1.0,2011-12-06,-1.0,-1.0,45.3410,-69.3750
SITE_06580,ME,4092,4.0,-1.0,-1.0,405.0,-1.0,-1.0,2023-10-06,-1.0,-1.0,45.4355,-68.1468
SITE_06581,ME,4106,6.6,-1.0,-1.0,330.0,-1.0,-1.0,2021-08-30,-1.0,-1.0,46.5078,-69.3640
SITE_06582,ME,4093,5.4,-1.0,-1.0,-1.0,-1.0,-1.0,2017-05-10,-1.0,-1.0,46.7075,-70.1982
SITE_06583,ME,4106,3.84,-1.0,-1.0,-1.0,-1.0,-1.0,2019-04-24,-1.0,-1.0,44.3775,-69.6146
SITE_06584,ME,4438,4.263599999999999,-1.0,-1.0,400.0,-1.0,-1.0,2024-11-13,-1.0,-1.0,43.9612,-68.2172
SITE_06585,ME,4021,11.88,-1.0,-1.0,-1.0,-1.0,-1.0,2014-11-04,-1.0,-1.0,44.5930,-69.5605
SITE_06586,ME,4330,1.8,-1.0,-1.0,-1.0,-1.0,-1.0,2017-09-22,-1.0,-1.0,46.7946,-69.6102
SITE_06587,ME,4092,9.02,-1.0,-1.0,410.0,-1.0,-1.0,2023-08-23,-1.0,-1.0,45.6068,-69.4505
SITE_06588,ME,3901,9.088199999999999,-1.0,-1.0,400.0,-1.0,-1.0,2024-07-29,-1.0,-1.0,45.2511,-68.1065
SITE_06589,ME,4270,10.097999999999999,-1.0,-1.0,395.0,-1.0,-1.0,2024-07-19,-1.0,-1.0,45.8041,-69.2633
SITE_06590,ME,4101,7.0,-1.0,-1.0,-1.0,-1.0,-1.0,2019-03-11,-1.0,-1.0,45.1133,-70.3909
SITE_06591,ME,4848,32.5,-1.0,-1.0,400.0,-1.0,-1.0,2020-11-18,-1.0,-1.0,44.1302,-70.3579
SITE_06592,ME,4268,3.0,-1.0,-1.0,240.0,-1.0,-1.0,2018-04-27,-1.0,-1.0,45.6597,-69.5802
SITE_06593,ME,4353,18.72,-1.0,-1.0,-1.0,-1.0,-1.0,2016-09-23,-1.0,-1.0,46.0237,-69.4622
SITE_06594,ME,4342,13.95,-1.0,-1.0,-1.0,-1.0,-1.0,2014-08-27,-1.0,-1.0,44.7948,-68.6035
SITE_06595,ME,3904,7.0,-1.0,-1.0,-1.0,-1.0,-1.0,2015-10-14,-1.0,-1.0,43.7692,-68.7296
SITE_06596,ME,4032,4.86,-1.0,-1.0,405.0,-1.0,-1.0,2024-02-23,-1.0,-1.0,46.2842,-69.6971
SITE_06597,ME,4005,322.0,-1.0,-1.0,400.0,-1.0,-1.0,2024-02-23,-1.0,-1.0,43.7278,-68.6746
SITE_06598,ME,4038,6.0588,-1.0,-1.0,425.0,-1.0,-1.0,2024-05-01,-1.0,-1.0,46.3997,-69.0720
SITE_06599,ME,4105,21.4302,-1.0,-1.0,500.0,-1.0,-1.0,2024-07-12,-1.0,-1.0,45.1062,-68.9742
SITE_06600,ME,4917,20.16,-1.0,-1.0,360.0,-1.0,-1.0,2019-07-05,-1.0,-1.0,44.9733,-68.1112
SITE_06601,ME,4074,6.731999999999999,-1.0,-1.0,385.0,-1.0,-1.0,2024-02-27,-1.0,-1.0,44.6869,-68.0331
SITE_06602,ME,4079,10.0,-1.0,-1.0,420.0,-1.0,-1.0,2021-01-25,-1.0,-1.0,45.4176,-68.4417
SITE_06603,ME,4008,3.22,-1.0,-1.0,230.0,-1.0,-1.0,2010-10-01,-1.0,-1.0,46.7941,-68.0467
SITE_06604,ME,3909,1.0,-1.0,-1.0,285.0,-1.0,-1.0,2016-11-23,-1.0,-1.0,46.1121,-68.9080
SITE_06605,ME,3908,8.32,-1.0,-1.0,320.0,-1.0,-1.0,2019-02-22,-1.0,-1.0,44.2069,-68.3468
SITE_06606,ME,4038,6.462719999999999,-1.0,-1.0,400.0,-1.0,-1.0,2024-12-13,-1.0,-1.0,46.0034,-68.1499
SITE_06607,ME,4330,0.96,-1.0,-1.0,240.0,-1.0,-1.0,2012-07-23,-1.0,-1.0,44.3916,-69.9286
SITE_06608,ME,4854,16.65,-1.0,-1.0,370.0,-1.0,-1.0,2023-11-08,-1.0,-1.0,45.9704,-68.4385
SITE_06609,ME,4097,24.0,-1.0,-1.0,405.0,-1.0,-1.0,2023-05-08,-1.0,-1.0,44.5763,-68.9742
SITE_06610,ME,4530,8.91,-1.0,-1.0,405.0,-1.0,-1.0,2023-08-14,-1.0,-1.0,44.6539,-68.7426
SITE_06611,ME,4927,11.219999999999999,-1.0,-1.0,-1.0,-1.0,-1.0,2024-09-24,-1.0,-1.0,45.5484,-70.2880
SITE_06612,ME,4236,7.1864099999999995,-1.0,-1.0,260.0,-1.0,-1.0,2009-12-07,-1.0,-1.0,45.0690,-68.3067
SITE_06613,ME,4253,5.385599999999999,-1.0,-1.0,350.0,-1.0,-1.0,2024-10-09,-1.0,-1.0,45.0250,-69.9730
SITE_06614,ME,4841,11.0,-1.0,-1.0,375.0,-1.0,-1.0,2020-09-16,-1.0,-1.0,46.5950,-69.5594
SITE_06615,ME,4062,7.853999999999999,-1.0,-1.0,400.0,-1.0,-1.0,2023-11-13,-1.0,-1.0,43.9221,-69.2965
SITE_06616,ME,4078,12.790799999999999,-1.0,-1.0,420.0,-1.0,-1.0,2024-03-18,-1.0,-1.0,46.4050,-68.4334
SITE_06617,ME,4261,29.0,-1.0,-1.0,-1.0,-1.0,-1.0,2017-02-14,-1.0,-1.0,46.0821,-68.6369
SITE_06618,ME,4071,15.0,-1.0,-1.0,-1.0,-1.0,-1.0,2021-12-03,-1.0,-1.0,45.4163,-69.2633
SITE_06619,ME,4074,8.1,-1.0,-1.0,405.0,-1.0,-1.0,2023-12-07,-1.0,-1.0,-9999,-9999
SITE_06620,ME,4002,4.7124,-1.0,-1.0,395.0,-1.0,-1.0,2024-08-27,-1.0,-1.0,45.1962,-69.3998
SITE_06621,ME,3908,10.0,-1.0,-1.0,370.0,-1.0,-1.0,2022-09-28,-1.0,-1.0,44.5679,-68.7286
SITE_06622,ME,4355,6.0,-1.0,-1.0,405.0,-1.0,-1.0,2024-01-23,-1.0,-1.0,46.2899,-68.9643
SITE_06623,RI,-1,2.4,-1.0,-1.0,10.0,-1.0,-1.0,2014-06-30,-1.0,-1.0,41.8957,-71.5918
SITE_06624,RI,-1,5.88,-1.0,-1.0,24.0,-1.0,0.0,2019-09-26,-1.0,0.0,41.7725,-71.5644
SITE_06625,RI,-1,3.92,-1.0,-1.0,16.0,-1.0,0.0,2014-10-30,-1.0,0.0,41.8723,-71.4658
SITE_06626,RI,-1,1.56,-1.0,-1.0,6.0,-1.0,0.0,2013-10-23,-1.0,0.0,41.7051,-71.3116
SITE_06627,RI,-1,3.97,-1.0,-1.0,15.0,-1.0,0.0,2013-11-26,-1.0,0.0,41.8646,-71.6772
SITE_06628,RI,-1,4.5,-1.0,-1.0,18.0,-1.0,0.0,2014-01-28,-1.0,0.0,41.5149,-71.4594
SITE_06629,RI,-1,7.15,-1.0,-1.0,27.0,-1.0,0.0,2013-07-07,-1.0,0.0,41.5288,-71.3530
SITE_06630,RI,-1,2.75,-1.0,-1.0,10.0,-1.0,0.0,2014-10-01,-1.0,0.0,41.5014,-71.4416
SITE_06631,RI,-1,6.12,-1.0,-1.0,24.0,-1.0,0.0,2018-05-01,-1.0,0.0,41.8664,-71.6782
SITE_06632,RI,-1,5.5,-1.0,-1.0,22.0,-1.0,0.0,2015-05-07,-1.0,0.0,41.8044,-71.6409
SITE_06633,RI,-1,3.85,-1.0,-1.0,14.0,-1.0,0.0,2015-07-22,-1.0,0.0,41.6705,-71.3646
SITE_06634,RI,-1,5.5,-1.0,-1.0,20.0,-1.0,0.0,2016-01-25,-1.0,0.0,41.8543,-71.4628
SITE_06635,RI,-1,6.72,-1.0,-1.0,24.0,-1.0,0.0,2015-09-25,-1.0,0.0,41.6537,-71.4656
SITE_06636,RI,-1,5.6,-1.0,-1.0,20.0,-1.0,0.0,2015-04-10,-1.0,0.0,41.5852,-71.5175
SITE_06637,RI,-1,3.92,-1.0,-1.0,14.0,-1.0,0.0,2015-08-03,-1.0,0.0,41.5880,-71.3883
SITE_06638,RI,-1,7.0,-1.0,-1.0,25.0,-1.0,0.0,2015-07-07,-1.0,0.0,41.5116,-71.4205
SITE_06639,RI,-1,11.2,-1.0,-1.0,40.0,-1.0,0.0,2015-07-15,-1.0,0.0,41.6811,-71.5730
SITE_06640,RI,-1,7.15,-1.0,-1.0,26.0,-1.0,0.0,2015-06-29,-1.0,0.0,41.7387,-71.4294
SITE_06641,RI,-1,5.415,-1.0,-1.0,19.0,-1.0,0.0,2015-09-21,-1.0,0.0,41.5884,-71.6250
SITE_06642,RI,-1,5.5,-1.0,-1.0,20.0,-1.0,0.0,2015-10-07,-1.0,0.0,41.7271,-71.3434
SITE_06643,RI,-1,3.99,-1.0,-1.0,14.0,-1.0,0.0,2015-07-22,-1.0,0.0,41.5072,-71.5788
SITE_06644,RI,-1,6.72,-1.0,-1.0,24.0,-1.0,1.0,2015-06-08,-1.0,1.0,41.6956,-71.6986
SITE_06645,RI,-1,2.24,-1.0,-1.0,8.0,-1.0,0.0,2016-08-04,-1.0,0.0,41.6322,-71.6037
SITE_06646,RI,-1,11.97,-1.0,-1.0,42.0,-1.0,0.0,2015-10-28,-1.0,0.0,41.7212,-71.6391
SITE_06647,RI,-1,3.99,-1.0,-1.0,14.0,-1.0,0.0,2015-11-16,-1.0,0.0,41.5164,-71.5449
SITE_06648,RI,-1,3.08,-1.0,-1.0,11.0,-1.0,0.0,2015-05-10,-1.0,0.0,41.5885,-71.6427
SITE_06649,RI,-1,8.5,-1.0,-1.0,34.0,-1.0,0.0,2015-10-20,-1.0,0.0,-9999,-9999
SITE_06650,RI,-1,9.12,-1.0,-1.0,32.0,-1.0,0.0,2016-04-08,-1.0,0.0,41.8007,-71.5304
SITE_06651,RI,-1,5.2,-1.0,-1.0,20.0,-1.0,0.0,2016-03-09,-1.0,0.0,41.7062,-71.4467
SITE_06652,RI,-1,10.71,-1.0,-1.0,42.0,-1.0,-1.0,2016-04-22,-1.0,-1.0,41.6037,-71.6932
SITE_06653,RI,-1,9.69,-1.0,-1.0,34.0,-1.0,0.0,2016-05-19,-1.0,0.0,41.5843,-71.4359
SITE_06654,RI,-1,6.555,-1.0,-1.0,23.0,-1.0,0.0,2016-09-14,-1.0,0.0,41.5173,-71.4576
SITE_06655,RI,-1,7.905,-1.0,-1.0,31.0,-1.0,0.0,2016-07-07,-1.0,0.0,41.8426,-71.4314
SITE_06656,RI,-1,4.03,-1.0,-1.0,13.0,-1.0,0.0,2016-10-27,-1.0,0.0,41.8312,-71.6941
SITE_06657,RI,-1,5.61,-1.0,-1.0,22.0,-1.0,0.0,2016-11-08,-1.0,0.0,41.8768,-71.3536
SITE_06658,RI,-1,4.845,-1.0,-1.0,19.0,-1.0,0.0,2016-07-21,-1.0,0.0,41.6130,-71.5250
SITE_06659,RI,-1,6.09,-1.0,-1.0,21.0,-1.0,0.0,2017-01-17,-1.0,0.0,41.5395,-71.6887
SITE_06660,RI,-1,4.93,-1.0,-1.0,17.0,-1.0,0.0,2017-02-06,-1.0,0.0,41.5436,-71.6862
SITE_06661,RI,-1,3.42,-1.0,-1.0,12.0,-1.0,0.0,2016-12-06,-1.0,0.0,41.5913,-71.3242
SITE_06662,RI,-1,10.83,-1.0,-1.0,38.0,-1.0,0.0,2016-11-18,-1.0,0.0,41.6783,-71.6632
SITE_06663,RI,-1,4.94,-1.0,-1.0,-1.0,-1.0,-1.0,2016-07-07,-1.0,-1.0,41.6789,-71.3569
SITE_06664,RI,-1,5.6,-1.0,-1.0,20.0,-1.0,0.0,2016-12-22,-1.0,0.0,41.5616,-71.5643
SITE_06665,RI,-1,5.67,-1.0,-1.0,21.0,-1.0,0.0,2016-10-27,-1.0,0.0,41.5554,-71.3335
SITE_06666,RI,-1,6.2,-1.0,-1.0,20.0,-1.0,0.0,2017-04-24,-1.0,0.0,41.7571,-71.6961
SITE_06667,RI,-1,2.16,-1.0,-1.0,8.0,-1.0,0.0,2017-03-09,-1.0,0.0,41.6627,-71.6656
SITE_06668,RI,-1,9.405,-1.0,-1.0,33.0,-1.0,0.0,2017-02-20,-1.0,0.0,41.7080,-71.6424
SITE_06669,RI,-1,7.25,-1.0,-1.0,25.0,-1.0,0.0,2017-03-14,-1.0,0.0,41.7696,-71.4541
SITE_06670,RI,-1,15.39,-1.0,-1.0,54.0,-1.0,0.0,2017-06-07,-1.0,0.0,41.6067,-71.4127
SITE_06671,RI,-1,7.5,-1.0,-1.0,25.0,-1.0,0.0,2017-10-20,-1.0,0.0,41.5670,-71.5914
SITE_06672,RI,-1,8.96,-1.0,-1.0,28.0,-1.0,0.0,2017-07-17,-1.0,0.0,41.7471,-71.3952
SITE_06673,RI,-1,3.52,-1.0,-1.0,11.0,-1.0,-1.0,2017-08-24,-1.0,-1.0,41.8803,-71.5585
SITE_06674,RI,-1,8.32,-1.0,-1.0,26.0,-1.0,0.0,2017-08-16,-1.0,0.0,41.6370,-71.4031
SITE_06675,RI,-1,16.6,-1.0,-1.0,46.0,-1.0,0.0,2019-10-29,-1.0,0.0,41.5226,-71.5645
SITE_06676,RI,-1,8.4,-1.0,-1.0,24.0,-1.0,0.0,2017-12-28,-1.0,0.0,41.7907,-71.6369
SITE_06677,RI,-1,5.1,-1.0,-1.0,17.0,-1.0,0.0,2018-01-16,-1.0,0.0,41.5293,-71.5890
SITE_06678,RI,-1,17.92,-1.0,-1.0,54.0,-1.0,0.0,2019-08-15,-1.0,0.0,41.6166,-71.6725
SITE_06679,RI,-1,2.84,-1.0,-1.0,8.0,-1.0,0.0,2018-02-08,-1.0,0.0,41.7017,-71.6616
SITE_06680,RI,-1,8.64,-1.0,-1.0,24.0,-1.0,0.0,2018-04-09,-1.0,0.0,41.7643,-71.4395
SITE_06681,RI,-1,1.89,-1.0,-1.0,6.0,-1.0,0.0,2018-04-09,-1.0,0.0,41.7883,-71.5244
SITE_06682,RI,-1,6.09,-1.0,-1.0,21.0,-1.0,0.0,2018-08-07,-1.0,0.0,41.6343,-71.4421
SITE_06683,RI,-1,8.41,-1.0,-1.0,29.0,-1.0,0.0,2018-05-07,-1.0,0.0,41.7460,-71.4209
SITE_06684,RI,-1,3.015,-1.0,-1.0,9.0,-1.0,0.0,2018-05-16,-1.0,0.0,41.8198,-71.5078
SITE_06685,RI,-1,7.8,-1.0,-1.0,26.0,-1.0,0.0,2018-09-11,-1.0,0.0,41.8868,-71.6592
SITE_06686,RI,-1,18.48,-1.0,-1.0,19.0,-1.0,0.0,2019-06-27,-1.0,0.0,41.8585,-71.6089
SITE_06687,RI,-1,4.93,-1.0,-1.0,17.0,-1.0,0.0,2018-11-22,-1.0,0.0,41.5163,-71.5487
SITE_06688,RI,-1,15.66,-1.0,-1.0,54.0,-1.0,0.0,2018-12-11,-1.0,0.0,41.7413,-71.6328
SITE_06689,RI,-1,6.6,-1.0,-1.0,22.0,-1.0,0.0,2018-11-09,-1.0,0.0,41.8921,-71.5460
SITE_06690,RI,-1,4.26,-1.0,-1.0,12.0,-1.0,0.0,2018-12-20,-1.0,0.0,41.6571,-71.6685
SITE_06691,RI,-1,10.56,-1.0,-1.0,32.0,-1.0,0.0,2019-02-14,-1.0,0.0,41.6951,-71.5584
SITE_06692,RI,-1,8.1,-1.0,-1.0,21.0,-1.0,0.0,2018-09-27,-1.0,0.0,41.6707,-71.6516
SITE_06693,RI,-1,3.72,-1.0,-1.0,12.0,-1.0,0.0,2018-12-04,-1.0,0.0,41.8251,-71.4970
SITE_06694,RI,-1,5.32,-1.0,-1.0,19.0,-1.0,0.0,2018-11-27,-1.0,0.0,41.8361,-71.3950
SITE_06695,RI,-1,8.12,-1.0,-1.0,29.0,-1.0,0.0,2018-11-26,-1.0,0.0,-9999,-9999
SITE_06696,RI,-1,7.56,-1.0,-1.0,24.0,-1.0,0.0,2018-11-21,-1.0,0.0,41.8717,-71.6576
SITE_06697,RI,-1,2.95,-1.0,-1.0,10.0,-1.0,0.0,2019-03-29,-1.0,0.0,41.5544,-71.5239
SITE_06698,RI,-1,3.195,-1.0,-1.0,9.0,-1.0,0.0,2019-07-03,-1.0,0.0,41.8635,-71.3498
SITE_06699,RI,-1,8.52,-1.0,-1.0,24.0,-1.0,0.0,2019-04-06,-1.0,0.0,41.7387,-71.3502
SITE_06700,RI,-1,5.58,-1.0,-1.0,18.0,-1.0,0.0,2018-12-06,-1.0,0.0,41.5357,-71.5456
SITE_06701,RI,-1,7.0,-1.0,-1.0,20.0,-1.0,0.0,2019-01-04,-1.0,0.0,41.8405,-71.6016
SITE_06702,RI,-1,6.82,-1.0,-1.0,22.0,-1.0,0.0,2018-12-27,-1.0,0.0,-9999,-9999
SITE_06703,RI,-1,8.502,-1.0,-1.0,26.0,-1.0,0.0,2019-02-14,-1.0,0.0,41.6527,-71.4743
SITE_06704,RI,-1,3.835,-1.0,-1.0,13.0,-1.0,0.0,2019-01-07,-1.0,0.0,41.5869,-71.4816
SITE_06705,RI,-1,4.13,-1.0,-1.0,14.0,-1.0,0.0,2018-12-14,-1.0,0.0,41.8686,-71.5973
SITE_06706,RI,-1,10.915,-1.0,-1.0,37.0,-1.0,0.0,2019-01-09,-1.0,0.0,41.8515,-71.3923
SITE_06707,RI,-1,5.9,-1.0,-1.0,20.0,-1.0,0.0,2019-03-26,-1.0,0.0,41.5030,-71.6120
SITE_06708,RI,-1,10.22,-1.0,-1.0,28.0,-1.0,0.0,2019-01-24,-1.0,0.0,41.7375,-71.4967
SITE_06709,RI,-1,4.95,-1.0,-1.0,15.0,-1.0,0.0,2019-05-07,-1.0,0.0,41.6627,-71.6265
SITE_06710,RI,-1,4.96,-1.0,-1.0,16.0,-1.0,0.0,2019-06-06,-1.0,0.0,41.7562,-71.4584
SITE_06711,RI,-1,8.76,-1.0,-1.0,24.0,-1.0,0.0,2019-06-05,-1.0,0.0,41.5399,-71.4851
SITE_06712,RI,-1,10.92,-1.0,-1.0,39.0,-1.0,0.0,2019-05-20,-1.0,0.0,41.6950,-71.6911
SITE_06713,RI,-1,7.56,-1.0,-1.0,24.0,-1.0,0.0,2019-05-18,-1.0,0.0,41.5956,-71.4060
SITE_06714,RI,-1,6.93,-1.0,-1.0,22.0,-1.0,0.0,2019-05-30,-1.0,0.0,41.7272,-71.4906
SITE_06715,RI,-1,12.21,-1.0,-1.0,37.0,-1.0,0.0,2019-06-13,-1.0,0.0,41.8696,-71.3544
SITE_06716,RI,-1,8.03,-1.0,-1.0,22.0,-1.0,0.0,2019-04-05,-1.0,0.0,41.7649,-71.5302
SITE_06717,RI,-1,6.39,-1.0,-1.0,18.0,-1.0,0.0,2019-10-09,-1.0,0.0,41.7226,-71.4631
SITE_06718,RI,-1,6.67,-1.0,-1.0,23.0,-1.0,0.0,2019-10-22,-1.0,0.0,41.7918,-71.6873
SITE_06719,RI,-1,2.485,-1.0,-1.0,7.0,-1.0,0.0,2019-11-08,-1.0,0.0,41.5681,-71.4389
SITE_06720,RI,-1,8.52,-1.0,-1.0,24.0,-1.0,0.0,2019-10-28,-1.0,0.0,41.7810,-71.4909
SITE_06721,RI,-1,7.56,-1.0,-1.0,21.0,-1.0,0.0,2020-06-02,-1.0,0.0,41.7682,-71.3078
SITE_06722,RI,-1,8.54,-1.0,-1.0,28.0,-1.0,0.0,2019-08-29,-1.0,0.0,41.5648,-71.3754
SITE_06723,RI,-1,5.67,-1.0,-1.0,18.0,-1.0,0.0,2020-03-06,-1.0,0.0,41.7866,-71.6368
SITE_06724,RI,-1,8.505,-1.0,-1.0,12.0,-1.0,-1.0,2024-01-04,-1.0,-1.0,41.7929,-71.4636
SITE_06725,RI,-1,7.8,-1.0,-1.0,20.0,-1.0,0.0,2020-02-07,-1.0,0.0,41.8665,-71.3919
SITE_06726,RI,-1,9.61,-1.0,-1.0,29.0,-1.0,0.0,2019-09-17,-1.0,0.0,41.5714,-71.3058
SITE_06727,RI,-1,12.9,-1.0,-1.0,43.0,-1.0,0.0,2019-06-08,-1.0,0.0,41.7386,-71.5910
SITE_06728,RI,-1,5.985,-1.0,-1.0,18.0,-1.0,0.0,2019-08-05,-1.0,0.0,41.8974,-71.5145
SITE_06729,RI,-1,10.8,-1.0,-1.0,30.0,-1.0,0.0,2019-08-12,-1.0,0.0,-9999,-9999
SITE_06730,RI,-1,5.58,-1.0,-1.0,18.0,-1.0,0.0,2019-09-23,-1.0,0.0,41.8333,-71.3046
SITE_06731,RI,-1,4.65,-1.0,-1.0,15.0,-1.0,0.0,2019-10-22,-1.0,0.0,41.5094,-71.6110
SITE_06732,RI,-1,8.37,-1.0,-1.0,25.0,-1.0,-1.0,2019-12-11,-1.0,-1.0,41.5953,-71.5367
SITE_06733,RI,-1,6.3,-1.0,-1.0,20.0,-1.0,-1.0,2019-11-16,-1.0,-1.0,41.5216,-71.6654
SITE_06734,RI,-1,5.04,-1.0,-1.0,14.0,-1.0,-1.0,2019-08-03,-1.0,-1.0,41.8457,-71.3713
SITE_06735,RI,-1,4.26,-1.0,-1.0,12.0,-1.0,-1.0,2020-02-13,-1.0,-1.0,41.8731,-71.3541
SITE_06736,RI,-1,6.745,-1.0,-1.0,19.0,-1.0,-1.0,2020-01-06,-1.0,-1.0,41.6372,-71.6975
SITE_06737,RI,-1,4.35,-1.0,-1.0,15.0,-1.0,-1.0,2019-11-30,-1.0,-1.0,41.7051,-71.4880
SITE_06738,RI,-1,7.81,-1.0,-1.0,22.0,-1.0,-1.0,2019-12-09,-1.0,-1.0,41.7562,-71.4133
SITE_06739,RI,-1,8.14,-1.0,-1.0,22.0,-1.0,-1.0,2020-01-24,-1.0,-1.0,41.6694,-71.3693
SITE_06740,RI,-1,11.16,-1.0,-1.0,36.0,-1.0,-1.0,2020-01-17,-1.0,-1.0,41.8518,-71.3717
SITE_06741,RI,-1,8.45,-1.0,-1.0,26.0,-1.0,-1.0,2019-12-12,-1.0,-1.0,41.5368,-71.3169
SITE_06742,RI,-1,10.08,-1.0,-1.0,28.0,-1.0,0.0,2019-10-23,-1.0,0.0,41.5837,-71.4463
SITE_06743,RI,-1,12.73,-1.0,-1.0,38.0,-1.0,-1.0,2019-11-28,-1.0,-1.0,41.8913,-71.4176
SITE_06744,RI,-1,8.04,-1.0,-1.0,24.0,-1.0,-1.0,2020-08-31,-1.0,-1.0,41.6159,-71.3527
SITE_06745,RI,-1,5.985,-1.0,-1.0,19.0,-1.0,-1.0,2020-02-26,-1.0,-1.0,41.8156,-71.5898
SITE_06746,RI,-1,5.985,-1.0,-1.0,19.0,-1.0,-1.0,2020-02-12,-1.0,-1.0,41.6106,-71.5863
SITE_06747,RI,-1,10.585,-1.0,-1.0,29.0,-1.0,-1.0,2020-09-09,-1.0,-1.0,41.5532,-71.5398
SITE_06748,RI,-1,11.725,-1.0,-1.0,35.0,-1.0,-1.0,2020-08-12,-1.0,-1.0,41.6078,-71.3828
SITE_06749,RI,-1,4.95,-1.0,-1.0,15.0,-1.0,-1.0,2020-02-25,-1.0,-1.0,41.8886,-71.6217
SITE_06750,RI,-1,4.34,-1.0,-1.0,14.0,-1.0,-1.0,2019-12-31,-1.0,-1.0,41.5503,-71.4844
SITE_06751,RI,-1,5.12,-1.0,-1.0,16.0,-1.0,-1.0,2020-05-26,-1.0,-1.0,41.5866,-71.6092
SITE_06752,RI,-1,16.79,-1.0,-1.0,50.0,-1.0,-1.0,2021-06-03,-1.0,-1.0,41.8529,-71.6039
SITE_06753,RI,-1,4.745,-1.0,-1.0,13.0,-1.0,-1.0,2021-01-12,-1.0,-1.0,41.5304,-71.4120
SITE_06754,RI,-1,3.25,-1.0,-1.0,10.0,-1.0,-1.0,2020-05-19,-1.0,-1.0,41.7112,-71.3468
SITE_06755,RI,-1,7.13,-1.0,-1.0,23.0,-1.0,-1.0,2020-05-12,-1.0,-1.0,41.5021,-71.4060
SITE_06756,RI,-1,8.19,-1.0,-1.0,26.0,-1.0,-1.0,2020-04-27,-1.0,-1.0,41.6145,-71.6622
SITE_06757,RI,-1,7.71,-1.0,-1.0,23.0,-1.0,-1.0,2020-10-22,-1.0,-1.0,41.5404,-71.4170
SITE_06758,RI,-1,4.095,-1.0,-1.0,-1.0,-1.0,-1.0,2020-11-10,-1.0,-1.0,41.7481,-71.4388
SITE_06759,RI,-1,6.72,-1.0,-1.0,21.0,-1.0,-1.0,2020-11-16,-1.0,-1.0,41.7287,-71.4302
SITE_06760,RI,-1,5.84,-1.0,-1.0,16.0,-1.0,-1.0,2021-03-23,-1.0,-1.0,41.6939,-71.3931
SITE_06761,RI,-1,25.55,-1.0,-1.0,70.0,-1.0,-1.0,2022-02-23,-1.0,-1.0,41.6163,-71.3404
SITE_06762,RI,-1,9.75,-1.0,-1.0,30.0,-1.0,-1.0,2019-12-09,-1.0,-1.0,41.7911,-71.3435
SITE_06763,RI,-1,6.7,-1.0,-1.0,20.0,-1.0,-1.0,2020-10-07,-1.0,-1.0,41.5460,-71.6471
SITE_06764,RI,-1,9.9,-1.0,-1.0,30.0,-1.0,-1.0,2020-07-13,-1.0,-1.0,41.6114,-71.4206
SITE_06765,RI,-1,7.8,-1.0,-1.0,24.0,-1.0,-1.0,2020-09-21,-1.0,-1.0,41.8573,-71.6902
SITE_06766,RI,-1,6.4,-1.0,-1.0,20.0,-1.0,0.0,2023-04-21,-1.0,0.0,41.5945,-71.3053
SITE_06767,RI,-1,1.825,-1.0,-1.0,5.0,-1.0,-1.0,2021-03-16,-1.0,-1.0,41.5769,-71.3075
SITE_06768,RI,-1,6.6,-1.0,-1.0,20.0,-1.0,-1.0,2021-02-18,-1.0,-1.0,41.6139,-71.7000
SITE_06769,RI,-1,8.601,-1.0,-1.0,23.0,-1.0,-1.0,2021-01-27,-1.0,-1.0,41.6701,-71.4130
SITE_06770,RI,-1,3.33,-1.0,-1.0,9.0,-1.0,-1.0,2020-12-22,-1.0,-1.0,41.8104,-71.3564
SITE_06771,RI,-1,13.325,-1.0,-1.0,40.0,-1.0,-1.0,2021-05-27,-1.0,-1.0,41.8439,-71.4276
SITE_06772,RI,-1,2.48,-1.0,-1.0,8.0,-1.0,-1.0,2020-08-27,-1.0,-1.0,41.7581,-71.3849
SITE_06773,RI,-1,12.73,-1.0,-1.0,38.0,-1.0,-1.0,2021-04-25,-1.0,-1.0,41.5688,-71.3924
SITE_06774,RI,-1,12.24,-1.0,-1.0,36.0,-1.0,-1.0,2021-01-28,-1.0,-1.0,41.7582,-71.6919
SITE_06775,RI,-1,10.88,-1.0,-1.0,32.0,-1.0,-1.0,2021-01-06,-1.0,-1.0,41.6526,-71.3728
SITE_06776,RI,-1,12.75,-1.0,-1.0,34.0,-1.0,-1.0,2021-05-10,-1.0,-1.0,41.5795,-71.6572
SITE_06777,RI,-1,6.4,-1.0,-1.0,16.0,-1.0,-1.0,2021-07-26,-1.0,-1.0,41.7642,-71.3497
SITE_06778,RI,-1,13.87,-1.0,-1.0,38.0,-1.0,-1.0,2021-08-14,-1.0,-1.0,41.7316,-71.3317
SITE_06779,RI,-1,4.69,-1.0,-1.0,12.0,-1.0,-1.0,2022-01-31,-1.0,-1.0,41.5127,-71.5054
SITE_06780,RI,-1,10.2,-1.0,-1.0,56.0,-1.0,-1.0,2021-05-19,-1.0,-1.0,41.8938,-71.3984
SITE_06781,RI,-1,8.9,-1.0,-1.0,20.0,-1.0,-1.0,2022-11-28,-1.0,-1.0,41.5630,-71.6317
SITE_06782,RI,-1,8.16,-1.0,-1.0,20.0,-1.0,-1.0,2021-12-15,-1.0,-1.0,41.6398,-71.5839
SITE_06783,RI,-1,10.2,-1.0,-1.0,30.0,-1.0,-1.0,2021-10-09,-1.0,-1.0,41.6639,-71.5816
SITE_06784,RI,-1,8.03,-1.0,-1.0,22.0,-1.0,-1.0,2021-11-23,-1.0,-1.0,41.6192,-71.3998
SITE_06785,RI,-1,9.1,-1.0,-1.0,26.0,-1.0,-1.0,2021-06-16,-1.0,-1.0,41.5164,-71.4708
SITE_06786,RI,-1,8.99,-1.0,-1.0,29.0,-1.0,-1.0,2021-03-11,-1.0,-1.0,41.7873,-71.4176
SITE_06787,RI,-1,9.23,-1.0,-1.0,26.0,-1.0,-1.0,2021-06-22,-1.0,-1.0,41.8975,-71.5942
SITE_06788,RI,-1,9.45,-1.0,-1.0,30.0,-1.0,-1.0,2021-03-19,-1.0,-1.0,41.7558,-71.3574
SITE_06789,RI,-1,12.41,-1.0,-1.0,34.0,-1.0,-1.0,2021-10-20,-1.0,-1.0,41.7012,-71.4051
SITE_06790,RI,-1,8.16,-1.0,-1.0,24.0,0.19607843137254904,-1.0,2021-11-08,-1.0,-1.0,41.6521,-71.5648
SITE_06791,RI,-1,7.14,-1.0,-1.0,21.0,-1.0,-1.0,2021-11-06,-1.0,-1.0,41.8983,-71.5908
SITE_06792,RI,-1,9.52,-1.0,-1.0,40.0,-1.0,-1.0,2021-10-26,-1.0,-1.0,41.7404,-71.5720
SITE_06793,RI,-1,9.02,-1.0,-1.0,22.0,-1.0,-1.0,2021-10-22,-1.0,-1.0,41.5057,-71.4387
SITE_06794,RI,-1,6.8,-1.0,-1.0,20.0,-1.0,-1.0,2021-12-22,-1.0,-1.0,41.6469,-71.3444
SITE_06795,RI,-1,7.2,-1.0,-1.0,18.0,-1.0,-1.0,2022-08-17,-1.0,-1.0,41.7046,-71.5217
SITE_06796,RI,-1,16.4,-1.0,-1.0,41.0,-1.0,-1.0,2022-08-18,-1.0,-1.0,41.7931,-71.4354
SITE_06797,RI,-1,2.38,-1.0,-1.0,7.0,0.19607843137254904,-1.0,2022-01-26,-1.0,-1.0,41.5265,-71.3311
SITE_06798,RI,-1,8.4,-1.0,-1.0,21.0,-1.0,-1.0,2022-04-22,-1.0,-1.0,41.8106,-71.6089
SITE_06799,RI,-1,4.56,-1.0,-1.0,12.0,-1.0,-1.0,2021-10-20,-1.0,-1.0,41.5531,-71.5445
SITE_06800,RI,-1,9.45,-1.0,-1.0,30.0,-1.0,-1.0,2021-09-02,-1.0,-1.0,41.7470,-71.5094
SITE_06801,RI,-1,5.355,-1.0,-1.0,17.0,-1.0,-1.0,2021-08-24,-1.0,-1.0,41.7940,-71.5074
SITE_06802,RI,-1,4.74,-1.0,-1.0,12.0,-1.0,-1.0,2022-03-15,-1.0,-1.0,41.5144,-71.3113
SITE_06803,RI,-1,9.875,-1.0,-1.0,-1.0,-1.0,-1.0,2022-04-18,-1.0,-1.0,41.7107,-71.4553
SITE_06804,RI,-1,12.4,-1.0,-1.0,31.0,-1.0,0.0,2022-08-31,-1.0,0.0,41.5488,-71.5779
SITE_06805,RI,-1,9.6,-1.0,-1.0,24.0,-1.0,-1.0,2022-09-08,-1.0,-1.0,41.5035,-71.6956
SITE_06806,RI,-1,5.2,-1.0,-1.0,12.0,-1.0,-1.0,2022-06-09,-1.0,-1.0,41.5095,-71.3309
SITE_06807,RI,-1,8.4,-1.0,-1.0,21.0,-1.0,-1.0,2023-12-12,-1.0,-1.0,41.6163,-71.3865
SITE_06808,RI,-1,12.0,-1.0,-1.0,30.0,-1.0,-1.0,2023-05-24,-1.0,-1.0,41.6584,-71.4990
SITE_06809,RI,-1,7.7,-1.0,-1.0,19.0,-1.0,-1.0,2022-08-17,-1.0,-1.0,41.8331,-71.3422
SITE_06810,RI,-1,10.22,-1.0,-1.0,28.0,-1.0,-1.0,2022-09-02,-1.0,-1.0,41.7670,-71.6727
SITE_06811,RI,-1,4.32,-1.0,-1.0,12.0,-1.0,-1.0,2022-05-03,-1.0,-1.0,41.8768,-71.6153
SITE_06812,RI,-1,2.8,-1.0,-1.0,7.0,-1.0,-1.0,2022-07-13,-1.0,-1.0,41.6650,-71.6440
SITE_06813,RI,-1,5.6,-1.0,-1.0,14.0,-1.0,-1.0,2022-11-22,-1.0,-1.0,41.6456,-71.4275
SITE_06814,RI,-1,6.0,-1.0,-1.0,15.0,-1.0,-1.0,2023-05-12,-1.0,-1.0,41.7696,-71.6667
SITE_06815,RI,-1,8.0,-1.0,-1.0,20.0,-1.0,-1.0,2023-03-16,-1.0,-1.0,41.6496,-71.5000
SITE_06816,RI,-1,5.6,-1.0,-1.0,14.0,-1.0,-1.0,2023-03-14,-1.0,-1.0,41.6919,-71.5329
SITE_06817,RI,-1,9.6,-1.0,-1.0,24.0,-1.0,-1.0,2022-09-22,-1.0,-1.0,41.7854,-71.6941
SITE_06818,RI,-1,7.2,-1.0,-1.0,30.0,-1.0,-1.0,2022-12-06,-1.0,-1.0,41.6343,-71.5089
SITE_06819,RI,-1,3.2,-1.0,-1.0,8.0,-1.0,-1.0,2022-04-22,-1.0,-1.0,41.5160,-71.4743
SITE_06820,RI,-1,8.505,-1.0,-1.0,27.0,-1.0,-1.0,2021-11-29,-1.0,-1.0,41.7209,-71.5060
SITE_06821,RI,-1,3.15,-1.0,-1.0,10.0,-1.0,-1.0,2022-01-21,-1.0,-1.0,41.7336,-71.5176
SITE_06822,RI,-1,9.085,-1.0,-1.0,23.0,-1.0,-1.0,2022-02-21,-1.0,-1.0,41.5863,-71.6709
SITE_06823,RI,-1,6.715,-1.0,-1.0,17.0,-1.0,-1.0,2021-09-06,-1.0,-1.0,41.7655,-71.4196
SITE_06824,RI,-1,9.6,-1.0,-1.0,-1.0,-1.0,-1.0,2022-06-06,-1.0,-1.0,41.5657,-71.6250
SITE_06825,RI,-1,10.4,-1.0,-1.0,26.0,-1.0,-1.0,2022-11-30,-1.0,-1.0,41.5646,-71.6663
SITE_06826,RI,-1,12.0,-1.0,-1.0,30.0,-1.0,-1.0,2022-12-06,-1.0,-1.0,41.7847,-71.3882
SITE_06827,RI,-1,10.8,-1.0,-1.0,27.0,-1.0,-1.0,2022-12-12,-1.0,-1.0,41.7076,-71.3951
SITE_06828,RI,-1,5.265,-1.0,-1.0,13.0,-1.0,-1.0,2022-09-16,-1.0,-1.0,41.5277,-71.4910
SITE_06829,RI,-1,4.86,-1.0,-1.0,12.0,-1.0,-1.0,2022-12-13,-1.0,-1.0,41.5610,-71.6810
SITE_06830,RI,-1,12.555,-1.0,-1.0,31.0,-1.0,-1.0,2022-09-16,-1.0,-1.0,41.5983,-71.6304
SITE_06831,RI,-1,6.075,-1.0,-1.0,15.0,-1.0,-1.0,2022-08-25,-1.0,-1.0,41.7548,-71.6654
SITE_06832,RI,-1,9.23,-1.0,-1.0,-1.0,-1.0,-1.0,2022-08-20,-1.0,-1.0,41.5532,-71.3826
SITE_06833,RI,-1,12.8,-1.0,-1.0,32.0,-1.0,-1.0,2023-05-25,-1.0,-1.0,41.8436,-71.4162
SITE_06834,RI,-1,5.925,-1.0,-1.0,15.0,-1.0,0.0,2023-01-12,-1.0,0.0,41.6111,-71.3761
SITE_06835,RI,-1,10.4,-1.0,-1.0,26.0,-1.0,-1.0,2022-10-31,-1.0,-1.0,41.6313,-71.5508
SITE_06836,RI,-1,9.6,-1.0,-1.0,24.0,-1.0,-1.0,2022-10-24,-1.0,-1.0,41.5841,-71.5981
SITE_06837,RI,-1,9.6,-1.0,-1.0,24.0,-1.0,-1.0,2022-12-15,-1.0,-1.0,-9999,-9999
SITE_06838,RI,-1,11.6,-1.0,-1.0,-1.0,-1.0,-1.0,2022-11-04,-1.0,-1.0,41.6328,-71.3347
SITE_06839,RI,-1,6.4,-1.0,-1.0,-1.0,-1.0,-1.0,2022-11-16,-1.0,-1.0,41.6487,-71.6826
SITE_06840,RI,-1,8.03,-1.0,-1.0,-1.0,-1.0,-1.0,2022-12-28,-1.0,-1.0,41.8991,-71.3948
SITE_06841,RI,-1,5.18,-1.0,-1.0,14.0,-1.0,-1.0,2023-01-04,-1.0,-1.0,41.8959,-71.3117
SITE_06842,RI,-1,8.0,-1.0,-1.0,20.0,-1.0,-1.0,2023-10-18,-1.0,-1.0,41.7026,-71.6221
SITE_06843,RI,-1,6.29,-1.0,-1.0,17.0,-1.0,-1.0,2023-04-16,-1.0,-1.0,41.7622,-71.5367
SITE_06844,RI,-1,5.92,-1.0,-1.0,16.0,-1.0,-1.0,2023-02-27,-1.0,-1.0,41.8452,-71.5358
SITE_06845,RI,-1,6.57,-1.0,-1.0,18.0,-1.0,-1.0,2023-04-21,-1.0,-1.0,41.7695,-71.5835
SITE_06846,RI,-1,5.88,-1.0,-1.0,14.0,0.22105263157894736,-1.0,2023-06-02,-1.0,-1.0,41.8217,-71.6227
SITE_06847,RI,-1,9.72,-1.0,-1.0,24.0,-1.0,-1.0,2023-04-12,-1.0,-1.0,41.5116,-71.6800
SITE_06848,RI,-1,6.08,-1.0,-1.0,16.0,0.19689119170984457,-1.0,2023-01-11,-1.0,-1.0,41.8949,-71.4142
SITE_06849,RI,-1,3.8,-1.0,-1.0,10.0,0.19689119170984457,-1.0,2023-03-08,-1.0,-1.0,41.6542,-71.5580
SITE_06850,RI,-1,9.2,-1.0,-1.0,23.0,-1.0,-1.0,2024-01-09,-1.0,-1.0,41.7427,-71.5797
SITE_06851,RI,-1,11.2,-1.0,-1.0,28.0,-1.0,-1.0,2023-05-09,-1.0,-1.0,41.8665,-71.3733
SITE_06852,RI,-1,9.2,-1.0,-1.0,1.0,-1.0,-1.0,2023-02-10,-1.0,-1.0,41.5588,-71.5371
SITE_06853,RI,-1,4.8,-1.0,-1.0,12.0,-1.0,-1.0,2023-07-28,-1.0,-1.0,41.8588,-71.6860
SITE_06854,RI,-1,8.0,-1.0,-1.0,20.0,-1.0,-1.0,2023-07-25,-1.0,-1.0,41.6812,-71.5321
SITE_06855,RI,-1,11.2,-1.0,-1.0,14.0,-1.0,-1.0,2023-06-02,-1.0,-1.0,41.8972,-71.5011
SITE_06856,RI,-1,6.4,-1.0,-1.0,16.0,-1.0,-1.0,2023-03-14,-1.0,-1.0,41.7893,-71.4929
SITE_06857,RI,-1,3.6,-1.0,-1.0,9.0,-1.0,-1.0,2023-01-05,-1.0,-1.0,41.6164,-71.4465
SITE_06858,RI,-1,6.8,-1.0,-1.0,17.0,-1.0,-1.0,2023-02-10,-1.0,-1.0,41.8545,-71.4119
SITE_06859,RI,-1,5.6,-1.0,-1.0,14.0,-1.0,-1.0,2023-03-30,-1.0,-1.0,41.6515,-71.6832
SITE_06860,RI,-1,4.29,-1.0,-1.0,11.0,-1.0,-1.0,2022-09-15,-1.0,-1.0,41.7148,-71.6233
SITE_06861,RI,-1,3.2,-1.0,-1.0,8.0,-1.0,-1.0,2022-08-25,-1.0,-1.0,41.6763,-71.5459
SITE_06862,RI,-1,5.46,-1.0,-1.0,14.0,-1.0,-1.0,2022-09-06,-1.0,-1.0,41.5670,-71.4867
SITE_06863,RI,-1,4.29,-1.0,-1.0,11.0,-1.0,-1.0,2022-08-08,-1.0,-1.0,41.8856,-71.4703
SITE_06864,RI,-1,8.0,-1.0,-1.0,20.0,-1.0,-1.0,2023-05-31,-1.0,-1.0,41.5068,-71.6615
SITE_06865,RI,-1,6.21,-1.0,-1.0,17.0,-1.0,-1.0,2023-04-27,-1.0,-1.0,41.6734,-71.3284
SITE_06866,RI,-1,6.4,-1.0,-1.0,16.0,-1.0,-1.0,2023-04-17,-1.0,-1.0,41.5405,-71.4547
SITE_06867,RI,-1,7.2,-1.0,-1.0,18.0,-1.0,-1.0,2023-06-15,-1.0,-1.0,41.7802,-71.5181
SITE_06868,RI,-1,16.2,-1.0,-1.0,40.0,-1.0,-1.0,2023-09-13,-1.0,-1.0,41.5075,-71.5615
SITE_06869,RI,-1,3.645,-1.0,-1.0,9.0,-1.0,-1.0,2024-01-16,-1.0,-1.0,41.8947,-71.4808
SITE_06870,RI,-1,8.8,-1.0,-1.0,22.0,-1.0,-1.0,2023-05-15,-1.0,-1.0,41.7455,-71.5843
SITE_06871,RI,-1,12.0,-1.0,-1.0,30.0,-1.0,-1.0,2023-08-11,-1.0,-1.0,41.7697,-71.4236
SITE_06872,RI,-1,11.4,-1.0,-1.0,30.0,0.19689119170984457,-1.0,2023-06-08,-1.0,-1.0,41.8319,-71.6140
SITE_06873,RI,-1,5.6,-1.0,-1.0,14.0,-1.0,-1.0,2023-05-12,-1.0,-1.0,41.5060,-71.3782
SITE_06874,RI,-1,11.6,-1.0,-1.0,29.0,-1.0,-1.0,2023-05-16,-1.0,-1.0,41.6655,-71.6398
SITE_06875,RI,-1,10.125,-1.0,-1.0,25.0,-1.0,-1.0,2023-07-08,-1.0,-1.0,41.7924,-71.6424
SITE_06876,RI,-1,4.29,-1.0,-1.0,11.0,0.21428571428571427,-1.0,2023-05-30,-1.0,-1.0,41.7101,-71.5514
SITE_06877,RI,-1,10.92,-1.0,-1.0,28.0,0.21428571428571427,-1.0,2022-11-30,-1.0,-1.0,41.7005,-71.3473
SITE_06878,RI,-1,8.58,-1.0,-1.0,22.0,0.21428571428571427,-1.0,2023-11-13,-1.0,-1.0,41.6290,-71.4109
SITE_06879,RI,-1,8.0,-1.0,-1.0,44.0,-1.0,-1.0,2023-10-12,-1.0,-1.0,41.5749,-71.4189
SITE_06880,RI,-1,13.6,-1.0,-1.0,34.0,-1.0,-1.0,2023-10-04,-1.0,-1.0,41.8042,-71.4602
SITE_06881,RI,-1,3.645,-1.0,-1.0,9.0,-1.0,-1.0,2024-02-07,-1.0,-1.0,41.8147,-71.5336
SITE_06882,RI,-1,9.88,-1.0,-1.0,26.0,-1.0,-1.0,2023-09-11,-1.0,-1.0,41.5282,-71.4785
SITE_06883,RI,-1,9.24,-1.0,-1.0,22.0,-1.0,-1.0,2023-10-05,-1.0,-1.0,41.5038,-71.6376
SITE_06884,RI,-1,4.0,-1.0,-1.0,10.0,-1.0,-1.0,2024-02-13,-1.0,-1.0,41.6516,-71.3785
SITE_06885,RI,-1,13.2,-1.0,-1.0,1.0,-1.0,-1.0,2023-10-12,-1.0,-1.0,41.5041,-71.5942
SITE_06886,RI,-1,6.8,-1.0,-1.0,17.0,-1.0,-1.0,2023-03-31,-1.0,-1.0,41.8903,-71.4421
SITE_06887,RI,-1,4.8,-1.0,-1.0,12.0,-1.0,-1.0,2023-04-05,-1.0,-1.0,41.8917,-71.5808
SITE_06888,RI,-1,4.68,-1.0,-1.0,12.0,-1.0,-1.0,2023-04-04,-1.0,-1.0,41.8822,-71.6356
SITE_06889,RI,-1,4.8,-1.0,-1.0,12.0,-1.0,-1.0,2023-04-24,-1.0,-1.0,41.7670,-71.6436
SITE_06890,RI,-1,4.0,-1.0,-1.0,10.0,-1.0,-1.0,2023-05-10,-1.0,-1.0,41.8644,-71.5715
SITE_06891,RI,-1,8.0,-1.0,-1.0,20.0,-1.0,-1.0,2023-12-27,-1.0,-1.0,41.6287,-71.6457
SITE_06892,RI,-1,10.23,-1.0,-1.0,33.0,-1.0,0.0,2024-03-12,-1.0,0.0,41.6143,-71.3446
SITE_06893,RI,-1,3.645,-1.0,-1.0,9.0,-1.0,-1.0,2023-12-28,-1.0,-1.0,41.8131,-71.6724
SITE_06894,RI,-1,8.505,-1.0,-1.0,21.0,-1.0,-1.0,2024-04-09,-1.0,-1.0,41.6832,-71.5717
SITE_06895,RI,-1,8.5,-1.0,-1.0,20.0,-1.0,-1.0,2024-04-16,-1.0,-1.0,41.6726,-71.6173
SITE_06896,RI,-1,8.505,-1.0,-1.0,21.0,-1.0,-1.0,2023-11-25,-1.0,-1.0,41.7587,-71.4304
SITE_06897,RI,-1,5.2,-1.0,-1.0,13.0,-1.0,-1.0,2024-04-19,-1.0,-1.0,41.6478,-71.4697
SITE_06898,RI,-1,12.0,-1.0,-1.0,30.0,-1.0,-1.0,2024-04-24,-1.0,-1.0,41.8729,-71.5567
SITE_06899,RI,-1,6.4,-1.0,-1.0,16.0,-1.0,-1.0,2024-04-24,-1.0,-1.0,41.6405,-71.3117
SITE_06900,RI,-1,5.53,-1.0,-1.0,14.0,-1.0,-1.0,2024-04-24,-1.0,-1.0,41.5542,-71.3541
SITE_06901,RI,-1,8.1,-1.0,-1.0,20.0,-1.0,-1.0,2024-04-26,-1.0,-1.0,41.7771,-71.6138
SITE_06902,RI,-1,12.15,-1.0,-1.0,20.0,-1.0,-1.0,2024-04-27,-1.0,-1.0,41.7593,-71.6315
SITE_06903,RI,-1,10.53,-1.0,-1.0,26.0,-1.0,-1.0,2024-05-09,-1.0,-1.0,41.7135,-71.5981
SITE_06904,RI,-1,8.925,-1.0,-1.0,21.0,-1.0,-1.0,2024-05-09,-1.0,-1.0,41.5846,-71.4744
SITE_06905,RI,-1,8.075,-1.0,-1.0,19.0,-1.0,-1.0,2024-05-28,-1.0,-1.0,41.7327,-71.3752
SITE_06906,RI,-1,3.6,-1.0,-1.0,9.0,-1.0,-1.0,2024-06-22,-1.0,-1.0,41.6421,-71.4840
SITE_06907,RI,-1,6.375,-1.0,-1.0,15.0,-1.0,-1.0,2024-06-26,-1.0,-1.0,41.5667,-71.4380
SITE_06908,RI,-1,9.35,-1.0,-1.0,22.0,-1.0,-1.0,2024-08-09,-1.0,-1.0,41.5580,-71.4373
SITE_06909,RI,-1,8.1,-1.0,-1.0,20.0,-1.0,-1.0,2024-08-12,-1.0,-1.0,41.5053,-71.4579
SITE_06910,RI,-1,10.0,-1.0,-1.0,10.0,-1.0,-1.0,2024-09-04,-1.0,-1.0,41.6949,-71.4918
SITE_06911,RI,-1,9.66,-1.0,-1.0,23.0,-1.0,-1.0,2024-10-08,-1.0,-1.0,41.5402,-71.4043
SITE_06912,RI,-1,13.175,-1.0,-1.0,31.0,-1.0,-1.0,2024-11-25,-1.0,-1.0,41.8686,-71.5966
SITE_06913,RI,-1,352.19,-1.0,-1.0,859.0,-1.0,0.0,2024-04-10,0.0,0.0,41.6969,-71.6321
SITE_06914,RI,-1,11.4,-1.0,-1.0,24.0,-1.0,0.0,2024-01-27,0.0,0.0,41.8714,-71.6412
SITE_06915,RI,-1,63.99,-1.0,-1.0,158.0,-1.0,0.0,2024-01-06,1.0,0.0,41.6809,-71.4168
SITE_06916,RI,-1,200.25,-1.0,-1.0,445.0,-1.0,0.0,2023-01-31,0.0,0.0,41.8451,-71.5684
SITE_06917,RI,-1,550.22,-1.0,-1.0,1342.0,-1.0,0.0,2022-04-21,0.0,-1.0,41.5522,-71.3377
SITE_06918,RI,-1,12.32,-1.0,-1.0,-1.0,-1.0,0.0,2022-03-26,1.0,0.0,41.8443,-71.5430
SITE_06919,RI,-1,12.32,-1.0,-1.0,-1.0,-1.0,0.0,2022-03-26,1.0,0.0,41.6442,-71.3632
SITE_06920,RI,-1,46.08,-1.0,-1.0,128.0,-1.0,0.0,2021-12-30,0.0,0.0,41.6607,-71.4177
SITE_06921,RI,-1,13.65,-1.0,-1.0,39.0,-1.0,0.0,2021-12-29,0.0,0.0,41.8376,-71.4779
SITE_06922,RI,-1,-1.0,-1.0,-1.0,92.0,-1.0,0.0,2021-08-04,0.0,0.0,41.6354,-71.4926
SITE_06923,RI,-1,19.2,-1.0,-1.0,48.0,-1.0,0.0,2021-03-12,0.0,0.0,41.5546,-71.6314
SITE_06924,RI,-1,32.4,-1.0,-1.0,95.0,-1.0,0.0,2020-12-31,1.0,0.0,41.5928,-71.6799
SITE_06925,RI,-1,595.66,-1.0,-1.0,1920.0,-1.0,0.0,2020-12-28,0.0,0.0,41.5539,-71.4485
SITE_06926,RI,-1,50.4,-1.0,-1.0,140.0,-1.0,0.0,2020-10-22,0.0,0.0,41.7884,-71.6402
SITE_06927,RI,-1,207.318,-1.0,-1.0,647.0,-1.0,0.0,2020-06-30,0.0,0.0,41.7265,-71.4285
SITE_06928,RI,-1,50.4,-1.0,-1.0,154.0,-1.0,0.0,2020-02-14,0.0,0.0,41.6967,-71.3667
SITE_06929,RI,-1,35.64,-1.0,-1.0,108.0,-1.0,0.0,2020-01-23,0.0,0.0,41.8348,-71.3104
SITE_06930,RI,-1,6300.0,-1.0,-1.0,16614.0,-1.0,0.0,2019-12-31,1.0,1.0,41.6052,-71.5779
SITE_06931,RI,-1,20.88,-1.0,-1.0,58.0,-1.0,0.0,2019-07-05,0.0,0.0,41.6398,-71.5622
SITE_06932,RI,-1,111.6,-1.0,-1.0,308.0,-1.0,0.0,2019-03-26,0.0,0.0,41.6164,-71.4765
SITE_06933,RI,-1,1599.0,-1.0,-1.0,8197.0,-1.0,0.0,2019-01-16,1.0,1.0,41.8204,-71.6512
SITE_06934,RI,-1,11.16,-1.0,-1.0,36.0,-1.0,0.0,2019-01-08,0.0,0.0,41.8809,-71.4668
SITE_06935,RI,-1,1040.0,-1.0,-1.0,-1.0,-1.0,0.0,2018-12-13,1.0,-1.0,41.8356,-71.3931
SITE_06936,RI,-1,6270.0,-1.0,-1.0,-1.0,-1.0,0.0,2018-10-18,1.0,-1.0,41.5616,-71.6097
SITE_06937,RI,-1,49.68,-1.0,-1.0,138.0,-1.0,0.0,2018-09-26,0.0,0.0,41.7817,-71.3006
SITE_06938,RI,-1,150.48,-1.0,-1.0,432.0,-1.0,0.0,2018-05-22,0.0,0.0,41.8505,-71.6029
SITE_06939,RI,-1,59.4,-1.0,-1.0,172.0,-1.0,0.0,2018-05-21,0.0,0.0,41.5075,-71.3891
SITE_06940,RI,-1,41.7,-1.0,-1.0,139.0,-1.0,0.0,2018-03-23,0.0,0.0,41.7306,-71.5698
SITE_06941,RI,-1,664.47,-1.0,-1.0,2240.0,-1.0,0.0,2018-01-04,0.0,0.0,41.7573,-71.5018
SITE_06942,RI,-1,15.6,-1.0,-1.0,60.0,-1.0,0.0,2017-10-23,0.0,1.0,41.7017,-71.6851
SITE_06943,RI,-1,1328.0,-1.0,-1.0,-1.0,-1.0,0.0,2017-06-28,1.0,1.0,41.6382,-71.3148
SITE_06944,RI,-1,13.11,-1.0,-1.0,46.0,-1.0,0.0,2017-03-30,0.0,0.0,41.5627,-71.5138
SITE_06945,RI,-1,57.2,-1.0,-1.0,200.0,-1.0,0.0,2017-03-09,0.0,0.0,41.8128,-71.4144
SITE_06946,RI,-1,114.975,-1.0,-1.0,439.0,-1.0,0.0,2016-12-12,0.0,0.0,41.6442,-71.6726
SITE_06947,RI,-1,15.96,-1.0,-1.0,56.0,-1.0,0.0,2016-06-16,0.0,0.0,41.5987,-71.3459
SITE_06948,RI,-1,67.2,-1.0,-1.0,240.0,-1.0,0.0,2015-07-27,0.0,0.0,41.8726,-71.4517
SITE_06949,RI,-1,67.2,-1.0,-1.0,240.0,-1.0,0.0,2015-07-27,0.0,0.0,41.7004,-71.5324
SITE_06950,RI,-1,67.2,-1.0,-1.0,240.0,-1.0,0.0,2015-07-27,0.0,0.0,41.5597,-71.5291
SITE_06951,RI,-1,80.0,-1.0,-1.0,299.0,-1.0,0.0,2014-09-03,0.0,0.0,41.7474,-71.4361
SITE_06952,RI,-1,180.48,-1.0,-1.0,501.0,-1.0,0.0,2018-01-31,0.0,0.0,41.5260,-71.3046
SITE_06953,RI,-1,842.16,-1.0,-1.0,1914.0,-1.0,-1.0,2023-03-21,0.0,1.0,41.8210,-71.6529
SITE_06954,TX,78023,5.52,180.0,27.0,24.0,0.1429889413596135,-1.0,2012-09-20,-1.0,-1.0,33.1573,-97.5799
SITE_06955,TX,78253,4.32,125.0,25.0,18.0,0.14781966001478197,-1.0,2012-10-15,-1.0,-1.0,33.0718,-101.5257
SITE_06956,TX,78154,11.0,230.0,25.0,44.0,0.20095138423351516,-1.0,2016-04-04,-1.0,-1.0,28.8555,-102.6643
SITE_06957,TX,78223,9.77,180.0,26.0,31.0,0.1984126984126984,-1.0,2016-05-31,-1.0,-1.0,-9999,-9999
SITE_06958,TX,78245,7.84,223.0,27.0,33.0,0.1714110805019896,-1.0,2017-01-20,-1.0,-1.0,34.1984,-97.6793
SITE_06959,TX,78228,8.22,90.0,22.0,31.0,0.15868263473053892,-1.0,2017-03-06,-1.0,-1.0,34.6672,-98.0455
SITE_06960,TX,78213,8.4,145.0,12.0,-1.0,-1.0,-1.0,2017-03-08,-1.0,-1.0,32.8829,-100.8226
SITE_06961,TX,78254,9.28,175.0,20.0,32.0,0.15098268905375506,-1.0,2017-07-25,-1.0,-1.0,28.9263,-96.6280
SITE_06962,TX,78228,5.61,161.0,20.0,19.0,0.18209876543209877,-1.0,2018-02-20,-1.0,-1.0,33.6533,-98.3765
SITE_06963,TX,78230,3.92,128.0,20.0,14.0,0.16766467065868265,-1.0,2018-03-02,-1.0,-1.0,-9999,-9999
SITE_06964,TX,78205,5.2,180.0,-1.0,16.0,0.19414575866188769,-1.0,2018-04-24,-1.0,-1.0,31.0199,-98.1554
SITE_06965,TX,78244,6.6,205.0,22.0,22.0,0.18633540372670804,-1.0,2018-07-02,-1.0,-1.0,31.1563,-99.6199
SITE_06966,TX,78250,10.68,-1.0,-1.0,35.0,0.19303797468354428,-1.0,2018-10-26,-1.0,-1.0,32.5818,-100.7049
SITE_06967,TX,78245,10.37,-1.0,-1.0,34.0,0.18815545959284394,-1.0,2019-02-08,-1.0,-1.0,33.3845,-97.4457
SITE_06968,TX,78254,7.8,-1.0,-1.0,-1.0,-1.0,-1.0,2019-09-26,-1.0,-1.0,32.7541,-97.5426
SITE_06969,TX,78230,9.0,-1.0,-1.0,30.0,0.19108280254777069,-1.0,2019-10-10,-1.0,-1.0,31.6883,-97.8969
SITE_06970,TX,78073,13.64,-1.0,-1.0,44.0,0.19375,-1.0,2020-02-12,-1.0,-1.0,31.4368,-101.0306
SITE_06971,TX,78227,15.075,180.0,18.0,45.0,0.20318989946042468,-1.0,2020-07-06,-1.0,-1.0,31.5649,-97.9836
SITE_06972,TX,78244,6.72,110.0,23.0,21.0,0.19631901840490798,-1.0,2020-09-28,-1.0,-1.0,30.9152,-98.3063
SITE_06973,TX,78258,10.2,198.0,27.0,30.0,0.19653179190751444,-1.0,2020-10-23,-1.0,-1.0,32.1836,-98.2842
SITE_06974,TX,78210,7.44,178.0,8.0,24.0,0.1901840490797546,-1.0,2020-11-16,-1.0,-1.0,33.1809,-97.0645
SITE_06975,TX,78224,7.56,170.0,23.0,24.0,0.1932515337423313,-1.0,2021-01-15,-1.0,-1.0,28.6491,-96.3810
SITE_06976,TX,78253,9.57,-1.0,-1.0,29.0,0.2023948834573462,-1.0,2021-01-19,-1.0,-1.0,34.0414,-100.5973
SITE_06977,TX,78252,4.29,180.0,24.0,13.0,0.20245398773006135,-1.0,2021-02-05,-1.0,-1.0,29.9693,-96.6057
SITE_06978,TX,78266,21.45,251.0,30.0,66.0,0.20886889460154243,-1.0,2021-04-20,-1.0,-1.0,28.4498,-96.7998
SITE_06979,TX,78253,13.32,204.0,28.0,37.0,0.21301775147928995,-1.0,2021-07-23,-1.0,-1.0,33.3785,-102.7869
SITE_06980,TX,78220,6.48,222.0,27.0,18.0,0.21301775147928995,-1.0,2021-08-11,-1.0,-1.0,29.9733,-98.4884
SITE_06981,TX,78253,6.46,215.0,25.0,19.0,0.20852806174393246,-1.0,2021-08-13,-1.0,-1.0,29.7262,-100.1607
SITE_06982,TX,78222,9.9,180.0,20.0,30.0,0.1987951807228916,-1.0,2021-09-17,-1.0,-1.0,34.0369,-99.9425
SITE_06983,TX,78227,7.03,180.0,14.0,19.0,0.22112258558041692,-1.0,2022-01-19,-1.0,-1.0,28.3781,-97.4394
SITE_06984,TX,78245,9.99,270.0,18.0,27.0,0.20786516853932585,-1.0,2022-02-18,-1.0,-1.0,33.5181,-101.8273
SITE_06985,TX,78260,13.68,198.0,34.0,38.0,0.2208588957055215,-1.0,2022-03-18,-1.0,-1.0,30.0370,-99.8804
SITE_06986,TX,78251,9.0,170.0,20.0,25.0,0.20338983050847456,-1.0,2022-03-22,-1.0,-1.0,34.7202,-99.1963
SITE_06987,TX,78254,10.875,204.0,23.0,29.0,0.20683036600701568,-1.0,2022-05-31,-1.0,-1.0,30.5901,-99.9910
SITE_06988,TX,78052,14.44,-1.0,-1.0,38.0,0.21468926553672316,-1.0,2022-07-06,-1.0,-1.0,30.1978,-97.1085
SITE_06989,TX,78221,5.95,179.0,19.0,17.0,0.19553072625698323,-1.0,2022-07-15,-1.0,-1.0,33.7800,-102.6362
SITE_06990,TX,78251,12.96,-1.0,-1.0,36.0,0.1978021978021978,-1.0,2022-09-06,-1.0,-1.0,32.1009,-102.2398
SITE_06991,TX,78253,7.315,-1.0,-1.0,19.0,0.1994818652849741,-1.0,2022-12-29,-1.0,-1.0,31.1998,-99.4765
SITE_06992,TX,78245,6.46,-1.0,-1.0,17.0,0.21468926553672316,-1.0,2023-01-12,-1.0,-1.0,30.5077,-96.0402
SITE_06993,TX,78237,5.11,186.0,16.0,14.0,0.20277777777777778,-1.0,2023-01-17,-1.0,-1.0,29.7364,-98.4682
SITE_06994,TX,78223,7.6,180.0,18.0,19.0,0.2229654403567447,-1.0,2023-03-08,-1.0,-1.0,28.1688,-99.3215
SITE_06995,TX,78242,8.395,280.0,27.0,23.0,0.20277777777777778,-1.0,2023-03-17,-1.0,-1.0,31.6942,-100.9394
SITE_06996,TX,78154,14.58,-1.0,-1.0,36.0,0.225752508361204,-1.0,2023-04-06,-1.0,-1.0,31.7594,-98.2503
SITE_06997,TX,78201,16.17,277.0,30.0,42.0,0.1994818652849741,-1.0,2023-05-03,-1.0,-1.0,30.7282,-102.6300
SITE_06998,TX,78227,10.56,-1.0,-1.0,24.0,0.20952380952380953,-1.0,2023-05-10,-1.0,-1.0,29.9079,-100.0450
SITE_06999,TX,78250,8.36,174.0,23.0,22.0,0.20958810422044255,-1.0,2023-05-19,-1.0,-1.0,33.2313,-99.6877
SITE_07000,TX,78253,22.4,-1.0,-1.0,56.0,0.20833333333333334,-1.0,2023-07-07,-1.0,-1.0,28.3211,-97.6681
SITE_07001,TX,78109,5.475,-1.0,-1.0,15.0,0.20277777777777778,-1.0,2023-07-11,-1.0,-1.0,31.0362,-101.3413
SITE_07002,TX,78264,4.0,-1.0,-1.0,10.0,0.20833333333333334,-1.0,2023-07-13,-1.0,-1.0,32.9234,-96.1684
SITE_07003,TX,78252,8.91,-1.0,-1.0,22.0,0.225752508361204,-1.0,2023-08-31,-1.0,-1.0,28.7823,-100.9059
SITE_07004,TX,78245,7.9,-1.0,-1.0,20.0,0.20256410256410257,-1.0,2023-10-11,-1.0,-1.0,33.7029,-99.0867
SITE_07005,TX,78250,14.04,-1.0,-1.0,36.0,0.19402985074626866,-1.0,2023-12-05,-1.0,-1.0,34.0068,-100.5189
SITE_07006,TX,78250,8.61,-1.0,-1.0,21.0,0.211340206185567,-1.0,2024-03-13,-1.0,-1.0,33.7288,-97.1009
SITE_07007,TX,78253,10.12,-1.0,-1.0,23.0,0.2046511627906977,-1.0,2024-06-20,-1.0,-1.0,34.4529,-97.0824
SITE_07008,TX,78244,16.81,-1.0,-1.0,41.0,0.21465968586387435,-1.0,2024-07-16,-1.0,-1.0,30.1790,-100.0620
SITE_07009,TX,78252,9.345,-1.0,-1.0,21.0,0.20697674418604653,-1.0,2024-07-29,-1.0,-1.0,29.2902,-98.5186
SITE_07010,TX,78009,14.24,-1.0,-1.0,32.0,0.20697674418604653,-1.0,2024-10-24,-1.0,-1.0,32.8755,-101.8021
SITE_07011,TX,78239,5.34,-1.0,-1.0,12.0,0.20697674418604653,-1.0,2024-11-04,-1.0,-1.0,32.1458,-102.0213
SITE_07012,TX,78210,6.48,-1.0,-1.0,16.0,0.2131578947368421,-1.0,2024-11-20,-1.0,-1.0,34.0202,-98.8601
SITE_07013,NJ,08215,7.92,-1.0,-1.0,-1.0,-1.0,-1.0,2021-12-15,1.0,-1.0,39.8426,-74.9487
SITE_07014,NJ,08901,7.3,-1.0,-1.0,-1.0,-1.0,-1.0,2022-04-11,0.0,-1.0,-9999,-9999
SITE_07015,NJ,08075,21.6,-1.0,-1.0,-1.0,-1.0,-1.0,2022-02-02,0.0,-1.0,40.5839,-75.0815
SITE_07016,NJ,08009,13.3,-1.0,-1.0,-1.0,-1.0,-1.0,2022-03-03,1.0,-1.0,39.3043,-74.6358
SITE_07017,NJ,08090,7.2,-1.0,-1.0,-1.0,-1.0,-1.0,2022-02-14,1.0,-1.0,39.4253,-74.8240
SITE_07018,NJ,08059,8.4,-1.0,-1.0,-1.0,-1.0,-1.0,2022-06-07,1.0,-1.0,39.9681,-74.9288
SITE_07019,NJ,07067,2.6,-1.0,-1.0,-1.0,-1.0,-1.0,2022-09-21,0.0,-1.0,39.2828,-74.8744
SITE_07020,NJ,07307,10.22,-1.0,-1.0,-1.0,-1.0,-1.0,2023-01-31,0.0,-1.0,40.8887,-74.4134
SITE_07021,NJ,08559,24.12,-1.0,-1.0,-1.0,-1.0,-1.0,2022-06-16,0.0,-1.0,39.7818,-75.0583
SITE_07022,NJ,07111,7.56,-1.0,-1.0,-1.0,-1.0,-1.0,2022-05-24,1.0,-1.0,40.6268,-74.1659
SITE_07023,NJ,07083,6.39,-1.0,-1.0,-1.0,-1.0,-1.0,2022-07-07,0.0,-1.0,40.7748,-74.7083
SITE_07024,NJ,08110,6.94,-1.0,-1.0,-1.0,-1.0,-1.0,2022-03-01,0.0,-1.0,39.9264,-74.1380
SITE_07025,NJ,08234,8.4,-1.0,-1.0,-1.0,-1.0,-1.0,2022-11-15,0.0,-1.0,40.2326,-74.8316
SITE_07026,NJ,08840,8.4,-1.0,-1.0,-1.0,-1.0,-1.0,2022-08-19,1.0,-1.0,40.4820,-75.0146
SITE_07027,NJ,07012,8.78,-1.0,-1.0,-1.0,-1.0,-1.0,2022-07-18,1.0,-1.0,40.2029,-74.5278
SITE_07028,NJ,08610,12.24,-1.0,-1.0,-1.0,-1.0,-1.0,2022-11-18,1.0,-1.0,39.6394,-74.4954
SITE_07029,NJ,08817,6.8,-1.0,-1.0,-1.0,-1.0,-1.0,2022-09-30,0.0,-1.0,40.7726,-74.3391
SITE_07030,NJ,07660,5.95,-1.0,-1.0,-1.0,-1.0,-1.0,2022-07-25,0.0,-1.0,40.6225,-74.4230
SITE_07031,NJ,07013,13.6,-1.0,-1.0,-1.0,-1.0,-1.0,2022-10-21,0.0,-1.0,39.9837,-74.9360
SITE_07032,NJ,07747,10.8,-1.0,-1.0,-1.0,-1.0,-1.0,2022-11-23,0.0,-1.0,40.2940,-74.4757
SITE_07033,NJ,08904,5.2,-1.0,-1.0,-1.0,-1.0,-1.0,2022-12-12,0.0,-1.0,40.8569,-74.6866
SITE_07034,NJ,08701,14.4,-1.0,-1.0,-1.0,-1.0,-1.0,2022-08-25,0.0,-1.0,40.4166,-74.9775
SITE_07035,NJ,08075,8.91,-1.0,-1.0,-1.0,-1.0,-1.0,2022-12-21,0.0,-1.0,40.2890,-74.5641
SITE_07036,NJ,08215,4.74,-1.0,-1.0,-1.0,-1.0,-1.0,2023-05-10,0.0,-1.0,40.1817,-74.3049
SITE_07037,NJ,08225,10.59,-1.0,-1.0,-1.0,-1.0,-1.0,2022-12-02,0.0,-1.0,40.4708,-74.9127
SITE_07038,NJ,07008,5.33,-1.0,-1.0,-1.0,-1.0,-1.0,2023-03-29,1.0,-1.0,40.1340,-74.6003
SITE_07039,NJ,07513,8.71,-1.0,-1.0,-1.0,-1.0,-1.0,2022-12-05,1.0,-1.0,40.3697,-74.5537
SITE_07040,NJ,08527,13.32,-1.0,-1.0,-1.0,-1.0,-1.0,2023-09-08,0.0,-1.0,40.5736,-74.2087
SITE_07041,NJ,07203,8.19,-1.0,-1.0,-1.0,-1.0,-1.0,2023-04-04,1.0,-1.0,39.7006,-74.5746
SITE_07042,NJ,08332,12.64,-1.0,-1.0,-1.0,-1.0,-1.0,2023-03-22,1.0,-1.0,39.2361,-74.8662
SITE_07043,NJ,08610,6.63,-1.0,-1.0,-1.0,-1.0,-1.0,2023-06-21,1.0,-1.0,40.4996,-74.7855
SITE_07044,NJ,08876,8.91,-1.0,-1.0,-1.0,-1.0,-1.0,2023-05-16,0.0,-1.0,39.9403,-74.1671
SITE_07045,NJ,07011,6.4,-1.0,-1.0,-1.0,-1.0,-1.0,2024-01-05,1.0,-1.0,39.2526,-74.8337
SITE_07046,NJ,08234,5.67,-1.0,-1.0,-1.0,-1.0,-1.0,2023-10-17,0.0,-1.0,39.6748,-74.4675
SITE_07047,NJ,07849,12.64,-1.0,-1.0,-1.0,-1.0,-1.0,2023-07-28,1.0,-1.0,39.6108,-74.6351
SITE_07048,NJ,07052,8.1,-1.0,-1.0,-1.0,-1.0,-1.0,2023-12-01,0.0,-1.0,40.8345,-74.7742
SITE_07049,NJ,08327,12.96,-1.0,-1.0,-1.0,-1.0,-1.0,2023-11-13,1.0,-1.0,40.8387,-74.8599
SITE_07050,NJ,07604,5.1,-1.0,-1.0,-1.0,-1.0,-1.0,2023-06-22,1.0,-1.0,40.6680,-74.5719
SITE_07051,NJ,08096,8.0,-1.0,-1.0,-1.0,-1.0,-1.0,2023-09-21,1.0,-1.0,39.9290,-74.4418
SITE_07052,NJ,07205,5.85,-1.0,-1.0,-1.0,-1.0,-1.0,2023-08-09,1.0,-1.0,40.6262,-74.1380
SITE_07053,NJ,08618,6.08,-1.0,-1.0,-1.0,-1.0,-1.0,2023-10-31,1.0,-1.0,39.9098,-75.0407
SITE_07054,NJ,07607,8.0,-1.0,-1.0,-1.0,-1.0,-1.0,2023-09-05,0.0,-1.0,40.9685,-74.2349
SITE_07055,NJ,07203,3.56,-1.0,-1.0,-1.0,-1.0,-1.0,2023-09-01,1.0,-1.0,39.6912,-74.7372
SITE_07056,NJ,08053,7.51,-1.0,-1.0,-1.0,-1.0,-1.0,2023-08-11,1.0,-1.0,40.4171,-74.1369
SITE_07057,NJ,08759,16.43,-1.0,-1.0,-1.0,-1.0,-1.0,2024-03-12,1.0,-1.0,39.3159,-74.2733
SITE_07058,NJ,07719,14.43,-1.0,-1.0,-1.0,-1.0,-1.0,2021-05-07,0.0,-1.0,40.2331,-74.4626
SITE_07059,NJ,07843,6.48,-1.0,-1.0,-1.0,-1.0,-1.0,2023-12-14,1.0,-1.0,40.7553,-74.7858
SITE_07060,NJ,07726,7.14,-1.0,-1.0,-1.0,-1.0,-1.0,2024-01-17,1.0,-1.0,40.5737,-74.2882
SITE_07061,NJ,07062,2.4,-1.0,-1.0,-1.0,-1.0,-1.0,2024-02-07,1.0,-1.0,39.3447,-74.3326
SITE_07062,NJ,08046,4.74,-1.0,-1.0,-1.0,-1.0,-1.0,2024-01-22,1.0,-1.0,39.7442,-74.5601
SITE_07063,NJ,08109,8.1,-1.0,-1.0,-1.0,-1.0,-1.0,2024-01-26,1.0,-1.0,40.1548,-74.8827
SITE_07064,NJ,08270,8.8,-1.0,-1.0,-1.0,-1.0,-1.0,2024-04-26,0.0,-1.0,39.2293,-74.5501
SITE_07065,NJ,07410,6.75,-1.0,-1.0,-1.0,-1.0,-1.0,2023-12-21,1.0,-1.0,39.6704,-74.2629
SITE_07066,NJ,08010,6.16,-1.0,-1.0,-1.0,-1.0,-1.0,2024-01-30,1.0,-1.0,39.6476,-75.0768
SITE_07067,NJ,07823,6.48,-1.0,-1.0,-1.0,-1.0,-1.0,2024-03-06,0.0,-1.0,40.7480,-74.2062
SITE_07068,NJ,08402,15.39,-1.0,-1.0,-1.0,-1.0,-1.0,2024-01-05,0.0,-1.0,40.6285,-74.6179
SITE_07069,NJ,08822,12.96,-1.0,-1.0,-1.0,-1.0,-1.0,2024-04-18,0.0,-1.0,39.6862,-74.2822
SITE_07070,NJ,08536,14.18,-1.0,-1.0,-1.0,-1.0,-1.0,2024-09-23,1.0,-1.0,39.6432,-74.7461
SITE_07071,NJ,08861,7.29,-1.0,-1.0,-1.0,-1.0,-1.0,2024-06-07,1.0,-1.0,39.6068,-74.8867
SITE_07072,NJ,08830,5.2,-1.0,-1.0,-1.0,-1.0,-1.0,2024-03-25,1.0,-1.0,39.9813,-74.2772
SITE_07073,NJ,08022,8.0,-1.0,-1.0,-1.0,-1.0,-1.0,2024-06-04,0.0,-1.0,40.2894,-74.4973
SITE_07074,NJ,07647,10.25,-1.0,-1.0,-1.0,-1.0,-1.0,2024-06-06,0.0,-1.0,39.7708,-74.3923
SITE_07075,NJ,08822,11.46,-1.0,-1.0,-1.0,-1.0,-1.0,2024-07-10,0.0,-1.0,39.3201,-74.5673
SITE_07076,NJ,07604,6.15,-1.0,-1.0,-1.0,-1.0,-1.0,2024-07-08,1.0,-1.0,40.3583,-74.1040
SITE_07077,NJ,08879,5.74,-1.0,-1.0,-1.0,-1.0,-1.0,2024-07-24,1.0,-1.0,-9999,-9999
SITE_07078,NJ,08302,10.66,-1.0,-1.0,-1.0,-1.0,-1.0,2024-12-16,1.0,-1.0,40.8058,-74.6255
SITE_07079,NJ,08021,7.81,-1.0,-1.0,-1.0,-1.0,-1.0,2024-10-11,0.0,-1.0,39.9668,-74.8556
SITE_07080,NJ,07065,8.4,-1.0,-1.0,-1.0,-1.0,-1.0,2024-08-13,1.0,-1.0,39.3128,-74.2945
SITE_07081,NJ,08724,6.56,-1.0,-1.0,-1.0,-1.0,-1.0,2024-10-04,1.0,-1.0,40.2730,-74.1086
SITE_07082,NJ,08736,9.29,-1.0,-1.0,-1.0,-1.0,-1.0,2024-09-04,0.0,-1.0,39.9176,-74.5419
SITE_07083,NJ,08085,6.56,-1.0,-1.0,-1.0,-1.0,-1.0,2024-08-26,1.0,-1.0,39.4166,-74.8940
SITE_07084,NJ,08201,7.79,-1.0,-1.0,-1.0,-1.0,-1.0,2024-10-17,1.0,-1.0,40.2707,-74.9727
SITE_07085,NJ,08757,5.33,-1.0,-1.0,-1.0,-1.0,-1.0,2024-11-12,1.0,-1.0,40.7715,-74.7687
SITE_07086,NJ,08554,9.96,-1.0,-1.0,-1.0,-1.0,-1.0,2024-12-09,1.0,-1.0,39.3026,-74.3902
SITE_07087,NJ,08006,2.97,-1.0,-1.0,-1.0,-1.0,-1.0,2003-12-16,0.0,-1.0,40.0743,-74.8378
SITE_07088,NJ,07844,5.52,-1.0,-1.0,-1.0,-1.0,-1.0,2004-07-08,0.0,-1.0,40.9288,-74.5850
SITE_07089,NJ,08008,1.755,-1.0,-1.0,-1.0,-1.0,-1.0,2005-11-28,0.0,-1.0,39.9780,-74.6562
SITE_07090,NJ,07731,6.84,-1.0,-1.0,-1.0,-1.0,-1.0,2005-12-02,0.0,-1.0,39.2780,-75.0678
SITE_07091,NJ,08043,9.975,-1.0,-1.0,-1.0,-1.0,-1.0,2006-01-12,0.0,-1.0,40.8776,-74.5510
SITE_07092,NJ,08016,7.35,-1.0,-1.0,-1.0,-1.0,-1.0,2007-09-01,0.0,-1.0,39.7777,-74.2860
SITE_07093,NJ,08723,5.6,-1.0,-1.0,-1.0,-1.0,-1.0,2007-12-12,0.0,-1.0,40.4407,-74.8085
SITE_07094,NJ,08088,9.975,-1.0,-1.0,-1.0,-1.0,-1.0,2008-05-22,0.0,-1.0,40.3019,-74.8792
SITE_07095,NJ,08053,9.995,-1.0,-1.0,-1.0,-1.0,-1.0,2008-07-01,0.0,-1.0,40.6920,-74.1447
SITE_07096,NJ,07821,10.0,-1.0,-1.0,-1.0,-1.0,-1.0,2008-09-18,0.0,-1.0,40.9028,-74.6410
SITE_07097,NJ,08316,8.28,-1.0,-1.0,-1.0,-1.0,-1.0,2009-08-31,0.0,-1.0,39.7633,-74.6976
SITE_07098,NJ,08736,34.02,-1.0,-1.0,-1.0,-1.0,-1.0,2010-01-13,0.0,-1.0,40.0341,-74.3339
SITE_07099,NJ,08360,40.2,-1.0,-1.0,-1.0,-1.0,-1.0,2010-01-20,0.0,-1.0,39.2484,-74.8754
SITE_07100,NJ,08817,9.36,-1.0,-1.0,-1.0,-1.0,-1.0,2010-03-10,0.0,-1.0,39.8243,-74.7075
SITE_07101,NJ,08318,30.24,-1.0,-1.0,-1.0,-1.0,-1.0,2010-09-10,0.0,-1.0,40.2318,-74.2587
SITE_07102,NJ,08215,7.98,-1.0,-1.0,-1.0,-1.0,-1.0,2011-01-01,0.0,-1.0,40.8159,-75.0779
SITE_07103,NJ,07416,7.59,-1.0,-1.0,-1.0,-1.0,-1.0,2011-01-18,0.0,-1.0,39.8702,-75.0765
SITE_07104,NJ,07080,155.48,-1.0,-1.0,-1.0,-1.0,-1.0,2011-06-10,0.0,-1.0,40.7512,-74.5067
SITE_07105,NJ,07003,3.9,-1.0,-1.0,-1.0,-1.0,-1.0,2011-07-22,0.0,-1.0,40.5997,-74.5361
SITE_07106,NJ,07728,6.9,-1.0,-1.0,-1.0,-1.0,-1.0,2011-07-22,1.0,-1.0,39.4513,-74.2750
SITE_07107,NJ,07748,5.17,-1.0,-1.0,-1.0,-1.0,-1.0,2011-07-28,0.0,-1.0,40.7162,-74.1095
SITE_07108,NJ,08402,4.14,-1.0,-1.0,-1.0,-1.0,-1.0,2011-07-29,0.0,-1.0,40.6671,-74.6625
SITE_07109,NJ,07456,4.08,-1.0,-1.0,-1.0,-1.0,-1.0,2011-09-09,0.0,-1.0,39.6978,-75.0317
SITE_07110,NJ,07108,3.08,-1.0,-1.0,-1.0,-1.0,-1.0,2011-09-12,1.0,-1.0,40.1987,-74.8456
SITE_07111,NJ,07731,3.68,-1.0,-1.0,-1.0,-1.0,-1.0,2011-10-19,1.0,-1.0,39.9307,-74.4234
SITE_07112,NJ,08055,9.9,-1.0,-1.0,-1.0,-1.0,-1.0,2011-11-11,0.0,-1.0,39.6716,-74.9524
SITE_07113,NJ,07731,7.05,-1.0,-1.0,-1.0,-1.0,-1.0,2011-12-14,1.0,-1.0,39.4117,-74.4765
SITE_07114,NJ,08810,196.0,-1.0,-1.0,-1.0,-1.0,-1.0,2012-02-08,1.0,-1.0,40.6275,-75.0637
SITE_07115,NJ,07083,7.99,-1.0,-1.0,-1.0,-1.0,-1.0,2012-02-21,1.0,-1.0,39.5828,-74.7290
SITE_07116,NJ,08807,5.75,-1.0,-1.0,-1.0,-1.0,-1.0,2012-02-29,0.0,-1.0,40.2443,-74.9544
SITE_07117,NJ,07731,6.11,-1.0,-1.0,-1.0,-1.0,-1.0,2012-04-30,1.0,-1.0,40.4883,-75.0113
SITE_07118,NJ,08753,8.575,-1.0,-1.0,-1.0,-1.0,-1.0,2012-06-19,1.0,-1.0,40.5509,-74.6783
SITE_07119,NJ,08861,5.64,-1.0,-1.0,-1.0,-1.0,-1.0,2012-10-17,1.0,-1.0,40.3437,-75.0342
SITE_07120,NJ,08201,7.92,-1.0,-1.0,-1.0,-1.0,-1.0,2012-12-04,1.0,-1.0,40.9840,-74.3334
SITE_07121,NJ,08234,8.64,-1.0,-1.0,-1.0,-1.0,-1.0,2012-12-27,1.0,-1.0,40.7974,-74.7495
SITE_07122,NJ,07201,10.34,-1.0,-1.0,-1.0,-1.0,-1.0,2013-01-02,0.0,-1.0,40.3850,-74.5603
SITE_07123,NJ,08360,2.07,-1.0,-1.0,-1.0,-1.0,-1.0,2013-03-04,0.0,-1.0,40.5248,-74.4890
SITE_07124,NJ,07054,4.465,-1.0,-1.0,-1.0,-1.0,-1.0,2013-05-02,1.0,-1.0,40.0935,-74.4161
SITE_07125,NJ,08640,8.14,-1.0,-1.0,-1.0,-1.0,-1.0,2013-07-02,1.0,-1.0,39.2939,-74.6668
SITE_07126,NJ,08640,5.55,-1.0,-1.0,-1.0,-1.0,-1.0,2013-07-05,1.0,-1.0,39.5856,-74.7675
SITE_07127,NJ,08502,9.6,-1.0,-1.0,-1.0,-1.0,-1.0,2013-08-05,1.0,-1.0,40.6922,-74.1013
SITE_07128,NJ,07083,2.45,-1.0,-1.0,-1.0,-1.0,-1.0,2013-08-14,1.0,-1.0,39.3244,-74.2870
SITE_07129,NJ,07840,6.24,-1.0,-1.0,-1.0,-1.0,-1.0,2013-10-16,1.0,-1.0,40.8712,-74.4773
SITE_07130,NJ,08854,7.5,-1.0,-1.0,-1.0,-1.0,-1.0,2014-01-02,1.0,-1.0,39.9162,-74.7849
SITE_07131,NJ,07111,4.16,-1.0,-1.0,-1.0,-1.0,-1.0,2014-01-27,1.0,-1.0,40.3458,-74.1892
SITE_07132,NJ,08731,13.72,-1.0,-1.0,-1.0,-1.0,-1.0,2014-03-14,1.0,-1.0,39.5100,-74.2659
SITE_07133,NJ,08865,5.5,-1.0,-1.0,-1.0,-1.0,-1.0,2014-04-02,1.0,-1.0,39.8077,-74.9641
SITE_07134,NJ,08723,13.23,-1.0,-1.0,-1.0,-1.0,-1.0,2014-04-10,1.0,-1.0,39.7772,-74.1851
SITE_07135,NJ,07106,1.96,-1.0,-1.0,-1.0,-1.0,-1.0,2014-04-28,1.0,-1.0,39.9213,-74.4125
SITE_07136,NJ,08755,5.5,-1.0,-1.0,-1.0,-1.0,-1.0,2014-05-20,1.0,-1.0,40.1874,-74.3430
SITE_07137,NJ,08820,5.25,-1.0,-1.0,-1.0,-1.0,-1.0,2014-05-27,1.0,-1.0,40.8967,-74.5428
SITE_07138,NJ,07064,5.75,-1.0,-1.0,-1.0,-1.0,-1.0,2014-05-28,1.0,-1.0,-9999,-9999
SITE_07139,NJ,07421,5.61,-1.0,-1.0,-1.0,-1.0,-1.0,2014-07-07,0.0,-1.0,40.7118,-74.6468
SITE_07140,NJ,08753,13.0,-1.0,-1.0,-1.0,-1.0,-1.0,2014-08-06,1.0,-1.0,40.4876,-74.6448
SITE_07141,NJ,07677,9.5,-1.0,-1.0,-1.0,-1.0,-1.0,2014-08-26,0.0,-1.0,40.1878,-74.5261
SITE_07142,NJ,08046,4.845,-1.0,-1.0,-1.0,-1.0,-1.0,2014-08-29,1.0,-1.0,40.6192,-74.2101
SITE_07143,NJ,08873,8.64,-1.0,-1.0,-1.0,-1.0,-1.0,2014-10-14,1.0,-1.0,40.4581,-74.2344
SITE_07144,NJ,08204,12.24,-1.0,-1.0,-1.0,-1.0,-1.0,2014-10-15,0.0,-1.0,39.4885,-74.3609
SITE_07145,NJ,08322,11.925,-1.0,-1.0,-1.0,-1.0,-1.0,2014-10-31,1.0,-1.0,39.4501,-74.6653
SITE_07146,NJ,08884,9.18,-1.0,-1.0,-1.0,-1.0,-1.0,2014-12-05,1.0,-1.0,40.4056,-74.1364
SITE_07147,NJ,07719,7.65,-1.0,-1.0,-1.0,-1.0,-1.0,2014-12-08,1.0,-1.0,39.5433,-74.1584
SITE_07148,NJ,08872,9.44,-1.0,-1.0,-1.0,-1.0,-1.0,2015-01-08,1.0,-1.0,39.5458,-74.9710
SITE_07149,NJ,07748,6.89,-1.0,-1.0,-1.0,-1.0,-1.0,2015-04-02,1.0,-1.0,40.4531,-74.4000
SITE_07150,NJ,08057,6.12,-1.0,-1.0,-1.0,-1.0,-1.0,2015-04-09,1.0,-1.0,39.6663,-74.5778
SITE_07151,NJ,08854,4.59,-1.0,-1.0,-1.0,-1.0,-1.0,2015-05-12,1.0,-1.0,39.6963,-75.0541
SITE_07152,NJ,08859,7.4,-1.0,-1.0,-1.0,-1.0,-1.0,2015-06-22,1.0,-1.0,-9999,-9999
SITE_07153,NJ,07747,9.44,-1.0,-1.0,-1.0,-1.0,-1.0,2015-06-23,1.0,-1.0,39.5631,-74.3511
SITE_07154,NJ,08757,5.1,-1.0,-1.0,-1.0,-1.0,-1.0,2015-06-29,1.0,-1.0,39.2390,-74.6849
SITE_07155,NJ,08094,8.25,-1.0,-1.0,-1.0,-1.0,-1.0,2015-07-30,0.0,-1.0,40.8497,-74.4225
SITE_07156,NJ,07080,3.83,-1.0,-1.0,-1.0,-1.0,-1.0,2015-08-25,1.0,-1.0,39.3648,-74.7801
SITE_07157,NJ,08322,5.15,-1.0,-1.0,-1.0,-1.0,-1.0,2015-08-26,1.0,-1.0,40.8294,-74.2302
SITE_07158,NJ,08053,6.24,-1.0,-1.0,-1.0,-1.0,-1.0,2015-10-06,1.0,-1.0,39.7754,-75.0197
SITE_07159,NJ,07753,13.52,-1.0,-1.0,-1.0,-1.0,-1.0,2015-10-16,1.0,-1.0,40.1973,-74.7814
SITE_07160,NJ,08724,5.2,-1.0,-1.0,-1.0,-1.0,-1.0,2015-12-04,1.0,-1.0,40.2022,-74.5221
SITE_07161,NJ,08831,12.75,-1.0,-1.0,-1.0,-1.0,-1.0,2015-12-18,1.0,-1.0,39.7153,-74.8232
SITE_07162,NJ,08109,6.44,-1.0,-1.0,-1.0,-1.0,-1.0,2015-12-29,1.0,-1.0,39.8947,-74.3940
SITE_07163,NJ,08857,9.88,-1.0,-1.0,-1.0,-1.0,-1.0,2016-02-15,0.0,-1.0,39.8684,-74.6052
SITE_07164,NJ,08080,8.0,-1.0,-1.0,-1.0,-1.0,-1.0,2016-03-02,0.0,-1.0,39.5471,-74.3910
SITE_07165,NJ,08731,7.54,-1.0,-1.0,-1.0,-1.0,-1.0,2016-03-07,1.0,-1.0,40.8575,-74.7462
SITE_07166,NJ,08234,9.0,-1.0,-1.0,-1.0,-1.0,-1.0,2016-03-08,1.0,-1.0,39.5975,-74.8721
SITE_07167,NJ,08087,6.5,-1.0,-1.0,-1.0,-1.0,-1.0,2016-03-23,1.0,-1.0,39.6465,-74.1786
SITE_07168,NJ,08724,6.5,-1.0,-1.0,-1.0,-1.0,-1.0,2016-04-11,1.0,-1.0,39.9114,-74.4314
SITE_07169,NJ,08846,2.08,-1.0,-1.0,-1.0,-1.0,-1.0,2016-04-19,1.0,-1.0,40.8850,-74.6978
SITE_07170,NJ,08724,6.5,-1.0,-1.0,-1.0,-1.0,-1.0,2016-05-06,1.0,-1.0,40.8144,-74.7197
SITE_07171,NJ,08234,9.88,-1.0,-1.0,-1.0,-1.0,-1.0,2016-05-13,1.0,-1.0,39.4578,-74.6294
SITE_07172,NJ,08859,6.76,-1.0,-1.0,-1.0,-1.0,-1.0,2016-05-20,1.0,-1.0,40.7229,-74.6144
SITE_07173,NJ,07746,4.95,-1.0,-1.0,-1.0,-1.0,-1.0,2016-05-24,1.0,-1.0,40.3280,-74.6901
SITE_07174,NJ,08096,3.64,-1.0,-1.0,-1.0,-1.0,-1.0,2016-06-07,1.0,-1.0,39.3131,-74.5672
SITE_07175,NJ,08319,8.67,-1.0,-1.0,-1.0,-1.0,-1.0,2016-06-24,1.0,-1.0,40.9314,-74.7110
SITE_07176,NJ,07083,3.12,-1.0,-1.0,-1.0,-1.0,-1.0,2016-06-29,1.0,-1.0,39.2905,-74.5389
SITE_07177,NJ,07503,4.94,-1.0,-1.0,-1.0,-1.0,-1.0,2016-06-29,1.0,-1.0,40.8821,-74.8083
SITE_07178,NJ,07644,5.98,-1.0,-1.0,-1.0,-1.0,-1.0,2016-07-07,1.0,-1.0,40.3938,-74.4374
SITE_07179,NJ,07724,796.58,-1.0,-1.0,-1.0,-1.0,-1.0,2016-07-15,1.0,-1.0,39.2284,-74.9950
SITE_07180,NJ,07822,14.0,-1.0,-1.0,-1.0,-1.0,-1.0,2016-08-04,0.0,-1.0,39.8826,-74.4823
SITE_07181,NJ,08070,12.46,-1.0,-1.0,-1.0,-1.0,-1.0,2016-08-22,1.0,-1.0,39.7131,-74.4221
SITE_07182,NJ,08234,17.09,-1.0,-1.0,-1.0,-1.0,-1.0,2016-08-26,1.0,-1.0,39.7647,-74.6059
SITE_07183,NJ,08050,7.91,-1.0,-1.0,-1.0,-1.0,-1.0,2016-10-04,0.0,-1.0,39.7791,-74.1474
SITE_07184,NJ,07630,8.41,-1.0,-1.0,-1.0,-1.0,-1.0,2016-10-04,1.0,-1.0,40.6234,-74.3352
SITE_07185,NJ,07111,4.94,-1.0,-1.0,-1.0,-1.0,-1.0,2016-10-10,1.0,-1.0,39.2474,-74.7950
SITE_07186,NJ,08361,4.16,-1.0,-1.0,-1.0,-1.0,-1.0,2016-10-21,1.0,-1.0,39.4306,-74.8998
SITE_07187,NJ,08005,8.84,-1.0,-1.0,-1.0,-1.0,-1.0,2016-10-31,1.0,-1.0,40.0212,-75.0240
SITE_07188,NJ,08872,5.46,-1.0,-1.0,-1.0,-1.0,-1.0,2016-11-03,1.0,-1.0,40.8284,-74.9618
SITE_07189,NJ,08002,6.5,-1.0,-1.0,-1.0,-1.0,-1.0,2016-12-03,1.0,-1.0,39.5664,-74.4908
SITE_07190,NJ,08332,4.51,-1.0,-1.0,-1.0,-1.0,-1.0,2016-12-12,1.0,-1.0,39.9035,-74.5875
SITE_07191,NJ,08050,6.76,-1.0,-1.0,-1.0,-1.0,-1.0,2016-12-28,1.0,-1.0,39.6035,-74.3126
SITE_07192,NJ,08332,9.54,-1.0,-1.0,-1.0,-1.0,-1.0,2017-01-10,1.0,-1.0,39.6169,-74.5043
SITE_07193,NJ,08205,6.16,-1.0,-1.0,-1.0,-1.0,-1.0,2017-01-12,1.0,-1.0,39.2205,-74.6657
SITE_07194,NJ,07094,4.68,-1.0,-1.0,-1.0,-1.0,-1.0,2017-01-25,1.0,-1.0,39.2619,-74.1442
SITE_07195,NJ,07747,12.22,-1.0,-1.0,-1.0,-1.0,-1.0,2017-02-01,1.0,-1.0,39.4873,-74.9138
SITE_07196,NJ,08050,12.76,-1.0,-1.0,-1.0,-1.0,-1.0,2017-02-15,1.0,-1.0,40.3716,-74.8891
SITE_07197,NJ,07106,5.2,-1.0,-1.0,-1.0,-1.0,-1.0,2017-02-21,1.0,-1.0,40.6381,-74.3003
SITE_07198,NJ,08350,12.09,-1.0,-1.0,-1.0,-1.0,-1.0,2017-02-23,1.0,-1.0,40.7357,-74.3188
SITE_07199,NJ,07002,7.28,-1.0,-1.0,-1.0,-1.0,-1.0,2017-02-27,1.0,-1.0,39.8328,-74.2946
SITE_07200,NJ,08302,13.97,-1.0,-1.0,-1.0,-1.0,-1.0,2017-03-08,1.0,-1.0,39.8765,-74.5623
SITE_07201,NJ,07834,9.98,-1.0,-1.0,-1.0,-1.0,-1.0,2017-03-16,0.0,-1.0,39.7757,-74.2643
SITE_07202,NJ,07108,4.68,-1.0,-1.0,-1.0,-1.0,-1.0,2017-04-04,1.0,-1.0,39.9109,-74.4541
SITE_07203,NJ,08009,6.89,-1.0,-1.0,-1.0,-1.0,-1.0,2017-04-10,1.0,-1.0,40.1725,-74.8732
SITE_07204,NJ,08753,5.72,-1.0,-1.0,-1.0,-1.0,-1.0,2017-04-25,1.0,-1.0,40.2651,-74.1592
SITE_07205,NJ,07753,7.84,-1.0,-1.0,-1.0,-1.0,-1.0,2017-04-26,0.0,-1.0,39.4576,-74.3423
SITE_07206,NJ,08721,8.68,-1.0,-1.0,-1.0,-1.0,-1.0,2017-04-27,0.0,-1.0,40.9417,-75.0046
SITE_07207,NJ,07728,4.64,-1.0,-1.0,-1.0,-1.0,-1.0,2017-05-19,1.0,-1.0,40.1783,-74.6227
SITE_07208,NJ,07652,11.97,-1.0,-1.0,-1.0,-1.0,-1.0,2017-05-19,1.0,-1.0,39.4344,-74.4162
SITE_07209,NJ,08022,12.47,-1.0,-1.0,-1.0,-1.0,-1.0,2017-05-24,0.0,-1.0,39.7475,-74.4367
SITE_07210,NJ,08072,7.0,-1.0,-1.0,-1.0,-1.0,-1.0,2017-05-30,1.0,-1.0,40.8985,-74.8913
SITE_07211,NJ,08723,5.6,-1.0,-1.0,-1.0,-1.0,-1.0,2017-06-02,1.0,-1.0,40.3630,-74.4656
SITE_07212,NJ,07740,7.63,-1.0,-1.0,-1.0,-1.0,-1.0,2017-06-05,1.0,-1.0,39.5509,-74.6955
SITE_07213,NJ,08232,4.35,-1.0,-1.0,-1.0,-1.0,-1.0,2017-06-15,1.0,-1.0,40.7468,-74.2271
SITE_07214,NJ,07066,8.12,-1.0,-1.0,-1.0,-1.0,-1.0,2017-06-21,0.0,-1.0,40.1378,-74.8363
SITE_07215,NJ,07094,10.36,-1.0,-1.0,-1.0,-1.0,-1.0,2017-06-27,1.0,-1.0,40.1474,-74.3797
SITE_07216,NJ,08016,3.64,-1.0,-1.0,-1.0,-1.0,-1.0,2017-07-17,1.0,-1.0,-9999,-9999
SITE_07217,NJ,08021,7.25,-1.0,-1.0,-1.0,-1.0,-1.0,2017-07-17,1.0,-1.0,40.8343,-74.7885
SITE_07218,NJ,08050,6.16,-1.0,-1.0,-1.0,-1.0,-1.0,2017-07-26,1.0,-1.0,39.5179,-74.9360
SITE_07219,NJ,08048,11.2,-1.0,-1.0,-1.0,-1.0,-1.0,2017-07-31,1.0,-1.0,-9999,-9999
SITE_07220,NJ,08527,13.11,-1.0,-1.0,-1.0,-1.0,-1.0,2017-08-02,1.0,-1.0,40.6322,-74.4618
SITE_07221,NJ,08260,8.7,-1.0,-1.0,-1.0,-1.0,-1.0,2017-08-10,1.0,-1.0,39.6365,-74.9983
SITE_07222,NJ,08070,15.95,-1.0,-1.0,-1.0,-1.0,-1.0,2017-08-10,1.0,-1.0,40.0957,-74.1951
SITE_07223,NJ,08009,15.95,-1.0,-1.0,-1.0,-1.0,-1.0,2017-08-22,1.0,-1.0,40.4807,-74.5561
SITE_07224,NJ,08852,9.28,-1.0,-1.0,-1.0,-1.0,-1.0,2017-09-05,1.0,-1.0,40.4601,-74.1558
SITE_07225,NJ,08690,12.15,-1.0,-1.0,-1.0,-1.0,-1.0,2017-09-16,0.0,-1.0,39.3395,-74.5624
SITE_07226,NJ,08063,7.83,-1.0,-1.0,-1.0,-1.0,-1.0,2017-09-18,1.0,-1.0,40.2846,-74.6786
SITE_07227,NJ,08075,7.15,-1.0,-1.0,-1.0,-1.0,-1.0,2017-09-25,0.0,-1.0,40.0539,-74.5232
SITE_07228,NJ,08859,4.06,-1.0,-1.0,-1.0,-1.0,-1.0,2017-10-12,1.0,-1.0,40.0563,-74.6963
SITE_07229,NJ,08723,5.51,-1.0,-1.0,-1.0,-1.0,-1.0,2017-10-13,1.0,-1.0,40.7341,-74.7915
SITE_07230,NJ,08012,5.04,-1.0,-1.0,-1.0,-1.0,-1.0,2017-10-18,1.0,-1.0,40.0764,-74.4066
SITE_07231,NJ,07860,18.72,-1.0,-1.0,-1.0,-1.0,-1.0,2017-11-17,1.0,-1.0,39.3274,-74.3738
SITE_07232,NJ,08534,19.1,-1.0,-1.0,-1.0,-1.0,-1.0,2017-11-21,0.0,-1.0,39.5215,-74.2141
SITE_07233,NJ,08753,6.67,-1.0,-1.0,-1.0,-1.0,-1.0,2017-11-28,1.0,-1.0,39.8157,-74.4111
SITE_07234,NJ,08003,91.8,-1.0,-1.0,-1.0,-1.0,-1.0,2017-12-05,0.0,-1.0,39.5631,-74.2608
SITE_07235,NJ,08051,9.24,-1.0,-1.0,-1.0,-1.0,-1.0,2017-12-27,1.0,-1.0,39.5945,-74.1604
SITE_07236,NJ,07840,17.1,-1.0,-1.0,-1.0,-1.0,-1.0,2018-02-16,1.0,-1.0,39.2626,-74.7714
SITE_07237,NJ,08854,6.83,-1.0,-1.0,-1.0,-1.0,-1.0,2018-02-22,0.0,-1.0,39.4040,-74.9579
SITE_07238,NJ,07017,4.23,-1.0,-1.0,-1.0,-1.0,-1.0,2018-03-01,1.0,-1.0,39.7715,-74.2138
SITE_07239,NJ,08203,8.26,-1.0,-1.0,-1.0,-1.0,-1.0,2018-03-14,1.0,-1.0,39.2966,-74.7201
SITE_07240,NJ,07111,4.02,-1.0,-1.0,-1.0,-1.0,-1.0,2018-03-15,0.0,-1.0,40.7670,-75.0648
SITE_07241,NJ,08722,7.54,-1.0,-1.0,-1.0,-1.0,-1.0,2018-04-13,1.0,-1.0,40.8961,-74.8657
SITE_07242,NJ,08861,8.06,-1.0,-1.0,-1.0,-1.0,-1.0,2018-04-15,1.0,-1.0,39.6756,-74.9128
SITE_07243,NJ,08094,7.08,-1.0,-1.0,-1.0,-1.0,-1.0,2018-04-24,1.0,-1.0,40.8918,-74.8821
SITE_07244,NJ,08066,4.72,-1.0,-1.0,-1.0,-1.0,-1.0,2018-05-04,1.0,-1.0,40.9953,-74.1429
SITE_07245,NJ,07753,8.12,-1.0,-1.0,-1.0,-1.0,-1.0,2018-05-06,1.0,-1.0,40.7975,-74.2806
SITE_07246,NJ,08098,15.68,-1.0,-1.0,-1.0,-1.0,-1.0,2018-05-07,1.0,-1.0,39.5570,-74.9013
SITE_07247,NJ,08046,9.52,-1.0,-1.0,-1.0,-1.0,-1.0,2018-05-23,1.0,-1.0,39.5325,-74.4406
SITE_07248,NJ,08332,13.2,-1.0,-1.0,-1.0,-1.0,-1.0,2018-06-04,1.0,-1.0,39.3940,-74.8060
SITE_07249,NJ,08069,9.1,-1.0,-1.0,-1.0,-1.0,-1.0,2018-07-02,1.0,-1.0,39.6771,-74.4932
SITE_07250,NJ,08204,6.79,-1.0,-1.0,-1.0,-1.0,-1.0,2018-07-12,0.0,-1.0,40.7447,-74.1108
SITE_07251,NJ,08050,12.87,-1.0,-1.0,-1.0,-1.0,-1.0,2018-07-24,1.0,-1.0,39.8854,-74.4061
SITE_07252,NJ,08260,3.3,-1.0,-1.0,-1.0,-1.0,-1.0,2018-08-01,1.0,-1.0,39.7345,-74.6127
SITE_07253,NJ,08094,7.2,-1.0,-1.0,-1.0,-1.0,-1.0,2018-08-08,1.0,-1.0,39.5206,-74.5886
SITE_07254,NJ,08016,11.8,-1.0,-1.0,-1.0,-1.0,-1.0,2018-08-27,0.0,-1.0,-9999,-9999
SITE_07255,NJ,08302,14.25,-1.0,-1.0,-1.0,-1.0,-1.0,2018-08-31,1.0,-1.0,39.9929,-74.5600
SITE_07256,NJ,08816,7.59,-1.0,-1.0,-1.0,-1.0,-1.0,2018-09-07,0.0,-1.0,40.5818,-74.4085
SITE_07257,NJ,07062,5.1,-1.0,-1.0,-1.0,-1.0,-1.0,2018-09-11,0.0,-1.0,40.2273,-74.6814
SITE_07258,NJ,08205,35.64,-1.0,-1.0,-1.0,-1.0,-1.0,2018-09-18,1.0,-1.0,39.9509,-75.0625
SITE_07259,NJ,08094,5.36,-1.0,-1.0,-1.0,-1.0,-1.0,2018-09-21,0.0,-1.0,40.8386,-74.5371
SITE_07260,NJ,08010,18.0,-1.0,-1.0,-1.0,-1.0,-1.0,2018-10-24,1.0,-1.0,39.7764,-74.3850
SITE_07261,NJ,08025,10.03,-1.0,-1.0,-1.0,-1.0,-1.0,2018-10-26,1.0,-1.0,40.6704,-74.2181
SITE_07262,NJ,08037,8.12,-1.0,-1.0,-1.0,-1.0,-1.0,2018-11-14,1.0,-1.0,40.6406,-74.1892
SITE_07263,NJ,08234,8.7,-1.0,-1.0,-1.0,-1.0,-1.0,2018-11-19,1.0,-1.0,40.2397,-74.1364
SITE_07264,NJ,08618,15.84,-1.0,-1.0,-1.0,-1.0,-1.0,2018-11-20,1.0,-1.0,40.2501,-74.1403
SITE_07265,NJ,08028,4.64,-1.0,-1.0,-1.0,-1.0,-1.0,2018-12-27,1.0,-1.0,39.9632,-74.6579
SITE_07266,NJ,08037,11.97,-1.0,-1.0,-1.0,-1.0,-1.0,2019-01-03,1.0,-1.0,40.8124,-75.0770
SITE_07267,NJ,08242,11.52,-1.0,-1.0,-1.0,-1.0,-1.0,2019-02-20,1.0,-1.0,40.7513,-74.9927
SITE_07268,NJ,07644,5.67,-1.0,-1.0,-1.0,-1.0,-1.0,2019-03-18,1.0,-1.0,39.2454,-75.0199
SITE_07269,NJ,07108,3.42,-1.0,-1.0,-1.0,-1.0,-1.0,2019-04-01,1.0,-1.0,40.6808,-74.5578
SITE_07270,NJ,08090,9.8,-1.0,-1.0,-1.0,-1.0,-1.0,2019-04-04,1.0,-1.0,39.5251,-74.9822
SITE_07271,NJ,08225,8.7,-1.0,-1.0,-1.0,-1.0,-1.0,2019-04-08,0.0,-1.0,-9999,-9999
SITE_07272,NJ,07057,5.67,-1.0,-1.0,-1.0,-1.0,-1.0,2019-05-08,1.0,-1.0,39.3680,-75.0527
SITE_07273,NJ,08046,9.14,-1.0,-1.0,-1.0,-1.0,-1.0,2019-06-20,0.0,-1.0,39.6403,-74.1680
SITE_07274,NJ,08701,8.1,-1.0,-1.0,-1.0,-1.0,-1.0,2019-06-28,1.0,-1.0,40.6718,-74.6489
SITE_07275,NJ,08085,10.8,-1.0,-1.0,-1.0,-1.0,-1.0,2019-07-08,0.0,-1.0,39.4781,-74.4462
SITE_07276,NJ,08759,12.1,-1.0,-1.0,-1.0,-1.0,-1.0,2019-07-30,1.0,-1.0,39.2655,-74.3045
SITE_07277,NJ,07734,17.66,-1.0,-1.0,-1.0,-1.0,-1.0,2019-08-07,1.0,-1.0,40.8736,-74.4698
SITE_07278,NJ,08087,8.06,-1.0,-1.0,-1.0,-1.0,-1.0,2019-08-19,0.0,-1.0,40.6315,-75.0964
SITE_07279,NJ,08053,16.5,-1.0,-1.0,-1.0,-1.0,-1.0,2019-09-27,0.0,-1.0,39.7710,-74.8573
SITE_07280,NJ,07040,4.1,-1.0,-1.0,-1.0,-1.0,-1.0,2019-10-05,1.0,-1.0,39.9089,-74.1565
SITE_07281,NJ,07052,13.34,-1.0,-1.0,-1.0,-1.0,-1.0,2019-10-08,1.0,-1.0,40.0914,-74.9026
SITE_07282,NJ,08232,10.5,-1.0,-1.0,-1.0,-1.0,-1.0,2019-10-31,1.0,-1.0,40.8644,-74.2779
SITE_07283,NJ,07090,9.24,-1.0,-1.0,-1.0,-1.0,-1.0,2019-11-13,0.0,-1.0,39.2054,-74.5505
SITE_07284,NJ,08080,6.67,-1.0,-1.0,-1.0,-1.0,-1.0,2019-11-15,1.0,-1.0,39.9763,-74.9474
SITE_07285,NJ,08232,3.3,-1.0,-1.0,-1.0,-1.0,-1.0,2019-11-22,1.0,-1.0,40.1420,-74.6301
SITE_07286,NJ,08852,6.96,-1.0,-1.0,-1.0,-1.0,-1.0,2019-11-26,0.0,-1.0,40.9680,-74.6751
SITE_07287,NJ,08071,21.08,-1.0,-1.0,-1.0,-1.0,-1.0,2019-12-09,0.0,-1.0,40.2906,-74.2540
SITE_07288,NJ,08902,12.03,-1.0,-1.0,-1.0,-1.0,-1.0,2019-12-11,0.0,-1.0,40.8920,-74.4064
SITE_07289,NJ,08016,8.06,-1.0,-1.0,-1.0,-1.0,-1.0,2019-12-19,1.0,-1.0,39.5996,-74.8974
SITE_07290,NJ,08016,4.27,-1.0,-1.0,-1.0,-1.0,-1.0,2019-12-19,1.0,-1.0,39.8241,-74.6482
SITE_07291,NJ,08109,3.78,-1.0,-1.0,-1.0,-1.0,-1.0,2020-01-02,1.0,-1.0,40.3174,-74.6809
SITE_07292,NJ,08033,10.23,-1.0,-1.0,-1.0,-1.0,-1.0,2020-01-02,0.0,-1.0,39.4687,-74.9309
SITE_07293,NJ,07083,5.23,-1.0,-1.0,-1.0,-1.0,-1.0,2020-01-15,1.0,-1.0,39.7786,-74.6945
SITE_07294,NJ,07059,7.56,-1.0,-1.0,-1.0,-1.0,-1.0,2020-02-19,1.0,-1.0,40.8139,-74.6624
SITE_07295,NJ,08515,10.56,-1.0,-1.0,-1.0,-1.0,-1.0,2020-02-20,0.0,-1.0,40.3181,-74.9592
SITE_07296,NJ,07066,5.53,-1.0,-1.0,-1.0,-1.0,-1.0,2020-02-25,0.0,-1.0,40.9433,-74.1757
SITE_07297,NJ,08205,7.56,-1.0,-1.0,-1.0,-1.0,-1.0,2020-03-17,1.0,-1.0,40.2074,-74.4933
SITE_07298,NJ,08820,4.41,-1.0,-1.0,-1.0,-1.0,-1.0,2020-03-27,0.0,-1.0,39.6943,-75.0125
SITE_07299,NJ,08332,313.56,-1.0,-1.0,-1.0,-1.0,-1.0,2020-04-24,1.0,-1.0,40.0977,-74.6748
SITE_07300,NJ,08094,12.87,-1.0,-1.0,-1.0,-1.0,-1.0,2020-06-18,0.0,-1.0,40.7534,-74.7664
SITE_07301,NJ,08080,17.67,-1.0,-1.0,-1.0,-1.0,-1.0,2020-08-24,0.0,-1.0,40.8918,-75.0673
SITE_07302,NJ,07508,14.07,-1.0,-1.0,-1.0,-1.0,-1.0,2020-09-03,1.0,-1.0,40.1060,-74.5088
SITE_07303,NJ,08010,10.54,-1.0,-1.0,-1.0,-1.0,-1.0,2020-09-22,1.0,-1.0,39.5085,-74.5297
SITE_07304,NJ,08869,5.44,-1.0,-1.0,-1.0,-1.0,-1.0,2020-09-25,1.0,-1.0,39.8272,-74.3808
SITE_07305,NJ,08902,4.55,-1.0,-1.0,-1.0,-1.0,-1.0,2020-11-23,0.0,-1.0,40.6683,-74.7798
SITE_07306,NJ,08060,10.2,-1.0,-1.0,-1.0,-1.0,-1.0,2020-11-23,0.0,-1.0,40.4593,-74.3102
SITE_07307,NJ,08012,8.84,-1.0,-1.0,-1.0,-1.0,-1.0,2020-11-23,0.0,-1.0,40.3699,-74.2319
SITE_07308,NJ,07421,14.95,-1.0,-1.0,-1.0,-1.0,-1.0,2020-12-04,0.0,-1.0,40.3841,-75.0785
SITE_07309,NJ,08540,12.96,-1.0,-1.0,-1.0,-1.0,-1.0,2020-12-09,0.0,-1.0,39.9852,-75.0771
SITE_07310,NJ,07758,17.68,-1.0,-1.0,-1.0,-1.0,-1.0,2020-12-16,0.0,-1.0,40.9913,-74.5745
SITE_07311,NJ,08804,6.08,-1.0,-1.0,-1.0,-1.0,-1.0,2021-01-14,0.0,-1.0,39.2199,-74.4267
SITE_07312,NJ,08215,8.85,-1.0,-1.0,-1.0,-1.0,-1.0,2021-01-25,1.0,-1.0,39.4678,-74.8680
SITE_07313,NJ,08527,14.72,-1.0,-1.0,-1.0,-1.0,-1.0,2021-01-27,1.0,-1.0,39.6629,-74.2090
SITE_07314,NJ,08050,7.93,-1.0,-1.0,-1.0,-1.0,-1.0,2021-02-08,1.0,-1.0,39.9030,-74.3955
SITE_07315,NJ,08835,5.85,-1.0,-1.0,-1.0,-1.0,-1.0,2021-03-16,0.0,-1.0,40.0291,-74.3469
SITE_07316,NJ,08090,7.0,-1.0,-1.0,-1.0,-1.0,-1.0,2021-03-22,1.0,-1.0,40.1072,-74.5325
SITE_07317,NJ,07828,10.54,-1.0,-1.0,-1.0,-1.0,-1.0,2021-03-25,0.0,-1.0,39.6398,-74.3106
SITE_07318,NJ,08068,12.95,-1.0,-1.0,-1.0,-1.0,-1.0,2021-04-05,1.0,-1.0,39.7538,-74.1274
SITE_07319,NJ,08048,7.15,-1.0,-1.0,-1.0,-1.0,-1.0,2021-04-21,1.0,-1.0,40.7214,-74.4896
SITE_07320,NJ,07054,5.78,-1.0,-1.0,-1.0,-1.0,-1.0,2021-04-29,0.0,-1.0,40.0245,-75.0021
SITE_07321,NJ,07666,11.22,-1.0,-1.0,-1.0,-1.0,-1.0,2021-05-03,0.0,-1.0,39.8981,-74.9656
SITE_07322,NJ,08832,8.18,-1.0,-1.0,-1.0,-1.0,-1.0,2021-05-11,1.0,-1.0,39.8759,-74.8350
SITE_07323,NJ,08332,10.85,-1.0,-1.0,-1.0,-1.0,-1.0,2021-05-21,0.0,-1.0,40.4388,-74.3747
SITE_07324,NJ,08016,8.19,-1.0,-1.0,-1.0,-1.0,-1.0,2021-05-26,1.0,-1.0,39.8713,-74.4001
SITE_07325,NJ,08810,7.26,-1.0,-1.0,-1.0,-1.0,-1.0,2021-06-01,1.0,-1.0,40.0326,-75.0780
SITE_07326,NJ,08251,6.4,-1.0,-1.0,-1.0,-1.0,-1.0,2021-06-15,1.0,-1.0,40.2191,-74.1804
SITE_07327,NJ,08360,3.27,-1.0,-1.0,-1.0,-1.0,-1.0,2021-06-29,1.0,-1.0,40.5039,-74.2077
SITE_07328,NJ,08840,6.46,-1.0,-1.0,-1.0,-1.0,-1.0,2021-07-10,0.0,-1.0,39.4108,-74.9525
SITE_07329,NJ,07513,4.76,-1.0,-1.0,-1.0,-1.0,-1.0,2021-07-13,1.0,-1.0,39.4609,-74.4666
SITE_07330,NJ,08091,5.94,-1.0,-1.0,-1.0,-1.0,-1.0,2021-08-03,0.0,-1.0,40.4910,-75.0890
SITE_07331,NJ,07436,18.0,-1.0,-1.0,-1.0,-1.0,-1.0,2021-08-10,0.0,-1.0,39.2512,-74.5077
SITE_07332,NJ,08876,6.4,-1.0,-1.0,-1.0,-1.0,-1.0,2021-08-19,0.0,-1.0,40.7814,-74.1590
SITE_07333,NJ,08831,9.62,-1.0,-1.0,-1.0,-1.0,-1.0,2021-08-27,0.0,-1.0,39.4077,-74.9207
SITE_07334,NJ,07940,6.48,-1.0,-1.0,-1.0,-1.0,-1.0,2021-09-02,0.0,-1.0,40.9626,-74.4027
SITE_07335,NJ,08812,9.16,-1.0,-1.0,-1.0,-1.0,-1.0,2021-09-14,0.0,-1.0,39.4022,-74.2224
SITE_07336,NJ,08075,16.38,-1.0,-1.0,-1.0,-1.0,-1.0,2021-10-01,0.0,-1.0,39.6595,-74.5797
SITE_07337,NJ,07042,12.24,-1.0,-1.0,-1.0,-1.0,-1.0,2021-12-01,0.0,-1.0,40.1938,-74.7342
SITE_07338,NJ,08033,12.4,-1.0,-1.0,-1.0,-1.0,-1.0,2021-12-06,0.0,-1.0,40.0596,-74.7161
SITE_07339,NJ,08003,4.32,-1.0,-1.0,-1.0,-1.0,-1.0,2021-12-07,1.0,-1.0,40.7087,-75.0303
SITE_07340,NJ,07940,12.24,-1.0,-1.0,-1.0,-1.0,-1.0,2021-12-08,1.0,-1.0,40.8042,-74.9858
SITE_07341,NJ,07657,6.0,-1.0,-1.0,-1.0,-1.0,-1.0,2022-01-10,0.0,-1.0,40.4100,-74.1735
SITE_07342,NJ,07011,12.25,-1.0,-1.0,-1.0,-1.0,-1.0,2022-06-28,1.0,-1.0,40.2600,-74.3751
SITE_07343,NJ,08901,1730.88,-1.0,-1.0,-1.0,-1.0,-1.0,2023-12-19,0.0,-1.0,39.8710,-74.2108
SITE_07344,TX,-1,4.246458333333333,-1.0,-1.0,-1.0,-1.0,-1.0,2016-07-01,-1.0,-1.0,30.8013,-97.2560
SITE_07345,TX,-1,7.3929,-1.0,-1.0,-1.0,-1.0,-1.0,2017-07-01,-1.0,-1.0,29.2540,-101.6688
SITE_07346,TX,-1,10.560959999999998,-1.0,-1.0,-1.0,-1.0,-1.0,2017-07-01,-1.0,-1.0,33.6063,-97.7351
SITE_07347,TX,-1,8.47476,-1.0,-1.0,-1.0,-1.0,-1.0,2017-07-01,-1.0,-1.0,32.0602,-101.6741
SITE_07348,TX,-1,30.87,-1.0,-1.0,-1.0,-1.0,-1.0,2018-07-01,-1.0,-1.0,31.0945,-97.4771
SITE_07349,TX,-1,3.62475,-1.0,-1.0,-1.0,-1.0,-1.0,2018-07-01,-1.0,-1.0,29.7761,-102.1525
SITE_07350,TX,-1,4.082625,-1.0,-1.0,-1.0,-1.0,-1.0,2018-07-01,-1.0,-1.0,33.2871,-101.4702
SITE_07351,TX,-1,8.39638215,-1.0,-1.0,-1.0,-1.0,-1.0,2019-07-01,-1.0,-1.0,34.1366,-102.0961
SITE_07352,TX,-1,6.297853170000001,-1.0,-1.0,-1.0,-1.0,-1.0,2019-07-01,-1.0,-1.0,34.4068,-98.4885
SITE_07353,TX,-1,6.78282639,-1.0,-1.0,-1.0,-1.0,-1.0,2019-07-01,-1.0,-1.0,32.2109,-96.2352
SITE_07354,TX,-1,11.21103981,-1.0,-1.0,-1.0,-1.0,-1.0,2019-07-01,-1.0,-1.0,28.3487,-99.3777
SITE_07355,TX,-1,5.3968301279999995,-1.0,-1.0,-1.0,-1.0,-1.0,2020-07-01,-1.0,-1.0,34.5197,-98.6991
SITE_07356,TX,-1,6.746037660000001,-1.0,-1.0,-1.0,-1.0,-1.0,2020-07-01,-1.0,-1.0,28.7757,-101.2607
SITE_07357,TX,-1,9.843187596000002,-1.0,-1.0,-1.0,-1.0,-1.0,2020-07-01,-1.0,-1.0,33.6763,-102.5514
SITE_07358,TX,-1,8.73971202,-1.0,-1.0,-1.0,-1.0,-1.0,2020-07-01,-1.0,-1.0,29.9970,-99.6347
SITE_07359,TX,-1,6.205891002,-1.0,-1.0,-1.0,-1.0,-1.0,2020-07-01,-1.0,-1.0,31.3662,-99.8078
SITE_07360,TX,-1,8.635391850000001,-1.0,-1.0,-1.0,-1.0,-1.0,2020-07-01,-1.0,-1.0,29.9000,-97.4566
SITE_07361,TX,-1,11.468264022000001,-1.0,-1.0,-1.0,-1.0,-1.0,2020-07-01,-1.0,-1.0,29.7799,-99.1032
SITE_07362,TX,-1,11.468264022000001,-1.0,-1.0,-1.0,-1.0,-1.0,2020-07-01,-1.0,-1.0,30.0524,-97.5015
SITE_07363,TX,-1,11.468264022000001,-1.0,-1.0,-1.0,-1.0,-1.0,2020-07-01,-1.0,-1.0,33.9396,-95.8458
SITE_07364,TX,-1,8.88745078,-1.0,-1.0,-1.0,-1.0,-1.0,2021-07-01,-1.0,-1.0,31.1244,-99.4867
SITE_07365,TX,-1,5.488059792,-1.0,-1.0,-1.0,-1.0,-1.0,2021-07-01,-1.0,-1.0,30.6736,-99.3384
SITE_07366,TX,-1,4.93878233,-1.0,-1.0,-1.0,-1.0,-1.0,2021-07-01,-1.0,-1.0,31.0043,-97.2427
SITE_07367,TX,-1,8.621062998,-1.0,-1.0,-1.0,-1.0,-1.0,2021-07-01,-1.0,-1.0,31.1957,-100.8445
SITE_07368,TX,-1,11.273153748,-1.0,-1.0,-1.0,-1.0,-1.0,2021-07-01,-1.0,-1.0,29.9067,-101.4320
SITE_07369,TX,-1,11.662127058,-1.0,-1.0,-1.0,-1.0,-1.0,2021-07-01,-1.0,-1.0,-9999,-9999
SITE_07370,TX,-1,7.295017623,-1.0,-1.0,-1.0,-1.0,-1.0,2021-07-01,-1.0,-1.0,34.6284,-100.0102
SITE_07371,TX,-1,5.636576874,-1.0,-1.0,-1.0,-1.0,-1.0,2021-07-01,-1.0,-1.0,34.5597,-101.8235
SITE_07372,TX,-1,9.18372,-1.0,-1.0,-1.0,-1.0,-1.0,2022-07-01,-1.0,-1.0,28.9230,-100.5671
SITE_07373,TX,-1,4.796484,-1.0,-1.0,-1.0,-1.0,-1.0,2022-07-01,-1.0,-1.0,33.3810,-100.0534
SITE_07374,TX,-1,9.120384,-1.0,-1.0,-1.0,-1.0,-1.0,2022-07-01,-1.0,-1.0,29.4793,-101.9286
SITE_07375,TX,-1,24.780209999999997,-1.0,-1.0,-1.0,-1.0,-1.0,2022-07-01,-1.0,-1.0,31.0244,-102.2215
SITE_07376,TX,-1,6.0912180000000005,-1.0,-1.0,-1.0,-1.0,-1.0,2022-07-01,-1.0,-1.0,32.1651,-98.8260
SITE_07377,TX,-1,6.166734,-1.0,-1.0,-1.0,-1.0,-1.0,2022-07-01,-1.0,-1.0,33.8047,-95.8764
SITE_07378,TX,-1,9.071664,-1.0,-1.0,-1.0,-1.0,-1.0,2022-07-01,-1.0,-1.0,32.7385,-102.5711
SITE_07379,TX,-1,8.222718,-1.0,-1.0,-1.0,-1.0,-1.0,2022-07-01,-1.0,-1.0,28.7602,-97.5612
SITE_07380,TX,-1,7.194726,-1.0,-1.0,-1.0,-1.0,-1.0,2022-07-01,-1.0,-1.0,29.6520,-100.0018
SITE_07381,TX,-1,6.0912180000000005,-1.0,-1.0,-1.0,-1.0,-1.0,2022-07-01,-1.0,-1.0,34.1251,-96.6678
SITE_07382,TX,-1,7.880459999999999,-1.0,-1.0,-1.0,-1.0,-1.0,2022-07-01,-1.0,-1.0,34.5261,-95.8189
SITE_07383,TX,-1,32.384184,-1.0,-1.0,-1.0,-1.0,-1.0,2022-07-01,-1.0,-1.0,29.3313,-96.0274
SITE_07384,TX,-1,9.18372,-1.0,-1.0,-1.0,-1.0,-1.0,2022-07-01,-1.0,-1.0,31.9784,-96.9736
SITE_07385,TX,-1,3.521238,-1.0,-1.0,-1.0,-1.0,-1.0,2022-07-01,-1.0,-1.0,29.8938,-102.2780
SITE_07386,TX,-1,9.071664,-1.0,-1.0,-1.0,-1.0,-1.0,2022-07-01,-1.0,-1.0,34.7205,-101.3200
SITE_07387,TX,-1,4.454226,-1.0,-1.0,-1.0,-1.0,-1.0,2022-07-01,-1.0,-1.0,32.2665,-98.1453
SITE_07388,TX,-1,7.538202,-1.0,-1.0,-1.0,-1.0,-1.0,2022-07-01,-1.0,-1.0,30.1892,-100.9605
SITE_07389,TX,-1,13.378511999999999,-1.0,-1.0,-1.0,-1.0,-1.0,2022-07-01,-1.0,-1.0,33.3124,-99.4537
SITE_07390,TX,-1,8.222718,-1.0,-1.0,-1.0,-1.0,-1.0,2022-07-01,-1.0,-1.0,28.2903,-99.0083
SITE_07391,TX,-1,7.194726,-1.0,-1.0,-1.0,-1.0,-1.0,2022-07-01,-1.0,-1.0,29.4151,-97.7198
SITE_07392,TX,-1,4.51878,-1.0,-1.0,-1.0,-1.0,-1.0,2022-07-01,-1.0,-1.0,28.7827,-100.4387
SITE_07393,TX,-1,5.985251999999999,-1.0,-1.0,-1.0,-1.0,-1.0,2022-07-01,-1.0,-1.0,34.3217,-99.0153
SITE_07394,TX,-1,13.730514,-1.0,-1.0,-1.0,-1.0,-1.0,2022-07-01,-1.0,-1.0,30.3312,-97.6541
SITE_07395,TX,-1,7.290947999999999,-1.0,-1.0,-1.0,-1.0,-1.0,2022-07-01,-1.0,-1.0,32.0612,-102.5717
SITE_07396,TX,-1,11.970503999999998,-1.0,-1.0,-1.0,-1.0,-1.0,2022-07-01,-1.0,-1.0,33.6484,-97.2885
SITE_07397,TX,-1,8.802486,-1.0,-1.0,-1.0,-1.0,-1.0,2022-07-01,-1.0,-1.0,34.4421,-100.0996
SITE_07398,TX,-1,-1.0,-1.0,-1.0,-1.0,-1.0,-1.0,2023-07-01,-1.0,-1.0,29.5583,-96.4736
SITE_07399,TX,-1,12.050892,-1.0,-1.0,-1.0,-1.0,-1.0,2023-07-01,-1.0,-1.0,32.8173,-100.8216
SITE_07400,TX,-1,14.50029,-1.0,-1.0,-1.0,-1.0,-1.0,2023-07-01,-1.0,-1.0,33.6117,-100.6465
SITE_07401,TX,-1,11.039952,-1.0,-1.0,-1.0,-1.0,-1.0,2023-07-01,-1.0,-1.0,30.7480,-102.1888
SITE_07402,TX,-1,12.674508000000001,-1.0,-1.0,-1.0,-1.0,-1.0,2023-07-01,-1.0,-1.0,32.2124,-100.4763
SITE_07403,TX,-1,9.18372,-1.0,-1.0,-1.0,-1.0,-1.0,2023-07-01,-1.0,-1.0,29.3350,-98.8465
SITE_07404,TX,-1,6.51021,-1.0,-1.0,-1.0,-1.0,-1.0,2023-07-01,-1.0,-1.0,30.9102,-101.0883
SITE_07405,TX,-1,9.18372,-1.0,-1.0,-1.0,-1.0,-1.0,2023-07-01,-1.0,-1.0,33.2423,-99.4529
SITE_07406,TX,-1,16.47345,-1.0,-1.0,-1.0,-1.0,-1.0,2023-07-01,-1.0,-1.0,30.9495,-102.0089
SITE_07407,TX,-1,9.18372,-1.0,-1.0,-1.0,-1.0,-1.0,2023-07-01,-1.0,-1.0,31.1570,-96.1868
SITE_07408,TX,-1,12.348084,-1.0,-1.0,-1.0,-1.0,-1.0,2023-07-01,-1.0,-1.0,28.5408,-99.0961
SITE_07409,TX,-1,5.830566,-1.0,-1.0,-1.0,-1.0,-1.0,2023-07-01,-1.0,-1.0,31.0123,-97.8736
SITE_07410,TX,-1,8.57472,-1.0,-1.0,-1.0,-1.0,-1.0,2023-07-01,-1.0,-1.0,34.6063,-98.1738
SITE_07411,TX,-1,4.595514,-1.0,-1.0,-1.0,-1.0,-1.0,2023-07-01,-1.0,-1.0,32.2947,-97.7336
SITE_07412,TX,-1,9.18372,-1.0,-1.0,-1.0,-1.0,-1.0,2024-07-01,-1.0,-1.0,34.1277,-96.2565
SITE_07413,TX,-1,4.51878,-1.0,-1.0,-1.0,-1.0,-1.0,2024-07-01,-1.0,-1.0,33.9835,-98.7356
SITE_07414,TX,-1,4.51878,-1.0,-1.0,-1.0,-1.0,-1.0,2024-07-01,-1.0,-1.0,34.2430,-97.1579
SITE_07415,TX,-1,17.870496,-1.0,-1.0,-1.0,-1.0,-1.0,2024-07-01,-1.0,-1.0,33.6773,-97.3604
SITE_07416,TX,-1,11.706198,-1.0,-1.0,-1.0,-1.0,-1.0,2024-07-01,-1.0,-1.0,32.3096,-98.2088
SITE_07417,TX,-1,15.273719999999999,-1.0,-1.0,-1.0,-1.0,-1.0,2024-07-01,-1.0,-1.0,31.8232,-97.8232
SITE_07418,TX,-1,4.593078,-1.0,-1.0,-1.0,-1.0,-1.0,2024-07-01,-1.0,-1.0,33.7332,-100.4225
SITE_07419,TX,-1,13.66596,-1.0,-1.0,-1.0,-1.0,-1.0,2024-07-01,-1.0,-1.0,28.7030,-98.7805
SITE_07420,TX,-1,53.48837209302325,-1.0,-1.0,-1.0,-1.0,-1.0,2011-06-22,-1.0,-1.0,29.4907,-98.6833
SITE_07421,TX,-1,9.689333333333334,-1.0,-1.0,-1.0,-1.0,-1.0,2013-08-12,-1.0,-1.0,30.8791,-98.0002
SITE_07422,TX,-1,5.863636363636364,-1.0,-1.0,-1.0,-1.0,-1.0,2014-04-04,-1.0,-1.0,33.9031,-98.3896
SITE_07423,TX,-1,11.363636363636365,-1.0,-1.0,-1.0,-1.0,-1.0,2014-08-22,-1.0,-1.0,33.3100,-101.3025
SITE_07424,TX,-1,7.7272727272727275,-1.0,-1.0,-1.0,-1.0,-1.0,2014-12-14,-1.0,-1.0,34.7444,-100.5600
SITE_07425,TX,-1,5.729166666666668,-1.0,-1.0,-1.0,-1.0,-1.0,2015-03-12,-1.0,-1.0,32.7780,-98.1073
SITE_07426,TX,-1,13.87302,-1.0,-1.0,-1.0,-1.0,-1.0,2022-12-20,-1.0,-1.0,31.7549,-100.8575
SITE_07427,TX,-1,8.7087,-1.0,-1.0,-1.0,-1.0,-1.0,2023-05-22,-1.0,-1.0,29.7300,-97.3595
SITE_07428,TX,-1,8.891399999999999,-1.0,-1.0,-1.0,-1.0,-1.0,2023-03-10,-1.0,-1.0,33.7337,-96.1584
SITE_07429,TX,-1,4.36044,-1.0,-1.0,-1.0,-1.0,-1.0,2023-03-22,-1.0,-1.0,33.0071,-99.7397
SITE_07430,TX,-1,9.03756,-1.0,-1.0,-1.0,-1.0,-1.0,2023-03-30,-1.0,-1.0,31.3425,-98.7065
SITE_07431,TX,-1,9.890159999999998,-1.0,-1.0,-1.0,-1.0,-1.0,2023-03-02,-1.0,-1.0,33.2559,-102.2985
SITE_07432,TX,-1,12.8499,-1.0,-1.0,-1.0,-1.0,-1.0,2023-04-20,-1.0,-1.0,32.6816,-99.8116
SITE_07433,TX,-1,9.28116,-1.0,-1.0,-1.0,-1.0,-1.0,2023-04-03,-1.0,-1.0,28.3496,-99.8522
SITE_07434,TX,-1,6.71118,-1.0,-1.0,-1.0,-1.0,-1.0,2023-05-17,-1.0,-1.0,30.8420,-98.6734
SITE_07435,TX,-1,8.708333333333334,-1.0,-1.0,-1.0,-1.0,-1.0,2015-12-18,-1.0,-1.0,32.2907,-97.8528
SITE_07436,TX,-1,7.0644,-1.0,-1.0,-1.0,-1.0,-1.0,2023-06-02,-1.0,-1.0,29.2783,-96.3714
SITE_07437,TX,-1,13.750000000000002,-1.0,-1.0,-1.0,-1.0,-1.0,2015-12-23,-1.0,-1.0,31.4391,-99.4171
SITE_07438,TX,-1,14.019179999999999,-1.0,-1.0,-1.0,-1.0,-1.0,2023-10-16,-1.0,-1.0,29.8871,-102.1433
SITE_07439,TX,-1,15.3468,-1.0,-1.0,-1.0,-1.0,-1.0,2024-01-19,-1.0,-1.0,31.9964,-102.1353
SITE_07440,TX,-1,4.59186,-1.0,-1.0,-1.0,-1.0,-1.0,2023-08-23,-1.0,-1.0,29.1568,-101.1360
SITE_07441,TX,-1,4.28625,-1.0,-1.0,-1.0,-1.0,-1.0,2018-03-18,-1.0,-1.0,32.5278,-101.2083
SITE_07442,TX,-1,6.71118,-1.0,-1.0,-1.0,-1.0,-1.0,2023-09-11,-1.0,-1.0,28.3366,-100.6425
SITE_07443,TX,-1,9.1959,-1.0,-1.0,-1.0,-1.0,-1.0,2023-12-05,-1.0,-1.0,32.3434,-98.8147
SITE_07444,TX,-1,10.608780000000001,-1.0,-1.0,-1.0,-1.0,-1.0,2023-10-23,-1.0,-1.0,30.7811,-97.0829
SITE_07445,TX,-1,6.1509,-1.0,-1.0,-1.0,-1.0,-1.0,2023-11-06,-1.0,-1.0,33.8405,-99.3894
SITE_07446,TX,-1,5.5419,-1.0,-1.0,-1.0,-1.0,-1.0,2023-12-05,-1.0,-1.0,34.6955,-102.2126
SITE_07447,TX,-1,4.8374999999999995,-1.0,-1.0,-1.0,-1.0,-1.0,2018-03-26,-1.0,-1.0,32.3952,-98.0781
SITE_07448,TX,-1,9.28116,-1.0,-1.0,-1.0,-1.0,-1.0,2023-12-06,-1.0,-1.0,32.3527,-100.7793
SITE_07449,TX,-1,19.95084,-1.0,-1.0,-1.0,-1.0,-1.0,2023-12-21,-1.0,-1.0,30.5894,-102.3140
SITE_07450,TX,-1,13.44672,-1.0,-1.0,-1.0,-1.0,-1.0,2024-01-05,-1.0,-1.0,31.0859,-97.1099
SITE_07451,TX,-1,11.700000000000001,-1.0,-1.0,-1.0,-1.0,-1.0,2018-03-29,-1.0,-1.0,28.8311,-97.5082
SITE_07452,TX,-1,8.136239999999999,-1.0,-1.0,-1.0,-1.0,-1.0,2024-01-29,-1.0,-1.0,28.2534,-100.1052
SITE_07453,TX,-1,12.16782,-1.0,-1.0,-1.0,-1.0,-1.0,2024-02-13,-1.0,-1.0,30.8996,-101.6267
SITE_07454,TX,-1,9.500399999999999,-1.0,-1.0,-1.0,-1.0,-1.0,2024-02-15,-1.0,-1.0,33.1065,-97.9858
SITE_07455,TX,-1,10.09125,-1.0,-1.0,-1.0,-1.0,-1.0,2018-05-04,-1.0,-1.0,31.2553,-100.2202
SITE_07456,TX,-1,18.27,-1.0,-1.0,-1.0,-1.0,-1.0,2024-03-22,-1.0,-1.0,33.5115,-99.4991
SITE_07457,TX,-1,8.48946,-1.0,-1.0,-1.0,-1.0,-1.0,2024-04-08,-1.0,-1.0,31.0114,-96.5295
SITE_07458,TX,-1,37.2708,-1.0,-1.0,-1.0,-1.0,-1.0,2024-05-16,-1.0,-1.0,34.4565,-96.7508
SITE_07459,TX,-1,8.73,-1.0,-1.0,-1.0,-1.0,-1.0,2018-12-10,-1.0,-1.0,28.6600,-100.3976
SITE_07460,TX,-1,9.90234,-1.0,-1.0,-1.0,-1.0,-1.0,2024-04-18,-1.0,-1.0,30.4376,-101.0004
SITE_07461,TX,-1,5.298299999999999,-1.0,-1.0,-1.0,-1.0,-1.0,2024-05-02,-1.0,-1.0,28.3035,-102.4978
SITE_07462,TX,-1,12.7281,-1.0,-1.0,-1.0,-1.0,-1.0,2024-08-25,-1.0,-1.0,32.0083,-97.7196
SITE_07463,TX,-1,5.298299999999999,-1.0,-1.0,-1.0,-1.0,-1.0,2024-04-23,-1.0,-1.0,29.4292,-101.3779
SITE_07464,TX,-1,18.31872,-1.0,-1.0,-1.0,-1.0,-1.0,2024-04-25,-1.0,-1.0,34.6144,-102.2582
SITE_07465,TX,-1,8.549999999999999,-1.0,-1.0,-1.0,-1.0,-1.0,2018-06-13,-1.0,-1.0,30.2805,-97.8196
SITE_07466,TX,-1,13.08132,-1.0,-1.0,-1.0,-1.0,-1.0,2024-07-29,-1.0,-1.0,28.9040,-101.4681
SITE_07467,TX,-1,14.007,-1.0,-1.0,-1.0,-1.0,-1.0,2024-05-13,-1.0,-1.0,34.0204,-100.0557
SITE_07468,TX,-1,9.28116,-1.0,-1.0,-1.0,-1.0,-1.0,2024-06-05,-1.0,-1.0,34.7044,-96.6020
SITE_07469,TX,-1,11.1825,-1.0,-1.0,-1.0,-1.0,-1.0,2018-07-25,-1.0,-1.0,28.8163,-99.8745
SITE_07470,TX,-1,16.6257,-1.0,-1.0,-1.0,-1.0,-1.0,2024-06-20,-1.0,-1.0,32.9415,-102.1561
SITE_07471,TX,-1,10.69404,-1.0,-1.0,-1.0,-1.0,-1.0,2024-08-05,-1.0,-1.0,31.4548,-100.0831
SITE_07472,TX,-1,7.125299999999999,-1.0,-1.0,-1.0,-1.0,-1.0,2024-07-01,-1.0,-1.0,28.4353,-98.8516
SITE_07473,TX,-1,10.803659999999999,-1.0,-1.0,-1.0,-1.0,-1.0,2024-07-15,-1.0,-1.0,29.9715,-97.0739
SITE_07474,TX,-1,3.9585,-1.0,-1.0,-1.0,-1.0,-1.0,2024-11-18,-1.0,-1.0,33.8618,-102.5605
SITE_07475,TX,-1,6.72336,-1.0,-1.0,-1.0,-1.0,-1.0,2024-08-19,-1.0,-1.0,29.0259,-96.9859
SITE_07476,TX,-1,14.250599999999999,-1.0,-1.0,-1.0,-1.0,-1.0,2024-08-21,-1.0,-1.0,33.0946,-101.8786
SITE_07477,TX,-1,9.90234,-1.0,-1.0,-1.0,-1.0,-1.0,2024-08-20,-1.0,-1.0,34.0872,-97.5103
SITE_07478,TX,-1,9.2568,-1.0,-1.0,-1.0,-1.0,-1.0,2024-12-30,-1.0,-1.0,28.7173,-100.8854
SITE_07479,TX,-1,6.875,-1.0,-1.0,-1.0,-1.0,-1.0,2016-01-08,-1.0,-1.0,31.9504,-98.8551
SITE_07480,TX,-1,13.79994,-1.0,-1.0,-1.0,-1.0,-1.0,2024-09-16,-1.0,-1.0,31.4283,-98.7209
SITE_07481,TX,-1,36.82014,-1.0,-1.0,-1.0,-1.0,-1.0,2024-09-20,-1.0,-1.0,31.8576,-96.7053
SITE_07482,TX,-1,10.7184,-1.0,-1.0,-1.0,-1.0,-1.0,2024-11-01,-1.0,-1.0,29.6481,-101.0140
SITE_07483,TX,-1,14.61375,-1.0,-1.0,-1.0,-1.0,-1.0,2018-11-16,-1.0,-1.0,34.3947,-96.4149
SITE_07484,TX,-1,32.13084,-1.0,-1.0,-1.0,-1.0,-1.0,2024-11-25,-1.0,-1.0,28.7699,-97.5549
SITE_07485,TX,-1,6.9426,-1.0,-1.0,-1.0,-1.0,-1.0,2024-11-22,-1.0,-1.0,30.3675,-96.1523
SITE_07486,TX,-1,7.917,-1.0,-1.0,-1.0,-1.0,-1.0,2024-12-24,-1.0,-1.0,33.0078,-98.9957
SITE_07487,TX,-1,4.21875,-1.0,-1.0,-1.0,-1.0,-1.0,2018-09-27,-1.0,-1.0,31.0566,-96.6821
SITE_07488,TX,-1,7.036644150000001,-1.0,-1.0,-1.0,-1.0,-1.0,2019-03-22,-1.0,-1.0,28.7701,-97.2707
SITE_07489,TX,-1,12.135661650000001,-1.0,-1.0,-1.0,-1.0,-1.0,2019-08-09,-1.0,-1.0,31.1077,-95.9491
SITE_07490,TX,-1,13.979166666666664,-1.0,-1.0,-1.0,-1.0,-1.0,2016-03-30,-1.0,-1.0,31.1378,-96.9828
SITE_07491,TX,-1,5.7222307500000005,-1.0,-1.0,-1.0,-1.0,-1.0,2019-08-20,-1.0,-1.0,29.2962,-100.3426
SITE_07492,TX,-1,7.886480400000001,-1.0,-1.0,-1.0,-1.0,-1.0,2019-06-13,-1.0,-1.0,33.3717,-97.6703
SITE_07493,TX,-1,8.708333333333332,-1.0,-1.0,-1.0,-1.0,-1.0,2016-03-08,-1.0,-1.0,34.4465,-96.2654
SITE_07494,TX,-1,11.07053355,-1.0,-1.0,-1.0,-1.0,-1.0,2019-09-04,-1.0,-1.0,31.0833,-98.6704
SITE_07495,TX,-1,6.526742400000001,-1.0,-1.0,-1.0,-1.0,-1.0,2019-10-14,-1.0,-1.0,31.6773,-98.5642
SITE_07496,TX,-1,9.2462184,-1.0,-1.0,-1.0,-1.0,-1.0,2019-10-04,-1.0,-1.0,30.1400,-99.0110
SITE_07497,TX,-1,9.395833333333332,-1.0,-1.0,-1.0,-1.0,-1.0,2016-05-10,-1.0,-1.0,29.4300,-97.0026
SITE_07498,TX,-1,6.073496400000001,-1.0,-1.0,-1.0,-1.0,-1.0,2019-10-21,-1.0,-1.0,32.8847,-101.2932
SITE_07499,TX,-1,13.51525758,-1.0,-1.0,-1.0,-1.0,-1.0,2020-04-02,-1.0,-1.0,29.4053,-98.4968
SITE_07500,TX,-1,11.1274848,-1.0,-1.0,-1.0,-1.0,-1.0,2020-01-30,-1.0,-1.0,33.8397,-100.4565
SITE_07501,TX,-1,6.954678,-1.0,-1.0,-1.0,-1.0,-1.0,2020-03-18,-1.0,-1.0,30.5164,-97.3080
SITE_07502,TX,-1,10.316105700000001,-1.0,-1.0,-1.0,-1.0,-1.0,2020-05-08,-1.0,-1.0,33.3218,-98.5774
SITE_07503,TX,-1,9.713366940000002,-1.0,-1.0,-1.0,-1.0,-1.0,2020-04-23,-1.0,-1.0,29.8774,-100.4655
SITE_07504,TX,-1,5.5637424,-1.0,-1.0,-1.0,-1.0,-1.0,2020-04-17,-1.0,-1.0,32.2679,-98.9058
SITE_07505,TX,-1,5.841929520000001,-1.0,-1.0,-1.0,-1.0,-1.0,2020-04-30,-1.0,-1.0,32.1808,-95.8303
SITE_07506,TX,-1,7.01263365,-1.0,-1.0,-1.0,-1.0,-1.0,2020-06-05,-1.0,-1.0,33.4197,-98.5826
SITE_07507,TX,-1,11.57953887,-1.0,-1.0,-1.0,-1.0,-1.0,2020-06-22,-1.0,-1.0,28.1484,-98.4753
SITE_07508,TX,-1,6.120116640000001,-1.0,-1.0,-1.0,-1.0,-1.0,2020-06-01,-1.0,-1.0,31.1235,-96.7333
SITE_07509,TX,-1,13.07479464,-1.0,-1.0,-1.0,-1.0,-1.0,2020-07-10,-1.0,-1.0,30.2952,-99.3647
SITE_07510,TX,-1,11.57953887,-1.0,-1.0,-1.0,-1.0,-1.0,2020-08-19,-1.0,-1.0,34.1913,-96.6743
SITE_07511,TX,-1,12.518420400000002,-1.0,-1.0,-1.0,-1.0,-1.0,2020-07-31,-1.0,-1.0,33.6953,-99.5686
SITE_07512,TX,-1,5.85352065,-1.0,-1.0,-1.0,-1.0,-1.0,2020-07-25,-1.0,-1.0,31.7584,-99.4606
SITE_07513,TX,-1,7.2328651200000005,-1.0,-1.0,-1.0,-1.0,-1.0,2020-08-25,-1.0,-1.0,30.8605,-98.1098
SITE_07514,TX,-1,8.83244106,-1.0,-1.0,-1.0,-1.0,-1.0,2020-08-25,-1.0,-1.0,32.5779,-99.1601
SITE_07515,TX,-1,17.653290990000002,-1.0,-1.0,-1.0,-1.0,-1.0,2020-09-02,-1.0,-1.0,29.9798,-100.8964
SITE_07516,TX,-1,7.01263365,-1.0,-1.0,-1.0,-1.0,-1.0,2020-10-14,-1.0,-1.0,34.8610,-102.1456
SITE_07517,TX,-1,14.62800606,-1.0,-1.0,-1.0,-1.0,-1.0,2020-10-08,-1.0,-1.0,33.8891,-97.4079
SITE_07518,TX,-1,7.072241999999999,-1.0,-1.0,-1.0,-1.0,-1.0,2021-01-01,-1.0,-1.0,29.1965,-97.5593
SITE_07519,TX,-1,6.78935232,-1.0,-1.0,-1.0,-1.0,-1.0,2021-01-27,-1.0,-1.0,30.1942,-99.9983
SITE_07520,TX,-1,6.78935232,-1.0,-1.0,-1.0,-1.0,-1.0,2021-01-08,-1.0,-1.0,28.2643,-102.2188
SITE_07521,TX,-1,7.13117735,-1.0,-1.0,-1.0,-1.0,-1.0,2021-01-26,-1.0,-1.0,-9999,-9999
SITE_07522,TX,-1,8.76958008,-1.0,-1.0,-1.0,-1.0,-1.0,2021-03-11,-1.0,-1.0,33.3779,-102.7230
SITE_07523,TX,-1,94.29656,-1.0,-1.0,-1.0,-1.0,-1.0,2021-03-31,-1.0,-1.0,30.5230,-99.2828
SITE_07524,TX,-1,5.95247035,-1.0,-1.0,-1.0,-1.0,-1.0,2021-03-03,-1.0,-1.0,31.7578,-102.4261
SITE_07525,TX,-1,10.59657593,-1.0,-1.0,-1.0,-1.0,-1.0,2021-04-07,-1.0,-1.0,32.2514,-96.8482
SITE_07526,TX,-1,15.04030132,-1.0,-1.0,-1.0,-1.0,-1.0,2021-04-13,-1.0,-1.0,32.6972,-100.9087
SITE_07527,TX,-1,5.729166666666666,-1.0,-1.0,-1.0,-1.0,-1.0,2016-09-08,-1.0,-1.0,30.4147,-100.5431
SITE_07528,TX,-1,6.84,-1.0,-1.0,-1.0,-1.0,-1.0,2017-01-31,-1.0,-1.0,31.9927,-100.6694
SITE_07529,TX,-1,13.401898589999998,-1.0,-1.0,-1.0,-1.0,-1.0,2021-08-30,-1.0,-1.0,34.5059,-98.1898
SITE_07530,TX,-1,10.3125,-1.0,-1.0,-1.0,-1.0,-1.0,2016-10-13,-1.0,-1.0,32.5676,-101.6618
SITE_07531,TX,-1,10.46691816,-1.0,-1.0,-1.0,-1.0,-1.0,2021-08-11,-1.0,-1.0,34.6675,-101.7974
SITE_07532,TX,-1,9.33535944,-1.0,-1.0,-1.0,-1.0,-1.0,2021-07-02,-1.0,-1.0,31.4235,-102.8286
SITE_07533,TX,-1,8.98174734,-1.0,-1.0,-1.0,-1.0,-1.0,2021-10-06,-1.0,-1.0,33.0628,-96.6382
SITE_07534,TX,-1,12.989351139999998,-1.0,-1.0,-1.0,-1.0,-1.0,2021-07-29,-1.0,-1.0,28.6882,-101.9701
SITE_07535,TX,-1,13.425472730000001,-1.0,-1.0,-1.0,-1.0,-1.0,2021-09-20,-1.0,-1.0,33.9077,-99.1528
SITE_07536,TX,-1,12.64752611,-1.0,-1.0,-1.0,-1.0,-1.0,2021-09-10,-1.0,-1.0,29.1945,-96.7307
SITE_07537,TX,-1,7.13117735,-1.0,-1.0,-1.0,-1.0,-1.0,2021-08-10,-1.0,-1.0,32.6049,-95.9799
SITE_07538,TX,-1,9.571100839999998,-1.0,-1.0,-1.0,-1.0,-1.0,2021-09-07,-1.0,-1.0,28.2205,-101.2489
SITE_07539,TX,-1,12.7300356,-1.0,-1.0,-1.0,-1.0,-1.0,2021-09-02,-1.0,-1.0,32.2772,-100.4355
SITE_07540,TX,-1,14.2623547,-1.0,-1.0,-1.0,-1.0,-1.0,2021-11-29,-1.0,-1.0,33.1024,-96.7354
SITE_07541,TX,-1,10.3125,-1.0,-1.0,-1.0,-1.0,-1.0,2016-11-29,-1.0,-1.0,29.4791,-101.4903
SITE_07542,TX,-1,13.425472730000001,-1.0,-1.0,-1.0,-1.0,-1.0,2021-09-16,-1.0,-1.0,30.6620,-99.7738
SITE_07543,TX,-1,9.28116,-1.0,-1.0,-1.0,-1.0,-1.0,2022-03-08,-1.0,-1.0,32.5924,-101.6342
SITE_07544,TX,-1,12.16782,-1.0,-1.0,-1.0,-1.0,-1.0,2022-03-04,-1.0,-1.0,33.0842,-102.7856
SITE_07545,TX,-1,8.98174734,-1.0,-1.0,-1.0,-1.0,-1.0,2021-10-26,-1.0,-1.0,33.3052,-98.7053
SITE_07546,TX,-1,12.959520000000001,-1.0,-1.0,-1.0,-1.0,-1.0,2022-03-17,-1.0,-1.0,30.4412,-98.4864
SITE_07547,TX,-1,9.28116,-1.0,-1.0,-1.0,-1.0,-1.0,2022-05-24,-1.0,-1.0,30.9404,-97.7121
SITE_07548,TX,-1,4.787999999999999,-1.0,-1.0,-1.0,-1.0,-1.0,2017-03-01,-1.0,-1.0,31.6020,-101.1433
SITE_07549,TX,-1,7.89264,-1.0,-1.0,-1.0,-1.0,-1.0,2022-02-16,-1.0,-1.0,28.5102,-100.6256
SITE_07550,TX,-1,8.98174734,-1.0,-1.0,-1.0,-1.0,-1.0,2021-12-27,-1.0,-1.0,31.5988,-97.3544
SITE_07551,TX,-1,5.12737545,-1.0,-1.0,-1.0,-1.0,-1.0,2021-12-20,-1.0,-1.0,28.5997,-96.8019
SITE_07552,TX,-1,8.54562575,-1.0,-1.0,-1.0,-1.0,-1.0,2021-12-29,-1.0,-1.0,28.7213,-101.4699
SITE_07553,TX,-1,8.47728,-1.0,-1.0,-1.0,-1.0,-1.0,2022-03-11,-1.0,-1.0,34.0399,-98.0012
SITE_07554,TX,-1,8.8305,-1.0,-1.0,-1.0,-1.0,-1.0,2022-03-25,-1.0,-1.0,30.4603,-98.8551
SITE_07555,TX,-1,23.0202,-1.0,-1.0,-1.0,-1.0,-1.0,2022-04-29,-1.0,-1.0,29.9572,-99.8507
SITE_07556,TX,-1,19.938660000000002,-1.0,-1.0,-1.0,-1.0,-1.0,2022-05-12,-1.0,-1.0,30.6738,-102.0365
SITE_07557,TX,-1,7.0644,-1.0,-1.0,-1.0,-1.0,-1.0,2022-06-16,-1.0,-1.0,28.5626,-101.8849
SITE_07558,TX,-1,93.29879999999999,-1.0,-1.0,-1.0,-1.0,-1.0,2022-12-06,-1.0,-1.0,31.7056,-99.6925
SITE_07559,TX,-1,7.0644,-1.0,-1.0,-1.0,-1.0,-1.0,2022-04-28,-1.0,-1.0,28.9094,-101.3574
SITE_07560,TX,-1,4.5675,-1.0,-1.0,-1.0,-1.0,-1.0,2022-07-28,-1.0,-1.0,28.9248,-98.8118
SITE_07561,TX,-1,11.30304,-1.0,-1.0,-1.0,-1.0,-1.0,2022-05-20,-1.0,-1.0,32.6828,-97.6409
SITE_07562,TX,-1,4.8125,-1.0,-1.0,-1.0,-1.0,-1.0,2016-02-10,-1.0,-1.0,30.0711,-99.0940
SITE_07563,TX,-1,7.417619999999999,-1.0,-1.0,-1.0,-1.0,-1.0,2023-02-13,-1.0,-1.0,28.8120,-98.2282
SITE_07564,TX,-1,7.3689,-1.0,-1.0,-1.0,-1.0,-1.0,2022-06-15,-1.0,-1.0,34.2838,-96.7098
SITE_07565,TX,-1,9.39078,-1.0,-1.0,-1.0,-1.0,-1.0,2022-07-18,-1.0,-1.0,30.6260,-102.8806
SITE_07566,TX,-1,6.71118,-1.0,-1.0,-1.0,-1.0,-1.0,2022-07-30,-1.0,-1.0,28.1129,-99.7933
SITE_07567,TX,-1,8.7087,-1.0,-1.0,-1.0,-1.0,-1.0,2022-06-22,-1.0,-1.0,29.8137,-102.6433
SITE_07568,TX,-1,5.80986,-1.0,-1.0,-1.0,-1.0,-1.0,2022-08-19,-1.0,-1.0,30.3295,-96.7541
SITE_07569,TX,-1,7.2592799999999995,-1.0,-1.0,-1.0,-1.0,-1.0,2022-09-09,-1.0,-1.0,32.1115,-102.6711
SITE_07570,TX,-1,6.52848,-1.0,-1.0,-1.0,-1.0,-1.0,2022-07-08,-1.0,-1.0,33.6017,-101.2776
SITE_07571,TX,-1,10.888919999999999,-1.0,-1.0,-1.0,-1.0,-1.0,2022-07-14,-1.0,-1.0,29.0480,-100.7246
SITE_07572,TX,-1,10.24338,-1.0,-1.0,-1.0,-1.0,-1.0,2022-07-22,-1.0,-1.0,31.9486,-98.7861
SITE_07573,TX,-1,4.5675,-1.0,-1.0,-1.0,-1.0,-1.0,2022-07-22,-1.0,-1.0,32.0165,-98.0304
SITE_07574,TX,-1,13.434539999999998,-1.0,-1.0,-1.0,-1.0,-1.0,2022-08-01,-1.0,-1.0,29.7804,-100.8917
SITE_07575,TX,-1,3.8303999999999996,-1.0,-1.0,-1.0,-1.0,-1.0,2017-05-03,-1.0,-1.0,29.3790,-96.2589
SITE_07576,TX,-1,18.56232,-1.0,-1.0,-1.0,-1.0,-1.0,2022-08-10,-1.0,-1.0,29.3932,-95.7495
SITE_07577,TX,-1,13.06914,-1.0,-1.0,-1.0,-1.0,-1.0,2022-10-03,-1.0,-1.0,28.5381,-96.4262
SITE_07578,TX,-1,15.54168,-1.0,-1.0,-1.0,-1.0,-1.0,2022-08-05,-1.0,-1.0,30.2987,-97.3910
SITE_07579,TX,-1,11.9364,-1.0,-1.0,-1.0,-1.0,-1.0,2022-12-15,-1.0,-1.0,34.4262,-101.3904
SITE_07580,TX,-1,9.890159999999998,-1.0,-1.0,-1.0,-1.0,-1.0,2022-08-22,-1.0,-1.0,32.7550,-97.2060
SITE_07581,TX,-1,14.7378,-1.0,-1.0,-1.0,-1.0,-1.0,2022-09-13,-1.0,-1.0,32.6200,-101.8688
SITE_07582,TX,-1,5.444459999999999,-1.0,-1.0,-1.0,-1.0,-1.0,2023-01-24,-1.0,-1.0,32.7167,-100.7364
SITE_07583,TX,-1,7.29582,-1.0,-1.0,-1.0,-1.0,-1.0,2022-09-07,-1.0,-1.0,32.3731,-99.1600
SITE_07584,TX,-1,12.16782,-1.0,-1.0,-1.0,-1.0,-1.0,2022-09-07,-1.0,-1.0,30.0067,-101.4095
SITE_07585,TX,-1,12.16782,-1.0,-1.0,-1.0,-1.0,-1.0,2022-09-22,-1.0,-1.0,28.9647,-98.6645
SITE_07586,TX,-1,12.16782,-1.0,-1.0,-1.0,-1.0,-1.0,2022-10-07,-1.0,-1.0,32.4112,-96.0547
SITE_07587,TX,-1,6.84,-1.0,-1.0,-1.0,-1.0,-1.0,2017-05-26,-1.0,-1.0,-9999,-9999
SITE_07588,TX,-1,10.486979999999999,-1.0,-1.0,-1.0,-1.0,-1.0,2022-09-22,-1.0,-1.0,34.3073,-102.6954
SITE_07589,TX,-1,3.60528,-1.0,-1.0,-1.0,-1.0,-1.0,2022-10-12,-1.0,-1.0,32.4641,-99.8399
SITE_07590,TX,-1,6.43104,-1.0,-1.0,-1.0,-1.0,-1.0,2022-10-13,-1.0,-1.0,34.3032,-98.5766
SITE_07591,TX,-1,15.047999999999998,-1.0,-1.0,-1.0,-1.0,-1.0,2017-09-02,-1.0,-1.0,32.4641,-102.7933
SITE_07592,TX,-1,5.07906,-1.0,-1.0,-1.0,-1.0,-1.0,2023-02-17,-1.0,-1.0,29.9577,-100.6912
SITE_07593,TX,-1,27.14922,-1.0,-1.0,-1.0,-1.0,-1.0,2023-03-29,-1.0,-1.0,31.1855,-99.6165
SITE_07594,TX,-1,5.15214,-1.0,-1.0,-1.0,-1.0,-1.0,2022-11-29,-1.0,-1.0,29.0273,-102.4126
SITE_07595,TX,-1,1300.8823333333332,-1.0,-1.0,-1.0,-1.0,-1.0,2023-05-02,-1.0,-1.0,30.4129,-98.1701
SITE_07596,NM,87102,16.56,-1.0,-1.0,-1.0,-1.0,-1.0,2011-08-12,-1.0,-1.0,34.1055,-104.9714
SITE_07597,NM,87507,96.0,-1.0,-1.0,-1.0,-1.0,-1.0,2021-07-26,-1.0,-1.0,35.7407,-104.8191
SITE_07598,NM,87122,30.381,-1.0,-1.0,-1.0,-1.0,-1.0,2023-03-23,-1.0,-1.0,35.5546,-106.5873
SITE_07599,NM,87507,2.04,-1.0,-1.0,-1.0,-1.0,-1.0,2006-05-11,-1.0,-1.0,33.1097,-107.1726
SITE_07600,NM,87501,2.05,-1.0,-1.0,-1.0,-1.0,-1.0,2007-08-07,-1.0,-1.0,35.6970,-106.2600
SITE_07601,NM,87110,1.17,-1.0,-1.0,-1.0,-1.0,-1.0,2008-04-08,-1.0,-1.0,33.9245,-106.7102
SITE_07602,NM,88337,3.6799999999999997,-1.0,-1.0,-1.0,-1.0,-1.0,2010-10-01,-1.0,-1.0,35.7578,-104.5007
SITE_07603,NM,87106,2.1,-1.0,-1.0,-1.0,-1.0,-1.0,2012-04-03,-1.0,-1.0,33.5905,-104.4654
SITE_07604,NM,87505,3.7,-1.0,-1.0,-1.0,-1.0,-1.0,2012-06-05,-1.0,-1.0,33.8809,-107.1162
SITE_07605,NM,87031,5.83,-1.0,-1.0,-1.0,-1.0,-1.0,2015-04-01,-1.0,-1.0,32.8023,-104.7564
SITE_07606,NM,87505,3.36,-1.0,-1.0,-1.0,-1.0,-1.0,2015-08-11,-1.0,-1.0,35.8860,-104.2428
SITE_07607,NM,87121,5.2,-1.0,-1.0,-1.0,-1.0,-1.0,2016-03-14,-1.0,-1.0,36.0486,-106.7923
SITE_07608,NM,87124,3.6399999999999997,-1.0,-1.0,-1.0,-1.0,-1.0,2016-04-18,-1.0,-1.0,33.4981,-106.6942
SITE_07609,NM,87109,3.3499999999999996,-1.0,-1.0,-1.0,-1.0,-1.0,2016-05-20,-1.0,-1.0,33.2771,-107.3227
SITE_07610,NM,87108,5.2299999999999995,-1.0,-1.0,-1.0,-1.0,-1.0,2016-08-25,-1.0,-1.0,33.9630,-105.9271
SITE_07611,NM,87124,6.239999999999999,-1.0,-1.0,-1.0,-1.0,-1.0,2016-09-10,-1.0,-1.0,35.5553,-107.2757
SITE_07612,NM,87124,6.119999999999999,-1.0,-1.0,-1.0,-1.0,-1.0,2016-09-13,-1.0,-1.0,35.0888,-105.8326
SITE_07613,NM,87111,5.61,-1.0,-1.0,-1.0,-1.0,-1.0,2016-09-22,-1.0,-1.0,35.5035,-107.1138
SITE_07614,NM,87114,3.5699999999999994,-1.0,-1.0,-1.0,-1.0,-1.0,2016-10-07,-1.0,-1.0,34.6618,-104.5158
SITE_07615,NM,87124,8.32,-1.0,-1.0,-1.0,-1.0,-1.0,2016-11-11,-1.0,-1.0,34.9110,-104.6411
SITE_07616,NM,87121,8.32,-1.0,-1.0,-1.0,-1.0,-1.0,2016-11-16,-1.0,-1.0,34.6483,-105.9700
SITE_07617,NM,87122,5.1,-1.0,-1.0,-1.0,-1.0,-1.0,2016-12-14,-1.0,-1.0,32.7486,-104.6952
SITE_07618,NM,87048,9.280000000000001,-1.0,-1.0,-1.0,-1.0,-1.0,2016-12-19,-1.0,-1.0,35.3012,-105.4232
SITE_07619,NM,87107,4.640000000000001,-1.0,-1.0,-1.0,-1.0,-1.0,2016-12-29,-1.0,-1.0,32.9347,-105.3536
SITE_07620,NM,87114,5.22,-1.0,-1.0,-1.0,-1.0,-1.0,2017-01-09,-1.0,-1.0,34.3767,-104.8070
SITE_07621,NM,87113,6.4399999999999995,-1.0,-1.0,-1.0,-1.0,-1.0,2017-02-01,-1.0,-1.0,34.4714,-107.0677
SITE_07622,NM,87124,9.36,-1.0,-1.0,-1.0,-1.0,-1.0,2017-02-22,-1.0,-1.0,35.9931,-104.9848
SITE_07623,NM,87124,5.04,-1.0,-1.0,-1.0,-1.0,-1.0,2017-03-08,-1.0,-1.0,35.0298,-104.1614
SITE_07624,NM,87121,3.18,-1.0,-1.0,-1.0,-1.0,-1.0,2017-03-10,-1.0,-1.0,32.6154,-107.9436
SITE_07625,NM,87104,4.35,-1.0,-1.0,-1.0,-1.0,-1.0,2017-03-22,-1.0,-1.0,33.3308,-107.1303
SITE_07626,NM,87123,11.89,-1.0,-1.0,-1.0,-1.0,-1.0,2017-03-30,-1.0,-1.0,32.8928,-107.6346
SITE_07627,NM,87102,4.35,-1.0,-1.0,-1.0,-1.0,-1.0,2017-05-08,-1.0,-1.0,33.0161,-107.5498
SITE_07628,NM,87144,5.04,-1.0,-1.0,-1.0,-1.0,-1.0,2017-06-21,-1.0,-1.0,33.1186,-104.7943
SITE_07629,NM,87124,4.4799999999999995,-1.0,-1.0,-1.0,-1.0,-1.0,2017-06-21,-1.0,-1.0,33.0952,-107.9143
SITE_07630,NM,87501,6.4,-1.0,-1.0,-1.0,-1.0,-1.0,2017-08-31,-1.0,-1.0,35.6343,-107.1127
SITE_07631,NM,87124,4.77,-1.0,-1.0,-1.0,-1.0,-1.0,2017-09-14,-1.0,-1.0,33.7153,-105.9637
SITE_07632,NM,87105,5.3,-1.0,-1.0,-1.0,-1.0,-1.0,2017-09-20,-1.0,-1.0,35.5422,-107.2988
SITE_07633,NM,87120,5.6,-1.0,-1.0,-1.0,-1.0,-1.0,2017-10-03,-1.0,-1.0,-9999,-9999
SITE_07634,NM,87108,3.9,-1.0,-1.0,-1.0,-1.0,-1.0,2017-10-20,-1.0,-1.0,34.5766,-106.8664
SITE_07635,NM,87043,3.35,-1.0,-1.0,-1.0,-1.0,-1.0,2017-11-09,-1.0,-1.0,33.3798,-106.2918
SITE_07636,NM,87113,4.845,-1.0,-1.0,-1.0,-1.0,-1.0,2017-12-14,-1.0,-1.0,32.6426,-107.5534
SITE_07637,NM,87120,3.99,-1.0,-1.0,-1.0,-1.0,-1.0,2018-01-06,-1.0,-1.0,33.5192,-107.0994
SITE_07638,NM,87124,8.85,-1.0,-1.0,-1.0,-1.0,-1.0,2018-02-07,-1.0,-1.0,34.3509,-107.5994
SITE_07639,NM,87124,6.38,-1.0,-1.0,-1.0,-1.0,-1.0,2018-03-26,-1.0,-1.0,34.6624,-104.4036
SITE_07640,NM,87124,4.06,-1.0,-1.0,-1.0,-1.0,-1.0,2018-03-26,-1.0,-1.0,33.2100,-104.9498
SITE_07641,NM,87107,1.5,-1.0,-1.0,-1.0,-1.0,-1.0,2018-04-14,-1.0,-1.0,34.3213,-106.4780
SITE_07642,NM,87121,4.06,-1.0,-1.0,-1.0,-1.0,-1.0,2018-05-09,-1.0,-1.0,34.0297,-105.9445
SITE_07643,NM,87505,10.08,-1.0,-1.0,-1.0,-1.0,-1.0,2018-06-09,-1.0,-1.0,35.4584,-105.8416
SITE_07644,NM,87043,4.08,-1.0,-1.0,-1.0,-1.0,-1.0,2018-06-18,-1.0,-1.0,33.4077,-105.2626
SITE_07645,NM,87124,5.1,-1.0,-1.0,-1.0,-1.0,-1.0,2018-06-21,-1.0,-1.0,33.6175,-104.1957
SITE_07646,NM,87109,10.73,-1.0,-1.0,-1.0,-1.0,-1.0,2018-07-11,-1.0,-1.0,33.3508,-107.9963
SITE_07647,NM,87121,3.835,-1.0,-1.0,-1.0,-1.0,-1.0,2018-08-01,-1.0,-1.0,34.5094,-104.5373
SITE_07648,NM,87110,8.125,-1.0,-1.0,-1.0,-1.0,-1.0,2018-08-04,-1.0,-1.0,33.0735,-105.1268
SITE_07649,NM,87031,11.02,-1.0,-1.0,-1.0,-1.0,-1.0,2018-09-08,-1.0,-1.0,32.6986,-107.0788
SITE_07650,NM,87110,3.924,-1.0,-1.0,-1.0,-1.0,-1.0,2018-09-10,-1.0,-1.0,34.2928,-107.9205
SITE_07651,NM,87114,5.886,-1.0,-1.0,-1.0,-1.0,-1.0,2018-10-01,-1.0,-1.0,34.5649,-106.5708
SITE_07652,NM,87109,5.985,-1.0,-1.0,-1.0,-1.0,-1.0,2018-10-01,-1.0,-1.0,34.2474,-106.4607
SITE_07653,NM,87144,4.575,-1.0,-1.0,-1.0,-1.0,-1.0,2018-10-11,-1.0,-1.0,35.5608,-107.0588
SITE_07654,NM,88310,7.375,-1.0,-1.0,-1.0,-1.0,-1.0,2018-11-08,-1.0,-1.0,34.7494,-105.7120
SITE_07655,NM,87501,6.84,-1.0,-1.0,-1.0,-1.0,-1.0,2018-11-16,-1.0,-1.0,34.7005,-105.9718
SITE_07656,NM,87068,1.74,-1.0,-1.0,-1.0,-1.0,-1.0,2018-11-17,-1.0,-1.0,34.9528,-105.0871
SITE_07657,NM,87124,11.89,-1.0,-1.0,-1.0,-1.0,-1.0,2018-11-26,-1.0,-1.0,34.4456,-104.2112
SITE_07658,NM,87507,1.38,-1.0,-1.0,-1.0,-1.0,-1.0,2018-11-30,-1.0,-1.0,35.6309,-105.2880
SITE_07659,NM,87506,3.24,-1.0,-1.0,-1.0,-1.0,-1.0,2018-12-05,-1.0,-1.0,35.7325,-107.8173
SITE_07660,NM,87114,4.41,-1.0,-1.0,-1.0,-1.0,-1.0,2018-12-20,-1.0,-1.0,35.2415,-107.2671
SITE_07661,NM,87031,2.52,-1.0,-1.0,-1.0,-1.0,-1.0,2019-01-07,-1.0,-1.0,34.7015,-104.5072
SITE_07662,NM,87106,5.695,-1.0,-1.0,-1.0,-1.0,-1.0,2019-01-08,-1.0,-1.0,35.2498,-105.8975
SITE_07663,NM,87124,6.38,-1.0,-1.0,-1.0,-1.0,-1.0,2019-01-31,-1.0,-1.0,34.1011,-104.2733
SITE_07664,NM,87144,7.015,-1.0,-1.0,-1.0,-1.0,-1.0,2019-02-05,-1.0,-1.0,35.0959,-106.3868
SITE_07665,NM,87124,2.97,-1.0,-1.0,-1.0,-1.0,-1.0,2019-02-14,-1.0,-1.0,35.2611,-104.4428
SITE_07666,NM,87109,7.54,-1.0,-1.0,-1.0,-1.0,-1.0,2019-02-14,-1.0,-1.0,35.0660,-106.9128
SITE_07667,NM,87114,6.9,-1.0,-1.0,-1.0,-1.0,-1.0,2019-02-16,-1.0,-1.0,34.3279,-105.3189
SITE_07668,NM,87121,2.925,-1.0,-1.0,-1.0,-1.0,-1.0,2019-02-28,-1.0,-1.0,33.8387,-107.7147
SITE_07669,NM,87121,3.355,-1.0,-1.0,-1.0,-1.0,-1.0,2019-03-08,-1.0,-1.0,33.0254,-106.9565
SITE_07670,NM,87121,2.9,-1.0,-1.0,-1.0,-1.0,-1.0,2019-03-14,-1.0,-1.0,32.7169,-106.5237
SITE_07671,NM,87507,2.52,-1.0,-1.0,-1.0,-1.0,-1.0,2019-03-26,-1.0,-1.0,32.8588,-105.0358
SITE_07672,NM,87123,8.12,-1.0,-1.0,-1.0,-1.0,-1.0,2019-04-10,-1.0,-1.0,34.9969,-104.3909
SITE_07673,NM,87048,8.26,-1.0,-1.0,-1.0,-1.0,-1.0,2019-04-19,-1.0,-1.0,35.3255,-104.9733
SITE_07674,NM,88310,5.51,-1.0,-1.0,-1.0,-1.0,-1.0,2019-04-25,-1.0,-1.0,34.6278,-105.8352
SITE_07675,NM,87144,5.04,-1.0,-1.0,-1.0,-1.0,-1.0,2019-05-28,-1.0,-1.0,33.6121,-104.7211
SITE_07676,NM,87124,5.525,-1.0,-1.0,-1.0,-1.0,-1.0,2019-05-30,-1.0,-1.0,34.7356,-107.2787
SITE_07677,NM,87002,7.194,-1.0,-1.0,-1.0,-1.0,-1.0,2019-05-31,-1.0,-1.0,35.5224,-107.2365
SITE_07678,NM,87112,6.71,-1.0,-1.0,-1.0,-1.0,-1.0,2019-07-19,-1.0,-1.0,32.6254,-107.5849
SITE_07679,NM,87031,4.93,-1.0,-1.0,-1.0,-1.0,-1.0,2019-07-22,-1.0,-1.0,35.5112,-107.6320
SITE_07680,NM,87114,6.4,-1.0,-1.0,-1.0,-1.0,-1.0,2019-07-24,-1.0,-1.0,35.1508,-107.7760
SITE_07681,NM,87107,4.2,-1.0,-1.0,-1.0,-1.0,-1.0,2019-08-09,-1.0,-1.0,33.1277,-106.5437
SITE_07682,NM,87015,3.57,-1.0,-1.0,-1.0,-1.0,-1.0,2019-09-05,-1.0,-1.0,33.2900,-105.2251
SITE_07683,NM,87043,5.12,-1.0,-1.0,-1.0,-1.0,-1.0,2019-10-23,-1.0,-1.0,33.0965,-104.5518
SITE_07684,NM,87083,3.25,-1.0,-1.0,-1.0,-1.0,-1.0,2019-11-04,-1.0,-1.0,35.1581,-104.8377
SITE_07685,NM,87031,3.48,-1.0,-1.0,-1.0,-1.0,-1.0,2019-11-06,-1.0,-1.0,34.2572,-107.3137
SITE_07686,NM,87125,7.15,-1.0,-1.0,-1.0,-1.0,-1.0,2019-11-14,-1.0,-1.0,33.3119,-106.5530
SITE_07687,NM,87120,3.84,-1.0,-1.0,-1.0,-1.0,-1.0,2019-11-15,-1.0,-1.0,35.7661,-106.5347
SITE_07688,NM,87120,8.12,-1.0,-1.0,-1.0,-1.0,-1.0,2019-12-27,-1.0,-1.0,36.1143,-107.2196
SITE_07689,NM,87122,11.725,-1.0,-1.0,-1.0,-1.0,-1.0,2019-12-27,-1.0,-1.0,33.5223,-107.0583
SITE_07690,NM,87105,2.44,-1.0,-1.0,-1.0,-1.0,-1.0,2019-12-31,-1.0,-1.0,33.9827,-107.0425
SITE_07691,NM,87106,8.505,-1.0,-1.0,-1.0,-1.0,-1.0,2020-01-09,-1.0,-1.0,33.9118,-105.1886
SITE_07692,NM,87112,3.9,-1.0,-1.0,-1.0,-1.0,-1.0,2020-01-15,-1.0,-1.0,33.4223,-107.5284
SITE_07693,NM,87110,3.78,-1.0,-1.0,-1.0,-1.0,-1.0,2020-01-16,-1.0,-1.0,35.3019,-104.1390
SITE_07694,NM,87104,7.245,-1.0,-1.0,-1.0,-1.0,-1.0,2020-01-25,-1.0,-1.0,32.8040,-104.7659
SITE_07695,NM,87124,7.8,-1.0,-1.0,-1.0,-1.0,-1.0,2020-02-10,-1.0,-1.0,34.1405,-105.9718
SITE_07696,NM,87144,3.84,-1.0,-1.0,-1.0,-1.0,-1.0,2020-04-09,-1.0,-1.0,35.2757,-104.1940
SITE_07697,NM,88310,9.28,-1.0,-1.0,-1.0,-1.0,-1.0,2020-04-28,-1.0,-1.0,33.6584,-105.1339
SITE_07698,NM,87123,4.06,-1.0,-1.0,-1.0,-1.0,-1.0,2020-05-12,-1.0,-1.0,34.0135,-104.2461
SITE_07699,NM,87105,7.93,-1.0,-1.0,-1.0,-1.0,-1.0,2020-06-03,-1.0,-1.0,35.5757,-104.8908
SITE_07700,NM,87120,3.05,-1.0,-1.0,-1.0,-1.0,-1.0,2020-06-06,-1.0,-1.0,32.7094,-106.6078
SITE_07701,NM,87121,6.1,-1.0,-1.0,-1.0,-1.0,-1.0,2020-07-27,-1.0,-1.0,34.9486,-107.9219
SITE_07702,NM,87124,4.65,-1.0,-1.0,-1.0,-1.0,-1.0,2020-08-05,-1.0,-1.0,34.7861,-105.2521
SITE_07703,NM,87120,4.62,-1.0,-1.0,-1.0,-1.0,-1.0,2020-08-06,-1.0,-1.0,-9999,-9999
SITE_07704,NM,87508,5.85,-1.0,-1.0,-1.0,-1.0,-1.0,2020-08-26,-1.0,-1.0,34.9907,-107.9602
SITE_07705,NM,87124,5.61,-1.0,-1.0,-1.0,-1.0,-1.0,2020-09-19,-1.0,-1.0,33.4984,-106.8728
SITE_07706,NM,87506,10.585,-1.0,-1.0,-1.0,-1.0,-1.0,2020-09-19,-1.0,-1.0,34.1547,-107.1423
SITE_07707,NM,87505,4.48,-1.0,-1.0,-1.0,-1.0,-1.0,2020-11-18,-1.0,-1.0,35.3990,-105.9716
SITE_07708,NM,87121,6.38,-1.0,-1.0,-1.0,-1.0,-1.0,2020-11-22,-1.0,-1.0,33.7345,-105.9011
SITE_07709,NM,87144,4.62,-1.0,-1.0,-1.0,-1.0,-1.0,2020-12-07,-1.0,-1.0,34.4666,-104.4580
SITE_07710,NM,87501,4.18,-1.0,-1.0,-1.0,-1.0,-1.0,2020-12-09,-1.0,-1.0,35.5912,-107.3254
SITE_07711,NM,87124,9.57,-1.0,-1.0,-1.0,-1.0,-1.0,2020-12-10,-1.0,-1.0,32.6536,-106.8424
SITE_07712,NM,88310,5.76,-1.0,-1.0,-1.0,-1.0,-1.0,2021-01-27,-1.0,-1.0,34.2695,-107.5797
SITE_07713,NM,87144,3.3,-1.0,-1.0,-1.0,-1.0,-1.0,2021-02-04,-1.0,-1.0,35.4871,-107.6097
SITE_07714,NM,87059,3.78,-1.0,-1.0,-1.0,-1.0,-1.0,2021-03-30,-1.0,-1.0,33.8739,-107.2818
SITE_07715,NM,87123,4.76,-1.0,-1.0,-1.0,-1.0,-1.0,2021-04-15,-1.0,-1.0,33.6129,-107.4871
SITE_07716,NM,87110,8.25,-1.0,-1.0,-1.0,-1.0,-1.0,2021-05-08,-1.0,-1.0,35.7315,-104.7483
SITE_07717,NM,87068,8.64,-1.0,-1.0,-1.0,-1.0,-1.0,2021-05-13,-1.0,-1.0,34.7377,-106.8645
SITE_07718,NM,87031,5.44,-1.0,-1.0,-1.0,-1.0,-1.0,2021-05-14,-1.0,-1.0,33.0274,-104.5886
SITE_07719,NM,87144,4.08,-1.0,-1.0,-1.0,-1.0,-1.0,2021-06-12,-1.0,-1.0,33.0934,-106.4561
SITE_07720,NM,87059,8.5,-1.0,-1.0,-1.0,-1.0,-1.0,2021-07-23,-1.0,-1.0,32.7185,-104.7771
SITE_07721,NM,87031,7.4,-1.0,-1.0,-1.0,-1.0,-1.0,2021-07-29,-1.0,-1.0,34.8974,-106.3330
SITE_07722,NM,87105,8.0,-1.0,-1.0,-1.0,-1.0,-1.0,2021-08-02,-1.0,-1.0,33.7534,-104.2337
SITE_07723,NM,87121,5.76,-1.0,-1.0,-1.0,-1.0,-1.0,2021-08-31,-1.0,-1.0,35.3427,-104.7806
SITE_07724,NM,87701,5.76,-1.0,-1.0,-1.0,-1.0,-1.0,2021-09-10,-1.0,-1.0,34.7311,-104.3847
SITE_07725,NM,87114,6.29,-1.0,-1.0,-1.0,-1.0,-1.0,2021-09-23,-1.0,-1.0,35.3455,-105.8524
SITE_07726,NM,87047,5.76,-1.0,-1.0,-1.0,-1.0,-1.0,2021-11-10,-1.0,-1.0,34.0766,-105.9266
SITE_07727,NM,87106,7.875,-1.0,-1.0,-1.0,-1.0,-1.0,2021-11-12,-1.0,-1.0,34.8231,-104.9014
SITE_07728,NM,87124,5.18,-1.0,-1.0,-1.0,-1.0,-1.0,2021-11-19,-1.0,-1.0,32.7257,-104.9425
SITE_07729,NM,88030,6.4,-1.0,-1.0,-1.0,-1.0,-1.0,2021-12-09,-1.0,-1.0,34.8195,-106.4088
SITE_07730,NM,87144,11.315,-1.0,-1.0,-1.0,-1.0,-1.0,2021-12-20,-1.0,-1.0,33.9300,-107.0325
SITE_07731,NM,87114,7.455,-1.0,-1.0,-1.0,-1.0,-1.0,2021-12-21,-1.0,-1.0,34.8055,-105.4286
SITE_07732,NM,87124,8.28,-1.0,-1.0,-1.0,-1.0,-1.0,2021-12-30,-1.0,-1.0,35.4927,-106.0737
SITE_07733,NM,87501,3.33,-1.0,-1.0,-1.0,-1.0,-1.0,2022-01-04,-1.0,-1.0,33.8743,-107.8585
SITE_07734,NM,87112,2.32,-1.0,-1.0,-1.0,-1.0,-1.0,2022-01-10,-1.0,-1.0,33.3373,-107.5463
SITE_07735,NM,87507,7.4,-1.0,-1.0,-1.0,-1.0,-1.0,2022-01-12,-1.0,-1.0,32.9248,-104.6651
SITE_07736,NM,87144,9.99,-1.0,-1.0,-1.0,-1.0,-1.0,2022-01-24,-1.0,-1.0,36.1638,-104.2633
SITE_07737,NM,87110,4.81,-1.0,-1.0,-1.0,-1.0,-1.0,2022-01-25,-1.0,-1.0,35.6562,-107.4573
SITE_07738,NM,87144,3.33,-1.0,-1.0,-1.0,-1.0,-1.0,2022-02-07,-1.0,-1.0,33.1966,-104.9494
SITE_07739,NM,87121,4.07,-1.0,-1.0,-1.0,-1.0,-1.0,2022-02-08,-1.0,-1.0,35.7281,-107.7244
SITE_07740,NM,87507,8.14,-1.0,-1.0,-1.0,-1.0,-1.0,2022-02-18,-1.0,-1.0,36.0966,-105.1312
SITE_07741,NM,87120,6.205,-1.0,-1.0,-1.0,-1.0,-1.0,2022-04-04,-1.0,-1.0,33.0848,-106.8030
SITE_07742,NM,88061,6.29,-1.0,-1.0,-1.0,-1.0,-1.0,2022-04-07,-1.0,-1.0,35.5034,-104.7479
SITE_07743,NM,87508,3.24,-1.0,-1.0,-1.0,-1.0,-1.0,2022-04-22,-1.0,-1.0,35.5212,-104.3226
SITE_07744,NM,87121,4.0,-1.0,-1.0,-1.0,-1.0,-1.0,2022-05-20,-1.0,-1.0,32.7231,-104.3947
SITE_07745,NM,87031,6.0,-1.0,-1.0,-1.0,-1.0,-1.0,2022-06-04,-1.0,-1.0,33.1715,-107.0757
SITE_07746,NM,87506,8.0,-1.0,-1.0,-1.0,-1.0,-1.0,2022-07-07,-1.0,-1.0,34.7288,-104.9423
SITE_07747,NM,87124,5.11,-1.0,-1.0,-1.0,-1.0,-1.0,2022-08-05,-1.0,-1.0,33.0471,-107.3375
SITE_07748,NM,87121,11.06,-1.0,-1.0,-1.0,-1.0,-1.0,2022-11-21,-1.0,-1.0,34.6984,-107.7723
SITE_07749,NM,87121,3.7,-1.0,-1.0,-1.0,-1.0,-1.0,2022-12-06,-1.0,-1.0,34.1865,-105.8377
SITE_07750,NM,87111,6.0,-1.0,-1.0,-1.0,-1.0,-1.0,2022-12-21,-1.0,-1.0,33.6066,-107.0411
SITE_07751,NM,88310,10.36,-1.0,-1.0,-1.0,-1.0,-1.0,2022-12-29,-1.0,-1.0,34.3564,-104.2019
SITE_07752,NM,87114,9.424,-1.0,-1.0,-1.0,-1.0,-1.0,2023-02-16,-1.0,-1.0,33.7681,-104.1976
SITE_07753,NM,87120,3.7199999999999998,-1.0,-1.0,-1.0,-1.0,-1.0,2023-02-16,-1.0,-1.0,32.6264,-107.4283
SITE_07754,NM,87106,3.596,-1.0,-1.0,-1.0,-1.0,-1.0,2023-02-16,-1.0,-1.0,35.7539,-106.6829
SITE_07755,NM,87121,7.192,-1.0,-1.0,-1.0,-1.0,-1.0,2023-02-22,-1.0,-1.0,36.0414,-105.4293
SITE_07756,NM,87120,4.464,-1.0,-1.0,-1.0,-1.0,-1.0,2023-03-01,-1.0,-1.0,35.5043,-104.5776
SITE_07757,NM,87008,5.952,-1.0,-1.0,-1.0,-1.0,-1.0,2023-03-15,-1.0,-1.0,34.6370,-107.4811
SITE_07758,NM,87144,3.7199999999999998,-1.0,-1.0,-1.0,-1.0,-1.0,2023-04-13,-1.0,-1.0,35.9888,-104.8043
SITE_07759,NM,87109,6.324,-1.0,-1.0,-1.0,-1.0,-1.0,2023-04-25,-1.0,-1.0,32.8935,-106.2986
SITE_07760,NM,87120,3.7199999999999998,-1.0,-1.0,-1.0,-1.0,-1.0,2023-04-27,-1.0,-1.0,36.1049,-104.4441
SITE_07761,NM,87122,9.424,-1.0,-1.0,-1.0,-1.0,-1.0,2023-05-04,-1.0,-1.0,32.7984,-105.9784
SITE_07762,NM,87507,0.744,-1.0,-1.0,-1.0,-1.0,-1.0,2023-06-19,-1.0,-1.0,35.0379,-107.4078
SITE_07763,NM,87144,5.704,-1.0,-1.0,-1.0,-1.0,-1.0,2023-06-23,-1.0,-1.0,33.4004,-104.3264
SITE_07764,NM,87112,3.844,-1.0,-1.0,-1.0,-1.0,-1.0,2023-07-06,-1.0,-1.0,34.1755,-107.2409
SITE_07765,NM,87506,8.928,-1.0,-1.0,-1.0,-1.0,-1.0,2023-07-14,-1.0,-1.0,34.7922,-104.1520
SITE_07766,NM,87121,2.852,-1.0,-1.0,-1.0,-1.0,-1.0,2023-08-08,-1.0,-1.0,34.2281,-107.0821
SITE_07767,NM,87110,5.084,-1.0,-1.0,-1.0,-1.0,-1.0,2023-08-19,-1.0,-1.0,35.9336,-106.5699
SITE_07768,NM,87105,9.548,-1.0,-1.0,-1.0,-1.0,-1.0,2023-08-21,-1.0,-1.0,34.0396,-106.0394
SITE_07769,NM,87120,4.588,-1.0,-1.0,-1.0,-1.0,-1.0,2023-09-07,-1.0,-1.0,35.5226,-105.5753
SITE_07770,NM,87124,4.464,-1.0,-1.0,-1.0,-1.0,-1.0,2023-09-26,-1.0,-1.0,36.0763,-104.2221
SITE_07771,NM,87107,5.084,-1.0,-1.0,-1.0,-1.0,-1.0,2023-10-03,-1.0,-1.0,-9999,-9999
SITE_07772,NM,87120,4.34,-1.0,-1.0,-1.0,-1.0,-1.0,2023-10-06,-1.0,-1.0,34.0949,-105.2935
SITE_07773,NM,87114,6.324,-1.0,-1.0,-1.0,-1.0,-1.0,2023-10-24,-1.0,-1.0,33.1785,-106.5402
SITE_07774,NM,88310,5.084,-1.0,-1.0,-1.0,-1.0,-1.0,2023-11-09,-1.0,-1.0,36.1450,-105.7462
SITE_07775,NM,87104,3.968,-1.0,-1.0,-1.0,-1.0,-1.0,2023-11-14,-1.0,-1.0,34.1182,-106.4475
SITE_07776,NM,87110,5.084,-1.0,-1.0,-1.0,-1.0,-1.0,2023-11-20,-1.0,-1.0,33.4678,-106.0076
SITE_07777,NM,87114,9.424,-1.0,-1.0,-1.0,-1.0,-1.0,2023-12-18,-1.0,-1.0,36.1065,-105.5507
SITE_07778,NM,87110,5.208,-1.0,-1.0,-1.0,-1.0,-1.0,2023-12-28,-1.0,-1.0,33.8149,-107.0450
SITE_07779,NM,88310,6.324,-1.0,-1.0,-1.0,-1.0,-1.0,2024-01-09,-1.0,-1.0,33.5305,-105.1799
SITE_07780,NM,87107,5.704,-1.0,-1.0,-1.0,-1.0,-1.0,2024-01-18,-1.0,-1.0,35.3071,-104.5695
SITE_07781,NM,88061,3.968,-1.0,-1.0,-1.0,-1.0,-1.0,2024-01-23,-1.0,-1.0,35.7945,-106.9970
SITE_07782,NM,87507,3.7199999999999998,-1.0,-1.0,-1.0,-1.0,-1.0,2024-02-06,-1.0,-1.0,33.4648,-105.1239
SITE_07783,NM,87120,5.828,-1.0,-1.0,-1.0,-1.0,-1.0,2024-03-05,-1.0,-1.0,32.8978,-105.1515
SITE_07784,NM,87031,5.704,-1.0,-1.0,-1.0,-1.0,-1.0,2024-06-19,-1.0,-1.0,33.8243,-106.8831
SITE_07785,NM,87124,12.4,-1.0,-1.0,-1.0,-1.0,-1.0,2024-07-05,-1.0,-1.0,34.6299,-104.5472
SITE_07786,NM,87124,3.224,-1.0,-1.0,-1.0,-1.0,-1.0,2024-07-08,-1.0,-1.0,35.6315,-106.1828
SITE_07787,NM,87106,3.224,-1.0,-1.0,-1.0,-1.0,-1.0,2024-07-10,-1.0,-1.0,34.5684,-105.4274
SITE_07788,NM,87114,7.563999999999999,-1.0,-1.0,-1.0,-1.0,-1.0,2024-09-16,-1.0,-1.0,35.0167,-106.7775
SITE_07789,NM,87144,11.283999999999999,-1.0,-1.0,-1.0,-1.0,-1.0,2024-12-12,-1.0,-1.0,33.3058,-104.4204
SITE_07790,UT,84040,7.155,-1.0,-1.0,-1.0,-1.0,-1.0,2016-07-01,-1.0,-1.0,37.9304,-112.5786
SITE_07791,UT,84025,7.42,-1.0,-1.0,-1.0,-1.0,-1.0,2016-07-01,-1.0,-1.0,38.5599,-110.4326
SITE_07792,UT,84405,3.12,-1.0,-1.0,-1.0,-1.0,-1.0,2012-07-01,-1.0,-1.0,37.6799,-112.3097
SITE_07793,UT,84025,10.07,-1.0,-1.0,-1.0,-1.0,-1.0,2013-07-01,-1.0,-1.0,38.0259,-110.4657
SITE_07794,UT,84041,9.18,-1.0,-1.0,-1.0,-1.0,-1.0,2013-07-01,-1.0,-1.0,40.1226,-110.7388
SITE_07795,UT,84121,4.24,-1.0,-1.0,-1.0,-1.0,-1.0,2013-07-01,-1.0,-1.0,41.1626,-111.6648
SITE_07796,UT,84025,10.0,-1.0,-1.0,-1.0,-1.0,-1.0,2014-07-01,-1.0,-1.0,40.8624,-110.5078
SITE_07797,UT,84041,8.925,-1.0,-1.0,-1.0,-1.0,-1.0,2014-07-01,-1.0,-1.0,37.7399,-111.1755
SITE_07798,UT,84044,8.25,-1.0,-1.0,-1.0,-1.0,-1.0,2014-07-01,-1.0,-1.0,41.2044,-111.4521
SITE_07799,UT,84088,6.12,-1.0,-1.0,-1.0,-1.0,-1.0,2014-07-01,-1.0,-1.0,38.7451,-110.5617
SITE_07800,UT,84302,4.0,-1.0,-1.0,-1.0,-1.0,-1.0,2014-07-01,-1.0,-1.0,40.2340,-111.2605
SITE_07801,UT,84115-2212 ,36.3,-1.0,-1.0,-1.0,-1.0,-1.0,2015-07-01,-1.0,-1.0,39.6431,-111.9100
SITE_07802,UT,84004,19.5,-1.0,-1.0,-1.0,-1.0,-1.0,2015-07-01,-1.0,-1.0,38.4848,-112.4310
SITE_07803,UT,84005,15.93,-1.0,-1.0,-1.0,-1.0,-1.0,2015-07-01,-1.0,-1.0,39.3930,-110.7230
SITE_07804,UT,84014,12.65,-1.0,-1.0,-1.0,-1.0,-1.0,2015-07-01,-1.0,-1.0,41.0319,-111.4409
SITE_07805,UT,84037,9.75,-1.0,-1.0,-1.0,-1.0,-1.0,2015-07-01,-1.0,-1.0,40.9104,-112.7364
SITE_07806,UT,84042,8.829,-1.0,-1.0,-1.0,-1.0,-1.0,2015-07-01,-1.0,-1.0,39.4823,-112.1697
SITE_07807,UT,84044,8.25,-1.0,-1.0,-1.0,-1.0,-1.0,2015-07-01,-1.0,-1.0,39.9052,-110.6190
SITE_07808,UT,84062,7.15,-1.0,-1.0,-1.0,-1.0,-1.0,2015-07-01,-1.0,-1.0,40.4344,-111.2974
SITE_07809,UT,84067,6.867,-1.0,-1.0,-1.0,-1.0,-1.0,2015-07-01,-1.0,-1.0,37.4350,-112.9679
SITE_07810,UT,84068,6.867,-1.0,-1.0,-1.0,-1.0,-1.0,2015-07-01,-1.0,-1.0,40.4150,-110.8459
SITE_07811,UT,84074,6.75,-1.0,-1.0,-1.0,-1.0,-1.0,2015-07-01,-1.0,-1.0,41.0411,-111.3635
SITE_07812,UT,84074,6.63,-1.0,-1.0,-1.0,-1.0,-1.0,2015-07-01,-1.0,-1.0,38.2333,-111.9454
SITE_07813,UT,84106,4.86,-1.0,-1.0,-1.0,-1.0,-1.0,2015-07-01,-1.0,-1.0,37.8320,-111.8709
SITE_07814,UT,84315,3.924,-1.0,-1.0,-1.0,-1.0,-1.0,2015-07-01,-1.0,-1.0,40.0133,-112.6567
SITE_07815,UT,-1,0.28,-1.0,-1.0,-1.0,-1.0,-1.0,2015-07-01,-1.0,-1.0,40.4909,-110.7266
SITE_07816,UT,84003,10.62,-1.0,-1.0,-1.0,-1.0,-1.0,2016-04-06,-1.0,-1.0,38.0797,-110.4424
SITE_07817,UT,84003,6.9,-1.0,-1.0,-1.0,-1.0,-1.0,2017-05-22,-1.0,-1.0,41.0313,-110.4344
SITE_07818,UT,84005,6.89,-1.0,-1.0,-1.0,-1.0,-1.0,2016-10-10,-1.0,-1.0,39.1363,-110.6926
SITE_07819,UT,84014,14.25,-1.0,-1.0,-1.0,-1.0,-1.0,2017-01-30,-1.0,-1.0,38.9955,-112.6817
SITE_07820,UT,84015,7.5,-1.0,-1.0,-1.0,-1.0,-1.0,2016-05-17,-1.0,-1.0,37.5524,-112.4443
SITE_07821,UT,84015,4.83,-1.0,-1.0,-1.0,-1.0,-1.0,2017-06-27,-1.0,-1.0,40.7718,-112.2690
SITE_07822,UT,84015,6.84,-1.0,-1.0,-1.0,-1.0,-1.0,2017-08-08,-1.0,-1.0,38.6837,-112.3130
SITE_07823,UT,84020,15.08,-1.0,-1.0,-1.0,-1.0,-1.0,2016-10-06,-1.0,-1.0,38.7906,-112.4535
SITE_07824,UT,84037,6.67,-1.0,-1.0,-1.0,-1.0,-1.0,2017-04-18,-1.0,-1.0,38.7580,-111.3435
SITE_07825,UT,84044,82.0,-1.0,-1.0,-1.0,-1.0,-1.0,2016-07-15,-1.0,-1.0,38.0011,-111.2250
SITE_07826,UT,84045,7.08,-1.0,-1.0,-1.0,-1.0,-1.0,2017-04-25,-1.0,-1.0,38.5597,-112.5597
SITE_07827,UT,84058,4.56,-1.0,-1.0,-1.0,-1.0,-1.0,2016-10-31,-1.0,-1.0,39.4009,-110.5869
SITE_07828,UT,84062,5.559,-1.0,-1.0,-1.0,-1.0,-1.0,2016-06-07,-1.0,-1.0,38.6538,-112.4830
SITE_07829,UT,84062,10.07,-1.0,-1.0,-1.0,-1.0,-1.0,2016-03-21,-1.0,-1.0,40.2917,-112.8814
SITE_07830,UT,84065,5.985,-1.0,-1.0,-1.0,-1.0,-1.0,2016-06-15,-1.0,-1.0,39.2796,-112.6491
SITE_07831,UT,84070,6.0,-1.0,-1.0,-1.0,-1.0,-1.0,2016-08-08,-1.0,-1.0,38.8836,-111.9364
SITE_07832,UT,84074,5.559,-1.0,-1.0,-1.0,-1.0,-1.0,2016-12-23,-1.0,-1.0,40.1269,-112.1088
SITE_07833,UT,84074,7.245,-1.0,-1.0,-1.0,-1.0,-1.0,2016-10-27,-1.0,-1.0,41.1174,-111.0156
SITE_07834,UT,84075,8.374,-1.0,-1.0,-1.0,-1.0,-1.0,2016-12-05,-1.0,-1.0,41.1656,-111.3199
SITE_07835,UT,84084,7.695,-1.0,-1.0,-1.0,-1.0,-1.0,2016-10-03,-1.0,-1.0,37.5157,-111.1095
SITE_07836,UT,84084,6.16,-1.0,-1.0,-1.0,-1.0,-1.0,2016-12-30,-1.0,-1.0,39.9691,-111.9101
SITE_07837,UT,84088,2.55,-1.0,-1.0,-1.0,-1.0,-1.0,2015-11-03,-1.0,-1.0,40.9249,-110.8755
SITE_07838,UT,84095,12.26,-1.0,-1.0,-1.0,-1.0,-1.0,2016-12-22,-1.0,-1.0,38.1160,-112.0560
SITE_07839,UT,84095,9.12,-1.0,-1.0,-1.0,-1.0,-1.0,2016-11-30,-1.0,-1.0,38.0429,-111.7016
SITE_07840,UT,84096,7.695,-1.0,-1.0,-1.0,-1.0,-1.0,2016-12-21,-1.0,-1.0,41.0652,-111.9628
SITE_07841,UT,84096,7.85,-1.0,-1.0,-1.0,-1.0,-1.0,2016-08-23,-1.0,-1.0,38.5318,-111.8375
SITE_07842,UT,84098,5.13,-1.0,-1.0,-1.0,-1.0,-1.0,2016-10-18,-1.0,-1.0,40.1619,-112.1046
SITE_07843,UT,84098,3.48,-1.0,-1.0,-1.0,-1.0,-1.0,2017-07-27,-1.0,-1.0,40.4155,-111.7771
SITE_07844,UT,84104,5.94,-1.0,-1.0,-1.0,-1.0,-1.0,2017-05-12,-1.0,-1.0,37.3865,-111.9422
SITE_07845,UT,84106,5.51,-1.0,-1.0,-1.0,-1.0,-1.0,2016-10-25,-1.0,-1.0,40.8306,-112.1698
SITE_07846,UT,84120,7.02,-1.0,-1.0,-1.0,-1.0,-1.0,2016-03-03,-1.0,-1.0,38.3349,-112.0361
SITE_07847,UT,84121,6.76,-1.0,-1.0,-1.0,-1.0,-1.0,2016-03-08,-1.0,-1.0,38.7289,-111.7113
SITE_07848,UT,84121,5.13,-1.0,-1.0,-1.0,-1.0,-1.0,2016-05-10,-1.0,-1.0,40.5116,-112.1807
SITE_07849,UT,84128,5.61,-1.0,-1.0,-1.0,-1.0,-1.0,2015-10-29,-1.0,-1.0,40.6331,-112.8764
SITE_07850,UT,84129,6.44,-1.0,-1.0,-1.0,-1.0,-1.0,2017-09-29,-1.0,-1.0,40.4099,-112.7755
SITE_07851,UT,84302,4.76,-1.0,-1.0,-1.0,-1.0,-1.0,2016-12-30,-1.0,-1.0,40.7578,-110.9780
SITE_07852,UT,84315,3.42,-1.0,-1.0,-1.0,-1.0,-1.0,2016-10-20,-1.0,-1.0,37.5360,-112.6566
SITE_07853,UT,84321,3.975,-1.0,-1.0,-1.0,-1.0,-1.0,2017-03-01,-1.0,-1.0,39.3252,-111.3363
SITE_07854,UT,84324,4.275,-1.0,-1.0,-1.0,-1.0,-1.0,2016-12-28,-1.0,-1.0,38.8376,-112.5600
SITE_07855,UT,84340,5.36,-1.0,-1.0,-1.0,-1.0,-1.0,2017-03-16,-1.0,-1.0,41.0643,-112.6906
SITE_07856,UT,84341,14.85,-1.0,-1.0,-1.0,-1.0,-1.0,2017-03-16,-1.0,-1.0,39.9740,-112.5521
SITE_07857,UT,84401,4.14,-1.0,-1.0,-1.0,-1.0,-1.0,2016-04-29,-1.0,-1.0,40.6479,-111.9988
SITE_07858,UT,84403,4.59,-1.0,-1.0,-1.0,-1.0,-1.0,2016-09-22,-1.0,-1.0,37.7460,-110.8477
SITE_07859,UT,84404,8.27,-1.0,-1.0,-1.0,-1.0,-1.0,2016-10-12,-1.0,-1.0,39.5383,-111.3383
SITE_07860,UT,84404,10.0,-1.0,-1.0,-1.0,-1.0,-1.0,2016-06-06,-1.0,-1.0,38.9907,-112.4472
SITE_07861,UT,84414,5.88,-1.0,-1.0,-1.0,-1.0,-1.0,2016-09-22,-1.0,-1.0,37.8210,-110.8940
SITE_07862,UT,84601,8.265,-1.0,-1.0,-1.0,-1.0,-1.0,2016-11-14,-1.0,-1.0,38.2995,-112.6565
SITE_07863,UT,84604,11.4,-1.0,-1.0,-1.0,-1.0,-1.0,2016-04-18,-1.0,-1.0,40.9205,-112.3128
SITE_07864,UT,84626,11.44,-1.0,-1.0,-1.0,-1.0,-1.0,2016-07-05,-1.0,-1.0,38.4030,-112.1578
SITE_07865,UT,84651,6.3,-1.0,-1.0,-1.0,-1.0,-1.0,2017-05-02,-1.0,-1.0,38.7654,-111.3980
SITE_07866,UT,84663,56.0,-1.0,-1.0,-1.0,-1.0,-1.0,2017-06-14,-1.0,-1.0,40.3439,-112.3824
SITE_07867,UT,84664,15.6,-1.0,-1.0,-1.0,-1.0,-1.0,2016-06-09,-1.0,-1.0,40.2227,-112.1254
SITE_07868,UT,84720,4.42,-1.0,-1.0,-1.0,-1.0,-1.0,2016-08-03,-1.0,-1.0,40.9894,-110.7682
SITE_07869,UT,84737,5.61,-1.0,-1.0,-1.0,-1.0,-1.0,2015-10-12,-1.0,-1.0,39.0494,-112.7725
SITE_07870,UT,84741,8.502,-1.0,-1.0,-1.0,-1.0,-1.0,2016-06-28,-1.0,-1.0,39.6972,-111.7801
SITE_07871,UT,84773,3.42,-1.0,-1.0,-1.0,-1.0,-1.0,2015-12-27,-1.0,-1.0,40.7544,-112.6484
SITE_07872,UT,84780,5.89,-1.0,-1.0,-1.0,-1.0,-1.0,2016-07-14,-1.0,-1.0,40.0107,-111.2006
SITE_07873,UT,84096,0.825,-1.0,-1.0,-1.0,0.1413627367825841,-1.0,2015-09-16,-1.0,-1.0,39.5439,-112.7475
SITE_07874,UT,84414,5.04,-1.0,-1.0,-1.0,0.1492553225514131,-1.0,2016-04-14,-1.0,-1.0,40.0575,-112.8209
SITE_07875,UT,84129,4.94,-1.0,-1.0,-1.0,0.16065696339801835,-1.0,2016-06-16,-1.0,-1.0,38.2324,-110.7300
SITE_07876,UT,84404,2.6,-1.0,-1.0,-1.0,0.1688579229436352,-1.0,2016-07-21,-1.0,-1.0,38.3801,-110.9306
SITE_07877,UT,84057,3.71,-1.0,-1.0,-1.0,-1.0,-1.0,2017-01-13,-1.0,-1.0,39.0575,-112.3138
SITE_07878,UT,84302,4.275,-1.0,-1.0,-1.0,0.14732793647839706,-1.0,2017-03-22,-1.0,-1.0,38.2669,-111.1025
SITE_07879,UT,84340,6.16,-1.0,-1.0,-1.0,-1.0,-1.0,2017-04-07,-1.0,-1.0,38.7365,-110.6172
SITE_07880,UT,84315,7.28,-1.0,-1.0,-1.0,0.14393296836044928,-1.0,2017-05-02,-1.0,-1.0,38.3918,-112.0174
SITE_07881,UT,84401,3.6,-1.0,-1.0,-1.0,-1.0,-1.0,2017-05-15,-1.0,-1.0,38.2505,-110.9262
SITE_07882,UT,84074,6.3,-1.0,-1.0,-1.0,-1.0,-1.0,2017-05-19,-1.0,-1.0,40.9364,-111.3423
SITE_07883,UT,84115,6.5,-1.0,-1.0,-1.0,-1.0,-1.0,2017-05-26,-1.0,-1.0,38.7483,-111.3709
SITE_07884,UT,84335,8.265,-1.0,-1.0,-1.0,-1.0,-1.0,2017-06-05,-1.0,-1.0,38.8085,-111.6986
SITE_07885,UT,84092,5.175,-1.0,-1.0,-1.0,-1.0,-1.0,2017-06-13,-1.0,-1.0,40.7406,-112.1448
SITE_07886,UT,84655,6.72,-1.0,-1.0,-1.0,0.1492553225514131,-1.0,2017-06-13,-1.0,-1.0,40.7736,-112.7227
SITE_07887,UT,84405,9.5,-1.0,-1.0,-1.0,0.17665347654041832,-1.0,2017-07-05,-1.0,-1.0,39.5968,-110.4677
SITE_07888,UT,84124,5.58,-1.0,-1.0,-1.0,-1.0,-1.0,2017-07-05,-1.0,-1.0,37.4425,-110.5949
SITE_07889,UT,84084,4.85,-1.0,-1.0,-1.0,0.174128745295469,-1.0,2017-07-14,-1.0,-1.0,40.4518,-110.4835
SITE_07890,UT,84062,5.0,-1.0,-1.0,-1.0,0.174128745295469,-1.0,2017-08-02,-1.0,-1.0,39.6730,-112.5359
SITE_07891,UT,84045,8.55,-1.0,-1.0,-1.0,0.174128745295469,-1.0,2017-08-16,-1.0,-1.0,37.4178,-110.8772
SITE_07892,UT,84103,6.67,-1.0,-1.0,-1.0,-1.0,-1.0,2017-08-26,-1.0,-1.0,41.0539,-111.0727
SITE_07893,UT,84302,5.415,-1.0,-1.0,-1.0,0.174128745295469,-1.0,2017-08-28,-1.0,-1.0,40.8303,-112.8552
SITE_07894,UT,84003,6.3,-1.0,-1.0,-1.0,-1.0,-1.0,2017-09-18,-1.0,-1.0,41.1131,-112.2437
SITE_07895,UT,84096,4.275,-1.0,-1.0,-1.0,0.18509426168821552,-1.0,2017-09-19,-1.0,-1.0,38.3546,-110.8998
SITE_07896,UT,84108,6.6,-1.0,-1.0,-1.0,-1.0,-1.0,2017-10-23,-1.0,-1.0,40.4338,-111.5256
SITE_07897,UT,84095,17.1,-1.0,-1.0,-1.0,0.18037974683544303,-1.0,2017-11-02,-1.0,-1.0,39.2713,-111.8062
SITE_07898,UT,84624,5.7,-1.0,-1.0,-1.0,0.17964071856287428,-1.0,2017-11-03,-1.0,-1.0,-9999,-9999
SITE_07899,UT,84036,5.0,-1.0,-1.0,-1.0,0.18037974683544303,-1.0,2017-11-03,-1.0,-1.0,39.3183,-112.0832
SITE_07900,UT,84096,9.35,-1.0,-1.0,-1.0,0.16903520849724626,-1.0,2017-11-21,-1.0,-1.0,39.6126,-111.2485
SITE_07901,UT,84050,9.57,-1.0,-1.0,-1.0,-1.0,-1.0,2017-12-05,-1.0,-1.0,38.4690,-110.7612
SITE_07902,UT,84118,4.64,-1.0,-1.0,-1.0,0.14393296836044928,-1.0,2017-12-12,-1.0,-1.0,40.0690,-112.7759
SITE_07903,UT,84005,4.06,-1.0,-1.0,-1.0,-1.0,-1.0,2017-12-13,-1.0,-1.0,40.3629,-111.7805
SITE_07904,UT,84124,35.425,-1.0,-1.0,-1.0,-1.0,-1.0,2017-12-15,-1.0,-1.0,37.9130,-110.5557
SITE_07905,UT,84095,10.26,-1.0,-1.0,-1.0,0.17486207370467086,-1.0,2017-12-15,-1.0,-1.0,37.7341,-111.2541
SITE_07906,UT,84404,4.93,-1.0,-1.0,-1.0,-1.0,-1.0,2017-12-27,-1.0,-1.0,38.2017,-111.8537
SITE_07907,UT,84074,6.51,-1.0,-1.0,-1.0,-1.0,-1.0,2018-01-16,-1.0,-1.0,40.8525,-112.4707
SITE_07908,UT,84093,6.82,-1.0,-1.0,-1.0,-1.0,-1.0,2018-02-01,-1.0,-1.0,38.8813,-110.8907
SITE_07909,UT,84321,5.22,-1.0,-1.0,-1.0,-1.0,-1.0,2018-02-27,-1.0,-1.0,38.4451,-110.9039
SITE_07910,UT,84003,6.09,-1.0,-1.0,-1.0,-1.0,-1.0,2018-02-28,-1.0,-1.0,37.6993,-111.1912
SITE_07911,UT,84104,6.38,-1.0,-1.0,-1.0,0.1883415294371316,-1.0,2018-03-27,-1.0,-1.0,38.1920,-112.0487
SITE_07912,UT,84105,3.19,-1.0,-1.0,-1.0,0.17365269461077845,-1.0,2018-04-03,-1.0,-1.0,39.1700,-112.4125
SITE_07913,UT,84092,18.56,-1.0,-1.0,-1.0,-1.0,-1.0,2018-04-13,-1.0,-1.0,39.9082,-112.9960
SITE_07914,UT,84084,3.465,-1.0,-1.0,-1.0,0.19105915919413066,-1.0,2018-04-30,-1.0,-1.0,37.8880,-111.2385
SITE_07915,UT,84003,8.7,-1.0,-1.0,-1.0,-1.0,-1.0,2018-05-09,-1.0,-1.0,37.9373,-110.9373
SITE_07916,UT,84003,7.0,-1.0,-1.0,-1.0,-1.0,-1.0,2016-10-09,-1.0,-1.0,37.6878,-111.9242
SITE_07917,UT,84034,2.61,-1.0,-1.0,-1.0,-1.0,-1.0,2018-12-13,-1.0,-1.0,41.2311,-112.0426
SITE_07918,UT,84403,2.655,-1.0,-1.0,-1.0,0.17664670658682635,-1.0,2019-04-03,-1.0,-1.0,39.1914,-112.9654
SITE_07919,UT,84075,3.105,-1.0,-1.0,-1.0,-1.0,-1.0,2015-08-14,-1.0,-1.0,39.7686,-112.5911
SITE_07920,UT,84405,3.835,-1.0,-1.0,-1.0,0.17664670658682635,-1.0,2019-05-16,-1.0,-1.0,38.5525,-110.9299
SITE_07921,UT,84005,4.06,-1.0,-1.0,-1.0,0.1883415294371316,-1.0,2018-05-01,-1.0,-1.0,41.0054,-112.5321
SITE_07922,UT,84321,4.08,-1.0,-1.0,-1.0,-1.0,-1.0,2015-09-11,-1.0,-1.0,38.5094,-112.4221
SITE_07923,UT,84120,4.335,-1.0,-1.0,-1.0,0.1561065197428834,-1.0,2016-06-08,-1.0,-1.0,39.9557,-111.1159
SITE_07924,UT,84067,4.56,-1.0,-1.0,-1.0,0.174128745295469,-1.0,2018-06-20,-1.0,-1.0,39.2390,-112.7705
SITE_07925,UT,84098,4.875,-1.0,-1.0,-1.0,-1.0,-1.0,2018-06-01,-1.0,-1.0,38.0809,-110.7330
SITE_07926,UT,84651,5.85,-1.0,-1.0,-1.0,0.19414575866188769,-1.0,2018-05-16,-1.0,-1.0,40.6383,-112.7639
SITE_07927,UT,84004,5.88,-1.0,-1.0,-1.0,0.14393296836044928,-1.0,2018-07-16,-1.0,-1.0,39.4567,-111.5353
SITE_07928,UT,84401,6.195,-1.0,-1.0,-1.0,0.17664670658682635,-1.0,2018-12-04,-1.0,-1.0,38.1501,-111.7857
SITE_07929,UT,84401,6.785,-1.0,-1.0,-1.0,0.17664670658682635,-1.0,2018-11-13,-1.0,-1.0,39.6468,-112.9288
SITE_07930,UT,84065,6.93,-1.0,-1.0,-1.0,0.196875,-1.0,2018-04-05,-1.0,-1.0,38.4501,-112.6295
SITE_07931,UT,84075,7.08,-1.0,-1.0,-1.0,0.17664670658682635,-1.0,2019-05-08,-1.0,-1.0,40.0708,-112.3673
SITE_07932,UT,84075,7.6,-1.0,-1.0,-1.0,0.1883415294371316,-1.0,2018-03-08,-1.0,-1.0,40.9359,-111.8591
SITE_07933,UT,84312,8.12,-1.0,-1.0,-1.0,0.17791411042944788,-1.0,2018-12-11,-1.0,-1.0,40.4779,-111.6774
SITE_07934,UT,84121,8.26,-1.0,-1.0,-1.0,0.19158879718604765,-1.0,2018-10-30,-1.0,-1.0,37.6556,-112.5513
SITE_07935,UT,84339,9.9,-1.0,-1.0,-1.0,0.17753290480563208,-1.0,2017-11-06,-1.0,-1.0,37.3720,-112.4594
SITE_07936,UT,84120,10.2,-1.0,-1.0,-1.0,0.18404907975460125,-1.0,2018-11-14,-1.0,-1.0,38.1747,-112.4685
SITE_07937,UT,84020,15.879,-1.0,-1.0,-1.0,-1.0,-1.0,2018-08-27,-1.0,-1.0,39.9462,-111.9899
SITE_07938,UT,84070,116.05,-1.0,-1.0,-1.0,0.1883355248739864,-1.0,2018-04-01,-1.0,-1.0,40.7702,-110.4410
SITE_07939,UT,84404,14.75,-1.0,-1.0,-1.0,0.17664670658682635,-1.0,2019-01-16,-1.0,-1.0,40.7290,-111.0104
SITE_07940,UT,84065,5.4,-1.0,-1.0,-1.0,0.20245398773006135,-1.0,2019-09-30,-1.0,-1.0,38.0603,-110.9808
SITE_07941,UT,84103,8.71,-1.0,-1.0,-1.0,0.19319492502883506,-1.0,2019-11-18,-1.0,-1.0,39.2446,-110.7929
SITE_07942,UT,84335,13.678,-1.0,-1.0,-1.0,0.1688579229436352,-1.0,2016-04-29,-1.0,-1.0,39.0840,-112.8323
SITE_07943,UT,84029,6.6,-1.0,-1.0,-1.0,0.15885416666666669,-1.0,2019-12-23,-1.0,-1.0,40.3622,-112.3247
SITE_07944,UT,84015,7.44,-1.0,-1.0,-1.0,-1.0,-1.0,2019-09-19,-1.0,-1.0,38.8534,-110.9222
SITE_07945,UT,84414,10.23,-1.0,-1.0,-1.0,0.20245398773006135,-1.0,2019-12-03,-1.0,-1.0,38.7657,-110.5398
SITE_07946,UT,84005,6.6,-1.0,-1.0,-1.0,-1.0,-1.0,2019-10-18,-1.0,-1.0,37.8743,-110.4829
SITE_07947,UT,84067,4.65,-1.0,-1.0,-1.0,0.1958307012002527,-1.0,2020-03-16,-1.0,-1.0,38.9927,-111.9459
SITE_07948,UT,84065,7.5,-1.0,-1.0,-1.0,0.15421389467190993,-1.0,2019-05-20,-1.0,-1.0,39.9497,-112.2462
SITE_07949,UT,84404,7.5,-1.0,-1.0,-1.0,0.20245398773006135,-1.0,2019-12-11,-1.0,-1.0,40.8593,-112.4409
SITE_07950,UT,84075,6.6,-1.0,-1.0,-1.0,-1.0,-1.0,2019-08-22,-1.0,-1.0,40.6400,-110.4340
SITE_07951,UT,84780,11.22,-1.0,-1.0,-1.0,-1.0,-1.0,2019-05-02,-1.0,-1.0,37.3442,-112.5881
SITE_07952,UT,84651,5.0,-1.0,-1.0,-1.0,-1.0,-1.0,2016-07-19,-1.0,-1.0,40.4394,-111.0985
SITE_07953,UT,84041,6.51,-1.0,-1.0,-1.0,0.1958307012002527,-1.0,2020-02-25,-1.0,-1.0,40.7570,-111.6785
SITE_07954,UT,84062,14.6,-1.0,-1.0,-1.0,0.1678735266676782,-1.0,2016-03-11,-1.0,-1.0,40.1961,-111.0127
SITE_07955,UT,84058,8.55,-1.0,-1.0,-1.0,0.14837953924248343,-1.0,2017-03-06,-1.0,-1.0,39.0156,-112.3666
SITE_07956,UT,84081,0.765,-1.0,-1.0,-1.0,-1.0,-1.0,2015-12-14,-1.0,-1.0,38.0970,-110.9824
SITE_07957,UT,84109,8.99,-1.0,-1.0,-1.0,0.1958307012002527,-1.0,2019-11-14,-1.0,-1.0,39.4295,-112.0458
SITE_07958,UT,84015,6.0,-1.0,-1.0,-1.0,0.15461112210567982,-1.0,2019-05-30,-1.0,-1.0,37.7155,-112.2032
SITE_07959,UT,84045,7.2,-1.0,-1.0,-1.0,-1.0,-1.0,2019-12-21,-1.0,-1.0,38.4165,-112.6785
SITE_07960,UT,84087,13.64,-1.0,-1.0,-1.0,0.1958307012002527,-1.0,2020-03-27,-1.0,-1.0,41.2485,-112.5359
SITE_07961,UT,84065,7.31,-1.0,-1.0,-1.0,-1.0,-1.0,2019-10-22,-1.0,-1.0,39.8842,-112.6113
SITE_07962,UT,84096,5.59,-1.0,-1.0,-1.0,-1.0,-1.0,2019-12-20,-1.0,-1.0,39.8331,-110.8892
SITE_07963,UT,84025,10.54,-1.0,-1.0,-1.0,-1.0,-1.0,2018-09-24,-1.0,-1.0,40.7210,-112.4347
SITE_07964,UT,84081,4.2,-1.0,-1.0,-1.0,-1.0,-1.0,2019-06-11,-1.0,-1.0,38.7054,-112.8727
SITE_07965,UT,84041,5.9,-1.0,-1.0,-1.0,0.19135802469135801,-1.0,2019-08-30,-1.0,-1.0,38.5779,-112.7216
SITE_07966,UT,84062,36.03,-1.0,-1.0,-1.0,-1.0,-1.0,2020-07-01,-1.0,-1.0,37.8378,-111.7822
SITE_07967,UT,84003,16.32,-1.0,-1.0,-1.0,-1.0,-1.0,2020-07-01,-1.0,-1.0,39.8152,-111.4502
SITE_07968,UT,84067,5.76,-1.0,-1.0,-1.0,-1.0,-1.0,2020-07-01,-1.0,-1.0,39.3796,-111.2977
SITE_07969,UT,84118,5.12,-1.0,-1.0,-1.0,-1.0,-1.0,2020-07-01,-1.0,-1.0,37.6486,-112.9742
SITE_07970,UT,84015,3.52,-1.0,-1.0,-1.0,-1.0,-1.0,2020-07-01,-1.0,-1.0,39.4304,-110.5614
SITE_07971,UT,84120,3.2,-1.0,-1.0,-1.0,-1.0,-1.0,2020-07-01,-1.0,-1.0,39.7327,-112.1641
SITE_07972,UT,84015,7.68,-1.0,-1.0,-1.0,-1.0,-1.0,2020-07-01,-1.0,-1.0,40.3648,-112.6790
SITE_07973,UT,84094,9.6,-1.0,-1.0,-1.0,-1.0,-1.0,2020-07-01,-1.0,-1.0,40.1868,-110.7373
SITE_07974,UT,84005,7.04,-1.0,-1.0,-1.0,-1.0,-1.0,2020-07-01,-1.0,-1.0,38.1019,-110.4411
SITE_07975,UT,84065-5884,8.25,-1.0,-1.0,-1.0,-1.0,-1.0,2020-07-01,-1.0,-1.0,39.6056,-112.3101
SITE_07976,UT,84404,7.68,-1.0,-1.0,-1.0,-1.0,-1.0,2020-07-01,-1.0,-1.0,38.9118,-110.6359
SITE_07977,UT,84513,25.0,-1.0,-1.0,-1.0,-1.0,-1.0,2019-07-01,-1.0,-1.0,40.8097,-112.9360
SITE_07978,UT,84128,4.29,-1.0,-1.0,-1.0,-1.0,-1.0,2021-07-01,-1.0,-1.0,40.7876,-110.7193
SITE_07979,UT,84321,12.675,-1.0,-1.0,-1.0,-1.0,-1.0,2020-07-01,-1.0,-1.0,38.3845,-110.4450
SITE_07980,UT,84043,8.37,-1.0,-1.0,-1.0,-1.0,-1.0,2020-07-01,-1.0,-1.0,37.4092,-110.6851
SITE_07981,UT,84041,12.24,-1.0,-1.0,-1.0,-1.0,-1.0,2020-07-01,-1.0,-1.0,38.4226,-112.5040
SITE_07982,UT,84044,3.63,-1.0,-1.0,-1.0,-1.0,-1.0,2020-07-01,-1.0,-1.0,37.5790,-110.8126
SITE_07983,UT,84065,5.59,-1.0,-1.0,-1.0,-1.0,-1.0,2020-07-01,-1.0,-1.0,38.7922,-111.7483
SITE_07984,UT,84040,8.0,-1.0,-1.0,-1.0,-1.0,-1.0,2020-07-01,-1.0,-1.0,38.1430,-110.9597
SITE_07985,UT,84115,6.878,-1.0,-1.0,-1.0,-1.0,-1.0,2020-07-01,-1.0,-1.0,39.4160,-111.7331
SITE_07986,UT,84108,4.875,-1.0,-1.0,-1.0,-1.0,-1.0,2020-07-01,-1.0,-1.0,39.9188,-112.9428
SITE_07987,UT,84003,8.32,-1.0,-1.0,-1.0,-1.0,-1.0,2020-07-01,-1.0,-1.0,38.6587,-111.3999
SITE_07988,UT,84067,4.16,-1.0,-1.0,-1.0,-1.0,-1.0,2021-07-01,-1.0,-1.0,40.9423,-112.7808
SITE_07989,UT,84065,3.6,-1.0,-1.0,-1.0,-1.0,-1.0,2020-07-01,-1.0,-1.0,39.6642,-112.8515
SITE_07990,UT,84067,7.225,-1.0,-1.0,-1.0,-1.0,-1.0,2020-07-01,-1.0,-1.0,38.0064,-111.2267
SITE_07991,UT,84646,7.0,-1.0,-1.0,-1.0,-1.0,-1.0,2020-07-01,-1.0,-1.0,39.4402,-112.3500
SITE_07992,UT,84014,12.987,-1.0,-1.0,-1.0,-1.0,-1.0,2020-07-01,-1.0,-1.0,37.6060,-111.2431
SITE_07993,UT,84404,6.615,-1.0,-1.0,-1.0,-1.0,-1.0,2021-07-01,-1.0,-1.0,37.8763,-110.8488
SITE_07994,UT,84040,7.56,-1.0,-1.0,-1.0,-1.0,-1.0,2020-07-01,-1.0,-1.0,41.2884,-110.7556
SITE_07995,UT,84065,5.16,-1.0,-1.0,-1.0,-1.0,-1.0,2020-07-01,-1.0,-1.0,40.5094,-112.3705
SITE_07996,UT,84065,6.45,-1.0,-1.0,-1.0,-1.0,-1.0,2020-07-01,-1.0,-1.0,41.0369,-112.5295
SITE_07997,UT,84065,6.45,-1.0,-1.0,-1.0,-1.0,-1.0,2020-07-01,-1.0,-1.0,38.0534,-112.3250
SITE_07998,UT,84065,6.45,-1.0,-1.0,-1.0,-1.0,-1.0,2020-07-01,-1.0,-1.0,41.1061,-111.7605
SITE_07999,UT,84065,5.16,-1.0,-1.0,-1.0,-1.0,-1.0,2020-07-01,-1.0,-1.0,39.4665,-112.4031
SITE_08000,UT,84096,447.2,-1.0,-1.0,-1.0,-1.0,-1.0,2020-07-01,-1.0,-1.0,37.8549,-111.8932
SITE_08001,UT,84015,10.56,-1.0,-1.0,-1.0,-1.0,-1.0,2021-07-01,-1.0,-1.0,38.7069,-112.6674
SITE_08002,UT,84088,8.0,-1.0,-1.0,-1.0,-1.0,-1.0,2020-07-01,-1.0,-1.0,37.6189,-110.9263
SITE_08003,UT,84341,9.0,-1.0,-1.0,-1.0,-1.0,-1.0,2020-07-01,-1.0,-1.0,38.5109,-110.7200
SITE_08004,UT,84029,-1.0,-1.0,-1.0,-1.0,-1.0,-1.0,2020-07-01,-1.0,-1.0,37.8718,-112.9483
SITE_08005,UT,84029,8.51,-1.0,-1.0,-1.0,-1.0,-1.0,2021-07-01,-1.0,-1.0,40.5940,-112.2700
SITE_08006,UT,84015,5.67,-1.0,-1.0,-1.0,-1.0,-1.0,2021-07-01,-1.0,-1.0,38.6914,-112.6655
SITE_08007,UT,84075,4.48,-1.0,-1.0,-1.0,-1.0,-1.0,2021-07-01,-1.0,-1.0,40.6224,-110.9736
SITE_08008,UT,84037,7.0,-1.0,-1.0,-1.0,-1.0,-1.0,2018-07-01,-1.0,-1.0,37.9516,-110.9970
SITE_08009,UT,84118,5.7,-1.0,-1.0,-1.0,-1.0,-1.0,2020-07-01,-1.0,-1.0,37.7074,-111.0015
SITE_08010,UT,84015,5.67,-1.0,-1.0,-1.0,-1.0,-1.0,2021-07-01,-1.0,-1.0,41.2714,-112.4902
SITE_08011,UT,84025,8.19,-1.0,-1.0,-1.0,-1.0,-1.0,2021-07-01,-1.0,-1.0,40.8059,-111.2075
SITE_08012,UT,84075,4.41,-1.0,-1.0,-1.0,-1.0,-1.0,2021-07-01,-1.0,-1.0,37.5931,-111.1757
SITE_08013,UT,84118,-1.0,-1.0,-1.0,-1.0,-1.0,-1.0,2021-07-01,-1.0,-1.0,39.1572,-110.8544
SITE_08014,UT,84321,5.36,-1.0,-1.0,-1.0,-1.0,-1.0,2021-07-01,-1.0,-1.0,38.9105,-112.8601
SITE_08015,UT,84720,7.56,-1.0,-1.0,-1.0,-1.0,-1.0,2021-07-01,-1.0,-1.0,38.4905,-112.6352
SITE_08016,UT,84321,3.78,-1.0,-1.0,-1.0,-1.0,-1.0,2021-07-01,-1.0,-1.0,41.2130,-110.4146
SITE_08017,UT,84094,4.03,-1.0,-1.0,-1.0,-1.0,-1.0,2020-07-01,-1.0,-1.0,41.1691,-111.0227
SITE_08018,UT,84120,4.16,-1.0,-1.0,-1.0,-1.0,-1.0,2021-07-01,-1.0,-1.0,39.4873,-112.6737
SITE_08019,UT,84335,4.16,-1.0,-1.0,-1.0,-1.0,-1.0,2021-07-01,-1.0,-1.0,39.8791,-111.6780
SITE_08020,UT,84109,9.12,-1.0,-1.0,-1.0,-1.0,-1.0,2021-07-01,-1.0,-1.0,39.4339,-112.3498
SITE_08021,UT,84128,5.94,-1.0,-1.0,-1.0,-1.0,-1.0,2021-07-01,-1.0,-1.0,37.7812,-111.8451
SITE_08022,UT,84074,3.52,-1.0,-1.0,-1.0,-1.0,-1.0,2021-07-01,-1.0,-1.0,40.0971,-110.8762
SITE_08023,UT,84097,2.56,-1.0,-1.0,-1.0,-1.0,-1.0,2021-07-01,-1.0,-1.0,39.3648,-112.2738
SITE_08024,UT,84041,5.76,-1.0,-1.0,-1.0,-1.0,-1.0,2021-07-01,-1.0,-1.0,38.9078,-110.4705
SITE_08025,UT,84104,6.5,-1.0,-1.0,-1.0,-1.0,-1.0,2021-07-01,-1.0,-1.0,40.7348,-110.7284
SITE_08026,UT,84414,15.12,-1.0,-1.0,-1.0,-1.0,-1.0,2021-07-01,-1.0,-1.0,38.4510,-110.8886
SITE_08027,UT,84043,4.23,-1.0,-1.0,-1.0,-1.0,-1.0,2021-07-01,-1.0,-1.0,38.0012,-111.6277
SITE_08028,UT,84721,4.4,-1.0,-1.0,-1.0,-1.0,-1.0,2021-07-01,-1.0,-1.0,39.5413,-111.5232
SITE_08029,UT,84009,8.76,-1.0,-1.0,-1.0,-1.0,-1.0,2021-07-01,-1.0,-1.0,39.9050,-111.2643
SITE_08030,UT,84105,2.58,-1.0,-1.0,-1.0,-1.0,-1.0,2021-07-01,-1.0,-1.0,39.4162,-111.9302
SITE_08031,UT,84404,6.17,-1.0,-1.0,-1.0,-1.0,-1.0,2021-07-01,-1.0,-1.0,39.5930,-111.8132
SITE_08032,UT,84015,6.3,-1.0,-1.0,-1.0,-1.0,-1.0,2021-07-01,-1.0,-1.0,40.4576,-112.7782
SITE_08033,UT,84321,12.8,-1.0,-1.0,-1.0,-1.0,-1.0,2021-07-01,-1.0,-1.0,40.4074,-110.8806
SITE_08034,UT,84635,7.0,-1.0,-1.0,-1.0,-1.0,-1.0,2021-07-01,-1.0,-1.0,40.9939,-111.2856
SITE_08035,UT,84097,12.35,-1.0,-1.0,-1.0,-1.0,-1.0,2021-07-01,-1.0,-1.0,40.0149,-112.8026
SITE_08036,UT,84074,5.18,-1.0,-1.0,-1.0,-1.0,-1.0,2021-07-01,-1.0,-1.0,40.1982,-112.6927
SITE_08037,UT,84040,9.135,-1.0,-1.0,-1.0,-1.0,-1.0,2022-07-01,-1.0,-1.0,40.8527,-112.8168
SITE_08038,UT,84049,6.66,-1.0,-1.0,-1.0,-1.0,-1.0,2022-07-01,-1.0,-1.0,39.6022,-111.4985
SITE_08039,UT,84029,14.0,-1.0,-1.0,-1.0,-1.0,-1.0,2022-07-01,-1.0,-1.0,37.3813,-112.3592
SITE_08040,UT,84403,5.1,-1.0,-1.0,-1.0,-1.0,-1.0,2021-07-01,-1.0,-1.0,38.8264,-112.1166
SITE_08041,UT,84663,6.93,-1.0,-1.0,-1.0,-1.0,-1.0,2021-07-01,-1.0,-1.0,40.8089,-110.5369
SITE_08042,UT,84005,8.694,-1.0,-1.0,-1.0,-1.0,-1.0,2021-07-01,-1.0,-1.0,38.8633,-110.6320
SITE_08043,UT,84654,6.4,-1.0,-1.0,-1.0,-1.0,-1.0,2021-07-01,-1.0,-1.0,39.6549,-110.5346
SITE_08044,UT,84118,4.0,-1.0,-1.0,-1.0,-1.0,-1.0,2021-07-01,-1.0,-1.0,37.3426,-111.9845
SITE_08045,UT,84015,7.2,-1.0,-1.0,-1.0,-1.0,-1.0,2022-07-01,-1.0,-1.0,40.4065,-112.5717
SITE_08046,UT,84009,7.56,-1.0,-1.0,-1.0,-1.0,-1.0,2021-07-01,-1.0,-1.0,40.0150,-110.8290
SITE_08047,UT,84116,7.0,-1.0,-1.0,-1.0,-1.0,-1.0,2021-07-01,-1.0,-1.0,37.4399,-112.4060
SITE_08048,UT,84074,12.0,-1.0,-1.0,-1.0,-1.0,-1.0,2022-07-01,-1.0,-1.0,40.7102,-110.4784
SITE_08049,UT,84014,7.77,-1.0,-1.0,-1.0,-1.0,-1.0,2022-07-01,-1.0,-1.0,39.7697,-111.2129
SITE_08050,UT,84746,9.72,-1.0,-1.0,-1.0,-1.0,-1.0,2022-07-01,-1.0,-1.0,38.8965,-110.8776
SITE_08051,UT,84087,6.48,-1.0,-1.0,-1.0,-1.0,-1.0,2022-07-01,-1.0,-1.0,40.3060,-111.6420
SITE_08052,UT,84403,8.28,-1.0,-1.0,-1.0,-1.0,-1.0,2022-07-01,-1.0,-1.0,40.7331,-111.0888
SITE_08053,UT,84115,3.96,-1.0,-1.0,-1.0,-1.0,-1.0,2022-07-01,-1.0,-1.0,40.2767,-112.4226
SITE_08054,UT,84037,11.52,-1.0,-1.0,-1.0,-1.0,-1.0,2022-07-01,-1.0,-1.0,39.3141,-111.4887
SITE_08055,UT,84040,5.475,-1.0,-1.0,-1.0,-1.0,-1.0,2022-07-01,-1.0,-1.0,41.1778,-111.5398
SITE_08056,UT,84414,4.68,-1.0,-1.0,-1.0,-1.0,-1.0,2022-07-01,-1.0,-1.0,39.9714,-111.6900
SITE_08057,UT,84005,15.01,-1.0,-1.0,-1.0,-1.0,-1.0,2022-07-01,-1.0,-1.0,39.4005,-112.3146
SITE_08058,UT,84401,5.53,-1.0,-1.0,-1.0,-1.0,-1.0,2022-07-01,-1.0,-1.0,40.9417,-110.6086
SITE_08059,UT,84088,8.25,-1.0,-1.0,-1.0,-1.0,-1.0,2022-07-01,-1.0,-1.0,39.1858,-111.0323
SITE_08060,UT,84005,3.6,-1.0,-1.0,-1.0,-1.0,-1.0,2019-07-01,-1.0,-1.0,39.5300,-112.2424
SITE_08061,UT,84404,4.0,-1.0,-1.0,-1.0,-1.0,-1.0,2022-07-01,-1.0,-1.0,37.5179,-112.9073
SITE_08062,UT,84335,6.935,-1.0,-1.0,-1.0,-1.0,-1.0,2022-07-01,-1.0,-1.0,38.9607,-112.8089
SITE_08063,UT,84096,14.76,-1.0,-1.0,-1.0,-1.0,-1.0,2022-07-01,-1.0,-1.0,40.5027,-111.7945
SITE_08064,UT,84096,9.84,-1.0,-1.0,-1.0,-1.0,-1.0,2022-07-01,-1.0,-1.0,39.6839,-112.2142
SITE_08065,UT,84128,4.4,-1.0,-1.0,-1.0,-1.0,-1.0,2022-07-01,-1.0,-1.0,38.0785,-110.6113
SITE_08066,UT,84040,3.6,-1.0,-1.0,-1.0,-1.0,-1.0,2022-07-01,-1.0,-1.0,40.3661,-111.3694
SITE_08067,UT,84119,6.4,-1.0,-1.0,-1.0,-1.0,-1.0,2019-07-01,-1.0,-1.0,40.4397,-112.8797
SITE_08068,UT,84054,7.98,-1.0,-1.0,-1.0,-1.0,-1.0,2022-07-01,-1.0,-1.0,39.1707,-110.9970
SITE_08069,UT,84065,7.4,-1.0,-1.0,-1.0,-1.0,-1.0,2022-07-01,-1.0,-1.0,39.1959,-110.8269
SITE_08070,UT,84065,9.87,-1.0,-1.0,-1.0,-1.0,-1.0,2022-07-01,-1.0,-1.0,39.3387,-111.3846
SITE_08071,UT,84065,5.6,-1.0,-1.0,-1.0,-1.0,-1.0,2022-07-01,-1.0,-1.0,38.6237,-112.7633
SITE_08072,UT,84015,5.53,-1.0,-1.0,-1.0,-1.0,-1.0,2022-07-01,-1.0,-1.0,40.5843,-110.6320
SITE_08073,UT,84120,11.26028,-1.0,-1.0,-1.0,-1.0,-1.0,2022-07-01,-1.0,-1.0,39.7755,-111.9156
SITE_08074,UT,84015,6.8,-1.0,-1.0,-1.0,-1.0,-1.0,2022-07-01,-1.0,-1.0,38.2551,-110.9594
SITE_08075,UT,84414,11.0,-1.0,-1.0,-1.0,-1.0,-1.0,2022-07-01,-1.0,-1.0,38.6221,-111.0479
SITE_08076,UT,84128,8.14,-1.0,-1.0,-1.0,-1.0,-1.0,2022-07-01,-1.0,-1.0,37.5905,-111.3703
SITE_08077,UT,84057,9.99,-1.0,-1.0,-1.0,-1.0,-1.0,2022-07-01,-1.0,-1.0,40.6440,-110.5405
SITE_08078,UT,84065,7.2,-1.0,-1.0,-1.0,-1.0,-1.0,2022-07-01,-1.0,-1.0,39.5297,-112.3951
SITE_08079,UT,84058,10.8,-1.0,-1.0,-1.0,-1.0,-1.0,2022-07-01,-1.0,-1.0,39.1356,-111.3545
SITE_08080,UT,84314,12.4,-1.0,-1.0,-1.0,-1.0,-1.0,2022-07-01,-1.0,-1.0,40.5492,-111.5456
SITE_08081,UT,84074,7.312,-1.0,-1.0,-1.0,-1.0,-1.0,2022-07-01,-1.0,-1.0,38.8225,-111.1859
SITE_08082,UT,84088,14.35,-1.0,-1.0,-1.0,-1.0,-1.0,2023-07-01,-1.0,-1.0,40.2779,-112.1585
SITE_08083,UT,84096,7.3,-1.0,-1.0,-1.0,-1.0,-1.0,2023-07-01,-1.0,-1.0,-9999,-9999
SITE_08084,UT,84065,13.6,-1.0,-1.0,-1.0,-1.0,-1.0,2023-07-01,-1.0,-1.0,41.2077,-110.7587
SITE_08085,UT,84129,4.4,-1.0,-1.0,-1.0,-1.0,-1.0,2022-07-01,-1.0,-1.0,39.4497,-112.0658
SITE_08086,UT,84029,8.76,-1.0,-1.0,-1.0,-1.0,-1.0,2023-07-01,-1.0,-1.0,37.5666,-111.3968
SITE_08087,UT,84096,7.2,-1.0,-1.0,-1.0,-1.0,-1.0,2022-07-01,-1.0,-1.0,40.8681,-112.6576
SITE_08088,UT,84041,7.3,-1.0,-1.0,-1.0,-1.0,-1.0,2023-07-01,-1.0,-1.0,39.5533,-110.9890
SITE_08089,UT,84065,5.84,-1.0,-1.0,-1.0,-1.0,-1.0,2023-07-01,-1.0,-1.0,39.0770,-112.2582
SITE_08090,UT,84325,6.205,-1.0,-1.0,-1.0,-1.0,-1.0,2023-07-01,-1.0,-1.0,39.4945,-111.3142
SITE_08091,UT,84041,12.41,-1.0,-1.0,-1.0,-1.0,-1.0,2023-07-01,-1.0,-1.0,41.2983,-111.0867
SITE_08092,UT,84404,6.0,-1.0,-1.0,-1.0,-1.0,-1.0,2022-07-01,-1.0,-1.0,38.6987,-112.9945
SITE_08093,UT,84108,5.92,-1.0,-1.0,-1.0,-1.0,-1.0,2023-07-01,-1.0,-1.0,37.3303,-110.9946
SITE_08094,UT,84081,8.14,-1.0,-1.0,-1.0,-1.0,-1.0,2023-07-01,-1.0,-1.0,38.2668,-110.8360
SITE_08095,UT,84057,11.0,-1.0,-1.0,-1.0,-1.0,-1.0,2022-07-01,-1.0,-1.0,38.0879,-110.4727
SITE_08096,UT,84081,4.44,-1.0,-1.0,-1.0,-1.0,-1.0,2023-07-01,-1.0,-1.0,39.0238,-110.4597
SITE_08097,UT,84312,6.29,-1.0,-1.0,-1.0,-1.0,-1.0,2022-07-01,-1.0,-1.0,39.3638,-111.8225
SITE_08098,UT,84088,8.8,-1.0,-1.0,-1.0,-1.0,-1.0,2023-07-01,-1.0,-1.0,40.0842,-112.9122
SITE_08099,UT,84058,14.06,-1.0,-1.0,-1.0,-1.0,-1.0,2023-07-01,-1.0,-1.0,38.3687,-111.2448
SITE_08100,UT,84087,10.36,-1.0,-1.0,-1.0,-1.0,-1.0,2023-07-01,-1.0,-1.0,41.1331,-111.6401
SITE_08101,UT,84037,14.8,-1.0,-1.0,-1.0,-1.0,-1.0,2023-07-01,-1.0,-1.0,38.5733,-111.7324
SITE_08102,UT,84108,6.0,-1.0,-1.0,-1.0,-1.0,-1.0,2021-07-01,-1.0,-1.0,37.3245,-112.6356
SITE_08103,UT,84721,7.03,-1.0,-1.0,-1.0,-1.0,-1.0,2023-07-01,-1.0,-1.0,40.9765,-111.2988
SITE_08104,UT,84720,6.65,-1.0,-1.0,-1.0,-1.0,-1.0,2023-07-01,-1.0,-1.0,40.8306,-110.7602
SITE_08105,UT,84765,7.2,-1.0,-1.0,-1.0,-1.0,-1.0,2023-07-01,-1.0,-1.0,38.4289,-110.4366
SITE_08106,UT,84045,4.56,-1.0,-1.0,-1.0,-1.0,-1.0,2023-07-01,-1.0,-1.0,39.8065,-111.9275
SITE_08107,UT,84015,4.4,-1.0,-1.0,-1.0,-1.0,-1.0,2023-07-01,-1.0,-1.0,39.4746,-112.0421
SITE_08108,UT,84341,7.6,-1.0,-1.0,-1.0,-1.0,-1.0,2022-07-01,-1.0,-1.0,40.2603,-111.5987
SITE_08109,UT,84337,14.22,-1.0,-1.0,-1.0,-1.0,-1.0,2023-07-01,-1.0,-1.0,37.3745,-112.7765
SITE_08110,UT,84096,5.2,-1.0,-1.0,-1.0,-1.0,-1.0,2023-07-01,-1.0,-1.0,40.9002,-112.3231
SITE_08111,UT,84070,7.0,-1.0,-1.0,-1.0,-1.0,-1.0,2023-07-01,-1.0,-1.0,40.2722,-110.7143
SITE_08112,UT,84074,5.56,-1.0,-1.0,-1.0,-1.0,-1.0,2023-07-01,-1.0,-1.0,37.5183,-110.6094
SITE_08113,UT,84015,8.0,-1.0,-1.0,-1.0,-1.0,-1.0,2023-07-01,-1.0,-1.0,38.1049,-112.3002
SITE_08114,UT,84780,10.0,-1.0,-1.0,-1.0,-1.0,-1.0,2023-07-01,-1.0,-1.0,39.3220,-112.0722
SITE_08115,UT,84075,16.5,-1.0,-1.0,-1.0,-1.0,-1.0,2021-07-01,-1.0,-1.0,37.6761,-110.4637
SITE_08116,UT,84103,2.43,-1.0,-1.0,-1.0,-1.0,-1.0,2023-07-01,-1.0,-1.0,40.8977,-111.2126
SITE_08117,UT,84098,7.2,-1.0,-1.0,-1.0,-1.0,-1.0,2023-07-01,-1.0,-1.0,39.3056,-111.6333
SITE_08118,UT,84093,14.35,-1.0,-1.0,-1.0,-1.0,-1.0,2023-07-01,-1.0,-1.0,39.5945,-110.4816
SITE_08119,UT,84015,43.6,-1.0,-1.0,-1.0,-1.0,-1.0,2024-07-01,-1.0,-1.0,40.9271,-110.7519
SITE_08120,UT,84040,14.0,-1.0,-1.0,-1.0,-1.0,-1.0,2021-07-01,-1.0,-1.0,37.5191,-110.9183
SITE_08121,FL,32605.0,4.464,-1.0,-1.0,-1.0,-1.0,0.0,2009-04-21,0.0,0.0,27.1923,-81.4483
SITE_08122,FL,32609.0,999.925,-1.0,-1.0,-1.0,-1.0,-1.0,2012-04-10,0.0,1.0,27.8302,-83.4601
SITE_08123,FL,32605.0,5.06,-1.0,-1.0,-1.0,-1.0,0.0,2011-07-05,0.0,0.0,29.2487,-82.5955
SITE_08124,FL,32607.0,25.2,-1.0,-1.0,-1.0,-1.0,0.0,2011-08-17,0.0,0.0,28.9451,-81.3016
SITE_08125,FL,32605.0,5.06,-1.0,-1.0,-1.0,-1.0,0.0,2011-06-10,0.0,0.0,29.9300,-82.3665
SITE_08126,FL,32653.0,5.52,-1.0,-1.0,-1.0,-1.0,0.0,2011-06-29,0.0,0.0,26.1215,-82.8524
SITE_08127,FL,32641.0,104.16,-1.0,-1.0,-1.0,-1.0,0.0,2011-12-30,0.0,0.0,28.8927,-81.2024
SITE_08128,FL,32601.0,157.5,-1.0,-1.0,-1.0,-1.0,0.0,2013-12-30,0.0,0.0,26.9044,-82.0673
SITE_08129,FL,32605.0,5.1000000000000005,-1.0,-1.0,-1.0,-1.0,0.0,2008-07-11,0.0,0.0,27.9149,-82.4025
SITE_08130,FL,32653.0,5.25,-1.0,-1.0,-1.0,-1.0,0.0,2009-06-19,0.0,0.0,27.2467,-82.9352
SITE_08131,FL,32653.0,5.04,-1.0,-1.0,-1.0,-1.0,0.0,2009-07-02,0.0,0.0,26.0280,-81.6202
SITE_08132,FL,32601.0,16.485,-1.0,-1.0,-1.0,-1.0,0.0,2009-09-18,0.0,0.0,29.9059,-81.8555
SITE_08133,FL,32605.0,5.0,-1.0,-1.0,-1.0,-1.0,0.0,2014-10-10,0.0,0.0,29.4462,-83.5399
SITE_08134,FL,32605.0,9.3,-1.0,-1.0,-1.0,-1.0,0.0,2015-08-26,0.0,0.0,27.7278,-80.8760
SITE_08135,FL,32605.0,6.867,-1.0,-1.0,-1.0,-1.0,0.0,2016-04-25,0.0,0.0,29.9525,-82.1962
SITE_08136,FL,32603.0,7.44,-1.0,-1.0,-1.0,-1.0,0.0,2016-11-04,0.0,0.0,26.1991,-82.5355
SITE_08137,FL,32608.0,127.92,-1.0,-1.0,-1.0,0.2,0.0,2017-12-29,0.0,0.0,31.0312,-83.6562
SITE_08138,FL,32603.0,6.03,-1.0,-1.0,-1.0,0.20543148583994497,0.0,2018-02-16,0.0,0.0,26.3590,-83.8401
SITE_08139,FL,32601.0,4.578,-1.0,-1.0,-1.0,0.2005256593124239,0.0,2018-03-09,0.0,0.0,28.7874,-81.7331
SITE_08140,FL,32605.0,4.95,-1.0,-1.0,-1.0,0.1692047377326565,0.0,2018-05-24,0.0,0.0,30.9516,-82.0182
SITE_08141,FL,32608.0,9.455,-1.0,-1.0,-1.0,-1.0,0.0,2018-10-30,0.0,0.0,30.6112,-83.7771
SITE_08142,FL,32606.0,6.5,-1.0,-1.0,-1.0,-1.0,0.0,2019-01-15,0.0,0.0,30.9200,-81.9812
SITE_08143,FL,32606.0,4.65,-1.0,-1.0,-1.0,-1.0,0.0,2019-06-20,0.0,0.0,28.3089,-82.7557
SITE_08144,FL,32641.0,5.1,-1.0,-1.0,-1.0,-1.0,0.0,2019-11-26,0.0,0.0,29.5660,-82.6909
SITE_08145,FL,32653.0,8.99,-1.0,-1.0,-1.0,-1.0,0.0,2020-01-10,0.0,0.0,29.3123,-81.0467
SITE_08146,FL,32608.0,150.495,-1.0,-1.0,-1.0,0.1965174129353234,0.0,2020-01-29,0.0,0.0,31.1733,-83.1009
SITE_08147,FL,32601.0,9.92,-1.0,-1.0,-1.0,-1.0,0.0,2020-07-25,0.0,0.0,28.5824,-81.0671
SITE_08148,FL,32653.0,7.2,-1.0,-1.0,-1.0,0.15464328047883746,0.0,2020-09-24,0.0,0.0,29.6566,-81.0327
SITE_08149,FL,32607.0,10.4,-1.0,-1.0,-1.0,-1.0,0.0,2020-11-24,0.0,0.0,29.0589,-81.0946
SITE_08150,FL,32606.0,4.578,-1.0,-1.0,-1.0,-1.0,0.0,2020-12-23,0.0,0.0,30.5752,-82.9318
SITE_08151,FL,32605.0,10.23,-1.0,-1.0,-1.0,-1.0,0.0,2021-01-12,0.0,0.0,28.4787,-83.1908
SITE_08152,FL,32605.0,6.2,-1.0,-1.0,-1.0,-1.0,0.0,2021-03-09,0.0,0.0,27.7744,-80.8924
SITE_08153,FL,32641.0,6.2,-1.0,-1.0,-1.0,-1.0,0.0,2021-06-08,0.0,0.0,27.0485,-81.8348
SITE_08154,FL,32608.0,15.2,-1.0,-1.0,-1.0,-1.0,0.0,2022-03-03,0.0,0.0,29.3936,-82.4725
SITE_08155,FL,32607.0,8.76,-1.0,-1.0,-1.0,-1.0,0.0,2022-03-29,0.0,0.0,26.5183,-82.4600
SITE_08156,FL,32641.0,8.25,-1.0,-1.0,-1.0,0.2023948834573462,0.0,2022-03-31,0.0,0.0,27.8979,-82.7187
SITE_08157,FL,32653.0,15.33,-1.0,-1.0,-1.0,-1.0,0.0,2022-04-06,0.0,0.0,27.5931,-83.1183
SITE_08158,FL,-1,10.64,-1.0,-1.0,-1.0,-1.0,-1.0,2022-08-03,0.0,-1.0,29.6889,-83.6115
SITE_08159,FL,-1,8.8,-1.0,-1.0,-1.0,-1.0,-1.0,2022-12-08,0.0,-1.0,29.1521,-82.0772
SITE_08160,FL,-1,8.395,-1.0,-1.0,-1.0,-1.0,0.0,2023-07-14,0.0,0.0,26.3653,-83.0362
SITE_08161,CO,80224,4.68,270.0,18.0,-1.0,-1.0,-1.0,2017-04-20,1.0,-1.0,39.6193,-105.2983
SITE_08162,CO,80020,6.08,150.0,26.0,-1.0,-1.0,-1.0,2021-01-06,0.0,-1.0,38.5125,-106.9551
SITE_08163,CO,80238,4.03,271.0,34.0,-1.0,-1.0,-1.0,2020-01-07,0.0,-1.0,38.7301,-103.6368
SITE_08164,MN,55024-9195,5.76,0.0,0.0,-1.0,-1.0,-1.0,2023-05-04,-1.0,-1.0,44.9794,-94.6126
SITE_08165,MN,55126,7.04,142.0,30.0,-1.0,-1.0,-1.0,2021-01-12,-1.0,-1.0,46.7144,-94.4356
SITE_08166,CO,80026,10.0,155.0,35.0,-1.0,-1.0,-1.0,2012-07-26,0.0,-1.0,37.9773,-105.6901
SITE_08167,MN,55104-2625,3.72,270.0,37.0,-1.0,-1.0,-1.0,2021-01-09,-1.0,-1.0,44.9119,-93.7658
SITE_08168,CO,80229,4.2,269.0,22.0,-1.0,-1.0,-1.0,2018-09-19,0.0,-1.0,40.3087,-103.5331
SITE_08169,MN,55044-1105,4.48,180.0,30.0,-1.0,-1.0,-1.0,2023-08-01,-1.0,-1.0,45.6822,-94.3616
SITE_08170,CO,80229,2.61,298.0,24.0,-1.0,-1.0,-1.0,2019-01-12,1.0,-1.0,37.7895,-106.2077
SITE_08171,CO,80027,1.98,180.0,49.0,-1.0,-1.0,-1.0,2009-05-09,-1.0,-1.0,38.9375,-107.3353
SITE_08172,CO,80304,1.568,180.0,23.0,-1.0,-1.0,-1.0,2010-07-23,-1.0,-1.0,38.4185,-106.5718
SITE_08173,CO,80016,6.12,270.0,21.0,-1.0,-1.0,-1.0,2021-02-27,0.0,-1.0,40.0134,-106.0098
SITE_08174,CO,80615,11.375,118.0,26.5,-1.0,-1.0,-1.0,2021-03-03,0.0,-1.0,38.5955,-105.3378
SITE_08175,MN,55419-1831,15.01,90.0,17.0,-1.0,-1.0,-1.0,2020-12-31,-1.0,-1.0,46.2583,-92.9357
SITE_08176,MN,55077,8.0,0.0,0.0,-1.0,-1.0,-1.0,2020-12-15,-1.0,-1.0,46.6738,-93.7780
SITE_08177,CO,80003,3.245,246.0,21.0,-1.0,-1.0,-1.0,2019-10-02,1.0,-1.0,37.9683,-107.4534
SITE_08178,MN,55302-3442,5.475,191.0,35.0,-1.0,-1.0,-1.0,2021-05-18,-1.0,-1.0,44.6142,-93.8148
SITE_08179,CO,80465,2.6,176.0,16.0,-1.0,-1.0,-1.0,2017-02-05,1.0,-1.0,38.8652,-107.0891
SITE_08180,CO,80439,9.35,150.0,23.0,-1.0,-1.0,-1.0,2021-04-22,0.0,-1.0,40.2258,-107.6111
SITE_08181,CO,80229,8.16,89.0,18.0,-1.0,-1.0,-1.0,2021-03-12,0.0,-1.0,39.1186,-104.2066
SITE_08182,CO,80249,5.6,180.0,26.0,-1.0,-1.0,-1.0,2022-02-11,0.0,-1.0,38.0317,-107.1155
SITE_08183,CO,80134,3.54,162.0,27.0,-1.0,-1.0,-1.0,2018-11-07,0.0,-1.0,38.7661,-104.8543
SITE_08184,MN,55354-7743,7.04,180.0,36.0,-1.0,-1.0,-1.0,2022-03-30,-1.0,-1.0,45.4279,-94.3497
SITE_08185,CO,80033,9.955,195.0,23.0,-1.0,-1.0,-1.0,2010-01-06,0.0,-1.0,-9999,-9999
SITE_08186,CO,80020,3.05,180.0,39.0,-1.0,-1.0,-1.0,2017-11-30,1.0,-1.0,38.4484,-105.5591
SITE_08187,CO,80241,9.36,180.0,18.0,-1.0,-1.0,-1.0,2017-03-21,1.0,-1.0,39.1783,-107.2298
SITE_08188,CO,80026,7.54,179.0,18.0,-1.0,-1.0,-1.0,2017-02-16,1.0,-1.0,38.9405,-106.5682
SITE_08189,CO,81507,8.0,180.0,25.0,-1.0,-1.0,-1.0,2012-08-24,0.0,-1.0,37.7291,-104.0744
SITE_08190,CO,80214,5.06,270.0,29.0,-1.0,-1.0,-1.0,2013-12-09,0.0,-1.0,39.8318,-105.6172
SITE_08191,MN,55105-1632,11.7,90.0,35.0,-1.0,-1.0,-1.0,2021-03-22,-1.0,-1.0,47.3884,-95.7226
SITE_08192,CO,80013,3.84,184.0,19.0,-1.0,-1.0,-1.0,2020-06-11,0.0,-1.0,38.0443,-107.1126
SITE_08193,CO,80031,3.6,225.0,39.8,-1.0,-1.0,-1.0,2009-08-28,0.0,-1.0,40.2658,-106.4920
SITE_08194,MN,55107-2562,5.44,0.0,0.0,-1.0,-1.0,-1.0,2021-07-30,-1.0,-1.0,46.6420,-93.5465
SITE_08195,CO,80128,2.4,180.0,18.0,-1.0,-1.0,-1.0,2017-06-17,0.0,-1.0,38.6735,-103.3406
SITE_08196,CO,80033,8.82,222.0,19.0,-1.0,-1.0,-1.0,2021-01-01,0.0,-1.0,40.4516,-105.2971
SITE_08197,CO,80212,3.3,180.0,18.0,-1.0,-1.0,-1.0,2018-03-15,0.0,-1.0,39.1562,-106.4014
SITE_08198,CO,80205,3.64,180.0,37.0,-1.0,-1.0,-1.0,2017-05-04,0.0,-1.0,38.8706,-105.2518
SITE_08199,CO,80219,2.205,90.0,19.0,-1.0,-1.0,-1.0,2013-11-30,0.0,-1.0,38.0307,-106.8811
SITE_08200,CO,80439,7.48,258.0,20.0,-1.0,-1.0,-1.0,2020-12-23,0.0,-1.0,37.6175,-104.5146
SITE_08201,CO,80304,6.4,180.0,27.0,-1.0,-1.0,-1.0,2019-09-06,0.0,-1.0,37.8062,-105.6108
SITE_08202,MN,55016,7.475,120.0,27.0,-1.0,-1.0,-1.0,2021-01-22,-1.0,-1.0,45.8928,-94.6801
SITE_08203,CO,80516,3.375,90.0,34.0,-1.0,-1.0,-1.0,2022-04-08,1.0,-1.0,37.9150,-106.4729
SITE_08204,CO,80007,2.68,159.0,33.7,-1.0,-1.0,-1.0,2017-05-26,0.0,-1.0,40.3175,-105.4159
SITE_08205,CO,80005,8.32,230.0,20.0,-1.0,-1.0,-1.0,2020-09-25,0.0,-1.0,37.7608,-104.4392
SITE_08206,CO,81505,4.86,180.0,14.0,-1.0,-1.0,-1.0,2018-05-04,0.0,-1.0,39.5807,-103.3050
SITE_08207,CO,80301,90.48,180.0,15.0,-1.0,-1.0,-1.0,2012-05-14,0.0,-1.0,38.8943,-107.5387
SITE_08208,CO,80435,7.59,140.0,40.0,-1.0,-1.0,-1.0,2019-08-13,0.0,-1.0,39.2970,-106.6867
SITE_08209,MN,55427,4.16,176.0,22.0,-1.0,-1.0,-1.0,2021-08-27,-1.0,-1.0,44.6687,-93.4343
SITE_08210,CO,80204,7.35,180.0,13.0,-1.0,-1.0,-1.0,2018-12-12,0.0,-1.0,37.8300,-105.3333
SITE_08211,CO,80206,3.315,180.0,30.0,-1.0,-1.0,-1.0,2013-02-21,1.0,-1.0,39.8874,-107.5072
SITE_08212,CO,80122,8.82,249.0,18.0,-1.0,-1.0,-1.0,2013-12-19,1.0,-1.0,40.2647,-104.4033
SITE_08213,CO,80016,7.83,143.0,32.0,-1.0,-1.0,-1.0,2019-11-19,1.0,-1.0,37.8927,-106.4013
SITE_08214,CO,80498,1.05,180.0,23.5,-1.0,-1.0,-1.0,2007-01-03,0.0,-1.0,39.2845,-104.4165
SITE_08215,CO,80120,4.875,271.0,18.0,-1.0,-1.0,-1.0,2020-07-22,0.0,-1.0,39.3611,-103.4309
SITE_08216,CO,80122,8.4,90.0,18.0,-1.0,-1.0,-1.0,2009-10-15,0.0,-1.0,37.7420,-106.6696
SITE_08217,CO,80112,8.51,212.0,18.0,-1.0,-1.0,-1.0,2022-05-07,0.0,-1.0,38.2427,-105.4186
SITE_08218,CO,80205,5.61,180.0,46.0,-1.0,-1.0,-1.0,2019-12-31,0.0,-1.0,37.9327,-105.3820
SITE_08219,CO,80303,5.886,140.0,18.0,-1.0,-1.0,-1.0,2013-03-25,1.0,-1.0,39.9298,-104.2026
SITE_08220,CO,80219,10.88,180.0,20.0,-1.0,-1.0,-1.0,2022-01-20,0.0,-1.0,39.3443,-107.5528
SITE_08221,CO,80013,6.125,240.0,30.0,-1.0,-1.0,-1.0,2014-01-24,1.0,-1.0,39.5434,-104.2722
SITE_08222,CO,80016,4.8,106.0,27.0,-1.0,-1.0,-1.0,2020-02-29,1.0,-1.0,38.0400,-104.7990
SITE_08223,CO,80004,6.8,180.0,16.0,-1.0,-1.0,-1.0,2022-05-11,0.0,-1.0,39.0694,-103.5948
SITE_08224,CO,80241,8.16,209.0,30.0,-1.0,-1.0,-1.0,2021-06-17,0.0,-1.0,37.5884,-103.4122
SITE_08225,CO,80602,6.1,183.0,20.0,-1.0,-1.0,-1.0,2018-04-14,0.0,-1.0,37.6854,-107.2248
SITE_08226,MN,55055-1599,5.475,0.0,0.0,-1.0,-1.0,-1.0,2021-05-14,-1.0,-1.0,44.6238,-95.0907
SITE_08227,MN,55113-5435,10.585,95.0,33.0,-1.0,-1.0,-1.0,2021-07-07,-1.0,-1.0,47.9384,-93.6428
SITE_08228,CO,80504,10.395,180.0,30.0,-1.0,-1.0,-1.0,2020-01-13,0.0,-1.0,37.8684,-107.2359
SITE_08229,CO,80210,2.4,180.0,18.0,-1.0,-1.0,-1.0,2012-12-10,1.0,-1.0,38.3881,-106.5115
SITE_08230,CO,80020,3.185,180.0,27.0,-1.0,-1.0,-1.0,2014-02-10,1.0,-1.0,39.0931,-105.2598
SITE_08231,MN,55432-5601,53.3,180.0,10.0,-1.0,-1.0,-1.0,2022-12-14,-1.0,-1.0,45.2211,-94.3665
SITE_08232,CO,80031,6.125,270.0,27.0,-1.0,-1.0,-1.0,2014-03-19,1.0,-1.0,40.1621,-105.2228
SITE_08233,MN,55343,7.475,0.0,0.0,-1.0,-1.0,-1.0,2021-04-21,-1.0,-1.0,47.9513,-94.7161
SITE_08234,CO,80620,5.17,100.0,10.0,-1.0,-1.0,-1.0,2014-08-01,0.0,-1.0,40.1237,-105.4682
SITE_08235,CO,80014,4.2,90.0,18.0,-1.0,-1.0,-1.0,2019-08-23,0.0,-1.0,38.2210,-104.8245
SITE_08236,CO,80436,3.28,170.0,40.0,-1.0,-1.0,-1.0,2010-03-16,0.0,-1.0,40.3393,-103.4219
SITE_08237,CO,80498,4.575,73.0,35.0,-1.0,-1.0,-1.0,2020-06-24,0.0,-1.0,38.3782,-105.6777
SITE_08238,CO,80017,5.1,269.0,20.0,-1.0,-1.0,-1.0,2021-09-08,0.0,-1.0,38.9020,-104.9935
SITE_08239,CO,81520,4.72,90.0,26.0,-1.0,-1.0,-1.0,2019-03-30,0.0,-1.0,38.9416,-107.3840
SITE_08240,MN,55360,9.24,131.0,27.0,-1.0,-1.0,-1.0,2021-08-19,-1.0,-1.0,46.3255,-95.7763
SITE_08241,CO,80403,3.96,180.0,30.0,-1.0,-1.0,-1.0,2015-02-25,0.0,-1.0,37.6778,-107.2689
SITE_08242,CO,80249,6.9,270.0,18.0,-1.0,-1.0,-1.0,2017-09-29,1.0,-1.0,40.1456,-103.4280
SITE_08243,CO,80129,6.37,102.0,25.0,-1.0,-1.0,-1.0,2014-03-17,1.0,-1.0,39.3145,-105.5615
SITE_08244,CO,81507,3.18,-1.0,-1.0,-1.0,-1.0,-1.0,2016-03-29,0.0,-1.0,39.4670,-103.4686
SITE_08245,CO,80516,4.505,270.0,27.0,-1.0,-1.0,-1.0,2017-11-18,1.0,-1.0,38.2808,-104.0498
SITE_08246,CO,80249,3.705,180.0,22.0,-1.0,-1.0,-1.0,2018-06-15,1.0,-1.0,38.3491,-106.0764
SITE_08247,MN,56011-3305,3.555,244.0,25.0,-1.0,-1.0,-1.0,2021-06-08,-1.0,-1.0,48.0591,-95.8633
SITE_08248,CO,80219,4.55,90.0,18.0,-1.0,-1.0,-1.0,2021-02-13,0.0,-1.0,37.9354,-106.9093
SITE_08249,CO,80232,6.4,180.0,16.0,-1.0,-1.0,-1.0,2019-10-25,0.0,-1.0,37.8950,-103.3698
SITE_08250,CO,80516,3.0,101.0,25.0,-1.0,-1.0,-1.0,2018-04-28,0.0,-1.0,40.4520,-103.3782
SITE_08251,CO,80516,3.84,180.0,34.0,-1.0,-1.0,-1.0,2018-05-30,1.0,-1.0,38.1935,-105.4807
SITE_08252,CO,80303,1.715,180.0,30.0,-1.0,-1.0,-1.0,2014-11-08,1.0,-1.0,38.6991,-106.5231
SITE_08253,MN,55057-2342,8.03,90.0,29.0,-1.0,-1.0,-1.0,2021-06-18,-1.0,-1.0,46.5572,-93.7180
SITE_08254,CO,80110,11.39,90.0,25.0,-1.0,-1.0,-1.0,2018-05-04,0.0,-1.0,38.0151,-103.4455
SITE_08255,CO,80401,5.44,244.0,23.0,-1.0,-1.0,-1.0,2020-12-10,0.0,-1.0,38.5857,-107.0239
SITE_08256,MN,55446-2736,13.87,90.0,14.0,-1.0,-1.0,-1.0,2021-07-07,-1.0,-1.0,44.8955,-93.6836
SITE_08257,CO,80304,6.696,180.0,10.0,-1.0,-1.0,-1.0,2010-11-22,0.0,-1.0,39.3770,-103.7750
SITE_08258,CO,80634,9.36,90.0,34.0,-1.0,-1.0,-1.0,2013-03-06,1.0,-1.0,39.1238,-104.9110
SITE_08259,CO,81521,4.13,180.0,28.0,-1.0,-1.0,-1.0,2019-02-12,0.0,-1.0,40.1663,-106.0579
SITE_08260,MN,55420-2431,7.04,0.0,0.0,-1.0,-1.0,-1.0,2023-05-24,-1.0,-1.0,45.2574,-94.1746
SITE_08261,CO,80126,7.8,100.0,30.5,-1.0,-1.0,-1.0,2020-11-11,0.0,-1.0,38.4633,-103.6523
SITE_08262,CO,80016,4.8,180.0,23.0,-1.0,-1.0,-1.0,2019-05-21,1.0,-1.0,39.4862,-104.8090
SITE_08263,CO,80134,4.16,127.0,23.0,-1.0,-1.0,-1.0,2018-07-10,1.0,-1.0,37.9581,-105.7960
SITE_08264,CO,80401,3.36,234.0,14.0,-1.0,-1.0,-1.0,2013-01-25,1.0,-1.0,39.2757,-105.5870
SITE_08265,CO,80020,5.2,241.0,29.0,-1.0,-1.0,-1.0,2019-01-15,0.0,-1.0,37.5673,-106.9616
SITE_08266,CO,80134,13.23,270.0,23.0,-1.0,-1.0,-1.0,2019-09-04,0.0,-1.0,39.4206,-105.9404
SITE_08267,CO,80011,4.41,270.0,18.0,-1.0,-1.0,-1.0,2015-05-05,1.0,-1.0,39.3704,-105.3286
SITE_08268,CO,80620,2.75,181.0,21.0,-1.0,-1.0,-1.0,2014-09-16,1.0,-1.0,37.5431,-104.9220
SITE_08269,CO,80134,7.93,269.0,23.0,-1.0,-1.0,-1.0,2018-06-22,0.0,-1.0,39.5956,-103.8265
SITE_08270,MN,55057,4.38,152.0,30.0,-1.0,-1.0,-1.0,2020-09-23,-1.0,-1.0,46.5919,-93.4728
SITE_08271,CO,80602,3.975,0.0,27.0,-1.0,-1.0,-1.0,2017-10-03,1.0,-1.0,37.5817,-107.4432
SITE_08272,CO,80231,7.14,180.0,14.0,-1.0,-1.0,-1.0,2014-10-23,1.0,-1.0,37.8570,-105.8573
SITE_08273,CO,80249,9.135,149.0,23.0,-1.0,-1.0,-1.0,2019-08-29,0.0,-1.0,38.8625,-105.1640
SITE_08274,MN,55104-6321,121.6,0.0,0.0,-1.0,-1.0,-1.0,2020-08-18,-1.0,-1.0,44.3773,-95.6183
SITE_08275,CO,80026,4.32,136.0,34.0,-1.0,-1.0,-1.0,2012-02-29,1.0,-1.0,40.0544,-105.7812
SITE_08276,CO,80231,6.71,226.0,20.0,-1.0,-1.0,-1.0,2020-04-18,0.0,-1.0,39.7970,-103.4280
SITE_08277,CO,80027,4.4,180.0,36.0,-1.0,-1.0,-1.0,2020-10-23,0.0,-1.0,38.6498,-103.8496
SITE_08278,MN,56360,22.4,180.0,40.0,-1.0,-1.0,-1.0,2021-05-28,-1.0,-1.0,45.8565,-95.8429
SITE_08279,CO,80215,7.38,180.0,31.0,-1.0,-1.0,-1.0,2021-08-07,0.0,-1.0,39.8150,-106.5013
SITE_08280,CO,80303,7.36,225.0,18.0,-1.0,-1.0,-1.0,2017-10-13,0.0,-1.0,37.8183,-104.1543
SITE_08281,CO,80249,4.07,107.0,23.0,-1.0,-1.0,-1.0,2012-01-16,1.0,-1.0,38.5949,-106.4490
SITE_08282,CO,80620,4.51,-1.0,-1.0,-1.0,-1.0,-1.0,2016-05-26,1.0,-1.0,39.1228,-106.3578
SITE_08283,CO,80112,9.6,180.0,15.0,-1.0,-1.0,-1.0,2012-09-07,0.0,-1.0,39.8490,-106.3228
SITE_08284,CO,80210,9.62,180.0,24.0,-1.0,-1.0,-1.0,2021-10-20,0.0,-1.0,38.4672,-105.6869
SITE_08285,MN,55102-3379,6.8,270.0,18.0,-1.0,-1.0,-1.0,2020-05-27,-1.0,-1.0,47.1364,-95.5407
SITE_08286,CO,80031,8.84,91.0,27.0,-1.0,-1.0,-1.0,2021-04-06,0.0,-1.0,37.6133,-104.2437
SITE_08287,CO,80238,7.68,90.0,33.0,-1.0,-1.0,-1.0,2021-03-17,0.0,-1.0,39.3744,-104.6194
SITE_08288,CO,80031,2.0,180.0,18.0,-1.0,-1.0,-1.0,2014-06-02,1.0,-1.0,39.8378,-104.0054
SITE_08289,CO,80027,7.36,153.0,25.0,-1.0,-1.0,-1.0,2012-07-24,1.0,-1.0,39.5342,-105.0713
SITE_08290,CO,80304,3.24,180.0,30.0,-1.0,-1.0,-1.0,2021-04-10,0.0,-1.0,39.0050,-103.8525
SITE_08291,CO,80403,12.96,180.0,25.0,-1.0,-1.0,-1.0,2020-08-26,0.0,-1.0,38.4022,-107.3188
SITE_08292,CO,80124,7.14,90.0,23.0,-1.0,-1.0,-1.0,2021-09-17,0.0,-1.0,38.0393,-103.5268
SITE_08293,CO,80550,5.61,240.0,24.0,-1.0,-1.0,-1.0,2020-10-10,0.0,-1.0,38.6469,-103.8925
SITE_08294,CO,80126,5.2,-1.0,-1.0,-1.0,-1.0,-1.0,2016-11-21,1.0,-1.0,38.0343,-104.0825
SITE_08295,CO,80634,4.34,178.0,22.0,-1.0,-1.0,-1.0,2020-07-25,0.0,-1.0,39.4544,-107.1080
SITE_08296,MN,55027,1404.0,0.0,0.0,-1.0,-1.0,-1.0,2021-11-30,-1.0,-1.0,47.7670,-93.8112
SITE_08297,CO,80004,3.19,270.0,19.0,-1.0,-1.0,-1.0,2019-12-13,1.0,-1.0,38.5830,-105.1276
SITE_08298,CO,80634,4.8,207.0,25.0,-1.0,-1.0,-1.0,2020-09-29,0.0,-1.0,37.6304,-106.7597
SITE_08299,CO,80127,9.86,273.0,27.0,-1.0,-1.0,-1.0,2019-03-13,1.0,-1.0,37.8268,-106.1702
SITE_08300,CO,80128,6.08,100.0,18.0,-1.0,-1.0,-1.0,2021-06-26,0.0,-1.0,39.0626,-104.2626
SITE_08301,CO,81501,6.75,180.0,15.0,-1.0,-1.0,-1.0,2010-12-06,0.0,-1.0,38.8817,-105.5499
SITE_08302,CO,80015,6.0,140.0,26.0,-1.0,-1.0,-1.0,2014-09-26,1.0,-1.0,39.1758,-106.5099
SITE_08303,CO,80022,3.99,270.0,34.0,-1.0,-1.0,-1.0,2019-10-22,0.0,-1.0,39.3869,-106.3821
SITE_08304,MN,55407,7.7,180.0,32.0,-1.0,-1.0,-1.0,2020-02-04,-1.0,-1.0,44.6295,-95.3960
SITE_08305,MN,55110,14.625,-1.0,-1.0,-1.0,-1.0,-1.0,2019-11-19,-1.0,-1.0,48.2408,-94.5982
SITE_08306,MN,55439,30.375,180.0,18.6,-1.0,-1.0,-1.0,2020-01-31,-1.0,-1.0,47.5246,-95.3478
SITE_08307,CO,80011,4.4,271.0,18.0,-1.0,-1.0,-1.0,2022-02-09,0.0,-1.0,38.3004,-105.4739
SITE_08308,CO,80113,4.8,180.0,22.0,-1.0,-1.0,-1.0,2013-05-14,1.0,-1.0,39.6126,-106.7694
SITE_08309,CO,80543,6.8,180.0,19.0,-1.0,-1.0,-1.0,2021-04-28,0.0,-1.0,39.1791,-107.0893
SITE_08310,CO,80602,6.9,180.0,23.0,-1.0,-1.0,-1.0,2019-03-28,0.0,-1.0,37.7616,-106.9595
SITE_08311,CO,80615,7.8,180.0,20.0,-1.0,-1.0,-1.0,2017-11-10,0.0,-1.0,37.5564,-104.5336
SITE_08312,CO,-1,3.66,252.0,23.0,-1.0,-1.0,-1.0,2018-09-18,0.0,-1.0,38.4018,-104.8228
SITE_08313,CO,80547,8.415,270.0,24.0,-1.0,-1.0,-1.0,2014-12-09,1.0,-1.0,37.8992,-103.3821
SITE_08314,CO,81144,3.3,260.0,25.0,-1.0,-1.0,-1.0,2021-04-16,-1.0,-1.0,40.0827,-106.8769
SITE_08315,CO,80018,6.885,138.0,26.0,-1.0,-1.0,-1.0,2014-08-28,1.0,-1.0,39.5959,-106.0360
SITE_08316,CO,80249,8.745,-1.0,-1.0,-1.0,-1.0,-1.0,2016-08-21,1.0,-1.0,39.0540,-104.5037
SITE_08317,MN,55113,7.44,180.0,30.0,-1.0,-1.0,-1.0,2021-01-16,-1.0,-1.0,47.0631,-95.0772
SITE_08318,CO,80031,4.83,180.0,30.0,-1.0,-1.0,-1.0,2010-06-07,0.0,-1.0,38.6458,-103.5730
SITE_08319,CO,80012,7.5,18.0,0.0,-1.0,-1.0,-1.0,2014-06-28,1.0,-1.0,37.6854,-105.8028
SITE_08320,CO,80233,3.36,-1.0,-1.0,-1.0,-1.0,-1.0,2016-08-18,0.0,-1.0,39.8847,-107.6555
SITE_08321,MN,55408-1262,10.005,0.0,0.0,-1.0,-1.0,-1.0,2022-08-30,-1.0,-1.0,44.6569,-94.8526
SITE_08322,MN,55410-1056,6.295620437956204,-1.0,-1.0,-1.0,-1.0,-1.0,2022-08-15,-1.0,-1.0,47.5760,-95.2829
SITE_08323,CO,80241,7.54,0.0,26.0,-1.0,-1.0,-1.0,2019-11-12,1.0,-1.0,38.7331,-104.0951
SITE_08324,CO,80305,7.8,180.0,41.0,-1.0,-1.0,-1.0,2019-10-11,0.0,-1.0,40.0431,-106.8576
SITE_08325,MN,55447-1743,14.4,210.0,26.0,-1.0,-1.0,-1.0,2023-07-05,-1.0,-1.0,46.9362,-95.7552
SITE_08326,CO,81526,6.15,180.0,39.1,-1.0,-1.0,-1.0,2010-05-07,0.0,-1.0,38.1776,-107.6772
SITE_08327,CO,80017,5.76,90.0,32.0,-1.0,-1.0,-1.0,2019-12-25,0.0,-1.0,40.0252,-106.9950
SITE_08328,CO,80209,2.925,179.0,34.0,-1.0,-1.0,-1.0,2018-09-21,0.0,-1.0,40.0270,-105.4252
SITE_08329,CO,80129,9.75,201.0,18.0,-1.0,-1.0,-1.0,2014-06-12,1.0,-1.0,40.4164,-106.5865
SITE_08330,CO,80020,2.44,180.0,39.0,-1.0,-1.0,-1.0,2018-02-02,1.0,-1.0,38.1221,-106.0445
SITE_08331,CO,80112,61.2,98.0,18.4,-1.0,-1.0,-1.0,2023-06-07,-1.0,-1.0,38.9338,-105.9652
SITE_08332,CO,80007,4.485,186.0,30.0,-1.0,-1.0,-1.0,2018-08-29,0.0,-1.0,38.2833,-106.0198
SITE_08333,CO,80227,6.3,232.0,18.0,-1.0,-1.0,-1.0,2018-12-08,0.0,-1.0,39.9214,-106.2138
SITE_08334,CO,80011,3.3,246.0,23.0,-1.0,-1.0,-1.0,2019-06-14,0.0,-1.0,39.3324,-105.5502
SITE_08335,CO,80016,6.48,136.0,29.0,-1.0,-1.0,-1.0,2013-06-17,1.0,-1.0,38.8976,-106.1418
SITE_08336,CO,80128,6.63,180.0,22.0,-1.0,-1.0,-1.0,2014-12-07,1.0,-1.0,40.4288,-106.8014
SITE_08337,CO,81201,8.0,165.0,20.0,-1.0,-1.0,-1.0,2020-12-05,0.0,-1.0,38.9248,-104.1364
SITE_08338,CO,80016,4.76,200.0,23.0,-1.0,-1.0,-1.0,2020-12-02,1.0,-1.0,38.1435,-106.7270
SITE_08339,CO,80017,5.46,-1.0,-1.0,-1.0,-1.0,-1.0,2017-02-04,1.0,-1.0,38.8253,-103.9364
SITE_08340,CO,80651,6.24,-1.0,-1.0,-1.0,-1.0,-1.0,2016-12-28,1.0,-1.0,38.2014,-106.2131
SITE_08341,CO,80210,4.34,180.0,18.0,-1.0,-1.0,-1.0,2020-03-17,0.0,-1.0,39.8410,-105.4428
SITE_08342,CO,80018-6050,4.42,0.0,0.0,-1.0,-1.0,-1.0,2022-10-31,-1.0,-1.0,38.7567,-103.6696
SITE_08343,CO,81521,6.93,180.0,22.0,-1.0,-1.0,-1.0,2020-05-13,0.0,-1.0,38.5141,-104.2235
SITE_08344,CO,80403,7.92,90.0,23.0,-1.0,-1.0,-1.0,2019-07-11,0.0,-1.0,39.5555,-104.6559
SITE_08345,CO,80011,4.56,90.0,14.0,-1.0,-1.0,-1.0,2019-05-31,0.0,-1.0,37.7484,-106.2506
SITE_08346,CO,80303,5.632,180.0,23.0,-1.0,-1.0,-1.0,2008-10-14,-1.0,-1.0,38.9133,-106.5281
SITE_08347,CO,81521,6.5,180.0,30.0,-1.0,-1.0,-1.0,2012-05-29,1.0,-1.0,37.6497,-103.4671
SITE_08348,CO,80005,5.13,90.0,18.0,-1.0,-1.0,-1.0,2017-12-22,1.0,-1.0,38.9408,-106.4041
SITE_08349,CO,80230,2.96,91.0,29.0,-1.0,-1.0,-1.0,2022-02-02,0.0,-1.0,40.3285,-106.7701
SITE_08350,CO,80238,5.525,180.0,21.0,-1.0,-1.0,-1.0,2020-11-21,0.0,-1.0,40.2137,-103.6778
SITE_08351,CO,80615,6.12,151.0,31.0,-1.0,-1.0,-1.0,2021-04-30,0.0,-1.0,38.4430,-106.2307
SITE_08352,CO,80020,10.065,158.0,28.0,-1.0,-1.0,-1.0,2020-05-29,0.0,-1.0,40.3324,-105.0747
SITE_08353,CO,80016,4.06,157.5,24.0,-1.0,-1.0,-1.0,2018-09-22,0.0,-1.0,38.6022,-106.1964
SITE_08354,CO,80232,3.465,180.0,18.0,-1.0,-1.0,-1.0,2021-11-15,0.0,-1.0,38.9201,-107.6777
SITE_08355,CO,80236,7.015,180.0,18.0,-1.0,-1.0,-1.0,2018-09-06,0.0,-1.0,40.2663,-103.3589
SITE_08356,CO,80005,11.97,268.0,18.0,-1.0,-1.0,-1.0,2018-09-22,0.0,-1.0,40.2465,-106.5805
SITE_08357,CO,80018,3.25,180.0,27.0,-1.0,-1.0,-1.0,2013-10-04,1.0,-1.0,38.4241,-104.5155
SITE_08358,CO,80012,4.2,180.0,18.0,-1.0,-1.0,-1.0,2021-06-15,0.0,-1.0,39.3066,-106.7233
SITE_08359,CO,80004,3.72,180.0,17.0,-1.0,-1.0,-1.0,2020-01-14,0.0,-1.0,39.1882,-107.6684
SITE_08360,CO,81506,6.75,180.0,40.0,-1.0,-1.0,-1.0,2009-02-09,-1.0,-1.0,39.9788,-103.9454
SITE_08361,CO,80004,5.985,289.0,18.0,-1.0,-1.0,-1.0,2020-03-14,1.0,-1.0,38.9227,-103.5996
SITE_08362,MN,55433-6704,8.55,0.0,0.0,-1.0,-1.0,-1.0,2023-01-24,-1.0,-1.0,46.5489,-94.1991
SITE_08363,CO,80424,2.6,148.0,39.0,-1.0,-1.0,-1.0,2009-03-03,-1.0,-1.0,38.8416,-104.9947
SITE_08364,CO,80602,4.505,180.0,23.0,-1.0,-1.0,-1.0,2017-06-09,1.0,-1.0,39.7160,-105.0091
SITE_08365,CO,80019,3.74,90.0,18.0,-1.0,-1.0,-1.0,2020-12-23,1.0,-1.0,38.2210,-104.1994
SITE_08366,CO,80238,8.58,270.0,27.0,-1.0,-1.0,-1.0,2019-05-17,0.0,-1.0,38.4405,-105.5054
SITE_08367,CO,80512,9.92,180.0,40.0,-1.0,-1.0,-1.0,2017-05-18,0.0,-1.0,39.9013,-106.2982
SITE_08368,CO,80004,7.54,88.0,20.0,-1.0,-1.0,-1.0,2017-03-02,0.0,-1.0,38.9525,-103.3456
SITE_08369,CO,80122,3.78,192.0,18.0,-1.0,-1.0,-1.0,2019-07-04,0.0,-1.0,39.5225,-105.2605
SITE_08370,CO,80016,3.15,155.0,22.0,-1.0,-1.0,-1.0,2019-11-20,0.0,-1.0,40.0998,-103.7127
SITE_08371,CO,80304,6.75,180.0,14.0,-1.0,-1.0,-1.0,2009-05-13,-1.0,-1.0,38.9796,-107.6388
SITE_08372,CO,80238,2.56,90.0,14.0,-1.0,-1.0,-1.0,2020-06-03,1.0,-1.0,37.6871,-103.3331
SITE_08373,CO,81521,5.0,180.0,18.0,-1.0,-1.0,-1.0,2013-10-17,1.0,-1.0,38.9624,-104.8819
SITE_08374,CO,80019,3.6,180.0,34.0,-1.0,-1.0,-1.0,2019-05-04,0.0,-1.0,38.2134,-107.3610
SITE_08375,CO,80239,8.32,120.0,24.0,-1.0,-1.0,-1.0,2016-12-29,0.0,-1.0,38.4078,-103.5602
SITE_08376,CO,80239,3.05,111.0,19.0,-1.0,-1.0,-1.0,2020-05-28,0.0,-1.0,38.3170,-104.8787
SITE_08377,CO,80021,2.805,217.0,18.0,-1.0,-1.0,-1.0,2015-05-23,1.0,-1.0,38.4196,-103.8350
SITE_08378,CO,80304,4.6,160.0,18.0,-1.0,-1.0,-1.0,2009-09-04,-1.0,-1.0,40.3048,-104.5045
SITE_08379,CO,80516,2.45,179.0,24.0,-1.0,-1.0,-1.0,2017-05-12,1.0,-1.0,38.4620,-104.3330
SITE_08380,CO,80013,3.965,179.0,30.0,-1.0,-1.0,-1.0,2018-02-20,0.0,-1.0,38.0879,-106.8726
SITE_08381,CO,80401,5.72,253.0,26.0,-1.0,-1.0,-1.0,2016-05-12,0.0,-1.0,38.0758,-105.9174
SITE_08382,CO,80435,9.808,140.0,10.0,-1.0,-1.0,-1.0,2009-08-28,-1.0,-1.0,39.7925,-103.6116
SITE_08383,CO,80016,8.06,115.0,32.0,-1.0,-1.0,-1.0,2016-05-04,0.0,-1.0,38.9084,-106.0102
SITE_08384,CO,80237,9.18,270.0,18.0,-1.0,-1.0,-1.0,2014-09-30,1.0,-1.0,38.3451,-106.5218
SITE_08385,CO,80229,3.9,180.0,14.0,-1.0,-1.0,-1.0,2019-06-20,0.0,-1.0,37.5402,-103.3170
SITE_08386,CO,80127,7.47,270.0,26.0,-1.0,-1.0,-1.0,2015-05-05,0.0,-1.0,37.7690,-103.5631
SITE_08387,CO,80238,0.97,116.0,14.0,-1.0,-1.0,-1.0,2012-07-11,1.0,-1.0,39.0859,-106.0992
SITE_08388,CO,80207,7.82,270.0,16.0,-1.0,-1.0,-1.0,2020-12-11,0.0,-1.0,37.6240,-105.4809
SITE_08389,CO,80016-7855,10.4,343.0,28.0,-1.0,-1.0,-1.0,2022-11-30,-1.0,-1.0,37.6894,-105.8291
SITE_08390,CO,81526,9.9,180.0,30.0,-1.0,-1.0,-1.0,2009-06-05,-1.0,-1.0,39.6406,-103.8834
SITE_08391,CO,80229-4932,7.2,270.0,10.0,-1.0,-1.0,-1.0,2024-02-12,-1.0,-1.0,37.5441,-107.3638
SITE_08392,CO,80516,4.8,90.0,23.0,-1.0,-1.0,-1.0,2018-04-07,1.0,-1.0,38.8069,-105.1582
SITE_08393,CO,80207,3.924,180.0,10.0,-1.0,-1.0,-1.0,2014-12-23,0.0,-1.0,38.5428,-106.8538
SITE_08394,CO,80465,4.68,104.0,10.0,-1.0,-1.0,-1.0,2017-05-31,1.0,-1.0,39.1307,-106.4873
SITE_08395,CO,80302,6.21,155.0,12.0,-1.0,-1.0,-1.0,2008-12-03,-1.0,-1.0,40.3696,-103.9900
SITE_08396,CO,80238,7.0,90.0,27.0,-1.0,-1.0,-1.0,2014-12-27,1.0,-1.0,40.3461,-105.9435
SITE_08397,WI,54669,22.05,0.0,0.0,-1.0,-1.0,-1.0,2023-10-17,-1.0,-1.0,43.6795,-89.9885
SITE_08398,CO,80122,5.2,254.0,18.0,-1.0,-1.0,-1.0,2016-10-01,1.0,-1.0,40.3407,-106.9408
SITE_08399,CO,80226-2535,8.8,271.0,18.0,-1.0,-1.0,-1.0,2023-08-18,-1.0,-1.0,37.7466,-104.2386
SITE_08400,CO,80027,5.824,225.0,27.0,-1.0,-1.0,-1.0,2008-10-28,-1.0,-1.0,40.4595,-105.7022
SITE_08401,CO,-1,6.12,250.0,22.0,-1.0,-1.0,-1.0,2015-01-30,0.0,-1.0,38.7456,-105.1278
SITE_08402,CO,80207,3.38,270.0,30.0,-1.0,-1.0,-1.0,2016-09-09,0.0,-1.0,40.1981,-106.0224
SITE_08403,CO,81505,3.0,180.0,18.0,-1.0,-1.0,-1.0,2015-02-05,1.0,-1.0,37.7404,-103.5102
SITE_08404,CO,80403,5.3,90.0,27.0,-1.0,-1.0,-1.0,2014-12-16,1.0,-1.0,38.9327,-104.9955
SITE_08405,MN,55082,7.37,135.0,20.0,-1.0,-1.0,-1.0,2019-07-12,-1.0,-1.0,46.7800,-95.6716
SITE_08406,CO,80125-9159,3.51,180.0,23.0,-1.0,-1.0,-1.0,2023-09-30,1.0,-1.0,39.2398,-104.6607
SITE_08407,CO,81501,25.0,180.0,25.0,-1.0,-1.0,-1.0,2015-01-01,0.0,-1.0,39.4112,-105.9915
SITE_08408,CO,80012-3727,8.0,215.0,27.0,-1.0,-1.0,-1.0,2024-01-15,-1.0,-1.0,37.7367,-106.6875
SITE_08409,MN,55443-7901,12.3,180.0,30.0,-1.0,-1.0,-1.0,2023-10-25,-1.0,-1.0,47.9008,-93.7380
SITE_08410,MN,55410,4.95,180.0,20.0,-1.0,-1.0,-1.0,2019-11-16,-1.0,-1.0,46.0133,-93.1917
SITE_08411,CO,80650,5.67,180.0,20.0,-1.0,-1.0,-1.0,2024-01-12,-1.0,-1.0,39.6590,-105.6920
SITE_08412,MN,55327,6.5,180.0,60.0,-1.0,-1.0,-1.0,2019-10-24,-1.0,-1.0,45.4086,-94.4626
SITE_08413,CO,89129,10.0,105.0,27.0,-1.0,-1.0,-1.0,2014-11-12,1.0,-1.0,38.7143,-103.8758
SITE_08414,CO,80122,5.72,67.0,18.0,-1.0,-1.0,-1.0,2016-08-05,1.0,-1.0,38.9649,-104.2815
SITE_08415,CO,80550-5356,5.67,0.0,0.0,-1.0,-1.0,-1.0,2022-09-14,-1.0,-1.0,40.3420,-105.5147
SITE_08416,MN,55113-6251,7.14,181.0,33.7,-1.0,-1.0,-1.0,2023-10-04,-1.0,-1.0,45.9372,-95.4571
SITE_08417,CO,80221,1.25,-1.0,-1.0,-1.0,-1.0,-1.0,2016-02-10,0.0,-1.0,38.6217,-106.5149
SITE_08418,MN,55112,10.22,180.0,24.0,-1.0,-1.0,-1.0,2019-08-27,-1.0,-1.0,47.7410,-94.6572
SITE_08419,MN,55107,8.395,180.0,45.0,-1.0,-1.0,-1.0,2019-08-01,-1.0,-1.0,48.1526,-94.6990
SITE_08420,MN,55042,13.32,141.0,22.0,-1.0,-1.0,-1.0,2019-09-12,-1.0,-1.0,45.6661,-95.0294
SITE_08421,CO,80631-1300,5.46,180.0,18.0,-1.0,-1.0,-1.0,2023-10-06,-1.0,-1.0,39.0869,-107.4589
SITE_08422,CO,80249,7.194,165.0,26.0,-1.0,-1.0,-1.0,2016-06-25,0.0,-1.0,38.6150,-107.5049
SITE_08423,CO,81503-3089,10.95,90.0,30.0,-1.0,-1.0,-1.0,2023-09-15,-1.0,-1.0,39.1524,-103.7319
SITE_08424,MN,55014,6.66,270.0,21.0,-1.0,-1.0,-1.0,2019-08-28,-1.0,-1.0,47.3636,-93.2231
SITE_08425,MN,55423-1147,4.86,180.0,18.4,-1.0,-1.0,-1.0,2023-11-13,-1.0,-1.0,45.3148,-94.3267
SITE_08426,MN,55384,1.375,0.0,20.0,-1.0,-1.0,-1.0,2017-10-14,-1.0,-1.0,44.6443,-94.8265
SITE_08427,MN,56377-2081,4.8,180.0,30.0,-1.0,-1.0,-1.0,2023-05-19,-1.0,-1.0,44.3989,-95.2559
SITE_08428,CO,80210,4.59,179.0,27.0,-1.0,-1.0,-1.0,2015-05-28,1.0,-1.0,39.8291,-107.6507
SITE_08429,CO,80020-2477,4.92,181.0,30.0,-1.0,-1.0,-1.0,2023-11-21,-1.0,-1.0,38.5865,-105.9994
SITE_08430,MN,55316-2412,5.6,180.0,18.0,-1.0,-1.0,-1.0,2023-12-12,-1.0,-1.0,44.5305,-93.7002
SITE_08431,CO,80011,8.415,180.0,18.0,-1.0,-1.0,-1.0,2015-09-23,1.0,-1.0,39.0715,-103.8734
SITE_08432,MN,55410,9.0,180.0,30.0,-1.0,-1.0,-1.0,2019-07-03,-1.0,-1.0,47.3562,-95.5618
SITE_08433,CO,80122-3261,5.525,180.0,30.0,-1.0,-1.0,-1.0,2023-03-16,-1.0,-1.0,39.1275,-105.0853
SITE_08434,CO,80111-4442,6.375,0.0,0.0,-1.0,-1.0,-1.0,2023-04-18,-1.0,-1.0,39.0724,-104.9587
SITE_08435,MN,55068-6300,12.8,224.0,23.0,-1.0,-1.0,-1.0,2023-06-19,-1.0,-1.0,46.1501,-94.1496
SITE_08436,MN,55113-6701,3.65,0.0,0.0,-1.0,-1.0,-1.0,2022-11-09,-1.0,-1.0,45.0060,-95.7176
SITE_08437,MN,55412,4.48,195.0,50.0,-1.0,-1.0,-1.0,2017-02-10,-1.0,-1.0,44.5668,-92.9098
SITE_08438,CO,80224-1039,4.44,180.0,22.62,-1.0,-1.0,-1.0,2022-10-03,-1.0,-1.0,40.2831,-106.1596
SITE_08439,MN,55449,114.075,180.0,15.0,-1.0,-1.0,-1.0,2017-03-16,-1.0,-1.0,48.0503,-94.1940
SITE_08440,MN,55417-1436,12.18,180.0,24.0,-1.0,-1.0,-1.0,2023-11-27,-1.0,-1.0,46.1196,-93.2382
SITE_08441,MN,55433-4523,8.4,158.0,23.0,-1.0,-1.0,-1.0,2023-12-21,-1.0,-1.0,-9999,-9999
SITE_08442,MN,55102,9.0,-1.0,-1.0,-1.0,-1.0,-1.0,2001-01-01,-1.0,-1.0,44.6090,-93.5296
SITE_08443,MN,55424-1058,15.96,180.0,18.0,-1.0,-1.0,-1.0,2024-01-11,-1.0,-1.0,44.6610,-94.5477
SITE_08444,MN,55411,1.8,-1.0,-1.0,-1.0,-1.0,-1.0,2007-11-02,-1.0,-1.0,44.7225,-95.6581
SITE_08445,CO,80228-3837,9.6,0.0,0.0,-1.0,-1.0,-1.0,2022-09-20,-1.0,-1.0,38.6957,-104.5605
SITE_08446,MN,55116,3.9,180.0,18.5,-1.0,-1.0,-1.0,2019-11-23,-1.0,-1.0,47.6383,-95.5379
SITE_08447,MN,55418,1.2,-1.0,-1.0,-1.0,-1.0,-1.0,2007-01-01,-1.0,-1.0,45.8983,-94.2846
SITE_08448,MN,55104,4.34,180.0,18.0,-1.0,-1.0,-1.0,2020-01-02,-1.0,-1.0,45.5257,-94.3248
SITE_08449,CO,80534-9373,8.505,240.0,23.0,-1.0,-1.0,-1.0,2024-03-08,-1.0,-1.0,40.2100,-106.3248
SITE_08450,MN,55956,10.0,-1.0,-1.0,-1.0,-1.0,-1.0,2009-09-22,-1.0,-1.0,45.5354,-92.8928
SITE_08451,MN,55446-2673,7.56,180.0,36.0,-1.0,-1.0,-1.0,2024-01-11,-1.0,-1.0,46.4241,-94.4913
SITE_08452,MN,55082-9548,13.103448275862071,-1.0,-1.0,-1.0,-1.0,-1.0,2024-03-15,-1.0,-1.0,45.8996,-94.6494
SITE_08453,MN,55422-2826,10.4,167.0,31.0,-1.0,-1.0,-1.0,2023-09-19,-1.0,-1.0,44.5950,-93.8458
SITE_08454,CO,80615-9034,4.8,136.0,27.0,-1.0,-1.0,-1.0,2023-11-22,-1.0,-1.0,37.8350,-105.8541
SITE_08455,MN,55421-3341,7.6,179.0,23.0,-1.0,-1.0,-1.0,2023-11-29,-1.0,-1.0,46.8282,-94.2161
SITE_08456,CO,80020-1825,4.42,0.0,0.0,-1.0,-1.0,-1.0,2023-12-07,-1.0,-1.0,40.1588,-103.9652
SITE_08457,MN,55105,7.805,270.0,36.0,-1.0,-1.0,-1.0,2020-05-18,-1.0,-1.0,48.2301,-94.0879
SITE_08458,CO,80547,8.0,170.0,37.0,-1.0,-1.0,-1.0,2024-03-25,-1.0,-1.0,38.9427,-104.2847
SITE_08459,CO,-1,4.25,203.0,30.0,-1.0,-1.0,-1.0,2015-05-07,0.0,-1.0,40.4925,-105.5641
SITE_08460,MN,55416-4104,132.02,180.0,8.0,-1.0,-1.0,-1.0,2024-03-12,-1.0,-1.0,47.2264,-95.1037
SITE_08461,CO,80004,3.78,180.0,18.0,-1.0,-1.0,-1.0,2016-11-05,0.0,-1.0,39.6618,-106.1098
SITE_08462,CO,80401,6.72,70.0,20.0,-1.0,-1.0,-1.0,2015-06-23,0.0,-1.0,38.6410,-105.0307
SITE_08463,MN,55337-1005,10.66,90.0,18.4,-1.0,-1.0,-1.0,2023-11-28,-1.0,-1.0,45.1260,-94.9563
SITE_08464,CO,80016,5.035,140.0,27.0,-1.0,-1.0,-1.0,2017-03-02,1.0,-1.0,39.9251,-104.3296
SITE_08465,MN,55045,4.55,-1.0,-1.0,-1.0,-1.0,-1.0,2017-05-20,-1.0,-1.0,48.2993,-93.9387
SITE_08466,MN,55404,4.8,-1.0,-1.0,-1.0,-1.0,-1.0,2017-06-24,-1.0,-1.0,-9999,-9999
SITE_08467,MN,55920,3.705,-1.0,-1.0,-1.0,-1.0,-1.0,2017-06-20,-1.0,-1.0,48.2652,-93.3755
SITE_08468,MN,55112,19.53,-1.0,-1.0,-1.0,-1.0,-1.0,2017-04-26,-1.0,-1.0,46.0166,-92.9782
SITE_08469,CO,81504-5009,5.74,270.0,27.0,-1.0,-1.0,-1.0,2024-02-08,-1.0,-1.0,37.6411,-104.2935
SITE_08470,CO,80238,12.0,0.0,0.0,-1.0,-1.0,-1.0,2022-09-30,-1.0,-1.0,40.0791,-103.7712
SITE_08471,CO,80123-6311,3.8,178.0,28.0,-1.0,-1.0,-1.0,2022-11-04,-1.0,-1.0,38.4843,-105.1551
SITE_08472,MN,55427,4.2,180.0,18.4,-1.0,-1.0,-1.0,2019-03-25,-1.0,-1.0,47.2595,-93.3018
SITE_08473,CO,20603,5.3,250.0,27.0,-1.0,-1.0,-1.0,2015-09-19,1.0,-1.0,40.3811,-105.4941
SITE_08474,MN,55418-1404,7.98,180.0,23.0,-1.0,-1.0,-1.0,2023-11-07,-1.0,-1.0,45.9133,-94.7903
SITE_08475,MN,55406,6.195,-1.0,-1.0,-1.0,-1.0,-1.0,2017-08-03,-1.0,-1.0,47.0389,-95.6369
SITE_08476,MN,55404-1794,10.125,180.0,39.8,-1.0,-1.0,-1.0,2023-12-26,-1.0,-1.0,46.8464,-94.5187
SITE_08477,MN,55410,5.31,-1.0,-1.0,-1.0,-1.0,-1.0,2018-06-13,-1.0,-1.0,46.2814,-95.7645
SITE_08478,CO,80007,7.14,250.0,18.0,-1.0,-1.0,-1.0,2015-08-27,1.0,-1.0,39.2221,-103.7376
SITE_08479,MN,55118-4351,15.96,90.0,32.0,-1.0,-1.0,-1.0,2023-09-07,-1.0,-1.0,46.8874,-93.9567
SITE_08480,MN,55406,8.555,-1.0,-1.0,-1.0,-1.0,-1.0,2017-10-05,-1.0,-1.0,45.8752,-94.7149
SITE_08481,MN,55057,9.735,-1.0,-1.0,-1.0,-1.0,-1.0,2017-08-12,-1.0,-1.0,45.7749,-95.5241
SITE_08482,MN,55981,9.88,-1.0,-1.0,-1.0,-1.0,-1.0,2017-07-19,-1.0,-1.0,47.4724,-93.8964
SITE_08483,MN,55427,3.6,-1.0,-1.0,-1.0,-1.0,-1.0,2017-11-08,-1.0,-1.0,47.1749,-93.9429
SITE_08484,CO,80005,5.88,191.0,18.0,-1.0,-1.0,-1.0,2014-01-04,1.0,-1.0,39.2094,-107.3193
SITE_08485,MN,55419,4.72,-1.0,-1.0,-1.0,-1.0,-1.0,2018-06-20,-1.0,-1.0,48.0031,-93.2205
SITE_08486,MN,55116,8.85,-1.0,-1.0,-1.0,-1.0,-1.0,2018-07-03,-1.0,-1.0,45.2554,-95.6484
SITE_08487,CO,80631,9.8,162.0,18.0,-1.0,-1.0,-1.0,2014-03-19,1.0,-1.0,39.3614,-103.6437
SITE_08488,MN,55406,5.9,-1.0,-1.0,-1.0,-1.0,-1.0,2018-08-02,-1.0,-1.0,44.7323,-95.4295
SITE_08489,CO,80124-5493,4.455,180.0,30.0,-1.0,-1.0,-1.0,2023-10-09,-1.0,-1.0,39.4827,-106.5050
SITE_08490,CO,80112-2533,7.65,0.0,0.0,-1.0,-1.0,-1.0,2023-03-13,-1.0,-1.0,37.6068,-107.3377
SITE_08491,CO,80005,12.0,180.0,27.0,-1.0,-1.0,-1.0,2015-07-29,0.0,-1.0,37.9119,-106.2213
SITE_08492,MN,55407,4.72,-1.0,-1.0,-1.0,-1.0,-1.0,2018-08-17,-1.0,-1.0,45.9790,-93.5514
SITE_08493,WI,54703,8.075,0.0,0.0,-1.0,-1.0,-1.0,2023-11-14,-1.0,-1.0,44.3974,-90.1122
SITE_08494,CO,80012,2.45,180.0,18.0,-1.0,-1.0,-1.0,2014-04-23,1.0,-1.0,38.4457,-106.2261
SITE_08495,MN,55427,5.355,-1.0,-1.0,-1.0,-1.0,-1.0,2017-11-09,-1.0,-1.0,44.4921,-95.5100
SITE_08496,MN,55105,3.3,-1.0,-1.0,-1.0,-1.0,-1.0,2018-07-10,-1.0,-1.0,47.9650,-93.7572
SITE_08497,MN,55106,6.785,-1.0,-1.0,-1.0,-1.0,-1.0,2017-12-01,-1.0,-1.0,47.0818,-94.2869
SITE_08498,CO,80211-2716,4.8,300.0,30.0,-1.0,-1.0,-1.0,2023-03-23,-1.0,-1.0,38.8638,-104.0489
SITE_08499,MN,55125,2.95,-1.0,-1.0,-1.0,-1.0,-1.0,2018-01-19,-1.0,-1.0,44.6885,-95.0441
SITE_08500,CO,80227-2889,9.6,90.0,30.0,-1.0,-1.0,-1.0,2023-08-02,-1.0,-1.0,37.7758,-105.9129
SITE_08501,CO,80238,2.75,127.0,45.0,-1.0,-1.0,-1.0,2014-04-09,1.0,-1.0,38.6207,-104.8477
SITE_08502,MN,55445-2671,10.35,180.0,30.0,-1.0,-1.0,-1.0,2023-09-18,-1.0,-1.0,46.9813,-95.6785
SITE_08503,MN,55407,4.705,-1.0,-1.0,-1.0,-1.0,-1.0,2017-12-01,-1.0,-1.0,47.6883,-95.6706
SITE_08504,WI,54016,10.08,0.0,0.0,-1.0,-1.0,-1.0,2023-12-20,-1.0,-1.0,45.8285,-90.2994
SITE_08505,CO,80227-3409,4.0,180.0,15.0,-1.0,-1.0,-1.0,2023-04-20,-1.0,-1.0,40.0641,-105.4630
SITE_08506,MN,55024-8762,4.4,270.0,27.0,-1.0,-1.0,-1.0,2023-11-13,-1.0,-1.0,45.5765,-95.6666
SITE_08507,MN,55391,11.22,-1.0,-1.0,-1.0,-1.0,-1.0,2018-06-29,-1.0,-1.0,45.8746,-95.8831
SITE_08508,MN,55345,5.145,180.0,10.0,-1.0,-1.0,-1.0,2024-01-18,-1.0,-1.0,45.2964,-95.2620
SITE_08509,CO,80231,9.75,90.0,23.0,-1.0,-1.0,-1.0,2015-10-02,1.0,-1.0,37.7683,-104.2930
SITE_08510,CO,80304,2.04,180.0,23.0,-1.0,-1.0,-1.0,2010-05-07,-1.0,-1.0,38.9021,-106.3222
SITE_08511,MN,55121,11.85,-1.0,-1.0,-1.0,-1.0,-1.0,2018-11-06,-1.0,-1.0,44.4294,-93.6625
SITE_08512,MN,55043-9411,7.6,270.0,30.0,-1.0,-1.0,-1.0,2023-09-06,-1.0,-1.0,47.4352,-94.3941
SITE_08513,MN,55327,6.72,-1.0,-1.0,-1.0,-1.0,-1.0,2018-07-12,-1.0,-1.0,44.4147,-95.0337
SITE_08514,MN,55038,7.04,-1.0,-1.0,-1.0,-1.0,-1.0,2019-02-12,-1.0,-1.0,-9999,-9999
SITE_08515,MN,55406,4.14,-1.0,-1.0,-1.0,-1.0,-1.0,2018-08-03,-1.0,-1.0,44.7096,-94.3479
SITE_08516,MN,55405,6.175,-1.0,-1.0,-1.0,-1.0,-1.0,2018-09-05,-1.0,-1.0,44.5535,-94.8591
SITE_08517,CO,80127,6.63,90.0,27.0,-1.0,-1.0,-1.0,2015-10-22,1.0,-1.0,37.8025,-106.9382
SITE_08518,CO,80653,1.6,180.0,18.0,-1.0,-1.0,-1.0,2002-07-08,-1.0,-1.0,39.6677,-104.9188
SITE_08519,WI,54603,3.6,0.0,0.0,-1.0,-1.0,-1.0,2023-07-25,-1.0,-1.0,44.4021,-89.4205
SITE_08520,MN,55016-4463,7.2,180.0,30.0,-1.0,-1.0,-1.0,2023-12-08,-1.0,-1.0,-9999,-9999
SITE_08521,MN,55102,19.665,170.0,18.0,-1.0,-1.0,-1.0,2018-11-14,-1.0,-1.0,47.5837,-95.4482
SITE_08522,MN,55116,11.7,90.0,33.0,-1.0,-1.0,-1.0,2018-11-13,-1.0,-1.0,46.4320,-94.4625
SITE_08523,MN,56303,39.68,180.0,30.0,-1.0,-1.0,-1.0,2018-09-05,-1.0,-1.0,44.5706,-95.3242
SITE_08524,MN,55117-1235,5.46,180.0,41.0,-1.0,-1.0,-1.0,2023-09-06,-1.0,-1.0,47.0076,-93.2582
SITE_08525,MN,55025,6.6,180.0,20.0,-1.0,-1.0,-1.0,2018-12-05,-1.0,-1.0,47.7301,-94.5625
SITE_08526,CO,80127,5.04,255.0,20.0,-1.0,-1.0,-1.0,2015-08-13,0.0,-1.0,38.0699,-105.2048
SITE_08527,CO,81652-9515,27.9,0.0,0.0,-1.0,-1.0,-1.0,2022-08-24,-1.0,-1.0,39.0948,-104.2301
SITE_08528,MN,55345,9.44,180.0,20.0,-1.0,-1.0,-1.0,2018-11-21,-1.0,-1.0,46.9276,-95.2115
SITE_08529,CO,80112-1830,5.67,61.0,18.0,-1.0,-1.0,-1.0,2023-03-14,-1.0,-1.0,38.8322,-104.2275
SITE_08530,MN,55112,9.36,180.0,25.0,-1.0,-1.0,-1.0,2018-09-25,-1.0,-1.0,47.8644,-94.2165
SITE_08531,MN,55426,7.04,255.0,18.0,-1.0,-1.0,-1.0,2018-12-21,-1.0,-1.0,46.4773,-93.5594
SITE_08532,MN,55327-6105,8.0,173.0,27.0,-1.0,-1.0,-1.0,2023-11-10,-1.0,-1.0,47.6030,-94.7470
SITE_08533,MN,55057,9.36,180.0,19.0,-1.0,-1.0,-1.0,2018-12-14,-1.0,-1.0,47.8031,-94.3397
SITE_08534,MN,55407,5.36,90.0,18.0,-1.0,-1.0,-1.0,2019-01-22,-1.0,-1.0,47.4212,-93.0383
SITE_08535,MN,55331,4.8,172.0,40.0,-1.0,-1.0,-1.0,2023-11-21,-1.0,-1.0,46.5169,-95.6345
SITE_08536,MN,55113,40.0,180.0,10.0,-1.0,-1.0,-1.0,2018-11-28,-1.0,-1.0,46.0436,-94.7285
SITE_08537,CO,80127-1610,4.2,270.0,27.0,-1.0,-1.0,-1.0,2024-02-22,-1.0,-1.0,39.6911,-107.0496
SITE_08538,CO,81505,9.12,180.0,10.0,-1.0,-1.0,-1.0,2007-03-29,-1.0,-1.0,39.6672,-106.5124
SITE_08539,MN,55113,7.3,180.0,30.0,-1.0,-1.0,-1.0,2018-12-01,-1.0,-1.0,46.1975,-95.0869
SITE_08540,MN,55407-1606,6.8,179.0,40.0,-1.0,-1.0,-1.0,2023-11-02,-1.0,-1.0,45.5606,-93.3189
SITE_08541,MN,55305,4.225,193.0,30.0,-1.0,-1.0,-1.0,2019-01-22,-1.0,-1.0,47.7854,-95.6001
SITE_08542,MN,55347,7.6,180.0,33.0,-1.0,-1.0,-1.0,2019-05-15,-1.0,-1.0,47.0051,-94.2106
SITE_08543,MN,55346,19.6,89.0,40.0,-1.0,-1.0,-1.0,2023-10-25,-1.0,-1.0,45.6167,-94.6282
SITE_08544,MN,55060,5.28,-1.0,-1.0,-1.0,-1.0,-1.0,2010-10-06,-1.0,-1.0,45.4718,-94.5258
SITE_08545,CO,80011,8.69,180.0,23.0,-1.0,-1.0,-1.0,2023-12-15,-1.0,-1.0,38.0518,-107.6986
SITE_08546,MN,55987,5.06,-1.0,-1.0,-1.0,-1.0,-1.0,2010-07-06,-1.0,-1.0,47.0040,-93.6079
SITE_08547,MN,55047,8.28,-1.0,-1.0,-1.0,-1.0,-1.0,2010-07-30,-1.0,-1.0,46.7081,-92.8949
SITE_08548,MN,55108-2020,3.36,322.0,23.0,-1.0,-1.0,-1.0,2024-03-04,-1.0,-1.0,45.0603,-95.3877
SITE_08549,WI,54636,6.715,0.0,0.0,-1.0,-1.0,-1.0,2024-03-13,-1.0,-1.0,45.8141,-90.7488
SITE_08550,CO,80013,7.395,50.0,18.0,-1.0,-1.0,-1.0,2016-01-13,1.0,-1.0,39.4855,-107.3843
SITE_08551,CO,80516-7613,6.4,203.0,19.0,-1.0,-1.0,-1.0,2023-11-29,1.0,-1.0,37.7839,-103.8802
SITE_08552,MN,55128-2212,16.38,306.0,35.0,-1.0,-1.0,-1.0,2024-03-20,-1.0,-1.0,47.8378,-93.6724
SITE_08553,CO,80026,10.0,128.0,35.0,-1.0,-1.0,-1.0,2008-10-20,-1.0,-1.0,40.4378,-105.3866
SITE_08554,MN,55419,4.725,-1.0,-1.0,-1.0,-1.0,-1.0,2013-05-03,-1.0,-1.0,46.4861,-92.8205
SITE_08555,CO,80233-3883,6.66,79.0,27.0,-1.0,-1.0,-1.0,2023-03-24,-1.0,-1.0,38.4687,-104.1102
SITE_08556,MN,55012,40.0,-1.0,-1.0,-1.0,-1.0,-1.0,2012-09-20,-1.0,-1.0,45.0946,-92.7926
SITE_08557,CO,80020-5766,4.8,0.0,0.0,-1.0,-1.0,-1.0,2023-08-17,-1.0,-1.0,39.4682,-106.5195
SITE_08558,MN,55444,4.392,-1.0,-1.0,-1.0,-1.0,-1.0,2012-01-11,-1.0,-1.0,44.8333,-95.1922
SITE_08559,MN,55347,2.08,-1.0,-1.0,-1.0,-1.0,-1.0,2011-08-13,-1.0,-1.0,45.0466,-92.8240
SITE_08560,CO,80241,2.75,189.0,30.0,-1.0,-1.0,-1.0,2016-01-26,1.0,-1.0,37.8206,-106.4061
SITE_08561,MN,55444-2627,3.6,178.0,18.0,-1.0,-1.0,-1.0,2023-10-27,-1.0,-1.0,46.8214,-93.4967
SITE_08562,MN,55354,1300.0,-1.0,-1.0,-1.0,-1.0,-1.0,2017-10-26,-1.0,-1.0,46.7485,-94.6474
SITE_08563,MN,55360,370.0,-1.0,-1.0,-1.0,-1.0,-1.0,2018-08-16,-1.0,-1.0,45.2214,-95.6376
SITE_08564,MN,55449,6.72,181.0,25.0,-1.0,-1.0,-1.0,2024-01-13,-1.0,-1.0,44.9832,-95.7119
SITE_08565,MN,55416,3.012,-1.0,-1.0,-1.0,-1.0,-1.0,2012-06-15,-1.0,-1.0,47.7955,-93.6980
SITE_08566,MN,55113-6440,19.997436612576063,-1.0,-1.0,-1.0,-1.0,-1.0,2022-08-26,-1.0,-1.0,45.4555,-94.2411
SITE_08567,MN,55417,14.25,-1.0,-1.0,-1.0,-1.0,-1.0,2012-12-12,-1.0,-1.0,44.5084,-94.3791
SITE_08568,MN,55073,1347.84,-1.0,-1.0,-1.0,-1.0,-1.0,2017-07-18,-1.0,-1.0,47.4031,-95.7440
SITE_08569,MN,55309,1382.4,-1.0,-1.0,-1.0,-1.0,-1.0,2017-09-22,-1.0,-1.0,-9999,-9999
SITE_08570,MN,55105,3.8,-1.0,-1.0,-1.0,-1.0,-1.0,2012-09-06,-1.0,-1.0,46.1811,-95.5412
SITE_08571,MN,55431,39.78,-1.0,-1.0,-1.0,-1.0,-1.0,2013-12-06,-1.0,-1.0,44.5707,-95.6149
SITE_08572,CO,80016,4.505,210.0,23.0,-1.0,-1.0,-1.0,2016-03-10,1.0,-1.0,39.8146,-107.6863
SITE_08573,MN,55357,1350.72,-1.0,-1.0,-1.0,-1.0,-1.0,2019-01-11,-1.0,-1.0,46.0980,-92.8029
SITE_08574,MN,55410,2.47,-1.0,-1.0,-1.0,-1.0,-1.0,2013-08-13,-1.0,-1.0,47.6092,-94.4403
SITE_08575,MN,55991,16.0,-1.0,-1.0,-1.0,-1.0,-1.0,2013-07-22,-1.0,-1.0,44.6325,-95.0071
SITE_08576,MN,55057,8.55,-1.0,-1.0,-1.0,-1.0,-1.0,2016-04-06,-1.0,-1.0,47.8398,-95.4976
SITE_08577,CO,81506-4191,14.4,90.0,40.0,-1.0,-1.0,-1.0,2024-02-06,-1.0,-1.0,39.7731,-105.3207
SITE_08578,MN,55126,39.36,-1.0,-1.0,-1.0,-1.0,-1.0,2016-05-23,-1.0,-1.0,44.9829,-95.7328
SITE_08579,MN,55406,3.42,-1.0,-1.0,-1.0,-1.0,-1.0,2013-09-04,-1.0,-1.0,44.6969,-95.2423
SITE_08580,MN,55082,4.725,-1.0,-1.0,-1.0,-1.0,-1.0,2016-11-02,-1.0,-1.0,44.7244,-93.2832
SITE_08581,CO,80004,8.37,270.0,18.43,-1.0,-1.0,-1.0,2016-01-29,0.0,-1.0,37.8166,-106.7385
SITE_08582,MN,55057,6.56,-1.0,-1.0,-1.0,-1.0,-1.0,2014-11-20,-1.0,-1.0,44.4351,-94.4594
SITE_08583,MN,55106,39.36,-1.0,-1.0,-1.0,-1.0,-1.0,2016-04-20,-1.0,-1.0,44.7093,-93.1448
SITE_08584,MN,55112,9.24,0.0,0.0,-1.0,-1.0,-1.0,2020-07-20,-1.0,-1.0,47.3077,-92.9795
SITE_08585,MN,56085,19.5,-1.0,-1.0,-1.0,-1.0,-1.0,2015-03-24,-1.0,-1.0,44.6390,-95.1417
SITE_08586,MN,55057,1300.0,-1.0,-1.0,-1.0,-1.0,-1.0,2016-12-20,-1.0,-1.0,47.6273,-95.3989
SITE_08587,MN,55082,9.92,-1.0,-1.0,-1.0,-1.0,-1.0,2016-07-21,-1.0,-1.0,44.9543,-93.2906
SITE_08588,MN,55347,6.16,-1.0,-1.0,-1.0,-1.0,-1.0,2014-12-02,-1.0,-1.0,44.9800,-93.1704
SITE_08589,MN,55117,4.8,-1.0,-1.0,-1.0,-1.0,-1.0,2016-09-08,-1.0,-1.0,45.8006,-94.3527
SITE_08590,MN,55102,8.4,-1.0,-1.0,-1.0,-1.0,-1.0,2017-02-02,-1.0,-1.0,45.5819,-95.6576
SITE_08591,MN,55992,9.9,-1.0,-1.0,-1.0,-1.0,-1.0,2010-09-23,-1.0,-1.0,47.2283,-95.6673
SITE_08592,MN,55113,5.4,-1.0,-1.0,-1.0,-1.0,-1.0,2016-07-15,-1.0,-1.0,46.4371,-92.8067
SITE_08593,MN,55076-2234,10.0,0.0,0.0,-1.0,-1.0,-1.0,2023-05-15,-1.0,-1.0,47.3440,-94.7948
SITE_08594,MN,56050,9.84,-1.0,-1.0,-1.0,-1.0,-1.0,2015-04-17,-1.0,-1.0,46.7132,-94.3325
SITE_08595,MN,55001,5.7,-1.0,-1.0,-1.0,-1.0,-1.0,2016-11-19,-1.0,-1.0,45.4718,-94.8066
SITE_08596,MN,55369,19.89,-1.0,-1.0,-1.0,-1.0,-1.0,2016-06-16,-1.0,-1.0,47.7315,-94.7126
SITE_08597,MN,55416,19.8,-1.0,-1.0,-1.0,-1.0,-1.0,2016-08-10,-1.0,-1.0,44.6995,-95.5891
SITE_08598,MN,-1,3.3,-1.0,-1.0,-1.0,-1.0,-1.0,2016-10-11,-1.0,-1.0,44.3292,-93.8900
SITE_08599,MN,55410-1262,10.0,0.0,0.0,-1.0,-1.0,-1.0,2023-01-31,-1.0,-1.0,47.7578,-93.9050
SITE_08600,MN,55987,9.9,-1.0,-1.0,-1.0,-1.0,-1.0,2016-09-20,-1.0,-1.0,45.9957,-93.2992
SITE_08601,CO,80302,1.8,180.0,40.0,-1.0,-1.0,-1.0,2008-07-04,-1.0,-1.0,37.8151,-106.8240
SITE_08602,MN,55446,5.695,0.0,0.0,-1.0,-1.0,-1.0,2021-01-14,-1.0,-1.0,46.0399,-92.7150
SITE_08603,MN,56093,1404.0,-1.0,-1.0,-1.0,-1.0,-1.0,2018-03-05,-1.0,-1.0,48.0302,-93.9115
SITE_08604,MN,55428,6.205,0.0,0.0,-1.0,-1.0,-1.0,2023-03-07,-1.0,-1.0,47.5714,-95.8596
SITE_08605,MN,55447,39.36,-1.0,-1.0,-1.0,-1.0,-1.0,2017-05-05,-1.0,-1.0,47.7123,-94.4891
SITE_08606,MN,56055,1434.24,-1.0,-1.0,-1.0,-1.0,-1.0,2018-08-07,-1.0,-1.0,46.3771,-95.5864
SITE_08607,MN,55947,8.525,-1.0,-1.0,-1.0,-1.0,-1.0,2016-12-13,-1.0,-1.0,44.9685,-94.3249
SITE_08608,MN,55044,39.9,-1.0,-1.0,-1.0,-1.0,-1.0,2016-11-13,-1.0,-1.0,45.9439,-92.7827
SITE_08609,MN,55406,3.15,-1.0,-1.0,-1.0,-1.0,-1.0,2016-11-11,-1.0,-1.0,48.0912,-95.8336
SITE_08610,MN,55128-4028,7.7,190.0,18.43,-1.0,-1.0,-1.0,2021-01-26,-1.0,-1.0,48.0388,-95.5006
SITE_08611,MN,55045,9.735,-1.0,-1.0,-1.0,-1.0,-1.0,2017-07-25,-1.0,-1.0,47.2774,-92.7099
SITE_08612,MN,56379-1631,10.22,128.0,22.0,-1.0,-1.0,-1.0,2020-12-11,-1.0,-1.0,44.5325,-94.6066
SITE_08613,MN,55110-7618,8.76,240.0,22.0,-1.0,-1.0,-1.0,2020-12-15,-1.0,-1.0,47.8824,-94.4659
SITE_08614,MN,55437,9.86,0.0,0.0,-1.0,-1.0,-1.0,2020-10-30,-1.0,-1.0,46.2103,-94.7985
SITE_08615,MN,55360,370.0,-1.0,-1.0,-1.0,-1.0,-1.0,2018-08-16,-1.0,-1.0,44.8665,-93.7318
SITE_08616,MN,56334,1300.0,-1.0,-1.0,-1.0,-1.0,-1.0,2017-09-13,-1.0,-1.0,45.6805,-94.7168
SITE_08617,MN,55057,4.2,-1.0,-1.0,-1.0,-1.0,-1.0,2015-08-19,-1.0,-1.0,46.2981,-93.8377
SITE_08618,MN,55113,9.9,-1.0,-1.0,-1.0,-1.0,-1.0,2015-06-12,-1.0,-1.0,45.1666,-95.1386
SITE_08619,MN,55347-3324,16.8,160.0,27.0,-1.0,-1.0,-1.0,2023-03-15,-1.0,-1.0,44.9917,-94.0141
SITE_08620,MN,55014-1311,11.97,0.0,0.0,-1.0,-1.0,-1.0,2020-12-12,-1.0,-1.0,47.8596,-93.7814
SITE_08621,MN,55411-2944,6.27,180.0,22.62,-1.0,-1.0,-1.0,2021-04-17,-1.0,-1.0,44.9583,-94.5787
SITE_08622,MN,56303,20.8,20.0,20.0,-1.0,-1.0,-1.0,2021-01-19,-1.0,-1.0,45.4868,-94.7199
SITE_08623,MN,56301,6.6,-1.0,-1.0,-1.0,-1.0,-1.0,2015-07-21,-1.0,-1.0,48.0910,-95.2860
SITE_08624,MN,55427,39.36,-1.0,-1.0,-1.0,-1.0,-1.0,2015-09-03,-1.0,-1.0,47.0774,-94.4064
SITE_08625,CO,80027,9.9,170.0,40.0,-1.0,-1.0,-1.0,2008-11-08,-1.0,-1.0,38.1726,-106.1549
SITE_08626,MN,55125,8.03,217.0,30.0,-1.0,-1.0,-1.0,2019-11-01,-1.0,-1.0,45.0345,-95.8915
SITE_08627,MN,55073,9.075,-1.0,-1.0,-1.0,-1.0,-1.0,2015-08-11,-1.0,-1.0,44.4034,-92.9749
SITE_08628,MN,55345-5740,11.6,0.0,0.0,-1.0,-1.0,-1.0,2022-10-12,-1.0,-1.0,47.2779,-95.5265
SITE_08629,MN,55420,39.96,180.0,10.0,-1.0,-1.0,-1.0,2019-12-30,-1.0,-1.0,46.7218,-93.0315
SITE_08630,MN,55317,6.8,170.0,18.0,-1.0,-1.0,-1.0,2021-10-13,-1.0,-1.0,45.6995,-93.1969
SITE_08631,MN,55068-4747,17.86,0.0,0.0,-1.0,-1.0,-1.0,2022-12-09,-1.0,-1.0,48.1878,-95.4658
SITE_08632,MN,55068,9.9,180.0,30.0,-1.0,-1.0,-1.0,2021-10-05,-1.0,-1.0,46.5132,-94.5791
SITE_08633,MN,55412-2549,3.48,180.0,45.0,-1.0,-1.0,-1.0,2022-06-21,-1.0,-1.0,45.8417,-95.1471
SITE_08634,MN,55311,39.655,180.0,10.0,-1.0,-1.0,-1.0,2020-03-16,-1.0,-1.0,46.5588,-95.3472
SITE_08635,MN,55431,9.9,-1.0,-1.0,-1.0,-1.0,-1.0,2015-08-14,-1.0,-1.0,47.2510,-94.2639
SITE_08636,MN,55981,9.84,-1.0,-1.0,-1.0,-1.0,-1.0,2015-09-04,-1.0,-1.0,46.5180,-94.7669
SITE_08637,MN,55125-2364,8.8,190.0,18.0,-1.0,-1.0,-1.0,2021-07-07,-1.0,-1.0,45.8091,-95.1714
SITE_08638,MN,55959,6.93,-1.0,-1.0,-1.0,-1.0,-1.0,2015-11-25,-1.0,-1.0,48.2690,-94.6314
SITE_08639,MN,55118-4424,5.475,180.0,24.0,-1.0,-1.0,-1.0,2023-12-07,-1.0,-1.0,44.9844,-95.6358
SITE_08640,MN,55422,7.13,180.0,21.0,-1.0,-1.0,-1.0,2019-12-05,-1.0,-1.0,47.9149,-94.0487
SITE_08641,MN,55021,6.6,-1.0,-1.0,-1.0,-1.0,-1.0,2015-10-23,-1.0,-1.0,48.0391,-93.0583
SITE_08642,MN,55016,5.44,215.0,25.0,-1.0,-1.0,-1.0,2020-08-12,-1.0,-1.0,46.5121,-93.4656
SITE_08643,MN,56096,31.2,180.0,16.0,-1.0,-1.0,-1.0,2020-11-16,-1.0,-1.0,45.9615,-92.8274
SITE_08644,MN,55343-7204,7.92,180.0,45.0,-1.0,-1.0,-1.0,2022-11-23,-1.0,-1.0,46.2384,-94.4444
SITE_08645,MN,55082-9391,8.0,164.0,33.0,-1.0,-1.0,-1.0,2022-12-22,-1.0,-1.0,45.8200,-95.7509
SITE_08646,MN,55345-6302,8.6,215.0,34.0,-1.0,-1.0,-1.0,2021-05-25,-1.0,-1.0,47.3503,-94.1337
SITE_08647,MN,55362-8527,4.0,0.0,0.0,-1.0,-1.0,-1.0,2022-11-11,-1.0,-1.0,48.0394,-92.7948
SITE_08648,MN,55391-1760,58.24,242.0,26.0,-1.0,-1.0,-1.0,2023-12-01,-1.0,-1.0,44.5273,-95.6703
SITE_08649,CO,81504-2460,4.07,0.0,0.0,-1.0,-1.0,-1.0,2023-03-22,-1.0,-1.0,39.3904,-106.0519
SITE_08650,MN,55413,160.0,180.0,10.0,-1.0,-1.0,-1.0,2024-01-17,-1.0,-1.0,46.8716,-95.8320
SITE_08651,MN,55420-3811,9.6,180.0,20.0,-1.0,-1.0,-1.0,2023-05-23,-1.0,-1.0,44.6524,-95.3960
SITE_08652,CO,80021,10.125,86.0,26.0,-1.0,-1.0,-1.0,2023-11-08,1.0,-1.0,40.1325,-103.5703
SITE_08653,MN,55125-8661,11.68,191.0,33.0,-1.0,-1.0,-1.0,2023-05-01,-1.0,-1.0,45.1246,-94.9662
SITE_08654,MN,55068,5.12,0.0,0.0,-1.0,-1.0,-1.0,2023-05-31,-1.0,-1.0,48.0203,-92.8162
SITE_08655,MN,55443-1515,6.84,212.0,36.0,-1.0,-1.0,-1.0,2022-11-08,-1.0,-1.0,45.3682,-94.8498
SITE_08656,MN,55418-3116,8.4,180.0,20.0,-1.0,-1.0,-1.0,2022-08-25,-1.0,-1.0,45.7572,-92.9693
SITE_08657,MN,55410-1047,4.2,0.0,0.0,-1.0,-1.0,-1.0,2020-10-06,-1.0,-1.0,45.7319,-95.5711
SITE_08658,MN,55346,11.34,90.0,18.43,-1.0,-1.0,-1.0,2020-09-02,-1.0,-1.0,46.7104,-94.1516
SITE_08659,MN,55118-1122,5.68,180.0,30.0,-1.0,-1.0,-1.0,2021-09-04,-1.0,-1.0,44.8809,-93.9484
SITE_08660,MN,55391,9.75,180.0,8.0,-1.0,-1.0,-1.0,2023-06-08,-1.0,-1.0,48.2438,-94.5880
SITE_08661,MN,55418-3014,7.11,0.0,0.0,-1.0,-1.0,-1.0,2021-07-23,-1.0,-1.0,47.0694,-93.5232
SITE_08662,MN,55125,12.24,97.0,36.9,-1.0,-1.0,-1.0,2021-08-28,-1.0,-1.0,46.5760,-93.0615
SITE_08663,MN,55108-2240,11.1,270.0,19.0,-1.0,-1.0,-1.0,2021-07-08,-1.0,-1.0,46.9786,-95.8337
SITE_08664,MN,55416,4.38,0.0,0.0,-1.0,-1.0,-1.0,2022-01-08,-1.0,-1.0,47.2160,-94.8825
SITE_08665,MN,55426,8.4,180.0,18.43,-1.0,-1.0,-1.0,2020-11-13,-1.0,-1.0,47.1660,-95.1982
SITE_08666,MN,56297,1444.5,180.0,0.0,-1.0,-1.0,-1.0,2023-06-15,-1.0,-1.0,44.9525,-93.5765
SITE_08667,MN,55407-2828,6.75,178.0,30.0,-1.0,-1.0,-1.0,2020-10-15,-1.0,-1.0,46.9272,-94.3244
SITE_08668,MN,55422,15.54,0.0,0.0,-1.0,-1.0,-1.0,2022-07-29,-1.0,-1.0,47.3934,-94.8005
SITE_08669,MN,56253,12.0,160.0,15.0,-1.0,-1.0,-1.0,2020-12-31,-1.0,-1.0,45.0248,-93.5750
SITE_08670,MN,55076-5504,10.695,180.0,35.0,-1.0,-1.0,-1.0,2020-10-13,-1.0,-1.0,47.9225,-95.7169
SITE_08671,MN,55110-5220,184.07,0.0,0.0,-1.0,-1.0,-1.0,2021-09-30,-1.0,-1.0,44.9494,-94.5074
SITE_08672,CO,80012-5133,9.855,0.0,0.0,-1.0,-1.0,-1.0,2023-03-31,-1.0,-1.0,38.9105,-105.3740
SITE_08673,MN,55369-3271,18.8,89.0,27.0,-1.0,-1.0,-1.0,2023-09-16,-1.0,-1.0,45.0579,-93.9125
SITE_08674,MN,55443-5800,15.695,78.0,35.0,-1.0,-1.0,-1.0,2020-11-13,-1.0,-1.0,47.9285,-95.2702
SITE_08675,CO,80516,3.645,181.0,27.0,-1.0,-1.0,-1.0,2023-09-01,-1.0,-1.0,38.1898,-106.2011
SITE_08676,MN,55432-2702,13.94,0.0,0.0,-1.0,-1.0,-1.0,2023-09-19,-1.0,-1.0,48.1051,-92.7163
SITE_08677,CO,80011-2406,9.62,180.0,20.0,-1.0,-1.0,-1.0,2023-04-06,-1.0,-1.0,37.7449,-104.2147
SITE_08678,CO,80128-4326,13.2,306.0,33.69,-1.0,-1.0,-1.0,2023-06-20,-1.0,-1.0,38.7064,-106.5455
SITE_08679,MN,55102-3710,3.65,180.0,31.0,-1.0,-1.0,-1.0,2023-10-09,-1.0,-1.0,46.5735,-95.3656
SITE_08680,CO,80221-3884,6.4,0.0,0.0,-1.0,-1.0,-1.0,2023-03-27,-1.0,-1.0,39.1674,-104.6825
SITE_08681,MN,55109-1953,17.2,269.0,34.0,-1.0,-1.0,-1.0,2023-06-07,-1.0,-1.0,45.1791,-93.8469
SITE_08682,CO,80543-9484,5.11,0.0,0.0,-1.0,-1.0,-1.0,2023-04-18,-1.0,-1.0,39.6532,-106.3614
SITE_08683,MN,55033-3218,8.8,180.0,20.0,-1.0,-1.0,-1.0,2023-09-16,-1.0,-1.0,44.5791,-95.0563
SITE_08684,CO,80303-2953,12.4,179.0,30.0,-1.0,-1.0,-1.0,2023-07-28,-1.0,-1.0,40.0989,-104.6873
SITE_08685,MN,55120-1936,17.2,180.0,30.0,-1.0,-1.0,-1.0,2023-05-23,-1.0,-1.0,46.1673,-93.2894
SITE_08686,MN,55116-1138,10.73,180.0,32.0,-1.0,-1.0,-1.0,2023-11-15,-1.0,-1.0,45.7540,-93.8148
SITE_08687,MN,55075-2224,9.6,180.0,23.0,-1.0,-1.0,-1.0,2023-04-29,-1.0,-1.0,44.9377,-94.1468
SITE_08688,CO,80128-5742,6.0,0.0,0.0,-1.0,-1.0,-1.0,2023-03-11,-1.0,-1.0,37.7481,-104.0061
SITE_08689,CO,80018-4540,8.925,270.0,45.0,-1.0,-1.0,-1.0,2023-06-29,-1.0,-1.0,39.0690,-106.3915
SITE_08690,CO,80219-1331,5.92,0.0,0.0,-1.0,-1.0,-1.0,2023-03-07,-1.0,-1.0,40.4851,-104.5031
SITE_08691,CO,81503-3446,12.0,270.0,18.0,-1.0,-1.0,-1.0,2023-07-06,-1.0,-1.0,39.8076,-105.8297
SITE_08692,MN,55316-2645,11.47,0.0,0.0,-1.0,-1.0,-1.0,2022-02-16,-1.0,-1.0,44.5367,-93.7493
SITE_08693,MN,55417-2447,4.0,180.0,30.0,-1.0,-1.0,-1.0,2023-03-10,-1.0,-1.0,46.9529,-93.5375
SITE_08694,CO,80303-1245,9.936,270.0,18.0,-1.0,-1.0,-1.0,2023-09-08,-1.0,-1.0,38.9234,-105.0925
SITE_08695,WI,54001,3.2,0.0,0.0,-1.0,-1.0,-1.0,2023-07-11,-1.0,-1.0,44.9877,-90.7941
SITE_08696,MN,55113-1806,7.4,0.0,0.0,-1.0,-1.0,-1.0,2024-02-19,-1.0,-1.0,47.4674,-95.3824
SITE_08697,MN,55001-9640,17.76,135.0,18.0,-1.0,-1.0,-1.0,2023-04-13,-1.0,-1.0,46.1360,-94.0871
SITE_08698,CO,80233-2295,6.205,181.0,21.0,-1.0,-1.0,-1.0,2023-01-31,1.0,-1.0,40.3143,-105.7161
SITE_08699,MN,55038-9454,17.6,270.0,20.0,-1.0,-1.0,-1.0,2023-04-29,-1.0,-1.0,45.8059,-95.5554
SITE_08700,CO,80249-7571,9.5,90.0,22.0,-1.0,-1.0,-1.0,2023-05-31,-1.0,-1.0,37.7498,-103.7175
SITE_08701,MN,55411-1426,8.88,180.0,37.0,-1.0,-1.0,-1.0,2023-09-13,-1.0,-1.0,45.9982,-93.8473
SITE_08702,CO,80007-8124,6.8,0.0,0.0,-1.0,-1.0,-1.0,2023-01-05,-1.0,-1.0,39.0188,-105.2086
SITE_08703,CO,80303-1246,9.2,90.0,0.0,-1.0,-1.0,-1.0,2023-12-12,-1.0,-1.0,39.9918,-104.7193
SITE_08704,CO,80003-2800,3.33,0.0,0.0,-1.0,-1.0,-1.0,2023-04-14,-1.0,-1.0,39.2628,-105.3236
SITE_08705,CO,80230-6770,6.8,180.0,26.57,-1.0,-1.0,-1.0,2023-07-20,-1.0,-1.0,38.7435,-106.9701
SITE_08706,CO,80602-9253,10.0,0.0,27.0,-1.0,-1.0,-1.0,2023-06-27,-1.0,-1.0,40.2034,-104.7738
SITE_08707,CO,80634-3828,5.32,0.0,0.0,-1.0,-1.0,-1.0,2023-04-07,-1.0,-1.0,39.5094,-107.0769
SITE_08708,MN,55105-3132,20.825,0.0,0.0,-1.0,-1.0,-1.0,2023-12-14,-1.0,-1.0,47.7349,-94.6068
SITE_08709,MN,55128,54.0,233.0,10.0,-1.0,-1.0,-1.0,2023-06-07,-1.0,-1.0,47.6912,-93.0457
SITE_08710,MN,55014,13.6,180.0,30.0,-1.0,-1.0,-1.0,2023-07-15,-1.0,-1.0,46.4302,-93.3331
SITE_08711,CO,80003,7.2,181.0,26.0,-1.0,-1.0,-1.0,2023-05-03,-1.0,-1.0,38.4217,-104.2313
SITE_08712,MN,55419-1115,3.74,180.0,33.7,-1.0,-1.0,-1.0,2023-05-09,-1.0,-1.0,47.2078,-95.4557
SITE_08713,MN,55387-7500,8.0,0.0,0.0,-1.0,-1.0,-1.0,2022-07-20,-1.0,-1.0,47.7688,-93.9110
SITE_08714,CO,80013-6185,4.8,0.0,0.0,-1.0,-1.0,-1.0,2023-04-28,-1.0,-1.0,37.9109,-105.8431
SITE_08715,MN,55068-3497,8.0,0.0,0.0,-1.0,-1.0,-1.0,2022-07-16,-1.0,-1.0,46.1322,-94.6876
SITE_08716,MN,55346-2819,12.0,0.0,0.0,-1.0,-1.0,-1.0,2022-06-09,-1.0,-1.0,46.0700,-94.4102
SITE_08717,MN,55066-2008,7.2,0.0,0.0,-1.0,-1.0,-1.0,2022-07-27,-1.0,-1.0,45.8604,-93.1689
SITE_08718,MN,55327-9445,16.8,0.0,0.0,-1.0,-1.0,-1.0,2023-01-25,-1.0,-1.0,-9999,-9999
SITE_08719,MN,55449,15.96,0.0,0.0,-1.0,-1.0,-1.0,2022-06-01,-1.0,-1.0,44.3474,-94.5651
SITE_08720,MN,55082-5109,32.19,180.0,10.0,-1.0,-1.0,-1.0,2023-01-26,-1.0,-1.0,44.7232,-95.5462
SITE_08721,MN,55025-8271,16.3344,-1.0,-1.0,-1.0,-1.0,-1.0,2023-07-18,-1.0,-1.0,46.4019,-95.1111
SITE_08722,MN,55406-3641,4.26,0.0,0.0,-1.0,-1.0,-1.0,2022-04-14,-1.0,-1.0,46.9395,-93.8184
SITE_08723,MN,55423-2920,7.77,0.0,0.0,-1.0,-1.0,-1.0,2022-05-03,-1.0,-1.0,47.0900,-94.1063
SITE_08724,MN,55113-5651,7.4,0.0,0.0,-1.0,-1.0,-1.0,2022-05-21,-1.0,-1.0,48.2873,-94.9754
SITE_08725,CO,80543,4.8,180.0,14.0,-1.0,-1.0,-1.0,2024-03-11,-1.0,-1.0,38.1665,-103.9212
SITE_08726,MN,55127-6023,3.33,0.0,0.0,-1.0,-1.0,-1.0,2022-05-24,-1.0,-1.0,45.8903,-95.3105
SITE_08727,MN,55082-7044,11.34,220.0,33.0,-1.0,-1.0,-1.0,2023-08-15,-1.0,-1.0,44.3057,-93.7967
SITE_08728,CO,80534-9392,4.29,233.0,27.0,-1.0,-1.0,-1.0,2024-03-13,1.0,-1.0,39.7712,-107.1690
SITE_08729,MN,55038-9229,4.44,0.0,0.0,-1.0,-1.0,-1.0,2022-06-13,-1.0,-1.0,45.3991,-94.9402
SITE_08730,CO,80221-1321,4.4,90.0,23.0,-1.0,-1.0,-1.0,2023-06-14,-1.0,-1.0,38.7378,-105.2872
SITE_08731,MN,55376-1804,11.07,277.0,26.0,-1.0,-1.0,-1.0,2023-11-02,-1.0,-1.0,47.0892,-94.2938
SITE_08732,MN,55073-9409,13.44,157.0,27.0,-1.0,-1.0,-1.0,2023-01-04,-1.0,-1.0,45.1836,-94.9285
SITE_08733,MN,55109-2647,7.4,180.0,18.0,-1.0,-1.0,-1.0,2024-02-29,-1.0,-1.0,44.8264,-94.9466
SITE_08734,MN,55107-2113,4.8,90.0,34.0,-1.0,-1.0,-1.0,2023-08-08,-1.0,-1.0,47.0116,-95.0420
SITE_08735,CO,80534,6.4,102.0,25.0,-1.0,-1.0,-1.0,2024-03-12,-1.0,-1.0,39.8196,-106.5048
SITE_08736,MN,55331-8650,5.55,0.0,0.0,-1.0,-1.0,-1.0,2022-12-13,-1.0,-1.0,46.1033,-93.8720
SITE_08737,CO,80634-9555,10.4,175.0,26.0,-1.0,-1.0,-1.0,2023-05-12,-1.0,-1.0,39.5290,-107.4994
SITE_08738,MN,56011,14.49,0.0,0.0,-1.0,-1.0,-1.0,2022-11-16,-1.0,-1.0,47.2318,-95.1485
SITE_08739,MN,55024,57.6,180.0,10.0,-1.0,-1.0,-1.0,2023-09-05,-1.0,-1.0,47.8124,-95.4531
SITE_08740,MN,55082-9600,5.7,0.0,0.0,-1.0,-1.0,-1.0,2023-03-10,-1.0,-1.0,47.8432,-94.5192
SITE_08741,MN,55120-1381,17.52,165.0,18.0,-1.0,-1.0,-1.0,2022-10-11,-1.0,-1.0,46.0049,-93.6091
SITE_08742,MN,55416-3707,7.2,121.0,49.0,-1.0,-1.0,-1.0,2022-10-13,-1.0,-1.0,47.5556,-93.9617
SITE_08743,WI,54601-4751,15.0,-1.0,-1.0,-1.0,-1.0,-1.0,2023-05-25,-1.0,-1.0,43.9287,-90.3915
SITE_08744,WI,54603-8501,4.176,-1.0,-1.0,-1.0,-1.0,-1.0,2023-05-23,-1.0,-1.0,43.6057,-91.1289
SITE_08745,WI,54806-2360,6.0,-1.0,-1.0,-1.0,-1.0,-1.0,2023-01-31,-1.0,-1.0,45.0326,-89.1357
SITE_08746,WI,54636-9480,0.835,-1.0,-1.0,-1.0,-1.0,-1.0,2020-12-28,-1.0,-1.0,46.0102,-89.9713
SITE_08747,MN,55106-1808,5.4,90.0,22.0,-1.0,-1.0,-1.0,2022-09-13,-1.0,-1.0,46.7618,-95.8085
SITE_08748,MN,55414-3513,6.97,180.0,10.0,-1.0,-1.0,-1.0,2022-06-11,-1.0,-1.0,47.6019,-95.5143
SITE_08749,MN,55374-9118,3.6,150.0,36.0,-1.0,-1.0,-1.0,2022-08-16,-1.0,-1.0,47.5070,-94.9488
SITE_08750,MN,55106-1116,3.6,91.0,37.0,-1.0,-1.0,-1.0,2023-10-30,-1.0,-1.0,47.4875,-95.0174
SITE_08751,MN,55406-2934,6.66,180.0,18.0,-1.0,-1.0,-1.0,2022-07-12,-1.0,-1.0,46.0984,-93.8810
SITE_08752,CO,80005-3565,2.96,350.0,35.0,-1.0,-1.0,-1.0,2023-10-18,-1.0,-1.0,39.0605,-105.1025
SITE_08753,MN,55044,5.865,0.0,0.0,-1.0,-1.0,-1.0,2022-06-23,-1.0,-1.0,45.0573,-93.5564
SITE_08754,WI,54843-5183,2.4,-1.0,-1.0,-1.0,-1.0,-1.0,2020-06-04,-1.0,-1.0,43.6545,-91.1088
SITE_08755,WI,54601-6625,2.4,-1.0,-1.0,-1.0,-1.0,-1.0,2022-02-01,-1.0,-1.0,46.0725,-88.8705
SITE_08756,MN,55116-2644,4.07,180.0,10.0,-1.0,-1.0,-1.0,2022-11-29,-1.0,-1.0,46.5044,-93.2647
SITE_08757,WI,54601,8.01,0.0,0.0,-1.0,-1.0,-1.0,2023-05-30,-1.0,-1.0,42.9385,-90.3599
SITE_08758,WI,54621-8036,12.0,-1.0,-1.0,-1.0,-1.0,-1.0,2008-10-25,-1.0,-1.0,43.6170,-90.6856
SITE_08759,WI,54665-1036,13.2,-1.0,-1.0,-1.0,-1.0,-1.0,2019-05-23,-1.0,-1.0,43.0933,-89.3875
SITE_08760,WI,54016-3012,4.2,-1.0,-1.0,-1.0,-1.0,-1.0,2019-03-04,-1.0,-1.0,45.0849,-90.7764
SITE_08761,WI,54603,69.12,-1.0,-1.0,-1.0,-1.0,-1.0,2020-08-27,-1.0,-1.0,44.8434,-88.9327
SITE_08762,WI,54843-6658,7.2,-1.0,-1.0,-1.0,-1.0,-1.0,2021-12-16,-1.0,-1.0,44.5447,-89.0138
SITE_08763,WI,54871-8726,6.0,-1.0,-1.0,-1.0,-1.0,-1.0,2016-08-16,-1.0,-1.0,43.3687,-90.2464
SITE_08764,WI,54009-9060,8.928,-1.0,-1.0,-1.0,-1.0,-1.0,2020-01-02,-1.0,-1.0,43.1419,-91.1696
SITE_08765,WI,54701-6639,9.12,-1.0,-1.0,-1.0,-1.0,-1.0,2017-10-20,-1.0,-1.0,43.5320,-90.6791
SITE_08766,MN,55014-5439,8.03,153.0,26.6,-1.0,-1.0,-1.0,2023-06-10,-1.0,-1.0,47.2279,-94.5897
SITE_08767,WI,54826-9746,8.4,-1.0,-1.0,-1.0,-1.0,-1.0,2017-12-31,-1.0,-1.0,44.9936,-91.1887
SITE_08768,MN,55127-5108,13.825,273.0,27.0,-1.0,-1.0,-1.0,2023-10-17,-1.0,-1.0,44.4171,-93.8414
SITE_08769,WI,54806-1553,114.48,-1.0,-1.0,-1.0,-1.0,-1.0,2022-06-30,-1.0,-1.0,45.6325,-89.3871
SITE_08770,WI,54701-4251,6.0,-1.0,-1.0,-1.0,-1.0,-1.0,2016-12-02,-1.0,-1.0,44.7599,-88.7082
SITE_08771,WI,54017,12.78,0.0,0.0,-1.0,-1.0,-1.0,2023-05-11,-1.0,-1.0,43.3014,-89.5919
SITE_08772,WI,54016-1803,6.0,-1.0,-1.0,-1.0,-1.0,-1.0,2014-07-07,-1.0,-1.0,44.8795,-90.7533
SITE_08773,MN,55126-2329,13.875,180.0,33.7,-1.0,-1.0,-1.0,2023-09-07,-1.0,-1.0,45.8682,-94.4903
SITE_08774,WI,54656-3436,8.345,-1.0,-1.0,-1.0,-1.0,-1.0,2022-03-03,-1.0,-1.0,45.8799,-89.6052
SITE_08775,CO,80634-9914,5.7,270.0,25.0,-1.0,-1.0,-1.0,2023-05-03,-1.0,-1.0,38.6354,-105.8848
SITE_08776,WI,54456-6401,9.6,-1.0,-1.0,-1.0,-1.0,-1.0,2020-10-13,-1.0,-1.0,44.4686,-91.1587
SITE_08777,WI,54016-1141,6.0,-1.0,-1.0,-1.0,-1.0,-1.0,2019-12-17,-1.0,-1.0,43.8765,-88.6259
SITE_08778,WI,54669-9308,13.2,-1.0,-1.0,-1.0,-1.0,-1.0,2020-06-04,-1.0,-1.0,46.0976,-91.1447
SITE_08779,WI,54556-1000,7.2,-1.0,-1.0,-1.0,-1.0,-1.0,2020-08-28,-1.0,-1.0,44.0055,-89.5721
SITE_08780,WI,54001-4113,7.2,-1.0,-1.0,-1.0,-1.0,-1.0,2015-12-31,-1.0,-1.0,45.0623,-90.9303
SITE_08781,WI,54665-7198,13.572,-1.0,-1.0,-1.0,-1.0,-1.0,2022-09-19,-1.0,-1.0,45.8230,-89.9658
SITE_08782,WI,54814,6.0,-1.0,-1.0,-1.0,-1.0,-1.0,2018-10-25,-1.0,-1.0,44.4455,-90.0939
SITE_08783,WI,54755,119.88,-1.0,-1.0,-1.0,-1.0,-1.0,2018-11-12,-1.0,-1.0,45.9396,-88.6428
SITE_08784,WI,54017,13.68,-1.0,-1.0,-1.0,-1.0,-1.0,2020-01-02,-1.0,-1.0,45.9116,-90.8746
SITE_08785,WI,54703,7.2,-1.0,-1.0,-1.0,-1.0,-1.0,2015-08-27,-1.0,-1.0,43.0243,-90.3272
SITE_08786,MN,55038,5.33,180.0,30.0,-1.0,-1.0,-1.0,2023-07-29,-1.0,-1.0,45.7240,-93.9555
SITE_08787,CO,80003,7.04,0.0,0.0,-1.0,-1.0,-1.0,2023-03-30,-1.0,-1.0,38.4185,-104.6057
SITE_08788,MN,55025-8023,8.2,180.0,30.0,-1.0,-1.0,-1.0,2023-06-23,-1.0,-1.0,47.1874,-94.1349
SITE_08789,CO,80238,4.4,0.0,0.0,-1.0,-1.0,-1.0,2023-04-19,-1.0,-1.0,38.6029,-104.2567
SITE_08790,MN,55443-1827,8.76,210.0,30.0,-1.0,-1.0,-1.0,2023-05-13,-1.0,-1.0,45.8596,-93.3529
SITE_08791,MN,55082,11.2,236.0,26.0,-1.0,-1.0,-1.0,2023-03-21,-1.0,-1.0,47.8928,-95.6284
SITE_08792,MN,55110-3234,3.2,180.0,37.0,-1.0,-1.0,-1.0,2023-09-14,-1.0,-1.0,47.5240,-95.2711
SITE_08793,CO,80228-3763,8.36,0.0,0.0,-1.0,-1.0,-1.0,2023-04-27,-1.0,-1.0,37.9099,-104.0220
SITE_08794,CO,80401-9529,33.615,174.0,30.0,-1.0,-1.0,-1.0,2024-03-28,-1.0,-1.0,38.2508,-106.3647
SITE_08795,MN,55429-1853,8.69,255.0,20.0,-1.0,-1.0,-1.0,2023-07-07,-1.0,-1.0,46.2958,-94.7943
SITE_08796,WI,54751,10.0,0.0,0.0,-1.0,-1.0,-1.0,2023-06-15,-1.0,-1.0,43.6892,-91.0972
SITE_08797,MN,55128-4721,7.6,91.0,27.0,-1.0,-1.0,-1.0,2023-08-12,-1.0,-1.0,45.7413,-95.7838
SITE_08798,CO,80233,4.4,90.0,18.0,-1.0,-1.0,-1.0,2023-09-22,1.0,-1.0,39.9254,-104.5582
SITE_08799,MN,55118-2202,27.06,180.0,10.0,-1.0,-1.0,-1.0,2023-07-05,-1.0,-1.0,-9999,-9999
SITE_08800,CO,80022-1141,6.0,270.0,19.0,-1.0,-1.0,-1.0,2023-06-21,-1.0,-1.0,40.0741,-104.5447
SITE_08801,CO,80126-7590,11.4,294.0,24.0,-1.0,-1.0,-1.0,2023-05-25,-1.0,-1.0,38.1883,-105.0223
SITE_08802,MN,55416-2328,8.0,91.0,27.0,-1.0,-1.0,-1.0,2023-03-30,-1.0,-1.0,45.8346,-93.8865
SITE_08803,CO,80233-3800,6.29,0.0,0.0,-1.0,-1.0,-1.0,2023-03-24,-1.0,-1.0,39.8221,-105.2485
SITE_08804,MN,55362-8730,12.0,220.0,26.0,-1.0,-1.0,-1.0,2023-06-22,-1.0,-1.0,46.3611,-92.7688
SITE_08805,MN,55416-2838,9.6,180.0,31.0,-1.0,-1.0,-1.0,2023-06-16,-1.0,-1.0,47.0638,-94.8131
SITE_08806,MN,55117-1632,8.1,205.0,33.0,-1.0,-1.0,-1.0,2023-10-04,-1.0,-1.0,45.5192,-94.8814
SITE_08807,MN,55110,16.0,162.0,45.0,-1.0,-1.0,-1.0,2023-06-01,-1.0,-1.0,45.1701,-94.1761
SITE_08808,MN,55073-9467,6.0,208.0,26.0,-1.0,-1.0,-1.0,2023-08-05,-1.0,-1.0,47.3507,-95.7777
SITE_08809,MN,55104-2711,6.15,270.0,42.0,-1.0,-1.0,-1.0,2023-06-20,-1.0,-1.0,46.9111,-93.9756
SITE_08810,CO,80122-3687,6.84,172.0,19.0,-1.0,-1.0,-1.0,2023-06-09,-1.0,-1.0,38.3998,-104.4875
SITE_08811,CO,80005-5257,8.2,180.0,27.0,-1.0,-1.0,-1.0,2023-12-15,-1.0,-1.0,39.6729,-105.7573
SITE_08812,CO,80549-3043,7.8,90.0,20.0,-1.0,-1.0,-1.0,2023-09-07,-1.0,-1.0,38.9881,-105.1170
SITE_08813,MN,55075-1663,4.92,180.0,33.0,-1.0,-1.0,-1.0,2023-06-20,-1.0,-1.0,44.6527,-93.8321
SITE_08814,MN,55418-3925,8.295,200.0,34.0,-1.0,-1.0,-1.0,2023-07-05,-1.0,-1.0,48.1038,-95.1034
SITE_08815,CO,81521-2183,12.95,180.0,27.0,-1.0,-1.0,-1.0,2023-08-22,-1.0,-1.0,38.2782,-105.3359
SITE_08816,CO,80439-4216,8.4,264.0,20.0,-1.0,-1.0,-1.0,2023-08-10,-1.0,-1.0,39.8166,-105.4363
SITE_08817,MN,55428,5.6,152.0,27.0,-1.0,-1.0,-1.0,2023-09-18,-1.0,-1.0,47.0923,-93.0733
SITE_08818,MN,55129-2505,8.8,201.0,27.0,-1.0,-1.0,-1.0,2023-07-29,-1.0,-1.0,44.8157,-93.0829
SITE_08819,MN,55016-4099,6.4,181.0,27.0,-1.0,-1.0,-1.0,2023-08-17,-1.0,-1.0,44.9223,-93.7630
SITE_08820,CO,80026,7.65,251.0,29.0,-1.0,-1.0,-1.0,2023-08-04,-1.0,-1.0,39.2536,-106.8826
SITE_08821,MN,55016-4194,7.2,179.0,18.0,-1.0,-1.0,-1.0,2022-10-26,-1.0,-1.0,46.0455,-92.9866
SITE_08822,CO,80218-3507,2.19,180.0,34.0,-1.0,-1.0,-1.0,2023-01-10,-1.0,-1.0,37.5918,-104.6671
SITE_08823,CO,80602-9189,9.125,271.0,26.0,-1.0,-1.0,-1.0,2023-04-20,-1.0,-1.0,38.6431,-104.8039
SITE_08824,CO,80241-1583,5.92,0.0,0.0,-1.0,-1.0,-1.0,2023-02-10,-1.0,-1.0,38.3084,-106.3228
SITE_08825,MN,55422-5338,15.01,153.0,45.0,-1.0,-1.0,-1.0,2022-12-05,-1.0,-1.0,46.6014,-93.8612
SITE_08826,CO,80234-2628,13.2,90.0,23.0,-1.0,-1.0,-1.0,2023-01-27,-1.0,-1.0,39.7815,-107.1495
SITE_08827,CO,80620-8902,7.22,0.0,0.0,-1.0,-1.0,-1.0,2023-03-01,-1.0,-1.0,37.7656,-103.3062
SITE_08828,CO,80027-6143,4.25,217.0,26.0,-1.0,-1.0,-1.0,2023-11-09,-1.0,-1.0,39.9324,-106.0293
SITE_08829,CO,80241-1564,6.715,0.0,0.0,-1.0,-1.0,-1.0,2024-02-12,-1.0,-1.0,37.7105,-107.3513
SITE_08830,CO,81101-3157,5.92,270.0,3.0,-1.0,-1.0,-1.0,2023-09-13,-1.0,-1.0,39.4164,-105.2573
SITE_08831,CO,80011-7121,5.11,0.0,0.0,-1.0,-1.0,-1.0,2023-05-25,-1.0,-1.0,39.0754,-104.6782
SITE_08832,MN,55016,9.72,180.0,23.0,-1.0,-1.0,-1.0,2023-06-30,-1.0,-1.0,45.7709,-95.0108
SITE_08833,MN,55106-2012,7.2,90.0,19.0,-1.0,-1.0,-1.0,2022-12-08,-1.0,-1.0,44.4416,-93.5819
SITE_08834,MN,55116-1906,7.56,180.0,19.0,-1.0,-1.0,-1.0,2022-12-02,-1.0,-1.0,47.6941,-93.3222
SITE_08835,MN,55113-5828,6.715,270.0,19.0,-1.0,-1.0,-1.0,2022-12-01,-1.0,-1.0,46.9428,-93.1848
SITE_08836,CO,80401-4354,7.2,180.0,18.0,-1.0,-1.0,-1.0,2023-05-03,-1.0,-1.0,39.1396,-106.7286
SITE_08837,CO,81520-8814,5.84,180.0,20.0,-1.0,-1.0,-1.0,2023-05-06,-1.0,-1.0,39.8005,-105.5081
SITE_08838,MN,55379-7800,20.0,180.0,35.0,-1.0,-1.0,-1.0,2022-12-15,-1.0,-1.0,46.7220,-94.8208
SITE_08839,CO,80304-2733,10.08,90.0,18.0,-1.0,-1.0,-1.0,2024-02-29,-1.0,-1.0,38.8554,-105.3083
SITE_08840,WI,54601,3.08,0.0,0.0,-1.0,-1.0,-1.0,2024-01-31,-1.0,-1.0,46.0485,-90.5631
SITE_08841,CO,80227,3.6,270.0,34.0,-1.0,-1.0,-1.0,2024-03-11,1.0,-1.0,40.1638,-105.1103
SITE_08842,CO,80021-5210,2.8,1.0,22.0,-1.0,-1.0,-1.0,2024-03-19,-1.0,-1.0,38.1414,-106.4159
SITE_08843,CO,80013-2312,8.82,211.0,18.0,-1.0,-1.0,-1.0,2024-02-16,-1.0,-1.0,38.1607,-104.9768
SITE_08844,WI,54751,3.6,0.0,0.0,-1.0,-1.0,-1.0,2024-03-28,-1.0,-1.0,43.0524,-89.4201
SITE_08845,CO,80226-3720,4.875,180.0,26.57,-1.0,-1.0,-1.0,2022-07-08,0.0,-1.0,39.7872,-103.7875
SITE_08846,CO,80239-4139,9.25,110.0,15.0,-1.0,-1.0,-1.0,2022-11-16,0.0,-1.0,-9999,-9999
SITE_08847,CO,80524-4600,16.32,92.0,26.0,-1.0,-1.0,-1.0,2022-08-02,1.0,-1.0,39.7963,-104.5858
SITE_08848,CO,80401-5952,10.88,180.0,40.0,-1.0,-1.0,-1.0,2022-08-09,0.0,-1.0,38.6997,-106.5321
SITE_08849,CO,80228-3753,6.46,115.0,17.0,-1.0,-1.0,-1.0,2022-08-31,0.0,-1.0,38.2880,-106.8322
SITE_08850,CO,80010-4157,5.04,295.0,23.0,-1.0,-1.0,-1.0,2022-10-27,0.0,-1.0,39.5245,-105.8042
SITE_08851,CO,80003-5140,3.4,180.0,18.0,-1.0,-1.0,-1.0,2022-06-01,0.0,-1.0,40.1238,-103.8611
SITE_08852,MN,55092-9010,10.01,-1.0,-1.0,-1.0,-1.0,-1.0,2020-06-17,0.0,-1.0,48.1509,-93.6272
SITE_08853,CO,80033-4526,3.2,180.0,14.0,-1.0,-1.0,-1.0,2023-03-28,1.0,-1.0,38.3821,-106.7527
SITE_08854,CO,80122-3509,14.82,47.0,27.0,-1.0,-1.0,-1.0,2022-09-12,0.0,-1.0,38.7717,-107.5868
SITE_08855,CO,80021-5025,4.8,180.0,21.0,-1.0,-1.0,-1.0,2022-11-11,0.0,-1.0,38.5824,-105.7454
SITE_08856,CO,80031-3114,6.84,116.0,23.0,-1.0,-1.0,-1.0,2022-06-17,0.0,-1.0,39.7654,-104.6020
SITE_08857,CO,80015-3268,5.6,126.0,30.0,-1.0,-1.0,-1.0,2022-10-21,0.0,-1.0,40.2046,-106.6460
SITE_08858,CO,80007-7817,18.24,98.0,17.0,-1.0,-1.0,-1.0,2022-09-12,0.0,-1.0,39.0694,-107.2426
SITE_08859,CO,80249,3032.38,180.0,0.0,-1.0,-1.0,-1.0,2022-11-10,1.0,-1.0,38.8808,-104.0008
SITE_08860,CO,80219-3410,10.53,-1.0,-1.0,-1.0,-1.0,-1.0,2023-11-30,0.0,-1.0,38.1863,-106.1763
SITE_08861,CO,80249-6652,5.1,173.0,26.0,-1.0,-1.0,-1.0,2023-02-01,0.0,-1.0,39.6895,-104.2822
SITE_08862,CO,80219-2750,7.98,270.0,18.0,-1.0,-1.0,-1.0,2022-08-01,0.0,-1.0,40.0436,-104.3209
SITE_08863,CO,80013-3712,6.0,78.0,18.0,-1.0,-1.0,-1.0,2022-08-26,0.0,-1.0,39.6138,-105.0314
SITE_08864,CO,80113-4234,20.35,207.0,47.0,-1.0,-1.0,-1.0,2023-02-07,0.0,-1.0,-9999,-9999
SITE_08865,CO,80549-1868,8.51,90.0,26.57,-1.0,-1.0,-1.0,2023-03-15,0.0,-1.0,38.6785,-106.5623
SITE_08866,CO,80534,9.6,104.0,26.0,-1.0,-1.0,-1.0,2022-07-12,0.0,-1.0,39.7230,-104.0047
SITE_08867,NM,88220-4813,8.0,-1.0,-1.0,-1.0,-1.0,-1.0,2024-02-09,1.0,-1.0,35.0937,-108.0167
SITE_08868,MN,55316-3128,-1.0,-1.0,-1.0,-1.0,-1.0,-1.0,2016-07-14,-1.0,-1.0,46.2940,-95.7564
SITE_08869,CA,93312.0,216.545073,180.0,5.0,405.0,0.214859437751004,0.0,2024-12-30,0.0,1.0,38.6813,-119.3409
SITE_08870,CA,92154.0,5.012275529,0.0,0.0,16.0,0.19444444444444442,1.0,2024-12-26,0.0,0.0,39.6217,-121.0423
SITE_08871,CA,93021.0,138.484,176.0,7.0,162.0,0.20601851851851852,0.0,2024-12-24,1.0,1.0,35.9854,-120.7255
SITE_08872,CA,94122.0,5.28,-1.0,-1.0,12.0,0.205607476635514,1.0,2024-12-09,0.0,0.0,39.3026,-119.8997
SITE_08873,CA,94553.0,5.260824742,271.0,18.0,13.0,0.2131578947368421,0.0,2024-11-27,0.0,0.0,35.8658,-118.4609
SITE_08874,CA,95901.0,120.0972973,-1.0,-1.0,174.0,0.22186495176848878,1.0,2024-11-26,0.0,1.0,36.6540,-120.9370
SITE_08875,CA,94546.0,5.6,0.0,0.0,19.0,0.22072348252605764,0.0,2024-11-25,0.0,0.0,38.9714,-121.2232
SITE_08876,CA,95340.0,4.8,0.0,0.0,24.0,0.2208588957055215,-1.0,2024-11-20,0.0,-1.0,36.7388,-118.3750
SITE_08877,CA,92081.0,5.6,0.0,0.0,14.0,0.20512820512820515,1.0,2024-11-19,0.0,0.0,36.7696,-119.5876
SITE_08878,CA,95014.0,7.691085774,225.0,0.0,19.0,0.21465968586387435,0.0,2024-10-31,0.0,0.0,36.0328,-117.7265
SITE_08879,CA,95330.0,4.348535395,215.0,23.0,11.0,0.20789473684210527,0.0,2024-10-25,0.0,0.0,34.9254,-117.9683
SITE_08880,CA,94066.0,8.754865182,235.0,23.0,24.0,0.2062146892655367,0.0,2024-10-22,1.0,0.0,39.4684,-117.5897
SITE_08881,CA,95949.0,12.0,225.0,23.0,30.0,0.2229654403567447,0.0,2024-10-07,0.0,1.0,36.3635,-121.1633
SITE_08882,CA,95076.0,19.38718908,180.0,15.0,40.0,0.21846846846846846,0.0,2024-09-25,0.0,1.0,39.7313,-119.9200
SITE_08883,CA,95928.0,3.204306864,-1.0,-1.0,8.0,0.20833333333333334,1.0,2024-09-20,0.0,0.0,36.8394,-118.3177
SITE_08884,CA,94607.0,3.237416955,180.0,0.0,8.0,0.2109375,0.0,2024-09-19,0.0,0.0,36.1391,-120.9750
SITE_08885,CA,94561.0,4.1,0.0,0.0,2.0,-1.0,0.0,2024-09-17,0.0,0.0,35.6773,-120.5512
SITE_08886,CA,91746.0,16.0,219.0,3.0,40.0,0.20512820512820515,0.0,2024-08-28,0.0,0.0,34.8826,-118.3822
SITE_08887,CA,93657.0,5.278819056,180.0,10.0,11.0,0.2162162162162162,0.0,2024-08-27,0.0,1.0,37.2075,-119.3369
SITE_08888,CA,95110.0,3.643145893,-1.0,-1.0,9.0,0.21465968586387435,1.0,2024-08-26,1.0,0.0,38.8881,-121.2068
SITE_08889,CA,94040.0,5.61,0.0,0.0,17.0,0.20625,0.0,2024-08-15,0.0,0.0,37.4707,-121.6981
SITE_08890,CA,95111.0,4.254664997,0.0,0.0,12.0,0.17383248228867357,0.0,2024-08-07,0.0,0.0,38.7114,-121.2401
SITE_08891,CA,91910.0,5.272688287,0.0,0.0,11.0,0.2162162162162162,1.0,2024-08-06,0.0,0.0,39.5274,-121.0263
SITE_08892,CA,95959.0,6.658682635,211.0,30.0,38.0,0.20833333333333334,0.0,2024-08-05,0.0,1.0,38.4539,-120.6694
SITE_08893,CA,92128.0,3.2,0.0,0.0,8.0,0.2061855670103093,1.0,2024-08-05,0.0,0.0,37.6277,-118.9808
SITE_08894,CA,92040.0,3.2,0.0,0.0,8.0,0.2061855670103093,1.0,2024-08-01,0.0,0.0,34.7343,-120.8338
SITE_08895,CA,92109.0,4.841168588,180.0,0.0,12.0,0.2109375,0.0,2024-07-31,0.0,0.0,37.3230,-117.3196
SITE_08896,CA,95317.0,165.06,-1.0,-1.0,252.0,0.21335504885993486,1.0,2024-07-24,0.0,1.0,35.9574,-117.4256
SITE_08897,CA,94952.0,3.501067399,170.0,18.0,10.0,0.2147239263803681,0.0,2024-07-15,0.0,0.0,38.8562,-120.7518
SITE_08898,CA,95973.0,9.817129766,0.0,0.0,27.0,0.21987951807228917,0.0,2024-06-27,0.0,0.0,34.8025,-119.9085
SITE_08899,CA,95633.0,9.315,-1.0,-1.0,27.0,0.19306099608282037,1.0,2024-06-26,0.0,0.0,37.4604,-120.7034
SITE_08900,CA,94563.0,32.79373742,-1.0,-1.0,98.0,0.2162162162162162,1.0,2024-06-20,0.0,0.0,36.5776,-117.5016
SITE_08901,CA,94571.0,11.9,180.0,23.0,28.0,0.22727272727272727,0.0,2024-06-05,0.0,1.0,35.4043,-120.1576
SITE_08902,CA,92107.0,7.2,0.0,0.0,18.0,0.22346368715083798,1.0,2024-05-10,0.0,0.0,35.3919,-121.6117
SITE_08903,CA,95119.0,3.237416955,180.0,0.0,8.0,0.2109375,0.0,2024-05-07,0.0,0.0,34.6700,-118.1573
SITE_08904,CA,95377.0,4.405921938,123.0,18.0,11.0,0.20833333333333334,0.0,2024-05-02,1.0,0.0,37.5400,-117.8643
SITE_08905,CA,91913.0,2.787992495,158.0,18.0,7.0,0.20833333333333334,0.0,2024-04-29,0.0,0.0,35.9637,-121.2860
SITE_08906,CA,92126.0,4.779415706,225.0,23.0,12.0,0.20833333333333334,0.0,2024-04-23,0.0,0.0,35.8365,-121.1225
SITE_08907,CA,93311.0,28.0,-1.0,-1.0,70.0,0.2061855670103093,1.0,2024-04-22,0.0,0.0,35.6590,-121.5894
SITE_08908,CA,92069.0,15.46341463,0.0,0.0,35.0,0.205607476635514,1.0,2024-04-15,0.0,0.0,39.6667,-120.4825
SITE_08909,CA,93426.0,19.99785693,-1.0,-1.0,55.0,0.21987951807228917,1.0,2024-04-08,0.0,1.0,39.7916,-120.2481
SITE_08910,CA,91910.0,8.88,251.0,25.0,24.0,0.20218579234972678,0.0,2024-04-02,0.0,0.0,35.7570,-120.5520
SITE_08911,CA,96080.0,24.16477968,200.0,20.0,69.0,0.1977401129943503,0.0,2024-03-28,1.0,1.0,39.7070,-120.4359
SITE_08912,CA,93206.0,4.8,180.0,20.0,12.0,0.20202020202020202,0.0,2024-03-27,0.0,1.0,37.4436,-117.9295
SITE_08913,CA,93602.0,5.845203445,180.0,23.0,16.0,0.20738636363636362,0.0,2024-03-25,1.0,1.0,38.2469,-119.3792
SITE_08914,CA,91108.0,48.375,270.0,5.0,72.0,0.1984536082474227,0.0,2024-03-22,0.0,0.0,38.6889,-117.6509
SITE_08915,CA,90601.0,8.0,180.0,20.0,20.0,-1.0,1.0,2024-03-21,0.0,0.0,38.4187,-120.5803
SITE_08916,CA,93212.0,242.9418799,180.0,20.0,540.0,0.20833333333333331,0.0,2024-03-14,0.0,1.0,37.8275,-119.7638
SITE_08917,CA,95249.0,1.6,190.0,0.0,4.0,0.20833333333333334,0.0,2024-03-06,0.0,0.0,35.4348,-118.3157
SITE_08918,CA,92026.0,120.65,169.0,10.0,254.0,0.203862660944206,0.0,2024-02-12,0.0,1.0,36.5614,-119.8970
SITE_08919,CA,91942.0,7.669364782,0.0,0.0,16.0,0.2162162162162162,1.0,2024-02-06,0.0,0.0,34.7771,-118.2390
SITE_08920,CA,94538.0,5.607537012,-1.0,-1.0,14.0,0.20833333333333334,1.0,2024-02-05,0.0,0.0,38.7488,-120.6669
SITE_08921,CA,92040.0,4.0,180.0,0.0,10.0,0.20202020202020202,0.0,2024-02-05,1.0,0.0,38.2119,-121.1150
SITE_08922,CA,92024.0,8.37,0.0,0.0,27.0,0.1901840490797546,1.0,2024-01-30,0.0,0.0,34.9865,-118.9514
SITE_08923,CA,95148.0,4.856125432,225.0,0.0,12.0,0.2109375,0.0,2024-01-26,0.0,0.0,35.0111,-121.6905
SITE_08924,CA,92883.0,3.645,180.0,1.0,9.0,0.2109375,0.0,2024-01-26,0.0,0.0,39.2760,-120.1727
SITE_08925,CA,93710.0,11.99871416,-1.0,-1.0,33.0,0.21987951807228917,1.0,2024-01-24,1.0,0.0,37.7782,-118.8041
SITE_08926,CA,91913.0,4.921575985,263.0,23.0,14.0,0.2147239263803681,0.0,2024-01-22,0.0,0.0,39.2292,-121.6003
SITE_08927,CA,92026.0,6.0,0.0,0.0,15.0,0.2061855670103093,1.0,2024-01-19,0.0,0.0,38.7679,-118.7711
SITE_08928,CA,91915.0,5.6,0.0,0.0,14.0,0.20512820512820515,1.0,2024-01-19,0.0,0.0,38.3144,-118.2556
SITE_08929,CA,94134.0,3.150960659,180.0,0.0,9.0,0.2147239263803681,0.0,2024-01-08,0.0,0.0,35.3898,-117.3453
SITE_08930,CA,93622.0,202.7727075,180.0,20.0,456.0,0.20601851851851852,0.0,2024-01-05,0.0,1.0,35.0940,-118.4655
SITE_08931,CA,92301.0,3.6,270.0,18.0,9.0,0.20833333333333334,0.0,2024-01-05,1.0,0.0,38.9225,-121.4695
SITE_08932,CA,92656.0,3.6,131.0,18.0,9.0,0.22346368715083798,0.0,2023-12-27,0.0,0.0,36.7721,-120.9350
SITE_08933,CA,92104.0,5.212821429,0.0,0.0,11.0,0.21396396396396394,1.0,2023-12-27,0.0,0.0,36.0106,-119.1695
SITE_08934,CA,92040.0,6.7065,0.0,0.0,14.0,0.2162162162162162,1.0,2023-12-13,0.0,0.0,37.5373,-118.3456
SITE_08935,CA,91978.0,3.851571429,130.0,10.0,11.0,0.1977401129943503,0.0,2023-12-11,1.0,0.0,37.4182,-121.6495
SITE_08936,CA,95124.0,4.00538358,180.0,18.0,10.0,0.20833333333333334,0.0,2023-12-08,0.0,0.0,35.9949,-118.7352
SITE_08937,CA,94124.0,7.374253828,-1.0,-1.0,18.0,0.20398009950248758,1.0,2023-12-08,0.0,0.0,35.0104,-120.1920
SITE_08938,CA,92021.0,4.856892857,0.0,0.0,11.0,0.205607476635514,1.0,2023-12-08,0.0,0.0,36.1458,-117.5309
SITE_08939,CA,92069.0,3.2,0.0,0.0,8.0,0.2061855670103093,1.0,2023-12-01,0.0,0.0,35.2499,-120.0389
SITE_08940,CA,96001.0,14.54389595,180.0,21.0,40.0,0.21987951807228917,0.0,2023-11-22,0.0,1.0,39.1034,-121.6480
SITE_08941,CA,94619.0,9.212382234,139.0,0.0,23.0,0.20833333333333334,0.0,2023-11-14,0.0,0.0,34.9294,-121.0371
SITE_08942,CA,95322.0,20.8,180.0,15.0,50.0,0.20512820512820515,0.0,2023-11-13,1.0,1.0,36.7840,-117.9209
SITE_08943,CA,94607.0,37.8,180.0,0.0,70.0,0.20769230769230768,0.0,2023-11-06,0.0,0.0,34.8907,-121.4160
SITE_08944,CA,95070.0,-1.0,-1.0,-1.0,208.0,0.2162162162162162,1.0,2023-11-06,0.0,1.0,34.8089,-118.5117
SITE_08945,CA,95672.0,12.8,-1.0,-1.0,32.0,-1.0,1.0,2023-10-27,0.0,1.0,37.9372,-119.0633
SITE_08946,CA,95482.0,4.74,180.0,21.0,14.0,0.16464518961637672,0.0,2023-10-26,0.0,1.0,36.4873,-120.9320
SITE_08947,CA,92026.0,8.0,0.0,0.0,20.0,0.2061855670103093,1.0,2023-10-25,0.0,0.0,39.6394,-118.0193
SITE_08948,CA,92252.0,10.0,180.0,20.0,25.0,0.20833333333333334,0.0,2023-10-20,0.0,1.0,35.2653,-118.5454
SITE_08949,CA,93465.0,4.25,-1.0,-1.0,10.0,0.22727272727272727,1.0,2023-10-19,0.0,0.0,35.0660,-119.2378
SITE_08950,CA,92120.0,5.269392857,0.0,0.0,11.0,0.2162162162162162,1.0,2023-10-19,0.0,0.0,36.3482,-117.6733
SITE_08951,CA,91030.0,5.135,179.0,18.0,13.0,0.20789473684210527,0.0,2023-10-13,1.0,0.0,36.6652,-120.0638
SITE_08952,CA,91354.0,6.935,269.0,18.0,19.0,0.21987951807228917,1.0,2023-10-12,0.0,0.0,38.5286,-120.7509
SITE_08953,CA,93458.0,6.631821929,182.0,19.0,17.0,0.20526315789473684,0.0,2023-10-05,1.0,1.0,35.2773,-118.5282
SITE_08954,CA,94951.0,87.36,180.0,25.0,224.0,0.19696969696969696,0.0,2023-10-04,0.0,1.0,38.8195,-118.6516
SITE_08955,CA,92583.0,13.995,156.0,18.0,9.0,0.20789473684210527,0.0,2023-10-04,1.0,0.0,36.8625,-121.1812
SITE_08956,CA,91911.0,4.0,0.0,0.0,10.0,0.20512820512820515,1.0,2023-10-04,0.0,0.0,38.2817,-117.8708
SITE_08957,CA,95023.0,6.4,0.0,0.0,16.0,-1.0,0.0,2023-10-03,0.0,0.0,39.1385,-118.3351
SITE_08958,CA,92376.0,7.4,180.0,1.0,20.0,0.2032967032967033,1.0,2023-10-02,0.0,0.0,35.5078,-121.6865
SITE_08959,CA,94539.0,10.53333333,180.0,0.0,30.0,0.2147239263803681,0.0,2023-09-28,0.0,0.0,36.4315,-120.8542
SITE_08960,CA,95340.0,14.6,180.0,10.0,40.0,0.2062146892655367,0.0,2023-09-27,0.0,1.0,37.6369,-119.0373
SITE_08961,CA,92126.0,4.0,0.0,0.0,10.0,0.20512820512820515,1.0,2023-09-25,0.0,0.0,35.4326,-119.8683
SITE_08962,CA,92129.0,7.257214286,0.0,0.0,18.0,0.2109375,1.0,2023-09-19,0.0,0.0,35.7465,-119.5792
SITE_08963,CA,92139.0,5.212821429,0.0,0.0,11.0,0.21396396396396394,1.0,2023-09-12,0.0,0.0,36.9016,-118.3272
SITE_08964,CA,92010.0,3.201428571,204.0,35.0,8.0,0.20833333333333334,0.0,2023-08-31,0.0,0.0,38.8533,-119.2351
SITE_08965,CA,95403.0,2.0,180.0,0.0,5.0,-1.0,0.0,2023-08-30,0.0,0.0,36.3081,-118.4955
SITE_08966,CA,93245.0,10.6104065,180.0,20.0,3.0,-1.0,0.0,2023-08-25,0.0,1.0,35.4666,-121.1820
SITE_08967,CA,93551.0,3.95,214.0,18.0,10.0,0.20789473684210527,0.0,2023-08-25,1.0,0.0,34.7721,-119.2429
SITE_08968,CA,95973.0,2.742520325,-1.0,-1.0,7.0,-1.0,1.0,2023-08-24,1.0,0.0,36.9792,-119.9899
SITE_08969,CA,95961.0,6.328506057,-1.0,-1.0,16.0,0.20256410256410257,1.0,2023-08-23,0.0,0.0,36.8594,-118.4773
SITE_08970,CA,95209.0,5.641481481,-1.0,-1.0,23.0,0.19753086419753085,1.0,2023-08-23,0.0,0.0,36.4598,-120.9464
SITE_08971,CA,92595.0,6.4,190.0,17.0,16.0,0.19184652278177458,1.0,2023-08-23,0.0,0.0,34.9637,-119.5591
SITE_08972,CA,93727.0,19.19570566,180.0,10.0,40.0,0.2162162162162162,0.0,2023-08-18,0.0,1.0,35.5367,-121.1599
SITE_08973,CA,93314.0,14.04,180.0,20.0,36.0,0.20418848167539266,0.0,2023-08-17,0.0,1.0,39.7979,-117.9716
SITE_08974,CA,94530.0,8.191489362,180.0,10.0,20.0,0.211340206185567,0.0,2023-08-10,0.0,0.0,36.6620,-118.8770
SITE_08975,CA,94539.0,7.2,0.0,0.0,18.0,-1.0,0.0,2023-08-08,0.0,0.0,35.6129,-120.0395
SITE_08976,CA,92116.0,8.622642857,0.0,0.0,18.0,0.2162162162162162,1.0,2023-08-08,0.0,0.0,36.5163,-117.9764
SITE_08977,CA,94542.0,3.63,-1.0,-1.0,11.0,0.20625,1.0,2023-08-07,0.0,0.0,39.7130,-119.8964
SITE_08978,CA,94556.0,9.35,0.0,0.0,22.0,-1.0,0.0,2023-08-02,0.0,0.0,38.4040,-119.0447
SITE_08979,CA,95370.0,11.84,180.0,13.0,32.0,0.20903954802259886,0.0,2023-07-31,0.0,1.0,35.8709,-121.2943
SITE_08980,CA,93401.0,13.6,270.0,15.0,40.0,0.19026301063234474,0.0,2023-07-28,0.0,1.0,39.7922,-118.8615
SITE_08981,CA,95946.0,3.844271413,0.0,0.0,8.0,0.2162162162162162,0.0,2023-07-28,0.0,1.0,39.3421,-118.3836
SITE_08982,CA,94596.0,9.35,270.0,20.0,22.0,0.22727272727272727,0.0,2023-07-26,0.0,0.0,38.6477,-120.8031
SITE_08983,CA,94131.0,8.075,-1.0,-1.0,19.0,0.22727272727272727,1.0,2023-07-25,0.0,0.0,39.3393,-119.8428
SITE_08984,CA,95014.0,4.05,180.0,31.0,18.0,0.18085624581016363,0.0,2023-07-25,0.0,0.0,34.9540,-120.0990
SITE_08985,CA,93444.0,4.07,-1.0,-1.0,11.0,0.20218579234972678,1.0,2023-07-25,0.0,0.0,35.2207,-120.6140
SITE_08986,CA,94010.0,10.625,0.0,0.0,25.0,0.22727272727272727,0.0,2023-07-21,0.0,0.0,36.9211,-121.6527
SITE_08987,CA,93035.0,4.44,145.0,2.0,6.0,0.20407262779358878,0.0,2023-07-20,0.0,0.0,39.2946,-119.1262
SITE_08988,CA,95746.0,13.21776581,180.0,20.0,33.0,0.20833333333333334,0.0,2023-07-19,0.0,1.0,37.8089,-119.0293
SITE_08989,CA,94550.0,9.775,0.0,0.0,23.0,0.22727272727272727,0.0,2023-07-17,0.0,0.0,35.8699,-121.1093
SITE_08990,CA,92014.0,9.6,0.0,0.0,24.0,0.20202020202020202,1.0,2023-07-17,0.0,0.0,37.4614,-119.6682
SITE_08991,CA,95125.0,7.209690444,225.0,0.0,18.0,0.20833333333333334,0.0,2023-07-14,0.0,0.0,36.9811,-118.6176
SITE_08992,CA,90603.0,11.2,270.0,23.0,28.0,0.20202020202020202,0.0,2023-07-14,0.0,0.0,36.6789,-119.9887
SITE_08993,CA,96007.0,7.11,180.0,22.0,18.0,0.20256410256410257,0.0,2023-07-13,0.0,1.0,36.6647,-119.1821
SITE_08994,CA,93312.0,5.92,-1.0,-1.0,16.0,0.2032967032967033,1.0,2023-07-12,0.0,0.0,39.4302,-119.4673
SITE_08995,CA,93304.0,5.455067751,180.0,0.0,14.0,-1.0,0.0,2023-07-11,0.0,0.0,35.4005,-118.2230
SITE_08996,CA,92154.0,61.46357143,0.0,0.0,176.0,0.2208588957055215,1.0,2023-07-10,0.0,0.0,37.7315,-121.2303
SITE_08997,CA,94549.0,15.2204576,105.0,18.0,38.0,0.20833333333333334,0.0,2023-07-06,0.0,0.0,36.8264,-117.3667
SITE_08998,CA,94960.0,8.362439024,1.0,0.0,36.0,-1.0,0.0,2023-07-05,0.0,0.0,-9999,-9999
SITE_08999,CA,95366.0,16.02153432,-1.0,-1.0,40.0,0.20833333333333334,1.0,2023-06-30,0.0,0.0,36.7561,-120.6681
SITE_09000,CA,92123.0,6.0,0.0,0.0,15.0,0.20512820512820515,1.0,2023-06-30,0.0,0.0,39.3622,-121.0279
SITE_09001,CA,94116.0,6.408613728,176.0,0.0,16.0,0.20833333333333334,0.0,2023-06-29,0.0,0.0,38.4305,-119.8919
SITE_09002,CA,93535.0,6.4,270.0,18.0,16.0,0.20833333333333334,0.0,2023-06-27,0.0,0.0,39.3972,-121.1227
SITE_09003,CA,95023.0,5.55,180.0,20.0,15.0,0.20218579234972678,0.0,2023-06-26,0.0,1.0,39.3961,-121.6666
SITE_09004,CA,94545.0,6.0,0.0,0.0,15.0,0.20202020202020202,0.0,2023-06-23,0.0,0.0,39.6561,-118.5949
SITE_09005,CA,93657.0,14.35,180.0,10.0,35.0,0.22905027932960895,0.0,2023-06-22,0.0,1.0,36.6669,-118.7808
SITE_09006,CA,95123.0,5.6,0.0,0.0,14.0,0.20202020202020202,0.0,2023-06-22,0.0,0.0,35.7019,-118.7863
SITE_09007,CA,93614.0,13.14,180.0,18.0,36.0,0.2062146892655367,0.0,2023-06-22,0.0,1.0,38.8336,-121.0416
SITE_09008,CA,93308.0,9.25,-1.0,-1.0,25.0,0.20218579234972678,1.0,2023-06-22,0.0,0.0,38.5806,-118.6190
SITE_09009,CA,93636.0,8.5,180.0,18.0,20.0,0.22727272727272727,0.0,2023-06-19,0.0,1.0,35.4475,-118.6639
SITE_09010,CA,93614.0,7.90642799,180.0,20.0,20.0,0.20789473684210527,0.0,2023-06-16,0.0,1.0,36.7038,-120.3930
SITE_09011,CA,92130.0,7.143642857,0.0,0.0,17.0,0.21842105263157896,1.0,2023-06-16,0.0,0.0,35.3896,-117.9026
SITE_09012,CA,93455.0,8.504806867,-1.0,-1.0,26.0,0.20061349693251534,1.0,2023-06-14,1.0,0.0,39.6695,-118.4209
SITE_09013,CA,95037.0,2.800853919,180.0,0.0,8.0,0.2147239263803681,0.0,2023-06-12,0.0,0.0,38.6949,-117.5949
SITE_09014,CA,96073.0,12.81127371,180.0,23.0,32.0,0.20833333333333334,0.0,2023-06-08,0.0,1.0,39.2571,-119.8585
SITE_09015,CA,94061.0,12.15,166.0,15.0,30.0,0.225752508361204,0.0,2023-06-08,0.0,0.0,35.0838,-121.0753
SITE_09016,CA,92020.0,11.49814286,0.0,0.0,36.0,0.2,1.0,2023-06-08,0.0,0.0,38.5242,-119.6394
SITE_09017,CA,92256.0,8.075,180.0,1.0,19.0,0.22727272727272727,0.0,2023-06-07,0.0,0.0,37.8266,-121.5674
SITE_09018,CA,95129.0,4.912682927,0.0,0.0,20.0,0.18085624581016363,0.0,2023-06-06,0.0,0.0,37.8502,-117.6325
SITE_09019,CA,92003.0,13.04871429,268.0,20.0,36.0,0.21987951807228917,0.0,2023-06-05,0.0,1.0,37.8808,-118.1003
SITE_09020,CA,92064.0,7.6,0.0,0.0,19.0,0.2061855670103093,1.0,2023-05-26,0.0,0.0,36.0865,-117.5106
SITE_09021,CA,92399.0,5.265,180.0,18.0,2.0,0.2131578947368421,0.0,2023-05-19,1.0,0.0,36.8752,-118.3534
SITE_09022,CA,92106.0,6.805714286,0.0,0.0,16.0,0.2028301886792453,1.0,2023-05-19,0.0,0.0,37.6312,-118.2388
SITE_09023,CA,93108.0,21.6,190.0,20.0,38.0,0.20863517820921476,0.0,2023-05-10,0.0,1.0,-9999,-9999
SITE_09024,CA,91942.0,5.88,0.0,0.0,12.0,0.21519543258673693,1.0,2023-05-04,0.0,0.0,37.2363,-119.2112
SITE_09025,CA,92037.0,8.8,0.0,0.0,22.0,0.20202020202020202,1.0,2023-05-03,0.0,0.0,37.2647,-120.3274
SITE_09026,CA,92114.0,10.8,0.0,0.0,27.0,0.2061855670103093,1.0,2023-04-30,0.0,0.0,36.5951,-119.3584
SITE_09027,CA,93444.0,5.1,-1.0,-1.0,12.0,0.22727272727272727,1.0,2023-04-26,0.0,0.0,35.4937,-120.3770
SITE_09028,CA,93711.0,14.90749335,-1.0,-1.0,41.0,0.21987951807228917,1.0,2023-04-20,0.0,0.0,36.8144,-118.9842
SITE_09029,CA,93004.0,6.4,170.0,18.0,8.0,0.2229654403567447,0.0,2023-04-15,0.0,0.0,38.1642,-118.9059
SITE_09030,CA,95666.0,12.01615074,180.0,15.0,30.0,0.20833333333333334,0.0,2023-04-12,0.0,1.0,35.3570,-119.2427
SITE_09031,CA,96021.0,10.35,180.0,20.0,30.0,0.19306099608282037,0.0,2023-04-06,0.0,1.0,38.0858,-119.0527
SITE_09032,CA,92139.0,6.041142857,0.0,0.0,16.0,0.19791666666666669,1.0,2023-03-30,0.0,0.0,37.9297,-118.1340
SITE_09033,CA,93420.0,3.120857378,180.0,21.0,8.0,0.20526315789473684,0.0,2023-03-29,1.0,0.0,39.6502,-118.1895
SITE_09034,CA,93223.0,5.915,270.0,15.0,13.0,0.2077625570776256,0.0,2023-03-23,0.0,0.0,36.8319,-119.1027
SITE_09035,CA,92037.0,3.791142857,0.0,0.0,8.0,0.21396396396396394,1.0,2023-03-13,0.0,0.0,38.8920,-119.5459
SITE_09036,CA,92103.0,6.0,0.0,0.0,15.0,0.2229654403567447,1.0,2023-03-12,0.0,0.0,37.9535,-120.6975
SITE_09037,CA,92116.0,6.715607143,1.0,4.0,17.0,0.20789473684210527,0.0,2023-03-02,1.0,0.0,35.2682,-118.8091
SITE_09038,CA,93263.0,5.32,182.0,23.0,14.0,0.2087912087912088,0.0,2023-03-01,1.0,0.0,36.7742,-117.7678
SITE_09039,CA,92107.0,4.8,180.0,18.0,12.0,0.2229654403567447,0.0,2023-02-27,0.0,0.0,-9999,-9999
SITE_09040,CA,92071.0,9.429428571,0.0,0.0,24.0,0.20572916666666669,1.0,2023-02-16,0.0,0.0,37.5269,-121.4524
SITE_09041,CA,95003.0,7.761717194,165.0,50.0,16.0,0.21846846846846846,0.0,2023-02-15,0.0,1.0,36.5482,-120.7910
SITE_09042,CA,95973.0,9.425,-1.0,-1.0,23.0,0.21025641025641026,1.0,2023-02-14,0.0,0.0,37.2471,-117.8040
SITE_09043,CA,95963.0,8.891409266,180.0,30.0,20.0,0.20794392523364486,0.0,2023-02-09,0.0,1.0,35.5421,-121.5882
SITE_09044,CA,94523.0,3.557908372,180.0,18.0,9.0,0.20572916666666669,0.0,2023-02-06,0.0,0.0,38.0943,-117.4301
SITE_09045,CA,94124.0,180.6128932,-1.0,-1.0,457.0,0.18202764976958524,1.0,2023-01-31,0.0,0.0,37.7655,-120.1400
SITE_09046,CA,94134.0,3.150960659,180.0,0.0,9.0,0.2147239263803681,0.0,2023-01-31,0.0,0.0,35.8423,-119.8126
SITE_09047,CA,93280.0,603.8698436,-1.0,-1.0,1404.0,0.20379146919431282,1.0,2023-01-26,0.0,1.0,38.0221,-119.8575
SITE_09048,CA,94112.0,7.225,180.0,0.0,17.0,0.22727272727272727,0.0,2023-01-26,0.0,0.0,35.1408,-120.0545
SITE_09049,CA,95340.0,11.35145631,-1.0,-1.0,42.0,0.20903954802259886,1.0,2023-01-25,0.0,1.0,37.2786,-118.6078
SITE_09050,CA,94121.0,6.809152086,176.0,0.0,17.0,0.20833333333333334,0.0,2023-01-25,0.0,0.0,36.9959,-118.4819
SITE_09051,CA,95035.0,5.467722772,-1.0,-1.0,14.0,-1.0,1.0,2023-01-24,0.0,0.0,38.4867,-121.4617
SITE_09052,CA,93442.0,8.76,180.0,30.0,24.0,0.21597633136094674,0.0,2023-01-19,0.0,1.0,39.7479,-118.5974
SITE_09053,CA,92124.0,283.5,180.0,10.0,630.0,0.22167487684729065,0.0,2023-01-19,0.0,1.0,36.2487,-119.7900
SITE_09054,CA,95570.0,9.49,180.0,23.0,26.0,0.21726190476190477,0.0,2023-01-16,0.0,0.0,37.7446,-121.2231
SITE_09055,CA,93527.0,11.1,180.0,20.0,30.0,0.20903954802259886,0.0,2023-01-13,0.0,1.0,37.3533,-119.2634
SITE_09056,CA,92105.0,7.110642857,269.0,13.0,18.0,0.20789473684210527,0.0,2023-01-12,1.0,0.0,38.1601,-118.2512
SITE_09057,CA,93906.0,4.291178895,198.0,30.0,11.0,0.20526315789473684,0.0,2023-01-11,0.0,0.0,36.3036,-121.2346
SITE_09058,CA,92126.0,263.94,260.0,5.0,636.0,0.2075,0.0,2023-01-06,0.0,1.0,35.1246,-119.6199
SITE_09059,CA,92139.0,5.074178571,150.0,18.0,13.0,-1.0,0.0,2023-01-06,1.0,0.0,39.7894,-118.6211
SITE_09060,CA,93203.0,1082.378388,-1.0,-1.0,2403.0,0.20930232558139536,1.0,2022-12-29,0.0,1.0,35.9400,-118.4109
SITE_09061,CA,91977.0,6.767752809,0.0,0.0,14.0,0.2162162162162162,1.0,2022-12-29,0.0,0.0,35.9324,-119.4819
SITE_09062,CA,92057.0,6.731617978,0.0,0.0,14.0,0.2162162162162162,1.0,2022-12-28,0.0,0.0,39.3241,-119.3100
SITE_09063,CA,92129.0,9.037686998,0.0,0.0,19.0,0.21396396396396394,1.0,2022-12-27,0.0,0.0,38.6064,-119.7235
SITE_09064,CA,95682.0,15.62099596,-1.0,-1.0,39.0,0.20833333333333334,1.0,2022-12-21,0.0,0.0,39.7924,-118.3024
SITE_09065,CA,92675.0,3.96,0.0,0.0,9.0,0.20952380952380953,1.0,2022-12-21,0.0,0.0,35.8414,-117.9202
SITE_09066,CA,95966.0,9.9,180.0,20.0,30.0,0.171875,0.0,2022-12-14,0.0,1.0,36.1655,-120.3212
SITE_09067,CA,93662.0,10.14278648,180.0,26.0,26.0,0.20526315789473684,0.0,2022-12-14,0.0,0.0,34.7485,-121.2066
SITE_09068,CA,92009.0,4.016773676,0.0,0.0,10.0,0.20833333333333334,1.0,2022-12-14,0.0,0.0,39.2802,-119.3446
SITE_09069,CA,92110.0,4.794317817,168.0,14.0,12.0,0.20833333333333334,0.0,2022-12-08,0.0,0.0,39.4722,-120.2659
SITE_09070,CA,92014.0,11.2,0.0,0.0,28.0,0.20202020202020202,1.0,2022-12-06,0.0,0.0,38.3282,-119.8039
SITE_09071,CA,92028.0,5.76,0.0,0.0,16.0,0.21101992966002345,1.0,2022-12-06,0.0,0.0,38.8854,-120.3679
SITE_09072,CA,93705.0,230.7076101,90.0,7.0,576.0,0.20512820512820515,0.0,2022-12-05,1.0,1.0,37.2632,-120.6975
SITE_09073,CA,94555.0,5.461500412,-1.0,-1.0,14.0,0.20526315789473684,1.0,2022-12-02,0.0,0.0,39.3163,-119.4920
SITE_09074,CA,96080.0,8.767782055,22.0,22.0,24.0,0.20054945054945053,0.0,2022-12-01,0.0,1.0,36.2499,-119.9156
SITE_09075,CA,91737.0,7.2,91.0,18.0,18.0,0.20833333333333334,0.0,2022-12-01,0.0,0.0,36.7054,-119.9803
SITE_09076,CA,92025.0,3.406998395,193.0,23.0,9.0,0.211864406779661,0.0,2022-12-01,1.0,0.0,37.1732,-121.1663
SITE_09077,CA,91978.0,5.95418138,0.0,0.0,15.0,-1.0,1.0,2022-11-28,0.0,0.0,36.3780,-117.7166
SITE_09078,CA,95361.0,1628.307692,-1.0,-1.0,6720.0,0.1370785812758491,1.0,2022-11-16,0.0,1.0,37.7955,-118.2797
SITE_09079,CA,94551.0,6.0,158.0,18.0,15.0,0.20833333333333334,0.0,2022-11-10,0.0,0.0,-9999,-9999
SITE_09080,CA,95377.0,5.13,-1.0,-1.0,18.0,-1.0,1.0,2022-11-10,0.0,0.0,39.7462,-117.9307
SITE_09081,CA,95215.0,14.39677924,0.0,20.0,30.0,0.2162162162162162,0.0,2022-11-09,0.0,1.0,38.1979,-119.2402
SITE_09082,CA,92123.0,3.314080257,269.0,3.0,9.0,0.2062146892655367,0.0,2022-11-04,1.0,0.0,39.5918,-121.2787
SITE_09083,CA,92630.0,4.2,229.0,18.0,12.0,0.2147239263803681,0.0,2022-11-02,0.0,0.0,37.1109,-120.1140
SITE_09084,CA,94583.0,5.908235294,-1.0,-1.0,30.0,0.1325023310595279,1.0,2022-10-27,0.0,0.0,34.9408,-119.3015
SITE_09085,CA,94558.0,6.156952004,180.0,18.0,14.0,0.20952380952380953,0.0,2022-10-19,0.0,0.0,37.5243,-120.0433
SITE_09086,CA,92117.0,5.289128411,0.0,0.0,11.0,0.2162162162162162,1.0,2022-10-19,0.0,0.0,38.7705,-119.9379
SITE_09087,CA,92365.0,16.32,180.0,18.0,48.0,0.19653179190751444,0.0,2022-10-18,0.0,1.0,39.7366,-120.5094
SITE_09088,CA,92054.0,5.695752809,0.0,0.0,14.0,0.2109375,1.0,2022-10-18,0.0,0.0,39.4068,-118.3372
SITE_09089,CA,90805.0,3.6,180.0,20.0,10.0,0.21301775147928995,1.0,2022-10-14,0.0,0.0,39.5023,-119.5879
SITE_09090,CA,94546.0,4.796486091,0.0,0.0,16.0,0.189873417721519,0.0,2022-10-13,0.0,0.0,37.9048,-118.4826
SITE_09091,CA,95023.0,3.150960659,152.0,18.0,9.0,0.2147239263803681,0.0,2022-09-16,0.0,0.0,36.3624,-120.7612
SITE_09092,CA,96022.0,9.499009901,170.0,15.0,24.0,0.20572916666666669,0.0,2022-09-14,0.0,1.0,38.7323,-119.6768
SITE_09093,CA,92040.0,5.55,117.0,33.0,15.0,0.2102272727272727,0.0,2022-09-14,0.0,0.0,34.6347,-117.8135
SITE_09094,CA,92071.0,4.15,180.0,6.0,10.0,0.22192513368983954,0.0,2022-09-13,0.0,0.0,35.4446,-119.5222
SITE_09095,CA,92114.0,3.595200642,0.0,0.0,10.0,0.20809248554913296,1.0,2022-09-09,0.0,0.0,38.2495,-119.0390
SITE_09096,CA,93249.0,1080.0,-1.0,-1.0,2880.0,0.1893939393939394,1.0,2022-09-06,0.0,1.0,38.9220,-117.9770
SITE_09097,CA,93402.0,4.00538358,181.0,0.0,10.0,0.20833333333333334,0.0,2022-08-30,1.0,0.0,39.4503,-119.5842
SITE_09098,CA,94551.0,20.72,180.0,12.0,56.0,0.21893491124260356,0.0,2022-08-25,0.0,1.0,39.7043,-117.5645
SITE_09099,CA,92832.0,8.64,359.0,19.0,8.0,0.1978021978021978,0.0,2022-08-23,1.0,0.0,38.3200,-117.4079
SITE_09100,CA,92126.0,7.571107544,0.0,0.0,20.0,0.2087912087912088,1.0,2022-08-23,0.0,0.0,34.7621,-118.8697
SITE_09101,CA,95060.0,8.01076716,173.0,32.0,20.0,0.20833333333333334,0.0,2022-08-17,0.0,0.0,36.9244,-120.4109
SITE_09102,CA,95125.0,9.6,-1.0,-1.0,24.0,0.2229654403567447,1.0,2022-08-15,0.0,0.0,34.8639,-120.2009
SITE_09103,CA,94134.0,6.3,252.0,0.0,15.0,0.2245989304812834,0.0,2022-08-15,0.0,0.0,39.2979,-119.2903
SITE_09104,CA,95212.0,13.2,-1.0,-1.0,33.0,0.2229654403567447,1.0,2022-08-14,0.0,0.0,36.4211,-121.6893
SITE_09105,CA,91913.0,5.289128411,0.0,0.0,11.0,0.2162162162162162,1.0,2022-08-11,0.0,0.0,39.2279,-119.0510
SITE_09106,CA,93611.0,3.059038038,90.0,23.0,9.0,0.19607843137254904,0.0,2022-08-10,1.0,0.0,36.7095,-120.5044
SITE_09107,CA,96003.0,6.332673267,180.0,10.0,16.0,0.20572916666666669,0.0,2022-08-09,0.0,1.0,36.3883,-117.7403
SITE_09108,CA,93727.0,4.76,180.0,23.0,14.0,0.20622258452699818,0.0,2022-07-28,1.0,0.0,38.7113,-120.8771
SITE_09109,CA,93636.0,3.502141983,270.0,19.0,10.0,0.1977401129943503,0.0,2022-07-26,0.0,0.0,35.6116,-117.9636
SITE_09110,CA,92128.0,6.731617978,0.0,0.0,14.0,0.2162162162162162,1.0,2022-07-26,0.0,0.0,36.4297,-118.5999
SITE_09111,CA,92394.0,7.0,180.0,18.0,12.0,0.1977401129943503,0.0,2022-07-22,1.0,0.0,35.4015,-120.3288
SITE_09112,CA,92119.0,3.846638844,0.0,0.0,8.0,0.2162162162162162,1.0,2022-07-20,0.0,0.0,38.1922,-121.3729
SITE_09113,CA,95383.0,8.885257549,180.0,25.0,24.0,0.2102272727272727,0.0,2022-07-13,0.0,1.0,39.6113,-120.9243
SITE_09114,CA,91791.0,72.9,180.0,7.0,52.0,0.20361990950226247,0.0,2022-07-12,0.0,1.0,39.1800,-120.6624
SITE_09115,CA,90660.0,4.14,211.0,20.0,12.0,0.19306099608282037,0.0,2022-07-11,0.0,0.0,37.2806,-118.6935
SITE_09116,CA,90250.0,5.95,270.0,19.0,14.0,0.22727272727272727,0.0,2022-07-09,0.0,0.0,37.2226,-119.0842
SITE_09117,CA,92109.0,7.2,199.0,17.0,20.0,0.1978021978021978,0.0,2022-07-08,1.0,0.0,37.8591,-121.6344
SITE_09118,CA,95340.0,201.3234568,180.0,20.0,448.0,0.20967741935483872,0.0,2022-07-06,0.0,1.0,38.3646,-120.4764
SITE_09119,CA,92020.0,3.7,270.0,18.0,10.0,0.20786516853932585,0.0,2022-06-27,0.0,0.0,37.5079,-118.7942
SITE_09120,CA,92126.0,5.802221509,0.0,0.0,16.0,0.20785219399538107,1.0,2022-06-21,0.0,0.0,39.4800,-118.9293
SITE_09121,CA,90720.0,17.0,180.0,18.0,40.0,0.20132638559924207,0.0,2022-06-15,0.0,0.0,36.5212,-119.8530
SITE_09122,CA,92126.0,3.173735152,59.0,14.0,9.0,0.2147239263803681,0.0,2022-06-03,0.0,0.0,36.1390,-121.2464
SITE_09123,CA,92239.0,132.0,180.0,1.0,378.0,0.1867816091954023,1.0,2022-06-02,0.0,1.0,36.6244,-117.8847
SITE_09124,CA,91910.0,4.655585875,0.0,0.0,13.0,0.1978021978021978,1.0,2022-05-26,0.0,0.0,37.3286,-118.6431
SITE_09125,CA,91915.0,6.84,0.0,0.0,19.0,0.18145161290322578,1.0,2022-05-25,0.0,0.0,38.5260,-120.0466
SITE_09126,CA,92106.0,4.8,0.0,0.0,12.0,0.20202020202020202,1.0,2022-05-23,0.0,0.0,38.8578,-118.2479
SITE_09127,CA,92103.0,6.09,90.0,0.0,14.0,0.2185929648241206,0.0,2022-05-18,0.0,0.0,38.7820,-118.2485
SITE_09128,CA,92114.0,6.659348315,0.0,0.0,14.0,0.21396396396396394,1.0,2022-05-17,0.0,0.0,36.1754,-117.3615
SITE_09129,CA,95692.0,6.753136309,155.0,22.0,19.0,0.20056497175141244,0.0,2022-05-04,1.0,0.0,36.2137,-118.0911
SITE_09130,CA,91911.0,5.349245586,264.0,19.0,15.0,0.20056497175141244,0.0,2022-05-01,0.0,0.0,38.6174,-121.2058
SITE_09131,CA,93637.0,4.551387618,112.0,18.0,13.0,0.2147239263803681,0.0,2022-04-28,1.0,0.0,37.0694,-120.7033
SITE_09132,CA,93446.0,23.06,180.0,18.0,48.0,0.16870475645167887,0.0,2022-04-21,0.0,1.0,37.1455,-121.4851
SITE_09133,CA,93263.0,62.0799742,180.0,22.0,180.0,0.16893579264673908,0.0,2022-04-20,0.0,1.0,37.8402,-119.2230
SITE_09134,CA,95247.0,7.875,237.0,0.0,21.0,0.22189349112426035,0.0,2022-04-18,0.0,0.0,36.3451,-118.9838
SITE_09135,CA,91761.0,13.68,180.0,18.0,16.0,0.2087912087912088,0.0,2022-04-16,1.0,0.0,37.7283,-117.4232
SITE_09136,CA,94533.0,54.5549505,180.0,15.0,288.0,-1.0,0.0,2022-04-14,0.0,1.0,36.8233,-118.5484
SITE_09137,CA,92107.0,8.8,210.0,18.0,22.0,0.20202020202020202,0.0,2022-04-14,0.0,0.0,-9999,-9999
SITE_09138,CA,96022.0,9.4,180.0,20.0,20.0,0.21559633027522934,0.0,2022-04-13,0.0,1.0,34.6385,-117.8846
SITE_09139,CA,92130.0,4.4,0.0,0.0,10.0,0.20754716981132074,1.0,2022-04-12,0.0,0.0,-9999,-9999
SITE_09140,CA,94544.0,3.604265403,148.0,23.0,10.0,0.20338983050847456,0.0,2022-03-24,0.0,0.0,34.9426,-118.5271
SITE_09141,CA,95926.0,5.035477116,232.0,23.0,14.0,0.2208588957055215,0.0,2022-03-21,0.0,0.0,38.3190,-118.6915
SITE_09142,CA,95946.0,15.0,180.0,30.0,40.0,0.1926040061633282,0.0,2022-03-17,0.0,1.0,34.8059,-120.5091
SITE_09143,CA,95225.0,5.606879607,180.0,16.0,16.0,0.2023121387283237,0.0,2022-03-17,0.0,1.0,38.8631,-120.9075
SITE_09144,CA,93266.0,364.7910567,-1.0,-1.0,900.0,-1.0,1.0,2022-03-16,0.0,1.0,36.3112,-118.4944
SITE_09145,CA,94801.0,5.6,189.0,0.0,14.0,0.213903743315508,0.0,2022-03-15,0.0,0.0,38.7194,-118.0148
SITE_09146,CA,95953.0,4.18,180.0,18.0,11.0,0.2087912087912088,0.0,2022-03-14,1.0,0.0,35.4370,-118.2479
SITE_09147,CA,94945.0,18.37100917,-1.0,-1.0,329.0,0.14687882496940022,1.0,2022-03-12,0.0,1.0,38.7417,-118.6939
SITE_09148,CA,92336.0,2.72,180.0,34.0,8.0,0.20622258452699818,0.0,2022-03-11,1.0,0.0,-9999,-9999
SITE_09149,CA,92657.0,8.16,185.0,20.0,24.0,0.19607843137254904,0.0,2022-03-09,0.0,0.0,39.5211,-118.0738
SITE_09150,CA,93636.0,6.93,-1.0,-1.0,21.0,0.1987951807228916,1.0,2022-02-24,0.0,1.0,34.6245,-117.4380
SITE_09151,CA,95210.0,10.6628468,271.0,14.0,30.0,0.20056497175141244,0.0,2022-02-22,1.0,0.0,38.8798,-119.4805
SITE_09152,CA,94014.0,3.8,270.0,0.0,10.0,0.2087912087912088,0.0,2022-02-11,0.0,0.0,35.8905,-120.1686
SITE_09153,CA,93312.0,10.79030811,180.0,22.0,30.0,0.2208588957055215,0.0,2022-02-05,0.0,0.0,36.0091,-118.8202
SITE_09154,CA,92260.0,10.5,359.0,1.0,30.0,0.1977401129943503,0.0,2022-02-04,1.0,0.0,38.8463,-121.2637
SITE_09155,CA,95901.0,13.94,-1.0,-1.0,34.0,0.20603015075376885,1.0,2022-02-01,0.0,1.0,38.0763,-119.4095
SITE_09156,CA,91901.0,7.251163724,0.0,0.0,15.0,0.2162162162162162,1.0,2022-01-31,0.0,0.0,35.3180,-119.8312
SITE_09157,CA,93638.0,5.32,90.0,27.0,14.0,0.2087912087912088,0.0,2022-01-28,0.0,0.0,35.7540,-120.5935
SITE_09158,CA,92117.0,5.7,0.0,0.0,15.0,0.22709887167718495,1.0,2022-01-27,0.0,0.0,38.0425,-119.2057
SITE_09159,CA,92308.0,7.0,180.0,25.0,20.0,0.1977401129943503,0.0,2022-01-13,1.0,1.0,37.1883,-120.0670
SITE_09160,CA,93308.0,8.03,90.0,0.0,22.0,0.20054945054945053,0.0,2022-01-11,0.0,0.0,35.9175,-120.0145
SITE_09161,CA,92120.0,6.84,130.0,0.0,18.0,0.20958810422044255,0.0,2022-01-07,0.0,0.0,37.8141,-121.0276
SITE_09162,CA,96080.0,6.794578794,90.0,20.0,17.0,0.20512820512820515,0.0,2022-01-03,0.0,0.0,39.5578,-120.7145
SITE_09163,CA,90620.0,4.29,180.0,18.0,13.0,-1.0,0.0,2021-12-21,0.0,1.0,37.1179,-119.3331
SITE_09164,CA,92677.0,12.10067526,0.0,0.0,32.0,0.2087912087912088,1.0,2021-12-21,0.0,0.0,35.3611,-117.8437
SITE_09165,CA,93631.0,269.0163671,180.0,21.0,672.0,0.2054442732408834,0.0,2021-12-09,0.0,1.0,37.1951,-118.5011
SITE_09166,CA,93312.0,7.709401709,188.0,18.0,22.0,0.20207852193995382,0.0,2021-12-09,0.0,0.0,38.9130,-119.9596
SITE_09167,CA,94601.0,2.0,180.0,0.0,5.0,0.20202020202020202,0.0,2021-12-09,0.0,0.0,38.6042,-121.0460
SITE_09168,CA,94014.0,2.0,180.0,0.0,5.0,0.20376974019358124,0.0,2021-12-07,0.0,0.0,39.6177,-119.5603
SITE_09169,CA,93657.0,12.24,180.0,15.0,36.0,0.19653179190751444,0.0,2021-12-06,0.0,1.0,36.4451,-117.9030
SITE_09170,CA,96008.0,15.84,200.0,18.0,44.0,0.21301775147928995,0.0,2021-12-04,0.0,1.0,34.9404,-119.8966
SITE_09171,CA,94591.0,5.84,114.0,22.0,16.0,0.21726190476190477,0.0,2021-12-04,0.0,1.0,39.5850,-118.0143
SITE_09172,CA,92399.0,13.8391,270.0,18.0,26.0,0.2017114914425428,0.0,2021-12-03,1.0,0.0,37.3277,-118.1405
SITE_09173,CA,92071.0,13.5,0.0,0.0,30.0,0.2027027027027027,1.0,2021-11-23,0.0,0.0,34.9727,-120.8571
SITE_09174,CA,92128.0,8.516881522,0.0,0.0,20.0,0.2038369304556355,1.0,2021-11-22,0.0,0.0,36.2976,-117.4998
SITE_09175,CA,93702.0,3.778714723,140.0,0.0,12.0,0.19408502772643255,0.0,2021-11-15,0.0,0.0,37.6030,-118.8349
SITE_09176,CA,92886.0,7.92,270.0,18.0,24.0,0.1987951807228916,0.0,2021-11-08,0.0,0.0,36.3954,-120.6987
SITE_09177,CA,93635.0,3.852356181,180.0,0.0,11.0,0.1977401129943503,0.0,2021-11-05,0.0,0.0,37.7840,-121.6973
SITE_09178,CA,95374.0,285.2396972,180.0,22.0,750.0,0.19587628865979384,0.0,2021-11-01,0.0,1.0,39.6319,-119.9659
SITE_09179,CA,92104.0,2.97,0.0,0.0,9.0,0.2023948834573462,1.0,2021-10-29,0.0,0.0,-9999,-9999
SITE_09180,CA,92057.0,4.015,0.0,0.0,11.0,0.2016574585635359,1.0,2021-10-26,0.0,0.0,35.2305,-118.5951
SITE_09181,CA,93314.0,4.725,270.0,18.0,15.0,0.19591306684180673,0.0,2021-10-20,0.0,0.0,37.2761,-120.5681
SITE_09182,CA,94533.0,3.851174138,133.0,18.0,11.0,0.2147239263803681,0.0,2021-10-20,0.0,0.0,37.0941,-121.3866
SITE_09183,CA,92867.0,3.06,181.0,8.0,9.0,0.19607843137254904,0.0,2021-10-19,0.0,0.0,37.0936,-118.5996
SITE_09184,CA,93543.0,9.75,180.0,17.0,26.0,0.18901209677419353,0.0,2021-10-19,0.0,0.0,36.1698,-120.9344
SITE_09185,CA,92056.0,7.3,0.0,0.0,20.0,0.2016574585635359,1.0,2021-10-18,0.0,0.0,38.4282,-119.5561
SITE_09186,CA,92130.0,3.8,0.0,0.0,10.0,0.20958810422044255,1.0,2021-10-15,0.0,0.0,37.9093,-119.8949
SITE_09187,CA,96021.0,6.0,180.0,30.0,16.0,0.1926040061633282,0.0,2021-10-11,0.0,1.0,35.5710,-121.1009
SITE_09188,CA,94121.0,6.542159128,267.0,0.0,20.0,0.20061349693251534,0.0,2021-10-07,0.0,0.0,35.9880,-118.0296
SITE_09189,CA,93637.0,766.1551577,180.0,0.0,760.0,0.19329896907216496,0.0,2021-10-06,0.0,1.0,37.7621,-118.5283
SITE_09190,CA,95618.0,4.078717384,222.0,18.0,12.0,0.19607843137254904,0.0,2021-10-06,0.0,0.0,35.4037,-119.9864
SITE_09191,CA,93704.0,9.850618459,-1.0,-1.0,29.0,0.19653179190751444,1.0,2021-10-04,0.0,0.0,35.9234,-118.2579
SITE_09192,CA,95322.0,143.7608074,180.0,24.0,378.0,0.19587628865979384,0.0,2021-09-30,0.0,1.0,36.0192,-118.4427
SITE_09193,CA,95020.0,4.44,-1.0,-1.0,12.0,0.21893491124260356,1.0,2021-09-29,0.0,0.0,35.3048,-119.2244
SITE_09194,CA,93060.0,10.65,180.0,18.0,30.0,0.20056497175141244,0.0,2021-09-17,1.0,0.0,38.2588,-118.5389
SITE_09195,CA,93446.0,8.289810427,180.0,15.0,23.0,0.20338983050847456,0.0,2021-09-14,0.0,1.0,38.4283,-118.5943
SITE_09196,CA,94547.0,374.22,264.0,7.0,924.0,0.2076923076923077,0.0,2021-09-13,0.0,1.0,36.4651,-121.6872
SITE_09197,CA,93263.0,986.0933255,180.0,25.0,2662.0,0.1907216494845361,0.0,2021-09-10,0.0,1.0,38.6533,-119.5482
SITE_09198,CA,92596.0,9.23,180.0,18.0,26.0,0.20056497175141244,0.0,2021-09-08,1.0,1.0,38.3789,-119.9388
SITE_09199,CA,92029.0,8.51,90.0,14.0,23.0,0.21688159437280188,0.0,2021-09-27,0.0,0.0,37.2553,-119.4781
SITE_09200,CA,92129.0,5.11,255.0,18.0,14.0,0.2016574585635359,0.0,2021-09-07,0.0,0.0,36.2637,-118.3466
SITE_09201,CA,93280.0,1045.44,-1.0,-1.0,3168.0,0.17041581458759372,1.0,2021-08-19,0.0,1.0,38.1277,-117.7063
SITE_09202,CA,94080.0,6.48,-1.0,-1.0,18.0,0.20863517820921476,1.0,2021-08-19,0.0,0.0,36.9684,-119.5374
SITE_09203,CA,93307.0,9.425,234.0,17.0,29.0,0.20061728395061726,0.0,2021-08-19,1.0,0.0,37.6924,-117.3094
SITE_09204,CA,92064.0,3.96,0.0,0.0,11.0,0.20863517820921476,1.0,2021-08-19,0.0,0.0,38.3511,-117.7256
SITE_09205,CA,94080.0,4.8,154.0,0.0,12.0,0.213903743315508,0.0,2021-08-17,0.0,0.0,36.9532,-119.9908
SITE_09206,CA,91942.0,5.467648864,0.0,0.0,16.0,0.19607843137254904,1.0,2021-08-16,0.0,0.0,36.8009,-119.5085
SITE_09207,CA,92009.0,4.08,0.0,0.0,12.0,0.2125,1.0,2021-08-12,0.0,0.0,34.9152,-117.5891
SITE_09208,CA,92122.0,10.00368324,0.0,0.0,30.0,0.1717171717171717,1.0,2021-08-11,0.0,0.0,38.6377,-119.3165
SITE_09209,CA,91709.0,11.89,121.0,15.0,29.0,0.2192513368983957,0.0,2021-07-29,1.0,0.0,38.2611,-119.9212
SITE_09210,CA,95345.0,10.08,178.0,35.0,24.0,0.19662921348314605,0.0,2021-07-26,0.0,1.0,36.8958,-120.7205
SITE_09211,CA,95119.0,2.800853919,180.0,0.0,8.0,0.2147239263803681,0.0,2021-07-26,0.0,0.0,37.0501,-120.3768
SITE_09212,CA,95409.0,4.4186105,118.0,22.0,13.0,0.19607843137254904,0.0,2021-07-23,0.0,0.0,37.3650,-119.5438
SITE_09213,CA,95926.0,4.15436696,-1.0,-1.0,13.0,-1.0,1.0,2021-07-22,0.0,0.0,35.1851,-120.7395
SITE_09214,CA,94552.0,6.118076077,195.0,22.0,18.0,0.19607843137254904,0.0,2021-07-21,0.0,0.0,34.6472,-121.1161
SITE_09215,CA,95966.0,9.3,180.0,23.0,30.0,-1.0,0.0,2021-07-16,0.0,1.0,34.7254,-118.4397
SITE_09216,CA,93622.0,54.7941587,180.0,20.0,132.0,0.1939252336448598,0.0,2021-06-24,0.0,1.0,39.6358,-119.0940
SITE_09217,CA,95901.0,17.18799347,155.0,18.0,52.0,0.20245398773006135,0.0,2021-06-24,0.0,1.0,36.6468,-120.2514
SITE_09218,CA,92078.0,8.28,180.0,18.0,23.0,0.21301775147928995,0.0,2022-05-10,0.0,0.0,37.1805,-117.5662
SITE_09219,CA,95901.0,17.18799347,155.0,18.0,52.0,0.20245398773006135,0.0,2021-06-22,0.0,1.0,35.5921,-119.8915
SITE_09220,CA,93257.0,34.65,180.0,20.0,90.0,0.19405241935483872,0.0,2021-06-18,0.0,1.0,38.9491,-120.3461
SITE_09221,CA,94514.0,8.03,90.0,23.0,22.0,0.21597633136094674,0.0,2021-06-07,0.0,0.0,37.7004,-120.1981
SITE_09222,CA,95963.0,7.12,180.0,20.0,16.0,0.21601941747572814,0.0,2021-06-01,0.0,1.0,36.3208,-118.2896
SITE_09223,CA,95132.0,14.04,180.0,0.0,39.0,0.20863517820921476,0.0,2021-06-01,0.0,0.0,34.7077,-118.2351
SITE_09224,CA,91977.0,7.68,0.0,0.0,24.0,0.19258545979778527,1.0,2021-06-01,0.0,0.0,35.4864,-120.6765
SITE_09225,CA,91977.0,3.734192756,0.0,0.0,11.0,0.19653179190751444,1.0,2021-06-01,0.0,0.0,37.1488,-119.7710
SITE_09226,CA,93444.0,787.4972512,-1.0,-1.0,1153.0,0.193717277486911,1.0,2021-05-04,0.0,1.0,39.5803,-119.4102
SITE_09227,CA,96001.0,16.72,180.0,26.0,44.0,0.19517205957883924,0.0,2021-04-30,0.0,1.0,36.0044,-119.8473
SITE_09228,CA,92081.0,4.745,0.0,0.0,13.0,0.2016574585635359,1.0,2021-04-27,0.0,0.0,38.9253,-120.4031
SITE_09229,CA,95969.0,10.21279799,270.0,20.0,24.0,0.2038369304556355,0.0,2021-04-20,0.0,1.0,37.2179,-118.5830
SITE_09230,CA,94607.0,3.150960659,180.0,0.0,9.0,0.2147239263803681,0.0,2021-04-20,0.0,0.0,39.2983,-119.6960
SITE_09231,CA,95765.0,6.72,-1.0,-1.0,21.0,0.19753086419753085,1.0,2021-04-20,0.0,0.0,35.7779,-119.3039
SITE_09232,CA,92014.0,6.12,180.0,18.0,17.0,0.20863517820921476,0.0,2021-04-20,0.0,1.0,38.0088,-119.9862
SITE_09233,CA,92019.0,9.962430939,0.0,0.0,32.0,0.1635804488647517,1.0,2021-04-20,0.0,0.0,34.9748,-120.6674
SITE_09234,CA,92084.0,4.015,0.0,0.0,11.0,0.2016574585635359,1.0,2021-04-13,0.0,0.0,38.5971,-121.0789
SITE_09235,CA,95405.0,6.66,160.0,23.0,18.0,0.20441988950276244,0.0,2021-04-12,0.0,0.0,38.5169,-120.3863
SITE_09236,CA,95765.0,11.01058924,-1.0,-1.0,29.0,0.2087912087912088,1.0,2021-04-05,0.0,0.0,34.7592,-117.6923
SITE_09237,CA,92117.0,15.795,0.0,0.0,39.0,0.22375690607734805,1.0,2021-03-31,0.0,0.0,37.8987,-119.9185
SITE_09238,CA,95971.0,3.1,270.0,19.0,10.0,0.19375,0.0,2021-03-25,0.0,0.0,36.2536,-120.9435
SITE_09239,CA,96080.0,15.97855228,186.0,20.0,50.0,0.19631901840490798,0.0,2021-03-18,0.0,1.0,36.9515,-121.1327
SITE_09240,CA,94806.0,5.846141161,228.0,5.0,18.0,0.1986552567237164,0.0,2021-03-16,0.0,0.0,35.4984,-120.6568
SITE_09241,CA,94544.0,3.150960659,180.0,0.0,9.0,0.2147239263803681,0.0,2021-03-15,0.0,0.0,39.6996,-118.3335
SITE_09242,CA,94513.0,4.26,247.0,26.0,12.0,0.2057374674007534,0.0,2021-03-15,0.0,0.0,39.3818,-119.0385
SITE_09243,CA,95666.0,12.3,180.0,15.0,30.0,0.20645426383444987,0.0,2021-03-11,0.0,1.0,37.0673,-118.0662
SITE_09244,CA,95340.0,653.4,180.0,25.0,1980.0,0.17041581458759372,0.0,2021-02-19,0.0,1.0,37.7039,-121.5612
SITE_09245,CA,92320.0,4.48,205.0,18.0,14.0,0.19753086419753085,0.0,2021-02-18,1.0,0.0,36.0151,-119.2406
SITE_09246,CA,92003.0,16.8,180.0,18.0,48.0,0.21228795466014516,0.0,2021-02-01,0.0,1.0,38.6439,-118.9475
SITE_09247,CA,95677.0,8.837221,-1.0,-1.0,26.0,0.19607843137254904,1.0,2021-01-29,0.0,0.0,37.2802,-118.1986
SITE_09248,CA,95119.0,2.800853919,180.0,0.0,8.0,0.2147239263803681,0.0,2021-01-29,1.0,0.0,38.9913,-119.0509
SITE_09249,CA,96080.0,11.34782609,180.0,23.0,36.0,-1.0,0.0,2021-01-27,0.0,1.0,37.5690,-120.6027
SITE_09250,CA,94533.0,3.3,180.0,18.0,10.0,0.2023948834573462,0.0,2021-01-25,0.0,0.0,38.8735,-121.1370
SITE_09251,CA,95938.0,10.78,-1.0,-1.0,28.0,0.19642857142857145,1.0,2021-01-07,0.0,1.0,36.7323,-119.0927
SITE_09252,CA,92130.0,11.63132905,199.0,28.0,34.0,0.19607843137254904,0.0,2020-12-30,0.0,0.0,35.6023,-118.8317
SITE_09253,CA,92586.0,4.16,270.0,18.0,13.0,0.19753086419753085,0.0,2020-12-28,1.0,0.0,39.3430,-118.0282
SITE_09254,CA,94558.0,6.12,0.0,0.0,36.0,0.13067373842192243,-1.0,2020-12-16,0.0,-1.0,36.0548,-119.6966
SITE_09255,CA,94618.0,4.44,136.0,24.0,12.0,0.20441988950276244,0.0,2020-12-15,0.0,0.0,39.3938,-118.7969
SITE_09256,CA,93065.0,4.08,180.0,18.0,12.0,0.19607843137254904,0.0,2020-12-11,0.0,0.0,36.0677,-119.2234
SITE_09257,CA,92078.0,2.88,0.0,0.0,8.0,0.19889502762430938,1.0,2020-12-03,0.0,0.0,37.0511,-119.5236
SITE_09258,CA,95973.0,17.5858748,180.0,19.0,64.0,0.16965003972895476,0.0,2020-12-01,0.0,1.0,39.3256,-118.8090
SITE_09259,CA,92677.0,5.658327448,213.0,27.0,18.0,0.19408502772643255,0.0,2020-11-12,0.0,0.0,36.8118,-119.6846
SITE_09260,CA,92064.0,451.575,0.0,0.0,1115.0,0.2076923076923077,1.0,2020-11-05,0.0,1.0,38.6960,-119.1691
SITE_09261,CA,93202.0,16.5,180.0,20.0,44.0,-1.0,0.0,2020-10-19,0.0,1.0,36.4595,-118.3421
SITE_09262,CA,95472.0,23.4,225.0,15.0,60.0,-1.0,0.0,2020-10-16,0.0,1.0,39.4197,-118.4731
SITE_09263,CA,95333.0,337.4936922,-1.0,-1.0,900.0,0.19587628865979384,1.0,2020-10-13,0.0,1.0,38.3407,-121.3924
SITE_09264,CA,92126.0,4.905733547,180.0,17.0,16.0,-1.0,0.0,2020-10-12,0.0,0.0,36.9377,-119.1902
SITE_09265,CA,95765.0,8.184375,-1.0,-1.0,26.0,0.1932515337423313,1.0,2020-10-01,0.0,0.0,35.6874,-118.2219
SITE_09266,CA,93232.0,2.88,180.0,23.0,9.0,0.19393939393939394,0.0,2020-10-01,1.0,0.0,34.8659,-117.3517
SITE_09267,CA,95650.0,13.01292675,-1.0,-1.0,40.0,0.19938650306748468,1.0,2020-09-25,0.0,1.0,39.6495,-120.1881
SITE_09268,CA,91935.0,9.79081862,224.0,25.0,32.0,0.19254658385093165,0.0,2020-09-23,0.0,1.0,38.0302,-118.4174
SITE_09269,CA,95570.0,3.96,-1.0,-1.0,12.0,0.20625,1.0,2020-09-22,0.0,0.0,38.5730,-117.3827
SITE_09270,CA,93267.0,693.0,180.0,10.0,1980.0,0.17948717948717952,1.0,2020-09-16,0.0,0.0,37.9772,-121.1808
SITE_09271,CA,95301.0,13.68,180.0,15.0,36.0,0.19517205957883924,0.0,2020-09-14,0.0,1.0,37.9413,-119.1640
SITE_09272,CA,92084.0,4.32,0.0,0.0,12.0,0.19889502762430938,1.0,2020-09-14,0.0,0.0,37.8627,-119.2743
SITE_09273,CA,92320.0,4.2,279.0,18.0,12.0,0.2147239263803681,0.0,2020-09-12,0.0,0.0,35.1127,-120.0060
SITE_09274,CA,92056.0,3.25,148.0,17.0,10.0,0.20061728395061726,0.0,2020-09-08,1.0,0.0,38.3664,-120.9666
SITE_09275,CA,93636.0,11.77588643,180.0,27.0,36.0,0.20061349693251534,0.0,2020-09-02,0.0,1.0,36.9853,-119.3100
SITE_09276,CA,93067.0,4.251,287.0,14.0,13.0,0.20061349693251534,0.0,2020-09-02,0.0,0.0,34.9043,-118.3996
SITE_09277,CA,93291.0,6.03,123.0,23.0,18.0,0.2053954629061925,0.0,2020-08-26,1.0,0.0,-9999,-9999
SITE_09278,CA,94517.0,2.553882195,188.0,34.0,8.0,0.20061728395061726,0.0,2020-08-18,1.0,0.0,38.5017,-117.3919
SITE_09279,CA,95603.0,5.036538462,180.0,18.0,16.0,0.1932515337423313,0.0,2020-08-14,0.0,0.0,39.6310,-120.0320
SITE_09280,CA,91752.0,4.2,270.0,18.0,12.0,0.2147239263803681,0.0,2020-08-14,0.0,0.0,35.1745,-119.5111
SITE_09281,CA,95066.0,3.777412731,160.0,18.0,12.0,0.19444444444444442,0.0,2020-07-24,1.0,0.0,35.5954,-120.5859
SITE_09282,CA,93313.0,17.93839836,-1.0,-1.0,40.0,0.19444444444444442,1.0,2020-07-16,0.0,1.0,39.0128,-118.9964
SITE_09283,CA,94552.0,4.03,-1.0,-1.0,13.0,0.19375,1.0,2020-07-16,0.0,0.0,36.4763,-117.5992
SITE_09284,CA,93636.0,136.9150547,180.0,20.0,360.0,0.19587628865979384,0.0,2020-07-15,0.0,1.0,38.5523,-119.6142
SITE_09285,CA,95650.0,13.86818182,-1.0,-1.0,39.0,0.22072348252605764,1.0,2020-07-12,0.0,1.0,36.4996,-117.5924
SITE_09286,CA,93272.0,787.5,180.0,1.0,2100.0,0.19329896907216496,1.0,2020-07-09,0.0,1.0,35.7512,-121.1906
SITE_09287,CA,95762.0,15.1044817,341.0,23.0,48.0,0.19408502772643255,0.0,2020-07-07,1.0,0.0,39.0973,-119.4268
SITE_09288,CA,92371.0,9.72,180.0,25.0,27.0,0.18556701030927836,0.0,2020-07-07,0.0,1.0,39.1671,-117.4942
SITE_09289,CA,92106.0,4.813675762,0.0,0.0,12.0,0.20376974019358124,1.0,2020-06-30,0.0,0.0,36.5389,-120.5187
SITE_09290,CA,93210.0,156.0,180.0,20.0,480.0,0.16749538228115313,0.0,2020-06-29,0.0,1.0,39.3437,-121.6351
SITE_09291,CA,93543.0,5.67,180.0,25.0,18.0,0.19105915919413066,0.0,2020-06-25,0.0,1.0,36.7000,-117.6345
SITE_09292,CA,95765.0,3.15,273.0,30.0,9.0,0.2147239263803681,0.0,2020-06-24,1.0,0.0,39.3875,-120.9233
SITE_09293,CA,94621.0,138.5051335,90.0,12.0,440.0,0.19444444444444442,0.0,2020-06-19,0.0,0.0,37.8136,-120.4504
SITE_09294,CA,95320.0,24.72158439,180.0,22.0,66.0,0.199468085106383,0.0,2020-06-17,0.0,1.0,34.6021,-118.2521
SITE_09295,CA,95620.0,16.12,180.0,20.0,52.0,0.1962025316455696,0.0,2020-06-17,0.0,1.0,36.4734,-120.5177
SITE_09296,CA,95667.0,10.78,180.0,30.0,28.0,0.19405241935483872,0.0,2020-06-15,0.0,1.0,38.2462,-120.4477
SITE_09297,CA,96022.0,8.695254833,180.0,20.0,28.0,0.1905347264904733,0.0,2020-06-15,0.0,1.0,38.4686,-117.8183
SITE_09298,CA,95070.0,6.0,225.0,0.0,20.0,0.1875,0.0,2020-06-02,0.0,0.0,37.9113,-117.9113
SITE_09299,CA,92653.0,12.8,0.0,0.0,40.0,0.19789734075448362,1.0,2020-05-26,0.0,0.0,35.2162,-119.9880
SITE_09300,CA,92587.0,8.64,160.0,15.0,24.0,0.19889502762430938,0.0,2020-05-18,0.0,1.0,35.6692,-117.9348
SITE_09301,CA,92058.0,5.656391653,245.0,18.0,18.0,0.19444444444444442,0.0,2020-05-18,1.0,0.0,39.6423,-117.3296
SITE_09302,CA,93250.0,7.2,180.0,18.0,18.0,0.2,0.0,2020-05-15,0.0,0.0,35.3010,-119.8042
SITE_09303,CA,92084.0,122.4,180.0,5.0,306.0,0.2,0.0,2020-05-13,0.0,1.0,35.7344,-118.9251
SITE_09304,CA,92127.0,2.24,272.0,18.0,7.0,0.19393939393939394,0.0,2020-04-30,1.0,0.0,36.8985,-118.1984
SITE_09305,CA,95206.0,5.2,113.0,16.0,16.0,0.19938650306748468,0.0,2020-04-04,1.0,0.0,37.5410,-118.3735
SITE_09306,CA,92262.0,7.15,132.0,1.0,22.0,0.19411444987964904,0.0,2020-04-03,1.0,0.0,36.7843,-120.8683
SITE_09307,CA,92020.0,7.510882825,0.0,0.0,20.0,0.19541427826993224,1.0,2020-04-02,0.0,0.0,39.7161,-121.6512
SITE_09308,CA,91962.0,4.142492777,0.0,0.0,13.0,0.19631901840490798,1.0,2020-04-02,0.0,0.0,38.4987,-121.1740
SITE_09309,CA,93730.0,9.67517215,138.0,21.0,34.0,0.17065868263473055,0.0,2020-03-12,0.0,0.0,34.7999,-118.3480
SITE_09310,CA,93271.0,8.58,180.0,15.0,26.0,0.20625,0.0,2020-02-25,0.0,1.0,35.4013,-120.1220
SITE_09311,CA,95073.0,20.1,178.0,22.0,60.0,0.20318989946042468,0.0,2020-02-24,0.0,1.0,37.0821,-119.8846
SITE_09312,CA,92028.0,11.47151846,195.0,15.0,36.0,0.19631901840490798,0.0,2020-02-24,0.0,1.0,38.6973,-119.8171
SITE_09313,CA,95120.0,6.51,270.0,0.0,21.0,0.19375,0.0,2020-02-21,0.0,0.0,35.5930,-121.6759
SITE_09314,CA,92129.0,7.315,0.0,0.0,19.0,0.19405241935483872,1.0,2020-02-04,0.0,0.0,36.6400,-119.8880
SITE_09315,CA,93908.0,91.5,203.0,10.0,300.0,0.18541033434650456,0.0,2020-01-31,0.0,1.0,36.2648,-120.9238
SITE_09316,CA,93210.0,1002.689805,-1.0,-1.0,2880.0,0.18041237113402062,1.0,2020-01-22,0.0,1.0,39.0970,-121.0065
SITE_09317,CA,93619.0,12.8,180.0,15.0,32.0,0.2,0.0,2020-01-21,0.0,1.0,34.9173,-121.3132
SITE_09318,CA,93420.0,9.12,180.0,20.0,24.0,0.19791666666666669,0.0,2020-01-16,0.0,1.0,38.2529,-121.4783
SITE_09319,CA,95337.0,8.184394251,270.0,18.0,26.0,0.19444444444444442,0.0,2020-01-16,0.0,0.0,36.3885,-118.8474
SITE_09320,CA,95379.0,9.0,180.0,25.0,24.0,0.19633507853403143,0.0,2020-01-15,0.0,1.0,37.6619,-120.4316
SITE_09321,CA,95667.0,7.92,224.0,21.0,24.0,0.20625,0.0,2020-01-13,0.0,0.0,38.0325,-120.4399
SITE_09322,CA,92154.0,46.90086035,0.0,0.0,124.0,0.18858560794044663,1.0,2020-01-10,0.0,0.0,38.9085,-118.8827
SITE_09323,CA,95682.0,12.58711217,149.0,22.0,40.0,0.1965065502183406,0.0,2019-12-19,1.0,0.0,37.5389,-118.4525
SITE_09324,CA,93636.0,18.23405185,210.0,20.0,50.0,0.18853305785123967,0.0,2019-11-20,0.0,1.0,39.6745,-121.4894
SITE_09325,CA,92131.0,6.7,210.0,18.0,20.0,0.20318989946042468,0.0,2019-11-20,0.0,0.0,35.6387,-119.9918
SITE_09326,CA,93291.0,11.375,232.0,20.0,35.0,0.19938650306748468,0.0,2019-11-18,0.0,0.0,35.1806,-120.3399
SITE_09327,CA,95252.0,9.28,180.0,22.0,32.0,0.15098268905375506,0.0,2019-11-12,0.0,1.0,35.1010,-120.9746
SITE_09328,CA,92126.0,3.1,0.0,0.0,10.0,0.15894990514279855,1.0,2019-11-12,0.0,0.0,36.4581,-119.5029
SITE_09329,CA,95965.0,7.206030928,180.0,21.0,21.0,0.17301905717151453,0.0,2019-11-05,0.0,1.0,37.2704,-120.4544
SITE_09330,CA,95928.0,5.846141161,180.0,21.0,18.0,0.1986552567237164,0.0,2019-10-21,0.0,1.0,37.4608,-119.2633
SITE_09331,CA,92025.0,6.314496946,0.0,0.0,21.0,0.19338739862757331,1.0,2019-10-21,0.0,0.0,37.6918,-118.5006
SITE_09332,CA,94544.0,2.100640439,180.0,0.0,6.0,0.2147239263803681,0.0,2019-10-15,0.0,0.0,39.4500,-120.7262
SITE_09333,CA,95035.0,3.777412731,254.0,23.0,12.0,0.19444444444444442,0.0,2019-10-14,1.0,0.0,38.5249,-119.1873
SITE_09334,CA,92110.0,69.13728062,0.0,0.0,192.0,0.2207621937384483,1.0,2019-10-08,0.0,0.0,37.0616,-121.4191
SITE_09335,CA,92065.0,5.12,0.0,0.0,16.0,0.19393939393939394,1.0,2019-10-08,0.0,0.0,36.5261,-120.8418
SITE_09336,CA,92116.0,3.195,0.0,0.0,9.0,0.18672417420576476,1.0,2019-10-02,0.0,0.0,36.2737,-117.7837
SITE_09337,CA,95603.0,7.794854881,230.0,25.0,24.0,0.1986552567237164,0.0,2019-09-23,0.0,1.0,34.9126,-120.5845
SITE_09338,CA,92071.0,8.068428158,180.0,14.0,21.0,0.19743589743589743,0.0,2019-09-12,0.0,0.0,35.7422,-121.2471
SITE_09339,CA,94541.0,3.72,165.0,0.0,12.0,0.19375,0.0,2019-09-11,0.0,0.0,39.2976,-121.6686
SITE_09340,CA,93636.0,6.3,161.0,11.0,21.0,0.18518518518518517,0.0,2019-09-10,1.0,0.0,38.5374,-121.2955
SITE_09341,CA,95650.0,17.82,250.0,18.0,54.0,0.20625,0.0,2019-09-02,0.0,1.0,37.9709,-121.0201
SITE_09342,CA,92065.0,11.51878817,0.0,0.0,38.0,0.1881573167902953,1.0,2019-08-05,1.0,0.0,34.9199,-118.6073
SITE_09343,CA,92551.0,3.57,270.0,20.0,14.0,0.16561065519471915,0.0,2019-08-01,0.0,0.0,35.9367,-118.9653
SITE_09344,CA,93245.0,6.38,-1.0,-1.0,22.0,-1.0,1.0,2019-07-31,0.0,0.0,35.6073,-120.3308
SITE_09345,CA,92007.0,2.48,120.0,16.0,8.0,0.19375,0.0,2019-07-22,0.0,0.0,39.1694,-118.5653
SITE_09346,CA,92131.0,3.72,0.0,0.0,12.0,0.19375,1.0,2019-07-12,0.0,0.0,35.3853,-119.6991
SITE_09347,CA,93420.0,6.24,180.0,15.0,16.0,0.203125,0.0,2019-07-10,0.0,1.0,36.3950,-121.0102
SITE_09348,CA,95247.0,8.41,-1.0,-1.0,29.0,0.17901234567901234,1.0,2019-07-10,1.0,0.0,36.0660,-120.9959
SITE_09349,CA,93611.0,5.8,-1.0,-1.0,20.0,-1.0,1.0,2019-06-26,0.0,0.0,36.9227,-119.7802
SITE_09350,CA,95682.0,10.05,180.0,15.0,30.0,0.20020558424172885,0.0,2019-06-23,0.0,1.0,38.0725,-121.6823
SITE_09351,CA,93446.0,25.84506726,180.0,10.0,40.0,0.19743589743589743,0.0,2019-06-10,0.0,1.0,36.3286,-117.3913
SITE_09352,CA,93307.0,7.44,-1.0,-1.0,24.0,0.19375,1.0,2019-06-06,0.0,0.0,37.2353,-118.2197
SITE_09353,CA,95959.0,5.68,-1.0,-1.0,16.0,0.19613259668508287,1.0,2019-06-06,0.0,0.0,38.8223,-119.0696
SITE_09354,CA,93636.0,9.3,-1.0,-1.0,30.0,0.19375,1.0,2019-06-05,0.0,0.0,35.2863,-119.6072
SITE_09355,CA,94551.0,6.342216495,264.0,34.0,21.0,0.18263473053892215,0.0,2019-06-03,0.0,0.0,39.2497,-118.1143
SITE_09356,CA,96003.0,13.5,180.0,23.0,45.0,0.18639606927969105,0.0,2019-06-03,0.0,1.0,36.4719,-121.2333
SITE_09357,CA,93420.0,4.8,180.0,15.0,16.0,0.1876172607879925,0.0,2019-05-31,0.0,1.0,35.0936,-119.9835
SITE_09358,CA,93722.0,5.666119097,-1.0,-1.0,18.0,0.19444444444444442,1.0,2019-05-17,0.0,0.0,37.9160,-118.2195
SITE_09359,CA,93314.0,13.49,180.0,0.0,38.0,0.19613259668508287,0.0,2019-05-15,0.0,0.0,36.4925,-119.7700
SITE_09360,CA,93722.0,5.58,-1.0,-1.0,18.0,0.19375,1.0,2019-05-15,0.0,0.0,35.4917,-121.1450
SITE_09361,CA,93720.0,6.342216495,180.0,20.0,21.0,0.18263473053892215,0.0,2019-05-14,1.0,0.0,35.9674,-121.2951
SITE_09362,CA,95076.0,4.35,-1.0,-1.0,15.0,-1.0,1.0,2019-05-13,0.0,0.0,36.7971,-117.3030
SITE_09363,CA,91977.0,4.02,0.0,0.0,12.0,0.20318989946042468,1.0,2019-05-10,0.0,0.0,36.6600,-119.8412
SITE_09364,CA,95131.0,5.04,150.0,30.0,14.0,0.2151462994836489,0.0,2019-05-07,0.0,0.0,38.0192,-117.4090
SITE_09365,CA,93637.0,28.20748735,180.0,10.0,88.0,0.16508494652279512,0.0,2019-05-02,0.0,1.0,35.9012,-118.9982
SITE_09366,CA,94706.0,5.81,-1.0,-1.0,22.0,-1.0,1.0,2019-04-26,0.0,1.0,35.0761,-121.6311
SITE_09367,CA,96080.0,10.74278607,206.0,20.0,66.0,0.1971245293272777,0.0,2019-04-24,0.0,1.0,37.5766,-119.7657
SITE_09368,CA,91942.0,4.090424301,0.0,0.0,13.0,0.19444444444444442,1.0,2019-04-24,0.0,0.0,35.1536,-119.9837
SITE_09369,CA,95503.0,34.23104643,-1.0,-1.0,128.0,0.19338739862757331,1.0,2019-04-23,0.0,1.0,37.9765,-120.0667
SITE_09370,CA,93612.0,10.07310062,-1.0,-1.0,32.0,0.19444444444444442,1.0,2019-04-11,0.0,0.0,34.6414,-119.8589
SITE_09371,CA,93245.0,6.925256674,-1.0,-1.0,22.0,0.19444444444444442,1.0,2019-04-04,0.0,0.0,35.3129,-120.6380
SITE_09372,CA,93907.0,6.67,-1.0,-1.0,23.0,-1.0,1.0,2019-04-03,0.0,0.0,37.6927,-120.9429
SITE_09373,CA,95340.0,178.5,180.0,18.0,510.0,0.17948717948717952,0.0,2019-03-13,0.0,1.0,37.0413,-118.7113
SITE_09374,CA,95037.0,3.382731959,-1.0,-1.0,20.0,0.15754511934672974,1.0,2019-03-11,1.0,1.0,36.0120,-118.5287
SITE_09375,CA,92131.0,5.94,254.0,18.0,18.0,0.20625,0.0,2019-03-08,0.0,0.0,36.8524,-119.4402
SITE_09376,CA,94509.0,6.303247423,-1.0,-1.0,21.0,0.18263473053892215,1.0,2019-03-05,1.0,1.0,38.4951,-118.1706
SITE_09377,CA,92021.0,5.36,179.0,25.0,16.0,0.20318989946042468,0.0,2019-02-27,0.0,1.0,38.5300,-119.7729
SITE_09378,CA,95762.0,3.949320036,-1.0,-1.0,18.0,0.15375153751537515,1.0,2019-02-20,1.0,1.0,37.2837,-119.7001
SITE_09379,CA,93710.0,2.356495917,-1.0,-1.0,8.0,0.19158879718604765,1.0,2019-02-20,1.0,1.0,35.8149,-118.5149
SITE_09380,CA,93705.0,8.96302805,-1.0,-1.0,28.0,0.19631901840490798,1.0,2019-02-13,0.0,0.0,38.6397,-117.5058
SITE_09381,CA,92105.0,5.22,218.0,24.0,18.0,0.17901234567901234,0.0,2019-02-13,1.0,0.0,35.1182,-121.6765
SITE_09382,CA,92071.0,6.195,0.0,0.0,21.0,0.1759434595255491,1.0,2019-02-12,0.0,0.0,36.5770,-118.0549
SITE_09383,CA,95650.0,9.4,-1.0,-1.0,40.0,0.14044901850042282,1.0,2019-02-08,0.0,1.0,37.8941,-119.0346
SITE_09384,CA,91942.0,11.83752813,268.0,19.0,38.0,0.19444444444444442,0.0,2019-02-07,1.0,0.0,39.3864,-117.9986
SITE_09385,CA,94560.0,7.15,212.0,18.0,22.0,0.19411444987964904,0.0,2019-02-01,0.0,0.0,36.2568,-119.7160
SITE_09386,CA,94518.0,4.203870968,-1.0,-1.0,35.0,0.14692378328741967,1.0,2019-01-28,1.0,1.0,36.8571,-120.7467
SITE_09387,CA,93555.0,7.08,180.0,15.0,24.0,0.17664670658682635,0.0,2019-01-24,0.0,1.0,38.2915,-117.7741
SITE_09388,CA,95374.0,17.25933014,180.0,21.0,48.0,0.22072348252605764,0.0,2019-01-22,0.0,1.0,35.1868,-120.8640
SITE_09389,CA,92629.0,7.2,0.0,0.0,20.0,0.2151462994836489,1.0,2019-01-16,0.0,0.0,36.9041,-119.5938
SITE_09390,CA,94513.0,3.629922371,-1.0,-1.0,14.0,0.18887432130956133,1.0,2019-01-15,0.0,1.0,37.2001,-119.5924
SITE_09391,CA,93619.0,5.22,-1.0,-1.0,18.0,-1.0,1.0,2019-01-14,0.0,0.0,36.6755,-118.9581
SITE_09392,CA,96096.0,7.408716137,205.0,21.0,20.0,0.19068705059700508,0.0,2019-01-10,0.0,1.0,35.9504,-120.4582
SITE_09393,CA,93401.0,5.51,280.0,22.0,19.0,0.17901234567901234,0.0,2019-01-08,1.0,0.0,35.4513,-119.8892
SITE_09394,CA,93311.0,1.306264101,-1.0,-1.0,4.0,0.2004904966278357,1.0,2019-01-07,1.0,1.0,39.6417,-118.1609
SITE_09395,CA,92010.0,6.076518804,0.0,0.0,19.0,0.19753086419753085,1.0,2019-01-03,0.0,0.0,39.2852,-118.1921
SITE_09396,CA,95340.0,37.44,190.0,7.0,104.0,0.2151462994836489,0.0,2018-12-28,1.0,1.0,35.5831,-121.0463
SITE_09397,CA,95045.0,3.48,-1.0,-1.0,12.0,-1.0,1.0,2018-12-26,0.0,0.0,37.0922,-119.1019
SITE_09398,CA,93620.0,16.5,180.0,20.0,50.0,0.17007223431624777,0.0,2018-12-26,0.0,1.0,38.2889,-120.0164
SITE_09399,CA,93727.0,7.83,-1.0,-1.0,27.0,-1.0,1.0,2018-12-24,0.0,0.0,38.9228,-117.9320
SITE_09400,CA,95629.0,5.306098457,180.0,20.0,18.0,0.18657896401239643,0.0,2018-12-19,0.0,1.0,36.4844,-121.0321
SITE_09401,CA,93313.0,9.287056367,170.0,15.0,30.0,0.19135802469135801,0.0,2018-12-17,0.0,1.0,39.0159,-121.6629
SITE_09402,CA,92118.0,8.673130051,0.0,0.0,26.0,0.1752577319587629,1.0,2018-12-14,0.0,0.0,39.4498,-118.6709
SITE_09403,CA,92585.0,5.8,180.0,20.0,20.0,0.17296136699121775,0.0,2018-12-13,0.0,0.0,34.6827,-121.3782
SITE_09404,CA,92019.0,9.948934607,220.0,18.0,36.0,0.18037974683544303,0.0,2018-12-06,1.0,1.0,37.8655,-119.6683
SITE_09405,CA,92020.0,247.5680749,0.0,0.0,580.0,0.20119495930311615,1.0,2018-12-05,0.0,0.0,35.7624,-120.0048
SITE_09406,CA,93111.0,6.93,100.0,20.0,21.0,0.20625,0.0,2018-12-04,0.0,0.0,35.5296,-119.6417
SITE_09407,CA,94024.0,6.4,-1.0,-1.0,20.0,0.19753086419753085,1.0,2018-12-03,0.0,0.0,39.1973,-118.7569
SITE_09408,CA,93726.0,9.844223827,-1.0,-1.0,23.0,0.14998469543924092,1.0,2018-11-23,0.0,1.0,37.8249,-118.6297
SITE_09409,CA,95453.0,16.52,165.0,18.0,56.0,0.18099758506272948,0.0,2018-11-14,0.0,1.0,36.1518,-119.0544
SITE_09410,CA,92071.0,2.24,0.0,0.0,8.0,0.17179431802564152,1.0,2018-11-08,0.0,0.0,39.7114,-120.6119
SITE_09411,CA,95453.0,9.185253456,180.0,20.0,28.0,0.17128229190239608,0.0,2018-11-07,0.0,1.0,35.2439,-119.5653
SITE_09412,CA,92260.0,6.48,189.0,5.0,18.0,0.22072348252605764,0.0,2018-11-07,0.0,0.0,38.8376,-119.9898
SITE_09413,CA,93651.0,188.2720892,180.0,19.0,576.0,0.18965517241379312,0.0,2018-10-29,0.0,1.0,36.8107,-120.6326
SITE_09414,CA,92867.0,3.9,165.0,23.0,12.0,0.1675257731958763,0.0,2018-10-26,0.0,0.0,34.6748,-119.2719
SITE_09415,CA,94513.0,2.281880509,-1.0,-1.0,13.0,0.20015721439385117,1.0,2018-10-24,0.0,1.0,35.8477,-117.3362
SITE_09416,CA,95688.0,8.25,180.0,22.0,25.0,0.20015721439385117,0.0,2018-10-19,0.0,1.0,35.5831,-120.7066
SITE_09417,CA,93702.0,8.642919905,-1.0,-1.0,27.0,0.19631901840490798,1.0,2018-10-18,0.0,0.0,35.7634,-120.4423
SITE_09418,CA,92003.0,13.8,180.0,10.0,40.0,-1.0,0.0,2018-10-17,0.0,1.0,37.1761,-118.9008
SITE_09419,CA,92020.0,93.72156503,180.0,10.0,420.0,0.14166050751416606,0.0,2018-10-16,0.0,1.0,36.3534,-119.9776
SITE_09420,CA,90723.0,3.835,181.0,21.0,3.0,0.19158879718604765,0.0,2018-10-15,1.0,0.0,39.2374,-121.4903
SITE_09421,CA,93722.0,5.708938953,-1.0,-1.0,19.0,0.189873417721519,1.0,2018-10-12,1.0,1.0,36.8432,-117.8336
SITE_09422,CA,93314.0,7.04,-1.0,-1.0,44.0,0.14491164306304047,1.0,2018-10-10,0.0,0.0,39.2397,-119.7111
SITE_09423,CA,93306.0,8.961676461,180.0,18.0,26.0,0.21152667075413856,0.0,2018-10-08,1.0,0.0,38.1133,-121.3282
SITE_09424,CA,93930.0,4.93,-1.0,-1.0,17.0,-1.0,1.0,2018-09-26,0.0,0.0,35.9538,-119.6554
SITE_09425,CA,92308.0,9.3,180.0,25.0,30.0,0.18977655341291705,0.0,2018-09-20,0.0,1.0,35.8607,-120.4303
SITE_09426,CA,95973.0,3.662579281,-1.0,-1.0,12.0,0.190268247036806,1.0,2018-09-14,0.0,0.0,39.7565,-117.3395
SITE_09427,CA,93013.0,9.6,180.0,18.0,32.0,0.1904761904761905,0.0,2018-09-06,0.0,0.0,37.8305,-119.0205
SITE_09428,CA,93638.0,2.08,-1.0,-1.0,8.0,0.1588542939537612,1.0,2018-08-17,0.0,0.0,38.6745,-120.3693
SITE_09429,CA,92845.0,6.682,180.0,14.0,9.0,0.20197682543379528,1.0,2018-08-10,0.0,0.0,39.7091,-121.3085
SITE_09430,CA,92071.0,2.24,0.0,0.0,8.0,0.17179431802564152,1.0,2018-08-08,0.0,0.0,39.1272,-117.4012
SITE_09431,CA,90808.0,4.8,180.0,14.0,16.0,0.18896447467876037,1.0,2018-08-07,0.0,0.0,38.1334,-117.6694
SITE_09432,CA,92345.0,4.845,214.0,22.0,17.0,0.18037974683544303,0.0,2018-07-30,1.0,0.0,37.9042,-118.4269
SITE_09433,CA,94542.0,6.09,-1.0,-1.0,21.0,0.17296136699121775,1.0,2018-07-25,0.0,0.0,37.7069,-118.8773
SITE_09434,CA,94582.0,8.608542373,-1.0,-1.0,21.0,-1.0,1.0,2018-07-24,0.0,1.0,37.3609,-118.6912
SITE_09435,CA,93446.0,11.88,180.0,20.0,36.0,0.17133956386292834,0.0,2018-07-18,0.0,1.0,38.4589,-121.1464
SITE_09436,CA,95762.0,2.88,180.0,18.0,9.0,0.19393939393939394,0.0,2018-07-18,0.0,0.0,38.3071,-120.8087
SITE_09437,CA,95336.0,5.22919708,-1.0,-1.0,34.0,0.1904761904761905,1.0,2018-07-16,0.0,1.0,35.2227,-118.1894
SITE_09438,CA,93662.0,260.4,180.0,25.0,840.0,0.16889167832564062,0.0,2018-07-05,0.0,1.0,37.2382,-118.7351
SITE_09439,CA,95762.0,2.011922219,147.0,18.0,6.0,0.2053954629061925,0.0,2018-07-02,0.0,0.0,39.7122,-121.3323
SITE_09440,CA,93622.0,1093.862069,-1.0,-1.0,3240.0,0.1752577319587629,1.0,2018-06-27,0.0,1.0,36.2804,-121.5898
SITE_09441,CA,95667.0,6.3,180.0,10.0,20.0,0.1579739217652959,0.0,2018-06-26,0.0,1.0,38.2929,-118.2562
SITE_09442,CA,92064.0,9.488552535,180.0,25.0,32.0,0.16200199910466895,0.0,2018-06-21,0.0,1.0,38.1754,-121.3491
SITE_09443,CA,92881.0,28.6,269.0,23.0,45.0,0.19411444987964904,0.0,2018-06-15,1.0,0.0,37.7373,-121.0551
SITE_09444,CA,95762.0,6.169002217,-1.0,-1.0,50.0,0.19693235654884486,1.0,2018-06-13,0.0,1.0,36.2980,-118.4593
SITE_09445,CA,93306.0,10.88367692,-1.0,-1.0,34.0,0.19631901840490798,1.0,2018-06-13,0.0,0.0,37.1907,-120.8073
SITE_09446,CA,93422.0,10.26390262,156.0,5.0,36.0,0.18037974683544303,0.0,2018-06-12,1.0,1.0,37.8171,-120.1512
SITE_09447,CA,95691.0,4.8,-1.0,-1.0,16.0,0.18518518518518517,1.0,2018-06-07,0.0,0.0,37.6480,-118.2995
SITE_09448,CA,94117.0,2.455,-1.0,-1.0,5.0,0.17447688657098986,1.0,2018-06-04,0.0,1.0,35.3749,-120.5727
SITE_09449,CA,94587.0,5.4,-1.0,-1.0,20.0,0.13957383455848144,1.0,2018-05-29,0.0,0.0,36.8808,-121.1320
SITE_09450,CA,93619.0,10.35,0.0,0.0,30.0,0.179156282958914,0.0,2018-05-23,0.0,0.0,39.5076,-119.6639
SITE_09451,CA,95762.0,6.69,-1.0,-1.0,21.0,0.17718363556381056,1.0,2018-05-20,0.0,1.0,39.1816,-119.7622
SITE_09452,CA,92324.0,8.7,180.0,20.0,30.0,0.17718363556381056,1.0,2018-05-18,0.0,1.0,34.7727,-119.2266
SITE_09453,CA,92126.0,4.64,0.0,0.0,16.0,0.17296136699121775,1.0,2018-05-16,0.0,0.0,36.6486,-118.8406
SITE_09454,CA,93722.0,8.352542373,180.0,23.0,28.0,0.18633540372670804,0.0,2018-05-10,1.0,0.0,35.3060,-121.2576
SITE_09455,CA,95648.0,6.326297641,-1.0,-1.0,36.0,0.17946877243359655,1.0,2018-04-30,0.0,1.0,36.1808,-117.5276
SITE_09456,CA,94115.0,3.48,170.0,0.0,12.0,-1.0,0.0,2018-04-30,0.0,0.0,35.0317,-117.4232
SITE_09457,CA,93446.0,46.2,180.0,18.0,132.0,0.1906841529483039,0.0,2018-04-27,0.0,1.0,37.4360,-118.0731
SITE_09458,CA,92071.0,2.24,0.0,0.0,8.0,0.17179431802564152,1.0,2018-04-02,0.0,0.0,38.8331,-118.4315
SITE_09459,CA,95747.0,19.5259481,180.0,20.0,60.0,0.1629889669007021,0.0,2018-04-24,0.0,1.0,36.3201,-119.5340
SITE_09460,CA,93280.0,6.48,181.0,25.0,24.0,0.17535245844146735,0.0,2018-04-23,0.0,1.0,39.1345,-119.6101
SITE_09461,CA,93555.0,5.9,180.0,18.0,20.0,0.17664670658682635,0.0,2018-04-11,0.0,1.0,37.0276,-121.1735
SITE_09462,CA,94591.0,4.35,180.0,22.0,15.0,-1.0,0.0,2018-04-05,0.0,0.0,37.7330,-118.3363
SITE_09463,CA,92040.0,7.2,180.0,17.0,24.0,0.18518518518518517,0.0,2018-04-03,0.0,1.0,38.6150,-118.3269
SITE_09464,CA,95688.0,2.19823435,-1.0,-1.0,8.0,0.16965003972895476,1.0,2018-03-23,0.0,1.0,35.1024,-117.9712
SITE_09465,CA,93291.0,4.56,255.0,18.0,16.0,0.1699792744568864,0.0,2018-03-23,0.0,0.0,38.6453,-117.9454
SITE_09466,CA,96056.0,7.107254237,180.0,21.0,28.0,0.1699792744568864,0.0,2018-03-21,0.0,1.0,38.5557,-117.4756
SITE_09467,CA,94551.0,277.3,180.0,10.0,590.0,0.2175925925925926,0.0,2018-03-16,1.0,1.0,35.7376,-117.5386
SITE_09468,CA,95776.0,5.31,-1.0,-1.0,18.0,0.18209876543209877,1.0,2018-03-16,0.0,0.0,36.7008,-119.1313
SITE_09469,CA,95776.0,16.76153692,-1.0,-1.0,61.0,0.16965003972895476,1.0,2018-03-11,0.0,0.0,34.9497,-120.8761
SITE_09470,CA,93602.0,7.48,180.0,20.0,22.0,0.17655981508994423,0.0,2018-03-03,0.0,1.0,-9999,-9999
SITE_09471,CA,93465.0,6.72,180.0,20.0,24.0,0.17396966466104496,0.0,2018-03-03,0.0,1.0,35.1749,-118.6936
SITE_09472,CA,95695.0,75.03,180.0,25.0,246.0,0.19748769748769748,0.0,2018-03-02,0.0,1.0,37.3441,-118.7851
SITE_09473,CA,93250.0,9.45,-1.0,-1.0,35.0,0.17535245844146735,1.0,2018-03-02,0.0,0.0,35.9894,-120.3144
SITE_09474,CA,92118.0,2.899279941,0.0,0.0,8.0,0.22072348252605764,1.0,2018-02-21,0.0,0.0,38.5247,-117.3333
SITE_09475,CA,95338.0,7.213114754,180.0,20.0,24.0,0.17964071856287428,0.0,2018-02-08,0.0,1.0,37.2321,-118.7617
SITE_09476,CA,95928.0,17.76157377,180.0,22.0,54.0,0.171875,0.0,2018-02-07,0.0,1.0,39.1715,-119.7044
SITE_09477,CA,92345.0,4.35,180.0,23.0,15.0,0.17901234567901234,1.0,2018-02-07,0.0,0.0,34.9530,-118.7701
SITE_09478,CA,92260.0,17.6,270.0,20.0,16.0,0.16576170820152766,1.0,2018-01-30,0.0,0.0,34.8868,-118.3540
SITE_09479,CA,92019.0,1.52,0.0,0.0,16.0,0.1267173536081099,1.0,2018-01-19,0.0,1.0,39.3912,-120.3769
SITE_09480,CA,93313.0,2.9,330.0,13.0,10.0,0.1883415294371316,0.0,2018-01-08,1.0,0.0,37.7715,-118.3145
SITE_09481,CA,92584.0,4.2,180.0,18.0,14.0,0.1832844574780059,0.0,2018-01-08,0.0,0.0,34.7555,-117.3008
SITE_09482,CA,95240.0,8.99,-1.0,-1.0,31.0,-1.0,1.0,2018-01-04,0.0,0.0,38.6669,-117.8939
SITE_09483,CA,95746.0,5.025,-1.0,-1.0,15.0,0.20318989946042468,1.0,2017-12-29,0.0,0.0,38.8071,-119.7279
SITE_09484,CA,93291.0,1089.0,180.0,1.0,3300.0,0.17128229190239608,1.0,2017-12-29,0.0,0.0,38.2963,-118.0270
SITE_09485,CA,95340.0,156.8822034,180.0,7.0,468.0,0.16800401203610832,0.0,2017-12-28,1.0,1.0,35.3034,-117.7288
SITE_09486,CA,95111.0,6.09,-1.0,-1.0,21.0,0.17718363556381056,1.0,2017-12-28,0.0,0.0,37.6312,-119.6611
SITE_09487,CA,93422.0,6.3,102.0,18.0,21.0,0.18404907975460125,0.0,2017-12-26,0.0,0.0,37.6061,-117.8110
SITE_09488,CA,95112.0,15.635,142.0,0.0,59.0,0.18480885185582954,0.0,2017-12-22,0.0,0.0,34.8224,-117.3740
SITE_09489,CA,93631.0,10.88,180.0,20.0,32.0,0.17655981508994423,0.0,2017-12-22,0.0,1.0,39.3003,-117.9143
SITE_09490,CA,92020.0,4.96,0.0,0.0,16.0,0.18977655341291705,1.0,2017-12-20,0.0,0.0,36.4034,-118.0637
SITE_09491,CA,90304.0,312.96,90.0,5.0,72.0,0.16491853024605846,0.0,2017-12-15,1.0,1.0,39.7311,-120.3037
SITE_09492,CA,92705.0,10.4,231.0,41.0,9.0,0.19411444987964904,0.0,2017-12-05,1.0,0.0,36.8242,-118.2177
SITE_09493,CA,92131.0,2.32,0.0,0.0,8.0,0.18275233844220648,1.0,2017-11-30,0.0,0.0,39.6150,-118.5673
SITE_09494,CA,94607.0,2.01,180.0,0.0,6.0,0.20543148583994497,0.0,2017-11-27,0.0,0.0,37.2737,-119.8523
SITE_09495,CA,92028.0,7.2,180.0,18.0,24.0,0.18518518518518517,0.0,2017-11-22,0.0,0.0,38.9441,-119.5699
SITE_09496,CA,95602.0,9.75,180.0,21.0,30.0,0.18986129026227733,0.0,2017-11-19,0.0,1.0,39.7942,-117.6094
SITE_09497,CA,93619.0,6.630434783,-1.0,-1.0,25.0,0.17110186371897973,1.0,2017-11-16,1.0,0.0,37.9896,-117.4755
SITE_09498,CA,95677.0,9.537608123,180.0,26.0,33.0,0.17365269461077845,0.0,2017-11-16,0.0,0.0,36.5833,-121.3087
SITE_09499,CA,92040.0,4.72,0.0,0.0,16.0,0.18209876543209877,1.0,2017-11-09,0.0,0.0,38.2377,-117.9509
SITE_09500,CA,92026.0,10.2,0.0,0.0,34.0,0.18518518518518517,1.0,2017-11-08,0.0,0.0,35.1423,-117.7925
SITE_09501,CA,94609.0,5.88,-1.0,-1.0,21.0,0.17179431802564152,1.0,2017-11-07,0.0,0.0,36.0532,-120.4285
SITE_09502,CA,95901.0,11.88,180.0,15.0,36.0,0.20625,0.0,2017-10-31,0.0,1.0,34.9628,-121.4341
SITE_09503,CA,95620.0,7.16625,90.0,18.0,24.0,0.18518518518518517,0.0,2017-10-27,0.0,1.0,37.3440,-121.1920
SITE_09504,CA,93307.0,176.3893805,180.0,5.0,540.0,0.17010309278350516,0.0,2017-10-16,0.0,1.0,36.9819,-117.4808
SITE_09505,CA,92007.0,0.78,180.0,0.0,3.0,0.1601379650160138,0.0,2017-10-03,0.0,0.0,36.4508,-119.6218
SITE_09506,CA,92010.0,5.46,195.0,27.0,21.0,0.16390827944848646,0.0,2017-09-27,0.0,0.0,37.4676,-119.2600
SITE_09507,CA,93306.0,4.68,-1.0,-1.0,18.0,0.1588542939537612,1.0,2017-09-08,0.0,0.0,36.0504,-118.0713
SITE_09508,CA,95023.0,469.2745574,171.0,25.0,2960.0,0.16568064765880097,0.0,2017-08-31,0.0,1.0,39.1684,-120.6713
SITE_09509,CA,94513.0,6.045144462,90.0,24.0,22.0,0.16965003972895476,0.0,2017-08-30,0.0,0.0,39.7773,-118.2477
SITE_09510,CA,93609.0,178.92,180.0,22.0,568.0,0.16103635843114802,0.0,2017-08-18,0.0,1.0,37.8210,-117.7554
SITE_09511,CA,94558.0,9.8,-1.0,-1.0,35.0,0.18184699393929946,1.0,2017-08-17,0.0,0.0,38.4278,-119.2630
SITE_09512,CA,92277.0,7.56,180.0,18.0,27.0,0.17273458590584484,0.0,2017-08-14,1.0,1.0,35.8917,-120.2646
SITE_09513,CA,91905.0,11.56573899,180.0,24.0,34.0,0.17647266438428688,0.0,2017-08-14,0.0,1.0,35.6323,-120.3459
SITE_09514,CA,92154.0,3.77,205.0,22.0,13.0,0.17718363556381056,0.0,2017-08-04,1.0,0.0,39.5428,-118.8579
SITE_09515,CA,93230.0,40.3,182.0,16.0,124.0,-1.0,0.0,2017-07-11,0.0,1.0,37.7000,-119.8762
SITE_09516,CA,92543.0,233.22,180.0,45.0,54.0,-1.0,0.0,2017-07-08,0.0,1.0,37.1633,-120.0443
SITE_09517,CA,95376.0,3.846910112,179.0,17.0,14.0,0.16965003972895476,0.0,2017-07-06,0.0,0.0,38.5849,-120.3631
SITE_09518,CA,95111.0,3.99,180.0,26.0,14.0,-1.0,0.0,2017-06-29,0.0,0.0,37.5156,-121.2346
SITE_09519,CA,93280.0,886.4228571,-1.0,-1.0,2880.0,0.15976482617586912,1.0,2017-06-21,0.0,1.0,37.3932,-120.0415
SITE_09520,CA,92154.0,5.51,0.0,0.0,19.0,-1.0,1.0,2017-06-15,0.0,0.0,35.3456,-121.0103
SITE_09521,CA,92082.0,8.702560725,180.0,18.0,26.0,0.16800401203610832,0.0,2017-06-13,0.0,1.0,38.2445,-120.2208
SITE_09522,CA,94541.0,2.655,164.0,25.0,9.0,0.1802297165200391,0.0,2017-06-07,0.0,0.0,38.6718,-118.7581
SITE_09523,CA,93012.0,7.28,151.0,22.0,18.0,0.17179431802564152,0.0,2017-05-24,0.0,0.0,35.0772,-119.2212
SITE_09524,CA,93705.0,17.36,180.0,5.0,56.0,0.18637255874493114,0.0,2017-05-23,0.0,1.0,35.2999,-119.3658
SITE_09525,CA,95365.0,9.6,180.0,25.0,32.0,0.18518518518518517,0.0,2017-05-23,0.0,1.0,39.7013,-120.9324
SITE_09526,CA,92307.0,9.016,180.0,-1.0,28.0,0.17179431802564152,1.0,2017-05-19,1.0,0.0,36.4274,-119.2695
SITE_09527,CA,92114.0,6.6,0.0,0.0,22.0,0.18518518518518517,1.0,2017-05-04,0.0,0.0,36.6699,-117.3600
SITE_09528,CA,94597.0,2.85,-1.0,-1.0,10.0,-1.0,1.0,2017-05-01,0.0,0.0,38.3788,-121.0304
SITE_09529,CA,92376.0,5.565,269.0,13.0,21.0,0.16856980921078157,0.0,2017-04-22,0.0,0.0,35.3612,-121.5466
SITE_09530,CA,93722.0,5.22,180.0,18.0,18.0,0.17718363556381056,0.0,2017-04-12,0.0,0.0,35.6088,-120.1968
SITE_09531,CA,95227.0,6.05,188.0,33.0,22.0,0.1640150893882237,0.0,2017-04-11,0.0,1.0,35.8969,-120.6036
SITE_09532,CA,92277.0,5.8,-1.0,-1.0,20.0,-1.0,1.0,2017-04-06,0.0,1.0,36.6585,-117.7410
SITE_09533,CA,94589.0,7.968599518,150.0,23.0,29.0,0.16965003972895476,0.0,2017-04-04,0.0,0.0,35.7636,-117.4702
SITE_09534,CA,93611.0,7.0,180.0,20.0,25.0,0.17189894306707007,0.0,2017-03-30,1.0,0.0,36.6531,-121.1104
SITE_09535,CA,92040.0,12.17930836,180.0,18.0,36.0,0.16800401203610832,0.0,2017-03-16,0.0,1.0,39.0157,-120.7423
SITE_09536,CA,92677.0,8.32,145.0,27.0,26.0,0.20156210632401106,0.0,2017-03-13,0.0,0.0,38.0084,-119.1554
SITE_09537,CA,92627.0,5.7,130.0,12.0,20.0,-1.0,0.0,2017-02-28,0.0,0.0,39.4698,-120.0755
SITE_09538,CA,93725.0,11.6,-1.0,-1.0,40.0,-1.0,1.0,2017-02-27,1.0,0.0,36.5558,-118.3211
SITE_09539,CA,93657.0,7.15,18.0,90.0,26.0,0.16467065868263472,0.0,2017-02-23,0.0,1.0,36.9938,-118.9271
SITE_09540,CA,93646.0,7.41,-1.0,-1.0,26.0,-1.0,1.0,2017-02-23,0.0,0.0,34.7151,-118.9761
SITE_09541,CA,95037.0,11.89,-1.0,-1.0,41.0,-1.0,1.0,2017-02-21,0.0,0.0,36.0710,-119.1544
SITE_09542,CA,93656.0,8.835,-1.0,-1.0,31.0,-1.0,1.0,2017-02-17,0.0,0.0,38.5964,-120.6916
SITE_09543,CA,95076.0,19.29958506,145.0,20.0,57.0,0.17647266438428688,0.0,2017-02-16,0.0,1.0,37.2690,-120.7485
SITE_09544,CA,92028.0,9.975,0.0,0.0,35.0,-1.0,1.0,2017-02-13,0.0,0.0,39.5748,-120.9501
SITE_09545,CA,95361.0,5.0,180.0,16.0,20.0,0.15030180602650123,0.0,2017-02-10,0.0,1.0,37.6481,-120.2205
SITE_09546,CA,93230.0,57.63934426,180.0,25.0,180.0,0.16831049920894064,0.0,2017-02-03,0.0,1.0,35.2880,-118.6262
SITE_09547,CA,94588.0,5.026657001,297.0,22.0,19.0,0.15868263473053892,0.0,2017-01-26,0.0,0.0,39.5757,-121.5121
SITE_09548,CA,95685.0,71.84452555,270.0,18.0,220.0,0.2005256593124239,0.0,2017-01-25,0.0,1.0,35.7704,-119.2591
SITE_09549,CA,93932.0,10.24,188.0,10.0,32.0,-1.0,0.0,2017-01-24,0.0,1.0,34.7166,-117.7910
SITE_09550,CA,91910.0,7.8,0.0,0.0,30.0,0.1588542939537612,1.0,2017-01-23,1.0,0.0,35.3464,-118.2692
SITE_09551,CA,94043.0,2.01,180.0,0.0,6.0,0.20543148583994497,0.0,2017-02-16,0.0,0.0,37.8689,-120.1013
SITE_09552,CA,95360.0,5.0321065,270.0,18.0,18.0,0.16816816816816815,0.0,2017-01-18,0.0,0.0,38.4922,-119.1879
SITE_09553,CA,90621.0,3.0,180.0,15.0,10.0,0.18896447467876037,1.0,2017-01-11,0.0,0.0,39.2874,-119.9053
SITE_09554,CA,92064.0,8.32,200.0,32.0,26.0,0.20156210632401106,0.0,2017-01-03,0.0,1.0,35.9539,-121.1632
SITE_09555,CA,91752.0,3.18,184.0,18.0,12.0,0.16190918422210274,0.0,2016-12-29,1.0,0.0,37.2939,-118.0131
SITE_09556,CA,93309.0,10.85,200.0,17.0,35.0,0.19526329050138572,0.0,2016-12-27,0.0,0.0,36.2965,-117.3018
SITE_09557,CA,95337.0,5.1,-1.0,-1.0,20.0,0.1567417387883556,1.0,2016-12-27,0.0,0.0,38.0566,-117.4764
SITE_09558,CA,93654.0,28.5,180.0,20.0,100.0,-1.0,0.0,2016-12-22,0.0,1.0,35.1532,-118.7746
SITE_09559,CA,92124.0,7.41,220.0,20.0,26.0,-1.0,0.0,2016-12-22,0.0,0.0,34.7406,-121.3601
SITE_09560,CA,91950.0,2.08,0.0,0.0,8.0,0.1588542939537612,1.0,2016-12-20,1.0,0.0,38.7420,-118.8268
SITE_09561,CA,91977.0,2.24,0.0,0.0,8.0,0.1764505336683373,1.0,2016-12-19,0.0,0.0,38.0321,-117.4596
SITE_09562,CA,95695.0,9.12,180.0,10.0,32.0,0.17951625094482235,0.0,2016-12-16,0.0,1.0,36.3937,-121.1233
SITE_09563,CA,95212.0,9.54,223.0,24.0,36.0,0.16856980921078157,0.0,2016-11-23,1.0,0.0,39.1054,-120.3045
SITE_09564,CA,93551.0,4.24,180.0,18.0,16.0,0.1735081247634724,0.0,2016-11-23,1.0,0.0,34.9418,-118.6763
SITE_09565,CA,92081.0,68.16,0.0,0.0,213.0,-1.0,1.0,2016-11-18,0.0,0.0,36.5098,-119.4177
SITE_09566,CA,92078.0,8.4,247.0,15.0,28.0,0.18518518518518517,0.0,2016-11-17,0.0,0.0,39.5113,-120.9426
SITE_09567,CA,96016.0,8.04,194.0,30.0,24.0,0.17176844588012102,0.0,2016-11-16,0.0,1.0,35.2484,-119.7471
SITE_09568,CA,93619.0,17.5794958,180.0,20.0,54.0,0.17094035075908037,0.0,2016-11-16,0.0,1.0,38.3547,-119.5168
SITE_09569,CA,93551.0,4.94,269.0,26.0,10.0,0.1601379650160138,0.0,2016-11-14,1.0,0.0,34.6068,-118.7815
SITE_09570,CA,94070.0,11.52786885,227.0,16.0,36.0,0.16831049920894064,0.0,2016-11-07,0.0,0.0,36.0740,-120.2832
SITE_09571,CA,93313.0,321.1884762,180.0,7.0,1020.0,0.16568064765880097,0.0,2016-11-04,0.0,1.0,38.8651,-118.2327
SITE_09572,CA,93274.0,2.915,90.0,30.0,11.0,0.16190918422210274,0.0,2016-11-03,1.0,0.0,36.1223,-118.6626
SITE_09573,CA,96080.0,5.8,180.0,22.0,20.0,-1.0,0.0,2016-10-24,0.0,1.0,37.3816,-117.4661
SITE_09574,CA,92584.0,7.975,180.0,18.0,29.0,0.16965003972895476,0.0,2016-10-24,1.0,1.0,38.9050,-118.8533
SITE_09575,CA,92021.0,10.52960735,210.0,25.0,40.0,0.16039640119828452,0.0,2016-10-24,0.0,1.0,39.2865,-120.2203
SITE_09576,CA,92029.0,9.6,0.0,0.0,32.0,0.18518518518518517,1.0,2016-10-24,0.0,0.0,39.7782,-117.6740
SITE_09577,CA,94014.0,2.482894737,30.0,18.0,68.0,0.10396996672961065,0.0,2016-10-20,0.0,0.0,35.2737,-118.0267
SITE_09578,CA,94544.0,2.08,227.0,18.0,8.0,0.16394683078164807,0.0,2016-10-13,1.0,0.0,37.3280,-120.2562
SITE_09579,CA,92082.0,16.8,180.0,26.0,60.0,-1.0,0.0,2016-10-13,0.0,1.0,35.0563,-121.4352
SITE_09580,CA,95668.0,280.5,180.0,30.0,1100.0,0.1607940071127702,0.0,2016-10-12,0.0,1.0,35.1017,-120.8210
SITE_09581,CA,95206.0,6.48895497,180.0,18.0,25.0,0.17023438656038803,0.0,2016-10-07,1.0,0.0,35.5970,-120.9808
SITE_09582,CA,95046.0,25.92,245.0,15.0,96.0,0.16449172058339728,0.0,2016-10-05,0.0,1.0,39.5617,-119.6119
SITE_09583,CA,95987.0,4.869898167,-1.0,-1.0,18.0,0.16656549355206468,1.0,2016-09-20,0.0,0.0,37.4791,-117.7585
SITE_09584,CA,95602.0,8.243378812,180.0,20.0,30.0,0.16965003972895476,0.0,2016-09-15,0.0,1.0,35.7543,-117.7502
SITE_09585,CA,93555.0,4.96,181.0,21.0,16.0,0.16305079610866127,0.0,2016-09-15,0.0,0.0,36.9514,-117.5816
SITE_09586,CA,95966.0,5.562682216,177.0,18.0,21.0,0.1735081247634724,0.0,2016-09-14,0.0,0.0,39.0965,-118.6660
SITE_09587,CA,94536.0,4.275,-1.0,-1.0,15.0,-1.0,1.0,2016-09-09,0.0,0.0,35.8019,-120.9867
SITE_09588,CA,92071.0,3.465,0.0,0.0,11.0,-1.0,1.0,2016-09-03,0.0,1.0,37.3317,-119.9244
SITE_09589,CA,93309.0,3.975,150.0,19.0,17.0,0.16464518961637672,0.0,2016-08-31,1.0,0.0,38.3697,-117.4317
SITE_09590,CA,92571.0,5.13,271.0,13.0,18.0,0.1734209565534867,0.0,2016-08-27,1.0,0.0,37.0932,-120.2567
SITE_09591,CA,92130.0,7.840544935,208.0,0.0,22.0,0.2115637689993463,0.0,2016-08-25,1.0,0.0,37.3074,-119.1173
SITE_09592,CA,93905.0,5.2,165.0,19.0,20.0,0.1598151062155783,0.0,2016-08-23,0.0,0.0,37.4120,-117.7103
SITE_09593,CA,93420.0,3.355,160.0,10.0,11.0,0.15718797414077446,0.0,2016-08-23,0.0,1.0,38.8969,-118.6912
SITE_09594,CA,91911.0,5.2,0.0,0.0,20.0,0.1588542939537612,1.0,2016-08-16,1.0,0.0,35.0417,-120.0110
SITE_09595,CA,92114.0,4.42,0.0,0.0,17.0,0.1588542939537612,1.0,2016-08-16,1.0,0.0,37.1703,-121.6718
SITE_09596,CA,93312.0,5.551622429,270.0,25.0,17.0,0.2005256593124239,0.0,2016-08-12,0.0,0.0,35.0889,-121.5181
SITE_09597,CA,91761.0,6.885,179.0,20.0,27.0,0.1607561971514002,0.0,2016-08-12,1.0,0.0,38.5266,-118.9131
SITE_09598,CA,93103.0,6.08,180.0,18.0,19.0,0.20156210632401106,0.0,2016-08-02,0.0,0.0,35.8177,-119.0976
SITE_09599,CA,95682.0,7.83,250.0,25.0,18.0,0.20119495930311615,0.0,2016-07-31,0.0,1.0,39.0911,-119.0547
SITE_09600,CA,95776.0,8.75,-1.0,-1.0,35.0,0.1544778494211715,1.0,2016-07-26,1.0,0.0,37.1171,-117.7626
SITE_09601,CA,95959.0,7.798771872,220.0,23.0,24.0,0.20061349693251534,0.0,2016-07-25,0.0,1.0,39.0865,-121.4663
SITE_09602,CA,93955.0,4.94,-1.0,-1.0,19.0,0.1588542939537612,1.0,2016-07-22,1.0,0.0,37.5553,-118.5121
SITE_09603,CA,95003.0,5.170197959,275.0,22.0,15.0,0.2115637689993463,0.0,2016-07-19,0.0,0.0,36.9105,-117.7846
SITE_09604,CA,95470.0,7.837584605,180.0,23.0,24.0,0.2005256593124239,0.0,2016-07-18,1.0,1.0,37.6730,-120.1370
SITE_09605,CA,93924.0,9.286338798,120.0,12.0,29.0,0.16831049920894064,0.0,2016-07-17,0.0,1.0,39.7714,-117.7067
SITE_09606,CA,93619.0,9.3,148.0,20.0,30.0,0.1613952882988416,0.0,2016-07-15,0.0,1.0,39.1305,-119.5937
SITE_09607,CA,93301.0,4.905,180.0,18.0,15.0,0.2005256593124239,0.0,2016-07-12,0.0,1.0,39.0466,-120.5785
SITE_09608,CA,92084.0,6.76,0.0,0.0,26.0,-1.0,1.0,2016-07-06,0.0,0.0,35.1873,-119.7107
SITE_09609,CA,93312.0,9.62,-1.0,-1.0,37.0,0.1588542939537612,1.0,2016-06-30,1.0,0.0,37.6361,-119.2973
SITE_09610,CA,92129.0,5.4,0.0,0.0,18.0,0.18518518518518517,1.0,2016-06-30,0.0,0.0,39.0544,-121.2177
SITE_09611,CA,93536.0,6.5,270.0,18.0,25.0,0.1678735266676782,0.0,2016-06-29,0.0,0.0,39.7578,-120.2706
SITE_09612,CA,91739.0,2.76,182.0,34.0,12.0,0.18487527349483396,0.0,2016-06-28,0.0,0.0,38.0437,-121.5258
SITE_09613,CA,93644.0,13.5093711,-1.0,-1.0,51.0,0.1735081247634724,1.0,2016-06-27,1.0,0.0,34.6366,-121.6498
SITE_09614,CA,92003.0,11.60704016,180.0,18.0,42.0,0.16516516516516516,0.0,2016-06-27,0.0,1.0,37.2593,-120.3728
SITE_09615,CA,95361.0,6.76,183.0,27.0,26.0,0.1688579229436352,0.0,2016-06-21,1.0,0.0,39.0661,-119.7260
SITE_09616,CA,92117.0,5.46,0.0,0.0,21.0,0.1588542939537612,1.0,2016-06-17,1.0,0.0,35.7185,-120.2514
SITE_09617,CA,92677.0,4.5,0.0,0.0,18.0,0.15274451341707806,1.0,2016-06-16,1.0,0.0,37.5175,-121.1935
SITE_09618,CA,92124.0,5.2,0.0,0.0,20.0,0.1588542939537612,1.0,2016-06-15,1.0,0.0,35.4656,-121.6588
SITE_09619,CA,92040.0,8.25,0.0,0.0,33.0,0.1544778494211715,1.0,2016-06-15,0.0,0.0,34.7891,-117.8103
SITE_09620,CA,91915.0,2.9,0.0,0.0,10.0,-1.0,1.0,2016-06-10,0.0,0.0,37.5184,-119.2697
SITE_09621,CA,92691.0,9.88,0.0,0.0,38.0,0.1588542939537612,1.0,2016-06-10,1.0,0.0,38.6955,-119.1420
SITE_09622,CA,92114.0,6.25,0.0,0.0,25.0,0.15274451341707806,1.0,2016-06-06,1.0,0.0,39.2820,-118.3188
SITE_09623,CA,95667.0,10.4,180.0,21.0,32.0,-1.0,0.0,2016-05-27,0.0,1.0,35.2582,-121.2145
SITE_09624,CA,95618.0,10.71,180.0,14.0,42.0,0.1561065197428834,0.0,2016-05-27,1.0,0.0,36.3485,-118.3338
SITE_09625,CA,93230.0,7.905,270.0,20.0,7.0,0.15579940368541964,0.0,2016-05-27,1.0,0.0,35.8363,-117.4982
SITE_09626,CA,95037.0,1.528040973,110.0,0.0,6.0,0.16464518961637672,0.0,2016-05-25,0.0,0.0,37.5605,-120.7665
SITE_09627,CA,90603.0,5.25,130.0,23.0,21.0,0.1544778494211715,0.0,2016-05-24,1.0,0.0,34.7222,-120.0225
SITE_09628,CA,92691.0,4.68,0.0,0.0,18.0,0.1588542939537612,1.0,2016-05-17,1.0,0.0,39.5784,-118.7851
SITE_09629,CA,93311.0,11.43521539,180.0,0.0,44.0,0.1678735266676782,0.0,2016-05-05,0.0,0.0,35.2273,-120.1921
SITE_09630,CA,92019.0,14.88,180.0,20.0,48.0,0.19526329050138572,0.0,2016-05-04,0.0,1.0,37.5011,-118.2952
SITE_09631,CA,92069.0,8.4,0.0,0.0,30.0,-1.0,1.0,2016-05-02,0.0,0.0,39.5010,-120.0441
SITE_09632,CA,93307.0,6.71,180.0,15.0,22.0,0.19211388259007306,0.0,2016-04-27,0.0,1.0,35.0572,-120.3619
SITE_09633,CA,92252.0,10.0,180.0,15.0,40.0,0.1292350319985939,0.0,2016-04-22,0.0,1.0,35.1340,-120.7426
SITE_09634,CA,95602.0,5.199181248,180.0,15.0,16.0,0.20061349693251534,0.0,2016-04-20,0.0,1.0,37.2605,-118.7476
SITE_09635,CA,93737.0,19.02464422,180.0,20.0,60.0,0.16568064765880097,0.0,2016-04-19,0.0,1.0,37.6345,-118.4029
SITE_09636,CA,95949.0,10.82226804,180.0,15.0,40.0,0.16333720906315827,0.0,2016-04-19,0.0,1.0,39.4886,-119.8950
SITE_09637,CA,92105.0,4.16,0.0,0.0,16.0,0.1588542939537612,1.0,2016-04-19,1.0,0.0,-9999,-9999
SITE_09638,CA,92131.0,4.8,266.0,23.0,16.0,0.18896447467876037,0.0,2016-04-19,0.0,0.0,37.5666,-118.5094
SITE_09639,CA,92307.0,5.865,190.0,19.0,23.0,0.16464518961637672,0.0,2016-04-14,0.0,0.0,37.9472,-120.3072
SITE_09640,CA,92821.0,8.25,166.0,19.0,19.0,0.1732996312814027,0.0,2016-04-09,0.0,0.0,37.2947,-121.1098
SITE_09641,CA,92692.0,6.5,0.0,0.0,26.0,0.15274451341707806,1.0,2016-04-08,1.0,0.0,38.3325,-118.1480
SITE_09642,CA,92028.0,5.94,240.0,33.0,22.0,-1.0,0.0,2016-04-07,0.0,1.0,38.2606,-120.6763
SITE_09643,CA,95993.0,5.09346991,-1.0,-1.0,20.0,0.16464518961637672,1.0,2016-04-05,0.0,0.0,39.5548,-120.9900
SITE_09644,CA,93619.0,10.3178749,180.0,16.0,39.0,0.15868263473053892,0.0,2016-03-31,1.0,0.0,37.4261,-117.9501
SITE_09645,CA,95110.0,0.999549752,-1.0,-1.0,4.0,0.15289117206372504,1.0,2016-03-29,0.0,0.0,35.3641,-120.4627
SITE_09646,CA,91911.0,3.75,0.0,0.0,15.0,0.15274451341707806,1.0,2016-03-15,1.0,0.0,38.5468,-118.3896
SITE_09647,CA,92021.0,2.24,0.0,0.0,8.0,0.1764505336683373,1.0,2016-03-14,0.0,0.0,38.9382,-121.4145
SITE_09648,CA,95252.0,4.68,187.0,20.0,18.0,0.1688579229436352,0.0,2016-03-08,1.0,0.0,38.1353,-119.2441
SITE_09649,CA,92067.0,44.2,180.0,18.0,136.0,0.1661350345560872,0.0,2016-03-02,0.0,1.0,38.0373,-118.8942
SITE_09650,CA,92673.0,4.5,0.0,0.0,18.0,0.15274451341707806,1.0,2016-03-01,1.0,0.0,-9999,-9999
SITE_09651,CA,92067.0,20.928,190.0,15.0,64.0,0.20061349693251534,0.0,2016-02-18,0.0,1.0,36.9646,-121.5451
SITE_09652,CA,93643.0,6.112163892,180.0,20.0,24.0,0.16464518961637672,0.0,2016-02-11,0.0,1.0,34.8628,-121.5638
SITE_09653,CA,95482.0,7.8,0.0,0.0,30.0,0.16065696339801835,0.0,2016-02-10,0.0,0.0,35.5389,-119.4840
SITE_09654,CA,92028.0,6.49,180.0,15.0,22.0,0.18209876543209877,0.0,2016-02-01,0.0,1.0,38.9722,-120.4985
SITE_09655,CA,91752.0,3.36,185.0,20.0,12.0,-1.0,0.0,2016-01-20,0.0,0.0,38.6937,-120.0208
SITE_09656,CA,93277.0,10.165,110.0,26.0,8.0,0.1598151062155783,0.0,2016-01-12,1.0,0.0,37.9234,-121.3207
SITE_09657,CA,96056.0,9.1,190.0,20.0,28.0,0.17550216569672472,0.0,2016-01-11,0.0,1.0,35.7126,-119.3606
SITE_09658,CA,93313.0,5.75,-1.0,-1.0,23.0,0.1544778494211715,1.0,2016-01-11,0.0,0.0,35.9993,-117.3644
SITE_09659,CA,95943.0,115.9710656,270.0,10.0,372.0,0.16305079610866127,0.0,2016-01-08,0.0,1.0,36.0784,-121.4809
SITE_09660,CA,95037.0,1.528040973,110.0,0.0,6.0,0.16464518961637672,0.0,2016-01-08,0.0,0.0,36.2955,-117.7763
SITE_09661,CA,95228.0,22.563,205.0,10.0,69.0,0.2005256593124239,0.0,2016-01-06,1.0,1.0,38.7545,-120.4520
SITE_09662,CA,95674.0,2.024710425,180.0,23.0,8.0,0.1607940071127702,0.0,2016-01-05,0.0,0.0,38.3953,-117.3107
SITE_09663,CA,92021.0,4.335,158.0,0.0,17.0,0.1561065197428834,0.0,2016-01-05,1.0,0.0,37.4199,-118.9890
SITE_09664,CA,95020.0,3.64,-1.0,-1.0,13.0,-1.0,1.0,2016-01-04,0.0,0.0,39.7839,-118.9454
SITE_09665,CA,93311.0,5.0,-1.0,-1.0,20.0,0.1544778494211715,1.0,2015-12-31,0.0,0.0,36.3198,-119.2401
SITE_09666,CA,95667.0,6.27,-1.0,-1.0,22.0,-1.0,0.0,2015-12-31,0.0,1.0,37.3706,-117.4485
SITE_09667,CA,92082.0,10.98,-1.0,-1.0,36.0,0.15718797414077446,0.0,2015-12-31,0.0,1.0,35.7225,-121.2939
SITE_09668,CA,91911.0,3.75,-1.0,-1.0,15.0,0.15274451341707806,1.0,2015-12-31,1.0,0.0,35.2058,-118.9460
SITE_09669,CA,95361.0,6.48,-1.0,-1.0,24.0,0.17130457954242642,0.0,2015-12-30,0.0,0.0,37.8397,-118.1850
SITE_09670,CA,92026.0,4.48,-1.0,-1.0,16.0,0.1764505336683373,1.0,2015-12-30,0.0,0.0,37.4310,-121.6247
SITE_09671,CA,94509.0,3.38,-1.0,-1.0,13.0,0.16394683078164807,0.0,2015-12-29,1.0,0.0,39.3998,-118.5308
SITE_09672,CA,91351.0,3.99,-1.0,-1.0,14.0,-1.0,1.0,2015-12-17,0.0,0.0,38.6618,-120.7846
SITE_09673,CA,95943.0,27.36,-1.0,-1.0,96.0,-1.0,0.0,2015-12-14,0.0,1.0,36.3170,-118.7382
SITE_09674,CA,92064.0,12.45662317,-1.0,-1.0,36.0,0.2115637689993463,0.0,2015-12-14,0.0,1.0,35.3451,-119.0662
SITE_09675,CA,92103.0,4.71316726,-1.0,-1.0,18.0,0.1572876828015598,1.0,2015-12-14,1.0,0.0,34.7371,-120.9067
SITE_09676,CA,92058.0,5.225,-1.0,-1.0,19.0,0.1732996312814027,0.0,2015-12-02,0.0,0.0,39.3414,-120.8925
SITE_09677,CA,91915.0,4.5,-1.0,-1.0,30.0,0.13986013986013987,0.0,2015-11-30,0.0,0.0,38.6003,-121.6324
SITE_09678,CA,93901.0,126.72,-1.0,-1.0,396.0,-1.0,0.0,2015-11-24,0.0,1.0,39.0047,-118.4731
SITE_09679,CA,92067.0,7.95,-1.0,-1.0,30.0,0.16706036174557276,0.0,2015-11-18,0.0,1.0,36.8438,-121.4002
SITE_09680,CA,95226.0,14.25,-1.0,-1.0,50.0,-1.0,0.0,2015-11-17,0.0,1.0,36.7548,-119.9890
SITE_09681,CA,96003.0,7.397777778,-1.0,-1.0,59.0,-1.0,0.0,2015-11-12,0.0,1.0,35.8573,-121.2335
SITE_09682,CA,92024.0,5.727101621,-1.0,-1.0,16.0,0.2115637689993463,1.0,2015-11-09,0.0,0.0,37.4844,-121.3178
SITE_09683,CA,92124.0,12.44189798,-1.0,-1.0,47.0,0.1678735266676782,1.0,2015-11-05,1.0,0.0,35.3665,-117.3900
SITE_09684,CA,92020.0,6.25,-1.0,-1.0,25.0,0.1623633874458031,1.0,2015-11-05,0.0,0.0,37.3770,-118.7120
SITE_09685,CA,95993.0,4.418151401,-1.0,-1.0,17.0,0.1678735266676782,1.0,2015-11-04,1.0,0.0,35.6933,-121.1574
SITE_09686,CA,93291.0,11.61,-1.0,-1.0,43.0,0.1649640744904443,0.0,2015-11-03,1.0,0.0,38.4616,-117.8044
SITE_09687,CA,94538.0,4.08,-1.0,-1.0,16.0,0.1561065197428834,0.0,2015-10-30,1.0,0.0,36.5083,-118.5944
SITE_09688,CA,92139.0,4.505,-1.0,-1.0,17.0,0.16706036174557276,0.0,2015-10-30,1.0,0.0,35.1912,-118.1882
SITE_09689,CA,95619.0,9.615976579,-1.0,-1.0,37.0,0.1678735266676782,1.0,2015-10-28,1.0,0.0,36.0223,-120.9759
SITE_09690,CA,92656.0,6.24,-1.0,-1.0,24.0,0.16390827944848646,1.0,2015-10-28,0.0,0.0,38.8153,-120.4416
SITE_09691,CA,92084.0,7.331593515,-1.0,-1.0,28.0,0.1572876828015598,0.0,2015-10-27,0.0,1.0,37.0653,-118.2125
SITE_09692,CA,95205.0,5.977498954,-1.0,-1.0,23.0,0.1678735266676782,1.0,2015-10-19,1.0,0.0,38.8463,-121.3023
SITE_09693,CA,90706.0,5.46,-1.0,-1.0,14.0,0.16390827944848646,0.0,2015-10-13,1.0,0.0,36.7935,-120.7326
SITE_09694,CA,94558.0,4.56,-1.0,-1.0,16.0,-1.0,0.0,2015-10-12,0.0,1.0,35.6542,-118.0960
SITE_09695,CA,92392.0,6.2,-1.0,-1.0,20.0,0.16305079610866127,0.0,2015-10-03,0.0,0.0,38.2497,-118.3113
SITE_09696,CA,96073.0,17.1,-1.0,-1.0,60.0,-1.0,0.0,2015-10-01,0.0,1.0,36.4190,-120.0534
SITE_09697,CA,91941.0,3.924,-1.0,-1.0,12.0,0.2005256593124239,1.0,2015-09-30,0.0,0.0,36.8134,-118.4604
SITE_09698,CA,92025.0,6.546065639,-1.0,-1.0,25.0,0.1572876828015598,1.0,2015-09-22,0.0,0.0,34.8714,-119.3772
SITE_09699,CA,92040.0,4.335,-1.0,-1.0,17.0,0.1561065197428834,1.0,2015-09-15,1.0,0.0,37.5134,-119.6932
SITE_09700,CA,95377.0,5.977498954,-1.0,-1.0,23.0,0.1678735266676782,1.0,2015-09-11,1.0,0.0,35.7823,-118.8392
SITE_09701,CA,93221.0,18.48,-1.0,-1.0,44.0,0.1763668430335097,0.0,2015-09-11,1.0,1.0,38.7160,-119.8990
SITE_09702,CA,91901.0,8.735800712,-1.0,-1.0,33.0,0.1678735266676782,1.0,2015-09-11,0.0,0.0,-9999,-9999
SITE_09703,CA,94122.0,3.15477997,-1.0,-1.0,14.0,0.13727866103885167,1.0,2015-09-04,0.0,0.0,35.4716,-120.1067
SITE_09704,CA,92067.0,47.58,-1.0,-1.0,156.0,0.19211388259007306,0.0,2015-09-02,0.0,1.0,34.9561,-118.5602
SITE_09705,CA,92127.0,20.46690391,-1.0,-1.0,60.0,0.2005256593124239,0.0,2015-08-25,0.0,1.0,39.6076,-120.7975
SITE_09706,CA,92673.0,5.61,-1.0,-1.0,22.0,0.1561065197428834,0.0,2015-08-25,1.0,0.0,37.0250,-120.7016
SITE_09707,CA,96055.0,15.67516921,-1.0,-1.0,48.0,0.2005256593124239,0.0,2015-08-14,0.0,1.0,35.8533,-121.3854
SITE_09708,CA,93722.0,5.355,-1.0,-1.0,21.0,0.1561065197428834,0.0,2015-08-12,0.0,-1.0,35.5521,-117.5754
SITE_09709,CA,93555.0,7.5,-1.0,-1.0,30.0,0.15460395105857325,0.0,2015-08-11,1.0,1.0,37.8217,-119.5091
SITE_09710,CA,92057.0,4.451324634,-1.0,-1.0,17.0,0.1572876828015598,1.0,2015-08-10,1.0,0.0,37.0419,-119.9244
SITE_09711,CA,95388.0,6.253192389,-1.0,-1.0,24.0,0.1572876828015598,0.0,2015-08-07,0.0,1.0,38.0817,-120.6890
SITE_09712,CA,92880.0,5.0,-1.0,-1.0,16.0,0.15274451341707806,0.0,2015-08-07,1.0,1.0,37.7217,-118.4398
SITE_09713,CA,93727.0,8.316520284,-1.0,-1.0,32.0,0.1678735266676782,1.0,2015-08-03,1.0,0.0,36.8267,-118.1752
SITE_09714,CA,94520.0,2.835,-1.0,-1.0,9.0,-1.0,0.0,2015-07-31,0.0,0.0,37.2314,-120.9302
SITE_09715,CA,92058.0,4.975009885,-1.0,-1.0,19.0,0.1572876828015598,1.0,2015-07-29,0.0,0.0,36.0267,-119.1138
SITE_09716,CA,94531.0,8.32,-1.0,-1.0,32.0,0.15839943463586406,1.0,2015-07-27,0.0,1.0,39.0116,-117.8573
SITE_09717,CA,92028.0,6.76,-1.0,-1.0,26.0,-1.0,1.0,2015-07-24,0.0,0.0,38.9680,-120.2207
SITE_09718,CA,92126.0,7.331593515,-1.0,-1.0,28.0,0.1572876828015598,1.0,2015-07-23,1.0,0.0,36.9210,-118.7015
SITE_09719,CA,92708.0,3.64,-1.0,-1.0,14.0,0.13211382113821138,0.0,2015-07-21,0.0,0.0,37.0053,-119.9455
SITE_09720,CA,95959.0,11.34,-1.0,-1.0,36.0,-1.0,0.0,2015-07-13,0.0,1.0,39.5510,-121.4099
SITE_09721,CA,93561.0,3.38,-1.0,-1.0,13.0,0.16390827944848646,0.0,2015-07-13,1.0,0.0,36.6903,-118.8979
SITE_09722,CA,92234.0,5.98,-1.0,-1.0,23.0,0.1572876828015598,0.0,2015-07-09,1.0,1.0,37.7206,-120.2495
SITE_09723,CA,91750.0,4.42,-1.0,-1.0,17.0,0.1572876828015598,0.0,2015-07-02,1.0,1.0,38.1531,-119.9079
SITE_09724,CA,92008.0,1.62,-1.0,-1.0,6.0,0.16103299685389236,1.0,2015-06-29,0.0,0.0,35.5015,-118.2989
SITE_09725,CA,92067.0,7.93,-1.0,-1.0,26.0,0.19211388259007306,1.0,2015-06-23,0.0,0.0,39.5799,-118.6192
SITE_09726,CA,95125.0,3.0,-1.0,-1.0,12.0,0.15030180602650123,0.0,2015-06-19,0.0,-1.0,38.5387,-119.4596
SITE_09727,CA,95616.0,4.165,-1.0,-1.0,17.0,0.15138829243274807,0.0,2015-06-15,1.0,-1.0,38.1176,-119.4943
SITE_09728,CA,91945.0,4.59,-1.0,-1.0,18.0,0.1607940071127702,1.0,2015-06-11,0.0,0.0,36.1574,-118.5548
SITE_09729,CA,92028.0,4.42,-1.0,-1.0,17.0,0.16390827944848646,0.0,2015-06-09,0.0,0.0,35.3290,-120.4403
SITE_09730,CA,95123.0,5.46,-1.0,-1.0,21.0,0.1598151062155783,0.0,2015-06-03,0.0,-1.0,36.8412,-118.3446
SITE_09731,CA,92673.0,6.0,-1.0,-1.0,24.0,0.1292350319985939,1.0,2015-05-27,0.0,0.0,35.3889,-121.4683
SITE_09732,CA,92705.0,9.18,-1.0,-1.0,36.0,0.15426291967076058,0.0,2015-05-21,1.0,0.0,34.7445,-117.5850
SITE_09733,CA,91914.0,4.08,-1.0,-1.0,16.0,0.1607561971514002,0.0,2015-05-15,1.0,0.0,39.0670,-117.9059
SITE_09734,CA,92028.0,4.56,-1.0,-1.0,16.0,-1.0,1.0,2015-05-05,0.0,0.0,38.4252,-119.2488
SITE_09735,CA,92024.0,8.06,-1.0,-1.0,31.0,0.1575743250818932,1.0,2015-04-23,1.0,0.0,38.0682,-117.3543
SITE_09736,CA,92679.0,10.5,-1.0,-1.0,42.0,0.1292350319985939,-1.0,2015-03-31,-1.0,-1.0,34.9768,-120.0801
SITE_09737,CA,96022.0,9.18,-1.0,-1.0,36.0,0.16464518961637672,0.0,2015-03-24,0.0,-1.0,36.1747,-118.3522
SITE_09738,CA,91913.0,2.8,-1.0,-1.0,10.0,-1.0,-1.0,2015-03-06,-1.0,-1.0,38.7112,-121.4209
SITE_09739,CA,91942.0,4.42,-1.0,-1.0,17.0,0.1575743250818932,-1.0,2015-03-04,-1.0,-1.0,38.0945,-120.4940
SITE_09740,CA,93257.0,2.959183673,-1.0,-1.0,1.0,-1.0,0.0,2015-03-03,-1.0,0.0,35.5900,-118.0911
SITE_09741,CA,92596.0,6.734693878,-1.0,-1.0,1.0,-1.0,0.0,2015-01-07,-1.0,0.0,37.1843,-118.4158
SITE_09742,CA,90720.0,4.897959184,-1.0,-1.0,1.0,-1.0,0.0,2014-12-30,-1.0,0.0,38.2064,-118.7693
SITE_09743,CA,91350.0,3.68,-1.0,-1.0,16.0,0.18487527349483396,0.0,2014-10-06,0.0,0.0,39.5244,-118.5121
SITE_09744,CA,93619.0,7.975,-1.0,-1.0,29.0,-1.0,0.0,2014-08-29,0.0,-1.0,34.8490,-121.5586
SITE_09745,CA,92590.0,8.979591837,-1.0,-1.0,1.0,-1.0,0.0,2014-08-08,-1.0,0.0,38.5431,-119.9423
SITE_09746,CA,94131.0,2.3,-1.0,-1.0,7.0,0.18487527349483396,0.0,2014-07-30,0.0,-1.0,35.1257,-121.0451
SITE_09747,CA,92562.0,6.530612245,-1.0,-1.0,1.0,-1.0,0.0,2014-07-25,-1.0,0.0,37.9820,-117.7352
SITE_09748,CA,92078.0,8.75,-1.0,-1.0,35.0,0.15337423312883436,-1.0,2014-06-09,-1.0,-1.0,39.1947,-121.1374
SITE_09749,CA,92075.0,5.635,-1.0,-1.0,23.0,0.15516992037300367,-1.0,2014-04-04,-1.0,-1.0,37.3307,-120.0928
SITE_09750,CA,92264.0,7.848,180.0,0.0,24.0,0.20061349693251534,0.0,2014-04-05,0.0,0.0,37.8321,-117.6630
SITE_09751,CA,92210.0,30.0,89.0,12.0,120.0,0.153294482379719,0.0,2014-03-20,0.0,0.0,35.9566,-121.1944
SITE_09752,CA,92530.0,5.75,126.0,23.0,23.0,0.1544778494211715,0.0,2014-03-14,1.0,0.0,39.2917,-119.8005
SITE_09753,CA,95030.0,8.724,-1.0,-1.0,30.0,0.1274719638010155,-1.0,2014-01-16,0.0,-1.0,39.0645,-120.4526
SITE_09754,CA,95928.0,8.047688875,-1.0,-1.0,24.0,0.20543148583994497,-1.0,2014-01-02,0.0,-1.0,37.8605,-117.3195
SITE_09755,CA,92883.0,7.0,180.0,0.0,28.0,0.15397881251539788,0.0,2014-01-17,0.0,0.0,36.9450,-118.9883
SITE_09756,CA,93657.0,5.5,-1.0,-1.0,22.0,0.15304560759106214,-1.0,2013-12-09,0.0,-1.0,38.2922,-121.6605
SITE_09757,CA,90746.0,4.081632653,-1.0,-1.0,1.0,-1.0,0.0,2013-09-24,-1.0,0.0,36.4654,-121.4566
SITE_09758,CA,93611.0,7.848,-1.0,-1.0,24.0,0.2005256593124239,-1.0,2013-09-09,0.0,-1.0,38.4822,-118.6118
SITE_09759,CA,91737.0,5.1,192.0,17.0,20.0,0.15700075606638608,0.0,2013-09-05,0.0,0.0,37.4926,-120.5940
SITE_09760,CA,92111.0,2.94,-1.0,-1.0,12.0,0.15138829243274807,-1.0,2013-07-02,-1.0,-1.0,37.3227,-120.5507
SITE_09761,CA,93206.0,511.56,180.0,0.0,1764.0,0.15098268905375506,1.0,2013-12-03,0.0,1.0,36.5803,-118.7053
SITE_09762,CA,94598.0,3.185,234.0,19.0,13.0,0.1520677489752496,0.0,2013-06-05,1.0,-1.0,38.0437,-119.8475
SITE_09763,CA,92780.0,9.156,178.0,22.0,28.0,0.2005256593124239,0.0,2013-05-10,1.0,0.0,37.0278,-118.6749
SITE_09764,CA,91709.0,6.84,135.0,17.0,24.0,0.1482253524642855,0.0,2013-04-22,1.0,0.0,35.4509,-119.6363
SITE_09765,CA,92336.0,3.92,206.0,23.0,16.0,0.15138829243274807,0.0,2013-04-10,1.0,0.0,39.1134,-118.4866
SITE_09766,CA,93725.0,1040.76,180.0,0.0,3528.0,0.15203427007058515,1.0,2013-04-01,0.0,1.0,39.1813,-117.4504
SITE_09767,CA,94602.0,1.715,212.0,14.0,7.0,0.1520677489752496,0.0,2013-02-19,1.0,-1.0,36.9320,-117.7461
SITE_09768,CA,95348.0,11.772,180.0,20.0,36.0,0.2005256593124239,0.0,2013-02-28,1.0,-1.0,35.1111,-120.0760
SITE_09769,CA,90670.0,1.216,-1.0,-1.0,16.0,0.1404691670178396,0.0,2013-01-04,0.0,0.0,37.8908,-118.9788
SITE_09770,CA,95762.0,5.76,160.0,30.0,24.0,0.14829873544432465,0.0,2013-01-29,1.0,-1.0,37.1958,-120.8167
SITE_09771,CA,91722.0,9.18,90.0,21.0,36.0,0.16002711047518642,0.0,2013-01-07,1.0,0.0,37.0209,-117.5028
SITE_09772,CA,93291.0,6.24,270.0,18.0,26.0,0.14692378328741967,0.0,2012-11-07,1.0,0.0,37.8365,-118.8577
SITE_09773,CA,95076.0,4.32,190.0,22.0,18.0,0.14722481228836432,0.0,2012-12-02,0.0,-1.0,37.0850,-119.4493
SITE_09774,CA,92651.0,4.8,180.0,0.0,20.0,0.19291332886417456,0.0,2012-08-08,1.0,0.0,39.7792,-117.6182
SITE_09775,CA,92127.0,2.25,-1.0,-1.0,10.0,0.18085624581016363,-1.0,2012-02-17,0.0,-1.0,36.0991,-118.6300
SITE_09776,CA,93314.0,8.97,184.0,27.0,39.0,0.14080195898377718,0.0,2012-02-20,1.0,-1.0,37.4883,-119.9236
SITE_09777,CA,93923.0,5.29,-1.0,-1.0,23.0,0.18487527349483396,-1.0,2012-01-05,0.0,-1.0,39.7016,-119.9119
SITE_09778,CA,95303.0,109.2,180.0,30.0,390.0,0.14488554042306578,1.0,2012-04-10,0.0,1.0,37.3353,-118.1331
SITE_09779,CA,94526.0,885.76,158.0,0.0,2768.0,0.19623306110084296,1.0,2012-03-12,0.0,1.0,36.3834,-117.4809
SITE_09780,CA,91737.0,10.5,157.0,27.0,42.0,0.15030180602650123,0.0,2011-09-28,0.0,0.0,37.0298,-120.1902
SITE_09781,CA,92082.0,5.17,200.0,30.0,22.0,0.14311047885375205,1.0,2011-08-23,0.0,1.0,35.1298,-117.4792
SITE_09782,CA,93451.0,6.93,180.0,20.0,42.0,0.13053797468354428,0.0,2011-06-20,0.0,-1.0,39.4830,-121.0712
SITE_09783,CA,94062.0,3.68,145.0,29.0,16.0,0.18487527349483396,0.0,2011-01-27,0.0,-1.0,35.4528,-118.2048
SITE_09784,CA,92651.0,9.68,180.0,0.0,44.0,-1.0,0.0,2010-11-22,0.0,0.0,36.8241,-119.4862
SITE_09785,CA,93726.0,7.875,270.0,19.0,45.0,0.13451708366962603,0.0,2011-01-27,1.0,-1.0,35.3955,-119.9007
SITE_09786,CA,92264.0,9.165,180.0,0.0,39.0,0.1441576286990234,0.0,2010-09-17,1.0,0.0,34.6822,-121.0170
SITE_09787,CA,93635.0,1127.52,180.0,32.0,4176.0,0.1391500098951118,1.0,2010-08-05,1.0,1.0,37.7654,-121.3965
SITE_09788,CA,92082.0,1135.68,181.0,0.0,4056.0,0.14430371396530114,1.0,2010-03-04,1.0,1.0,37.1321,-120.5327
SITE_09789,CA,95343.0,1122.4,180.0,20.0,4880.0,0.18487527349483396,1.0,2009-10-29,1.0,1.0,37.4509,-120.2418
SITE_09790,CA,95066.0,3.01,226.0,20.0,14.0,0.17281819044082303,1.0,2008-12-10,0.0,1.0,38.0163,-118.2073
SITE_09791,CA,93609.0,1027.236,180.0,29.0,2184.0,0.13740982480247338,1.0,2009-02-23,0.0,1.0,39.3190,-120.0490
SITE_09792,CA,93465.0,3.8,180.0,19.0,20.0,0.13073514435912256,1.0,2009-03-06,0.0,1.0,39.2161,-119.4844
SITE_09793,CA,94603.0,1.89,-1.0,-1.0,9.0,0.16879916275615275,-1.0,2009-05-04,0.0,-1.0,34.6698,-120.6541
SITE_09794,CA,96007.0,128.128,-1.0,-1.0,616.0,0.12759483731658242,-1.0,2007-12-05,0.0,-1.0,36.5059,-120.2688
SITE_09795,CA,94043.0,393.12,-1.0,-1.0,1890.0,0.12759483731658242,-1.0,2007-05-03,0.0,-1.0,38.1169,-118.1163
SITE_09796,CA,94930.0,4.93,-1.0,-1.0,29.0,0.13449367088607597,-1.0,2007-04-05,0.0,-1.0,37.9602,-120.6985
SITE_09797,CA,92056.0,2.4,-1.0,-1.0,24.0,-1.0,-1.0,2003-09-17,-1.0,-1.0,36.2847,-118.3784
SITE_09798,CA,92630.0,2.4,-1.0,-1.0,24.0,-1.0,0.0,2003-08-15,-1.0,0.0,37.9726,-118.1752
SITE_09799,CA,93638.0,3.6,-1.0,-1.0,36.0,-1.0,-1.0,2003-01-07,0.0,-1.0,37.8584,-118.4513
SITE_09800,CA,94587.0,5.525,180.0,19.0,17.0,0.19411444987964904,0.0,2018-05-14,0.0,0.0,35.8501,-121.5417
SITE_09801,CA,95492.0,721.0563115,-1.0,-1.0,1890.0,0.19602977667493796,1.0,2020-06-01,1.0,1.0,36.3838,-119.2436
SITE_09802,CA,95020.0,1102.75,90.0,8.0,5.0,-1.0,0.0,2018-07-27,1.0,1.0,36.4169,-120.8933
SITE_09803,CA,94043.0,2.709920255,-1.0,-1.0,16.0,0.20552147239263807,1.0,2018-05-10,0.0,1.0,35.4690,-120.3180
SITE_09804,CA,95667.0,7.554825462,158.0,30.0,24.0,0.19444444444444442,0.0,2020-03-31,0.0,0.0,39.7046,-118.1117
SITE_09805,CA,95667.0,9.15902278,180.0,21.0,28.0,0.20061349693251534,0.0,2020-07-31,0.0,1.0,37.7497,-121.1731
SITE_09806,CA,95404.0,7.68,-1.0,-1.0,24.0,0.19753086419753085,1.0,2020-11-05,0.0,0.0,39.5546,-118.7848
SITE_09807,CA,94564.0,5.349503934,289.0,14.0,17.0,0.19408502772643255,0.0,2020-12-22,1.0,0.0,36.8516,-117.6172
SITE_09808,CA,94583.0,1094.047236,153.0,5.0,8.0,-1.0,0.0,2023-02-03,1.0,1.0,36.1731,-117.9084
SITE_09809,CA,94598.0,3.759938367,180.0,14.0,40.0,0.22192513368983954,0.0,2021-09-30,0.0,1.0,38.4950,-118.3709
SITE_09810,CA,94010.0,16.0,-1.0,-1.0,50.0,0.19626170517075994,1.0,2021-09-23,0.0,0.0,36.9434,-120.9496
SITE_09811,CA,95436.0,12.95,107.0,18.0,35.0,0.20407262779358878,0.0,2021-09-28,0.0,1.0,35.6906,-120.9021
SITE_09812,CA,93401.0,711.0,179.0,5.0,1800.0,0.2231638418079096,0.0,2024-03-05,1.0,1.0,38.7150,-119.6467
SITE_09813,CA,94066.0,9.6,219.0,19.0,24.0,0.20833333333333334,0.0,2022-08-03,0.0,0.0,35.7011,-118.6319
SITE_09814,CA,95961.0,6.809152086,90.0,22.0,17.0,0.20833333333333334,0.0,2022-09-14,0.0,0.0,35.8553,-121.2436
SITE_09815,CA,94534.0,10.01345895,167.0,30.0,25.0,0.20833333333333334,0.0,2022-12-16,0.0,1.0,38.4267,-119.8997
SITE_09816,CA,95138.0,13.6,140.0,20.0,34.0,0.20833333333333334,0.0,2022-09-28,0.0,0.0,38.3727,-120.6169
SITE_09817,CA,95376.0,9.6,359.0,23.0,24.0,0.20833333333333334,0.0,2023-01-13,0.0,0.0,36.2172,-119.3397
SITE_09818,CA,94566.0,7.83,0.0,0.0,18.0,0.23262032085561496,0.0,2023-06-29,0.0,0.0,35.5083,-118.4951
SITE_09819,CA,95125.0,3.046482473,0.0,0.0,7.0,0.23262032085561496,0.0,2023-07-25,0.0,0.0,37.8374,-117.3379
SITE_09820,CA,94531.0,11.2,0.0,0.0,28.0,0.20202020202020202,0.0,2023-06-20,0.0,0.0,35.4692,-118.6967
SITE_09821,CA,94002.0,6.0,0.0,0.0,15.0,0.20202020202020202,0.0,2023-06-24,0.0,0.0,35.0378,-119.2917
SITE_09822,CA,93465.0,17.62133333,190.0,10.0,40.0,0.19730941704035873,0.0,2024-03-01,0.0,1.0,37.1990,-120.9633
SITE_09823,CA,95687.0,15.01,-1.0,-1.0,38.0,0.19819367787255393,1.0,2024-08-20,1.0,0.0,35.6544,-118.9123
SITE_09824,CA,94553.0,12.4,206.0,22.0,31.0,0.20202020202020202,0.0,2024-03-06,1.0,0.0,35.6272,-119.2015
SITE_09825,CA,95949.0,5.886,0.0,0.0,3.0,-1.0,-1.0,2024-01-08,0.0,-1.0,35.6670,-121.3420
SITE_09826,CA,94568.0,6.836363636,235.0,20.0,2.0,-1.0,0.0,2024-01-31,0.0,0.0,35.5673,-117.3497
SITE_09827,CA,93203.0,7.11,-1.0,-1.0,18.0,0.19819367787255393,1.0,2024-03-28,1.0,0.0,34.7686,-119.6483
SITE_09828,CA,94513.0,7.315,-1.0,-1.0,2.0,-1.0,1.0,2024-03-20,1.0,0.0,39.4283,-118.4745
SITE_09829,CA,93420.0,5.655,-1.0,-1.0,13.0,0.23262032085561496,1.0,2024-03-22,0.0,0.0,37.0255,-121.6420
SITE_09830,CA,94545.0,9.212382234,240.0,17.0,1.0,-1.0,0.0,2024-03-11,0.0,0.0,36.7952,-121.4595
SITE_09831,CA,94585.0,5.172192513,181.0,18.0,3.0,-1.0,0.0,2024-04-22,1.0,0.0,38.5724,-117.7848
SITE_09832,CA,95135.0,8.61,180.0,5.0,4.0,-1.0,0.0,2024-10-30,0.0,1.0,37.5862,-119.2216
SITE_09833,CA,95037.0,5.77,0.0,0.0,7.0,0.1901840490797546,-1.0,2024-08-21,0.0,-1.0,36.6650,-117.4858
SITE_09834,CA,93306.0,6.4,-1.0,-1.0,16.0,0.2061855670103093,1.0,2024-07-30,1.0,0.0,36.9240,-119.4050
SITE_09835,CA,95212.0,4.046788263,91.0,22.0,1.0,-1.0,0.0,2024-08-14,1.0,0.0,37.1746,-118.1545
SITE_09836,CA,93420.0,4.45146709,271.0,23.0,1.0,-1.0,0.0,2024-10-06,1.0,0.0,39.3630,-118.6969
SITE_09837,CA,94605.0,7.68,0.0,0.0,24.0,0.19631901840490798,-1.0,2019-06-17,0.0,-1.0,34.7567,-118.4962
SITE_09838,CA,95337.0,5.67597471,180.0,26.0,14.0,0.2131578947368421,0.0,2024-10-30,1.0,0.0,34.7636,-120.9330
SITE_09839,CA,93230.0,8.25,180.0,18.0,25.0,0.20625,0.0,2019-10-24,0.0,0.0,38.8165,-121.3227
SITE_09840,CA,91360.0,20.35,359.0,20.0,55.0,0.19009844016523153,0.0,2020-02-25,0.0,1.0,35.4206,-118.5536
SITE_09841,CA,91362.0,41.28,-1.0,-1.0,192.0,0.17281819044082303,1.0,2020-06-02,0.0,0.0,37.1465,-119.5628
SITE_09842,CA,92211.0,8.91,210.0,18.0,54.0,0.12683039317421885,0.0,2017-11-27,0.0,0.0,35.4974,-120.8810
SITE_09843,CA,91381.0,12.675,133.0,23.0,39.0,0.19411444987964904,0.0,2021-04-28,0.0,0.0,37.0925,-117.5138
SITE_09844,CA,90640.0,8.58,180.0,1.0,26.0,0.20625,0.0,2023-09-13,0.0,0.0,38.0343,-120.9208
SITE_09845,CA,92562.0,7.255,251.0,18.0,2.0,-1.0,0.0,2022-03-04,0.0,0.0,35.2781,-119.8989
SITE_09846,CA,92270.0,7.823,180.0,1.0,1.0,-1.0,0.0,2022-08-11,0.0,0.0,36.6654,-118.2551
SITE_09847,CA,93105.0,14.4,270.0,18.0,26.0,0.20833333333333334,0.0,2022-09-16,0.0,0.0,37.6702,-119.5964
SITE_09848,CA,92651.0,10.8,180.0,18.0,27.0,0.20833333333333334,0.0,2022-11-22,0.0,0.0,39.0050,-121.5771
SITE_09849,CA,93003.0,10.4,281.0,18.0,26.0,0.20833333333333334,0.0,2023-09-06,0.0,0.0,37.7708,-118.6510
SITE_09850,CA,93551.0,7.455,269.0,29.0,21.0,0.20056497175141244,0.0,2024-05-15,1.0,0.0,38.7919,-121.0824
SITE_09851,CA,90265.0,9.72,268.0,15.0,27.0,0.2208588957055215,0.0,2024-05-30,0.0,1.0,38.3630,-118.3341
SITE_09852,CA,92543.0,181.8,180.0,12.0,606.0,0.18404907975460125,0.0,2022-03-30,0.0,0.0,36.9987,-119.5859
SITE_09853,CA,92504.0,8.0,186.0,17.0,3.0,-1.0,0.0,2024-02-01,1.0,0.0,35.7990,-120.4285
SITE_09854,CA,92530.0,12.3,127.0,22.0,32.0,0.21987951807228917,0.0,2023-10-13,0.0,0.0,35.4874,-121.6209
SITE_09855,CA,93003.0,3.6,194.0,18.0,9.0,0.2105263157894737,0.0,2023-12-19,1.0,0.0,39.4636,-118.2536
SITE_09856,CA,92404.0,6.32,270.0,20.0,16.0,0.19819367787255393,1.0,2024-02-21,1.0,0.0,35.2834,-120.0907
SITE_09857,CA,92240.0,4.86,270.0,18.0,12.0,0.2109375,0.0,2024-07-09,1.0,0.0,37.0006,-121.1844
SITE_09858,CA,92879.0,7.2,217.0,23.0,20.0,0.20338983050847456,0.0,2024-10-02,1.0,0.0,34.6621,-119.9321
SITE_09859,CA,93065.0,3.555,180.0,18.0,9.0,-1.0,0.0,2024-10-23,0.0,0.0,36.6574,-117.8623
SITE_09860,CA,91752.0,9.315,90.0,23.0,3.0,-1.0,0.0,2024-10-25,1.0,0.0,37.8731,-120.4064
SITE_09861,CA,93223.0,10.0,182.0,18.0,2.0,-1.0,0.0,2024-10-30,1.0,0.0,37.9265,-121.1201
SITE_09862,CA,95020.0,-1.0,0.0,0.0,-1.0,-1.0,-1.0,2018-03-21,0.0,-1.0,38.0523,-119.7328
SITE_09863,CA,93405.0,-1.0,0.0,0.0,-1.0,-1.0,-1.0,2020-11-06,0.0,-1.0,36.8307,-118.7913
SITE_09864,CA,95070.0,-1.0,0.0,0.0,-1.0,-1.0,-1.0,2023-10-03,0.0,-1.0,36.4054,-118.0783
SITE_09865,CA,95030.0,-1.0,0.0,0.0,-1.0,-1.0,-1.0,2021-03-31,0.0,-1.0,37.9097,-121.0898
SITE_09866,CA,94544.0,-1.0,0.0,0.0,-1.0,-1.0,-1.0,2021-12-02,0.0,-1.0,37.3597,-120.8216
SITE_09867,CA,93426.0,-1.0,0.0,0.0,-1.0,-1.0,-1.0,2023-03-01,0.0,-1.0,36.1369,-117.6995
SITE_09868,CA,95570.0,-1.0,0.0,0.0,-1.0,-1.0,-1.0,2022-07-15,0.0,-1.0,35.0465,-118.0100
SITE_09869,CA,94513.0,-1.0,0.0,0.0,-1.0,-1.0,-1.0,2020-07-06,0.0,-1.0,35.0880,-120.0436
SITE_09870,CA,93637.0,-1.0,0.0,0.0,-1.0,-1.0,-1.0,2023-05-16,0.0,-1.0,35.4590,-121.4513
SITE_09871,CA,93465.0,-1.0,0.0,0.0,-1.0,-1.0,-1.0,2023-09-15,0.0,-1.0,38.6455,-119.9896
SITE_09872,CA,94508.0,-1.0,0.0,0.0,-1.0,-1.0,-1.0,2024-04-05,0.0,-1.0,39.4060,-119.8125
SITE_09873,CA,95060.0,-1.0,0.0,0.0,-1.0,-1.0,-1.0,2020-10-15,0.0,-1.0,35.7842,-119.8339
SITE_09874,CA,95005.0,-1.0,0.0,0.0,-1.0,-1.0,-1.0,2024-04-16,0.0,-1.0,35.3549,-118.3430
SITE_09875,CA,95321.0,-1.0,0.0,0.0,-1.0,-1.0,-1.0,2024-02-05,0.0,-1.0,35.0298,-120.0376
SITE_09876,CA,95007.0,-1.0,0.0,0.0,-1.0,-1.0,-1.0,2024-08-29,0.0,-1.0,38.1805,-120.0452
SITE_09877,CA,93405.0,-1.0,0.0,0.0,-1.0,-1.0,-1.0,2024-10-15,0.0,-1.0,35.5039,-121.2118
SITE_09878,CA,95006.0,-1.0,0.0,0.0,-1.0,-1.0,-1.0,2024-12-23,0.0,-1.0,36.9599,-119.2645
SITE_09879,CA,93426.0,-1.0,0.0,0.0,-1.0,-1.0,-1.0,2024-02-26,0.0,-1.0,35.2882,-117.4978
SITE_09880,CA,94567.0,-1.0,0.0,0.0,-1.0,-1.0,-1.0,2024-06-07,0.0,-1.0,34.7051,-119.0025
SITE_09881,CA,95136.0,-1.0,0.0,0.0,-1.0,-1.0,-1.0,2024-04-11,0.0,-1.0,35.3039,-119.8313
SITE_09882,CA,94066.0,-1.0,0.0,0.0,-1.0,-1.0,-1.0,2024-03-12,0.0,-1.0,36.8958,-119.2192
SITE_09883,CA,95427.0,-1.0,0.0,0.0,-1.0,-1.0,-1.0,2024-05-30,0.0,-1.0,37.0151,-118.6981
SITE_09884,CA,93311.0,-1.0,270.0,24.0,-1.0,-1.0,0.0,2024-07-18,0.0,0.0,38.2468,-120.6629
SITE_09885,CA,95135.0,-1.0,0.0,0.0,-1.0,-1.0,-1.0,2024-08-06,0.0,-1.0,35.0974,-117.5721
SITE_09886,CA,95006.0,-1.0,0.0,0.0,-1.0,-1.0,-1.0,2024-08-23,0.0,-1.0,36.8412,-120.9300
SITE_09887,CA,93953.0,-1.0,0.0,0.0,-1.0,-1.0,-1.0,2024-09-09,0.0,-1.0,36.8985,-119.4879
SITE_09888,CA,95120.0,-1.0,0.0,0.0,-1.0,-1.0,-1.0,2024-09-16,0.0,-1.0,35.7494,-119.6788
SITE_09889,CA,95370.0,-1.0,0.0,0.0,-1.0,-1.0,-1.0,2024-09-30,0.0,-1.0,37.5337,-121.1578
SITE_09890,CA,95640.0,-1.0,0.0,0.0,-1.0,-1.0,-1.0,2024-11-07,0.0,-1.0,39.1906,-118.9981
SITE_09891,CA,94503.0,-1.0,0.0,0.0,-1.0,-1.0,-1.0,2024-08-12,0.0,-1.0,38.8824,-120.1337
SITE_09892,CA,95310.0,-1.0,0.0,0.0,-1.0,-1.0,-1.0,2024-12-28,0.0,-1.0,39.1280,-120.2899
SITE_09893,CA,94545.0,-1.0,0.0,0.0,-1.0,-1.0,-1.0,2024-10-14,0.0,-1.0,38.1819,-119.2973
SITE_09894,CA,93422.0,-1.0,0.0,0.0,-1.0,-1.0,-1.0,2024-12-27,0.0,-1.0,36.8574,-120.5135
SITE_09895,CA,94939.0,-1.0,0.0,0.0,-1.0,-1.0,-1.0,2018-02-20,0.0,-1.0,36.7071,-119.9516
SITE_09896,CA,94611.0,-1.0,0.0,0.0,-1.0,-1.0,-1.0,2019-01-18,0.0,-1.0,39.7648,-117.5099
SITE_09897,CA,94536.0,-1.0,0.0,0.0,-1.0,-1.0,-1.0,2018-03-12,0.0,-1.0,37.2654,-117.3180
SITE_09898,CA,95650.0,-1.0,0.0,0.0,-1.0,-1.0,-1.0,2018-12-06,0.0,-1.0,37.3183,-117.4250
SITE_09899,CA,95409.0,-1.0,0.0,0.0,-1.0,-1.0,-1.0,2019-01-07,0.0,-1.0,-9999,-9999
SITE_09900,CA,94920.0,-1.0,0.0,0.0,-1.0,-1.0,-1.0,2019-04-04,0.0,-1.0,39.4912,-118.3871
SITE_09901,CA,94534.0,-1.0,0.0,0.0,-1.0,-1.0,-1.0,2019-07-22,0.0,-1.0,37.3744,-119.4761
SITE_09902,CA,95215.0,-1.0,0.0,0.0,-1.0,-1.0,-1.0,2019-04-12,0.0,-1.0,39.6691,-118.7993
SITE_09903,CA,95973.0,-1.0,0.0,0.0,-1.0,-1.0,-1.0,2019-11-14,0.0,-1.0,34.6430,-117.6492
SITE_09904,CA,94040.0,-1.0,0.0,0.0,-1.0,-1.0,-1.0,2020-05-06,0.0,-1.0,35.9918,-120.1788
SITE_09905,CA,95148.0,-1.0,0.0,0.0,-1.0,-1.0,-1.0,2020-05-11,0.0,-1.0,38.7270,-121.2504
SITE_09906,CA,95482.0,-1.0,0.0,0.0,-1.0,-1.0,-1.0,2020-04-23,0.0,-1.0,34.9114,-118.3105
SITE_09907,CA,95030.0,-1.0,0.0,0.0,-1.0,-1.0,-1.0,2019-12-04,0.0,-1.0,36.9756,-120.6791
SITE_09908,CA,94019.0,-1.0,0.0,0.0,-1.0,-1.0,-1.0,2020-03-20,0.0,-1.0,35.7088,-117.5051
SITE_09909,CA,95973.0,-1.0,0.0,0.0,-1.0,-1.0,-1.0,2020-04-09,0.0,-1.0,39.2483,-117.7899
SITE_09910,CA,95005.0,-1.0,0.0,0.0,-1.0,-1.0,-1.0,2020-04-16,0.0,-1.0,39.2928,-119.0270
SITE_09911,CA,95409.0,-1.0,0.0,0.0,-1.0,-1.0,-1.0,2020-07-09,0.0,-1.0,38.4583,-118.6008
SITE_09912,CA,94558.0,-1.0,0.0,0.0,-1.0,-1.0,-1.0,2020-04-29,0.0,-1.0,39.5796,-121.1818
SITE_09913,CA,93312.0,-1.0,0.0,0.0,-1.0,-1.0,-1.0,2020-11-12,0.0,-1.0,38.6352,-120.0301
SITE_09914,CA,95120.0,-1.0,0.0,0.0,-1.0,-1.0,-1.0,2020-12-28,0.0,-1.0,37.1434,-117.4290
SITE_09915,CA,95037.0,-1.0,0.0,0.0,-1.0,-1.0,-1.0,2020-07-15,0.0,-1.0,36.6321,-121.4693
SITE_09916,CA,95969.0,-1.0,0.0,0.0,-1.0,-1.0,-1.0,2021-11-11,0.0,-1.0,37.4987,-117.7138
SITE_09917,CA,95124.0,-1.0,0.0,0.0,-1.0,-1.0,-1.0,2023-07-26,0.0,-1.0,38.8548,-121.5017
SITE_09918,CA,94022.0,-1.0,0.0,0.0,-1.0,-1.0,-1.0,2020-09-30,0.0,-1.0,34.7069,-117.3983
SITE_09919,CA,94939.0,-1.0,0.0,0.0,-1.0,-1.0,-1.0,2021-01-12,0.0,-1.0,37.1046,-120.4520
SITE_09920,CA,95138.0,-1.0,0.0,0.0,-1.0,-1.0,-1.0,2020-09-22,0.0,-1.0,39.3215,-119.3572
SITE_09921,CA,95492.0,-1.0,0.0,0.0,-1.0,-1.0,-1.0,2020-10-07,0.0,-1.0,34.8938,-121.4002
SITE_09922,CA,95066.0,-1.0,0.0,0.0,-1.0,-1.0,-1.0,2020-11-23,0.0,-1.0,35.7508,-118.1668
SITE_09923,CA,94403.0,-1.0,0.0,0.0,-1.0,-1.0,-1.0,2021-07-23,0.0,-1.0,37.5288,-119.7131
SITE_09924,CA,94515.0,-1.0,0.0,0.0,-1.0,-1.0,-1.0,2021-06-28,0.0,-1.0,35.4507,-117.9833
SITE_09925,CA,94523.0,-1.0,0.0,0.0,-1.0,-1.0,-1.0,2021-01-07,0.0,-1.0,38.0839,-119.6176
SITE_09926,CA,93644.0,-1.0,0.0,0.0,-1.0,-1.0,-1.0,2021-11-04,0.0,-1.0,38.7449,-118.9987
SITE_09927,CA,95033.0,-1.0,0.0,0.0,-1.0,-1.0,-1.0,2022-09-16,0.0,-1.0,36.9811,-119.8228
SITE_09928,CA,94542.0,-1.0,0.0,0.0,-1.0,-1.0,-1.0,2020-12-17,0.0,-1.0,39.5306,-118.3607
SITE_09929,CA,95120.0,-1.0,0.0,0.0,-1.0,-1.0,-1.0,2023-08-31,0.0,-1.0,39.4439,-118.5053
SITE_09930,CA,94602.0,-1.0,0.0,0.0,-1.0,-1.0,-1.0,2021-04-01,0.0,-1.0,39.7343,-119.9613
SITE_09931,CA,95018.0,-1.0,0.0,0.0,-1.0,-1.0,-1.0,2021-04-22,0.0,-1.0,35.4399,-118.0016
SITE_09932,CA,95658.0,-1.0,0.0,0.0,-1.0,-1.0,-1.0,2022-04-11,0.0,-1.0,35.2858,-120.1161
SITE_09933,CA,94577.0,-1.0,0.0,0.0,-1.0,-1.0,-1.0,2021-06-06,0.0,-1.0,39.5450,-118.3730
SITE_09934,CA,95975.0,-1.0,0.0,0.0,-1.0,-1.0,-1.0,2021-05-26,0.0,-1.0,39.3350,-117.7724
SITE_09935,CA,95404.0,-1.0,0.0,0.0,-1.0,-1.0,-1.0,2021-08-20,0.0,-1.0,35.0002,-119.1270
SITE_09936,CA,93614.0,-1.0,0.0,0.0,-1.0,-1.0,-1.0,2022-04-25,0.0,-1.0,39.2134,-119.1824
SITE_09937,CA,94611.0,-1.0,0.0,0.0,-1.0,-1.0,-1.0,2021-10-11,0.0,-1.0,34.7215,-119.9425
SITE_09938,CA,95225.0,-1.0,0.0,0.0,-1.0,-1.0,-1.0,2021-10-13,0.0,-1.0,38.7582,-120.7350
SITE_09939,CA,94595.0,-1.0,0.0,0.0,-1.0,-1.0,-1.0,2021-11-29,0.0,-1.0,39.2360,-120.2130
SITE_09940,CA,94551.0,-1.0,0.0,0.0,-1.0,-1.0,-1.0,2021-12-01,0.0,-1.0,38.5085,-120.7162
SITE_09941,CA,94507.0,-1.0,0.0,0.0,-1.0,-1.0,-1.0,2021-12-10,0.0,-1.0,38.7821,-120.4501
SITE_09942,CA,95949.0,-1.0,0.0,0.0,-1.0,-1.0,-1.0,2022-02-11,0.0,-1.0,37.8165,-118.3125
SITE_09943,CA,95125.0,-1.0,0.0,0.0,-1.0,-1.0,-1.0,2022-02-13,0.0,-1.0,39.5139,-120.4022
SITE_09944,CA,94941.0,-1.0,0.0,0.0,-1.0,-1.0,-1.0,2023-01-17,0.0,-1.0,36.4766,-118.3825
SITE_09945,CA,93924.0,-1.0,0.0,0.0,-1.0,-1.0,-1.0,2022-03-09,0.0,-1.0,37.3385,-120.5269
SITE_09946,CA,94539.0,-1.0,0.0,0.0,-1.0,-1.0,-1.0,2022-05-12,0.0,-1.0,36.5019,-119.7967
SITE_09947,CA,94556.0,-1.0,0.0,0.0,-1.0,-1.0,-1.0,2022-03-21,0.0,-1.0,38.3046,-118.5840
SITE_09948,CA,95472.0,-1.0,0.0,0.0,-1.0,-1.0,-1.0,2022-06-07,0.0,-1.0,39.5102,-120.5645
SITE_09949,CA,95030.0,-1.0,0.0,0.0,-1.0,-1.0,-1.0,2022-04-04,0.0,-1.0,35.2947,-120.6994
SITE_09950,CA,94952.0,-1.0,0.0,0.0,-1.0,-1.0,-1.0,2022-04-29,0.0,-1.0,36.4427,-117.4433
SITE_09951,CA,95370.0,-1.0,0.0,0.0,-1.0,-1.0,-1.0,2022-05-18,0.0,-1.0,38.3911,-117.8099
SITE_09952,CA,95076.0,-1.0,0.0,0.0,-1.0,-1.0,-1.0,2022-04-07,0.0,-1.0,36.9020,-121.3731
SITE_09953,CA,94587.0,-1.0,0.0,0.0,-1.0,-1.0,-1.0,2022-04-20,0.0,-1.0,35.1045,-120.0640
SITE_09954,CA,95037.0,-1.0,0.0,0.0,-1.0,-1.0,-1.0,2022-06-04,0.0,-1.0,36.1004,-118.0594
SITE_09955,CA,95602.0,-1.0,0.0,0.0,-1.0,-1.0,-1.0,2022-07-20,0.0,-1.0,36.9627,-119.3431
SITE_09956,CA,95664.0,-1.0,0.0,0.0,-1.0,-1.0,-1.0,2022-06-17,0.0,-1.0,39.6394,-117.7732
SITE_09957,CA,95602.0,-1.0,0.0,0.0,-1.0,-1.0,-1.0,2022-07-26,0.0,-1.0,36.8514,-120.5520
SITE_09958,CA,95066.0,-1.0,0.0,0.0,-1.0,-1.0,-1.0,2022-08-30,0.0,-1.0,39.3494,-120.1593
SITE_09959,CA,93444.0,-1.0,0.0,0.0,-1.0,-1.0,-1.0,2022-09-12,0.0,-1.0,35.9674,-117.4532
SITE_09960,CA,94583.0,-1.0,0.0,0.0,-1.0,-1.0,-1.0,2023-01-24,0.0,-1.0,36.8557,-118.8157
SITE_09961,CA,93711.0,-1.0,0.0,0.0,-1.0,-1.0,-1.0,2023-04-15,0.0,-1.0,38.7416,-121.3144
SITE_09962,CA,93460.0,-1.0,0.0,0.0,-1.0,-1.0,-1.0,2023-07-06,0.0,-1.0,39.4989,-120.1738
SITE_09963,CA,94401.0,-1.0,0.0,0.0,-1.0,-1.0,-1.0,2024-10-30,0.0,-1.0,36.1671,-120.7361
SITE_09964,CA,94028.0,-1.0,0.0,0.0,-1.0,-1.0,-1.0,2023-12-06,0.0,-1.0,37.5790,-120.6948
SITE_09965,CA,95135.0,-1.0,0.0,0.0,-1.0,-1.0,-1.0,2023-06-12,0.0,-1.0,35.5781,-121.3582
SITE_09966,CA,95206.0,-1.0,0.0,0.0,-1.0,-1.0,0.0,2023-08-21,1.0,1.0,39.0651,-118.1299
SITE_09967,CA,94952.0,-1.0,0.0,0.0,-1.0,-1.0,-1.0,2023-05-25,0.0,-1.0,37.9629,-118.4587
SITE_09968,CA,93455.0,-1.0,0.0,0.0,-1.0,-1.0,-1.0,2023-07-18,0.0,-1.0,36.7437,-120.4867
SITE_09969,CA,94010.0,-1.0,0.0,0.0,-1.0,-1.0,-1.0,2024-01-09,0.0,-1.0,35.3897,-118.0186
SITE_09970,CA,95005.0,-1.0,0.0,0.0,-1.0,-1.0,-1.0,2024-04-10,0.0,-1.0,39.4722,-120.3528
SITE_09971,CA,94904.0,-1.0,0.0,0.0,-1.0,-1.0,-1.0,2023-08-28,0.0,-1.0,38.6134,-119.0688
SITE_09972,CA,94019.0,-1.0,0.0,0.0,-1.0,-1.0,-1.0,2023-09-27,0.0,-1.0,36.0791,-118.5268
SITE_09973,CA,95521.0,-1.0,0.0,0.0,-1.0,-1.0,-1.0,2023-10-04,0.0,-1.0,38.2822,-120.8355
SITE_09974,CA,95666.0,-1.0,0.0,0.0,-1.0,-1.0,-1.0,2024-05-02,0.0,-1.0,38.7591,-119.2184
SITE_09975,CA,95138.0,-1.0,0.0,0.0,-1.0,-1.0,-1.0,2023-10-24,0.0,-1.0,37.2930,-120.6793
SITE_09976,CA,95066.0,-1.0,0.0,0.0,-1.0,-1.0,-1.0,2023-11-06,0.0,-1.0,37.6105,-119.5781
SITE_09977,CA,93955.0,-1.0,0.0,0.0,-1.0,-1.0,-1.0,2023-11-30,0.0,-1.0,39.6164,-118.4598
SITE_09978,CA,95551.0,-1.0,0.0,0.0,-1.0,-1.0,-1.0,2023-12-20,-1.0,-1.0,39.2370,-121.1045
SITE_09979,CA,94010.0,-1.0,0.0,0.0,-1.0,-1.0,-1.0,2024-03-27,0.0,-1.0,35.6808,-117.7714
SITE_09980,CA,95363.0,-1.0,-1.0,-1.0,-1.0,-1.0,1.0,2024-03-20,0.0,0.0,38.0287,-120.1560
SITE_09981,CA,94065.0,-1.0,0.0,0.0,-1.0,-1.0,-1.0,2023-12-13,-1.0,-1.0,39.5576,-119.8629
SITE_09982,CA,94536.0,-1.0,0.0,0.0,-1.0,-1.0,-1.0,2023-12-14,-1.0,-1.0,37.2103,-120.9211
SITE_09983,CA,93611.0,-1.0,0.0,0.0,-1.0,-1.0,-1.0,2024-01-16,0.0,-1.0,38.8783,-121.2856
SITE_09984,CA,93405.0,-1.0,0.0,0.0,-1.0,-1.0,-1.0,2024-05-16,0.0,-1.0,35.9049,-119.5914
SITE_09985,CA,95620.0,-1.0,0.0,0.0,-1.0,-1.0,-1.0,2024-03-18,0.0,-1.0,38.2585,-117.3110
SITE_09986,CA,93405.0,-1.0,0.0,0.0,-1.0,-1.0,-1.0,2024-04-12,0.0,-1.0,38.7838,-120.2145
SITE_09987,CA,95492.0,-1.0,0.0,0.0,-1.0,-1.0,-1.0,2024-04-10,0.0,-1.0,37.6126,-121.2212
SITE_09988,CA,93420.0,-1.0,0.0,0.0,-1.0,-1.0,-1.0,2024-04-10,0.0,-1.0,35.4155,-120.7724
SITE_09989,CA,95640.0,-1.0,0.0,0.0,-1.0,-1.0,-1.0,2024-12-16,0.0,-1.0,39.1816,-119.0609
SITE_09990,CA,95014.0,-1.0,0.0,0.0,-1.0,-1.0,-1.0,2024-04-10,0.0,-1.0,38.6541,-119.3038
SITE_09991,CA,94582.0,-1.0,0.0,0.0,-1.0,-1.0,-1.0,2024-04-11,0.0,-1.0,35.0648,-120.3182
SITE_09992,CA,93614.0,-1.0,0.0,0.0,-1.0,-1.0,-1.0,2024-10-25,0.0,-1.0,38.2297,-118.6558
SITE_09993,CA,95005.0,-1.0,0.0,0.0,-1.0,-1.0,-1.0,2024-09-13,0.0,-1.0,36.5205,-117.5931
SITE_09994,CA,94558.0,-1.0,0.0,0.0,-1.0,-1.0,-1.0,2024-08-12,0.0,-1.0,38.7096,-120.7242
SITE_09995,CA,94939.0,-1.0,0.0,0.0,-1.0,-1.0,-1.0,2024-07-22,0.0,-1.0,34.9752,-120.4079
SITE_09996,CA,94954.0,-1.0,0.0,0.0,-1.0,-1.0,-1.0,2024-12-12,0.0,-1.0,37.7733,-118.5697
SITE_09997,CA,93446.0,-1.0,0.0,0.0,-1.0,-1.0,-1.0,2024-10-18,0.0,-1.0,-9999,-9999
SITE_09998,CA,93923.0,-1.0,0.0,0.0,-1.0,-1.0,-1.0,2024-12-13,0.0,-1.0,38.6423,-117.6523
SITE_09999,CA,-1,-1.0,0.0,0.0,-1.0,-1.0,-1.0,2024-12-26,0.0,-1.0,37.4934,-119.0694
SITE_10000,CA,92105.0,-1.0,-1.0,-1.0,-1.0,-1.0,-1.0,2024-12-04,1.0,-1.0,38.9015,-118.8122
